Date,Full Tank Level (ft.),Full Capacity (mcft),Level (ft),Storage (mcft),Storage Level (%),Inflow (cusecs),Outflow (cusecs),Rainfall (mm)
01-01-2004,85.4,3645.0,0.0,0.0,0.0,0.0,0.0,0.0
02-01-2004,85.4,3645.0,0.0,0.0,0.0,0.0,0.0,0.0
03-01-2004,85.4,3645.0,0.0,0.0,0.0,0.0,0.0,0.0
04-01-2004,85.4,3645.0,0.0,0.0,0.0,0.0,0.0,0.0
05-01-2004,85.4,3645.0,0.0,0.0,0.0,0.0,0.0,0.0
06-01-2004,85.4,3645.0,0.0,0.0,0.0,0.0,0.0,0.0
07-01-2004,85.4,3645.0,0.0,0.0,0.0,0.0,0.0,0.0
08-01-2004,85.4,3645.0,0.0,0.0,0.0,0.0,0.0,0.0
09-01-2004,85.4,3645.0,0.0,0.0,0.0,0.0,0.0,0.0
10-01-2004,85.4,3645.0,0.0,0.0,0.0,0.0,0.0,0.0
11-01-2004,85.4,3645.0,0.0,0.0,0.0,0.0,0.0,0.0
12-01-2004,85.4,3645.0,0.0,0.0,0.0,0.0,0.0,0.0
13-01-2004,85.4,3645.0,0.0,0.0,0.0,0.0,0.0,0.0
14-01-2004,85.4,3645.0,0.0,0.0,0.0,0.0,0.0,0.0
15-01-2004,85.4,3645.0,0.0,0.0,0.0,0.0,0.0,0.0
16-01-2004,85.4,3645.0,0.0,0.0,0.0,0.0,0.0,0.0
17-01-2004,85.4,3645.0,0.0,0.0,0.0,0.0,0.0,0.0
18-01-2004,85.4,3645.0,0.0,0.0,0.0,0.0,0.0,0.0
19-01-2004,85.4,3645.0,0.0,0.0,0.0,0.0,0.0,0.0
20-01-2004,85.4,3645.0,0.0,0.0,0.0,0.0,0.0,0.0
21-01-2004,85.4,3645.0,0.0,0.0,0.0,0.0,0.0,0.0
22-01-2004,85.4,3645.0,0.0,0.0,0.0,0.0,0.0,0.0
23-01-2004,85.4,3645.0,0.0,0.0,0.0,0.0,0.0,0.0
24-01-2004,85.4,3645.0,0.0,0.0,0.0,0.0,0.0,0.0
25-01-2004,85.4,3645.0,0.0,0.0,0.0,0.0,0.0,0.0
26-01-2004,85.4,3645.0,0.0,0.0,0.0,0.0,0.0,0.0
27-01-2004,85.4,3645.0,0.0,0.0,0.0,0.0,0.0,3.0
28-01-2004,85.4,3645.0,0.0,0.0,0.0,0.0,0.0,18.0
29-01-2004,85.4,3645.0,0.0,0.0,0.0,0.0,0.0,0.0
30-01-2004,85.4,3645.0,0.0,0.0,0.0,0.0,0.0,0.0
31-01-2004,85.4,3645.0,0.0,0.0,0.0,0.0,0.0,0.0
01-02-2004,85.4,3645.0,0.0,0.0,0.0,0.0,0.0,0.0
02-02-2004,85.4,3645.0,0.0,0.0,0.0,0.0,0.0,0.0
03-02-2004,85.4,3645.0,0.0,0.0,0.0,0.0,0.0,0.0
04-02-2004,85.4,3645.0,0.0,0.0,0.0,0.0,0.0,0.0
05-02-2004,85.4,3645.0,0.0,0.0,0.0,0.0,0.0,0.0
06-02-2004,85.4,3645.0,0.0,0.0,0.0,0.0,0.0,0.0
07-02-2004,85.4,3645.0,0.0,0.0,0.0,0.0,0.0,0.0
08-02-2004,85.4,3645.0,0.0,0.0,0.0,0.0,0.0,0.0
09-02-2004,85.4,3645.0,0.0,0.0,0.0,0.0,0.0,0.0
10-02-2004,85.4,3645.0,0.0,0.0,0.0,0.0,0.0,0.0
11-02-2004,85.4,3645.0,0.0,0.0,0.0,0.0,0.0,0.0
12-02-2004,85.4,3645.0,0.0,0.0,0.0,0.0,0.0,0.0
13-02-2004,85.4,3645.0,0.0,0.0,0.0,0.0,0.0,0.0
14-02-2004,85.4,3645.0,0.0,0.0,0.0,0.0,0.0,0.0
15-02-2004,85.4,3645.0,0.0,0.0,0.0,0.0,0.0,0.0
16-02-2004,85.4,3645.0,0.0,0.0,0.0,0.0,0.0,0.0
17-02-2004,85.4,3645.0,0.0,0.0,0.0,0.0,0.0,0.0
18-02-2004,85.4,3645.0,0.0,0.0,0.0,0.0,0.0,0.0
19-02-2004,85.4,3645.0,0.0,0.0,0.0,0.0,0.0,0.0
20-02-2004,85.4,3645.0,0.0,0.0,0.0,0.0,0.0,0.0
21-02-2004,85.4,3645.0,0.0,0.0,0.0,0.0,0.0,0.0
22-02-2004,85.4,3645.0,0.0,0.0,0.0,0.0,0.0,0.0
23-02-2004,85.4,3645.0,0.0,0.0,0.0,0.0,0.0,0.0
24-02-2004,85.4,3645.0,0.0,0.0,0.0,0.0,0.0,0.0
25-02-2004,85.4,3645.0,0.0,0.0,0.0,0.0,0.0,0.0
26-02-2004,85.4,3645.0,0.0,0.0,0.0,0.0,0.0,0.0
27-02-2004,85.4,3645.0,0.0,0.0,0.0,0.0,0.0,0.0
28-02-2004,85.4,3645.0,0.0,0.0,0.0,0.0,0.0,0.0
29-02-2004,85.4,3645.0,0.0,0.0,0.0,0.0,0.0,0.0
01-03-2004,85.4,3645.0,0.0,0.0,0.0,0.0,0.0,0.0
02-03-2004,85.4,3645.0,0.0,0.0,0.0,0.0,0.0,0.0
03-03-2004,85.4,3645.0,0.0,0.0,0.0,0.0,0.0,0.0
04-03-2004,85.4,3645.0,0.0,0.0,0.0,0.0,0.0,0.0
05-03-2004,85.4,3645.0,0.0,0.0,0.0,0.0,0.0,0.0
06-03-2004,85.4,3645.0,0.0,0.0,0.0,0.0,0.0,0.0
07-03-2004,85.4,3645.0,0.0,0.0,0.0,0.0,0.0,0.0
08-03-2004,85.4,3645.0,0.0,0.0,0.0,0.0,0.0,0.0
09-03-2004,85.4,3645.0,0.0,0.0,0.0,0.0,0.0,0.0
10-03-2004,85.4,3645.0,0.0,0.0,0.0,0.0,0.0,0.0
11-03-2004,85.4,3645.0,0.0,0.0,0.0,0.0,0.0,0.0
12-03-2004,85.4,3645.0,0.0,0.0,0.0,0.0,0.0,0.0
13-03-2004,85.4,3645.0,0.0,0.0,0.0,0.0,0.0,0.0
14-03-2004,85.4,3645.0,0.0,0.0,0.0,0.0,0.0,0.0
15-03-2004,85.4,3645.0,0.0,0.0,0.0,0.0,0.0,0.0
16-03-2004,85.4,3645.0,0.0,0.0,0.0,0.0,0.0,0.0
17-03-2004,85.4,3645.0,0.0,0.0,0.0,0.0,0.0,0.0
18-03-2004,85.4,3645.0,0.0,0.0,0.0,0.0,0.0,0.0
19-03-2004,85.4,3645.0,0.0,0.0,0.0,0.0,0.0,0.0
20-03-2004,85.4,3645.0,0.0,0.0,0.0,0.0,0.0,0.0
21-03-2004,85.4,3645.0,0.0,0.0,0.0,0.0,0.0,0.0
22-03-2004,85.4,3645.0,0.0,0.0,0.0,0.0,0.0,0.0
23-03-2004,85.4,3645.0,0.0,0.0,0.0,0.0,0.0,0.0
24-03-2004,85.4,3645.0,0.0,0.0,0.0,0.0,0.0,0.0
25-03-2004,85.4,3645.0,0.0,0.0,0.0,0.0,0.0,0.0
26-03-2004,85.4,3645.0,0.0,0.0,0.0,0.0,0.0,0.0
27-03-2004,85.4,3645.0,0.0,0.0,0.0,0.0,0.0,0.0
28-03-2004,85.4,3645.0,0.0,0.0,0.0,0.0,0.0,0.0
29-03-2004,85.4,3645.0,0.0,0.0,0.0,0.0,0.0,0.0
30-03-2004,85.4,3645.0,0.0,0.0,0.0,0.0,0.0,0.0
31-03-2004,85.4,3645.0,0.0,0.0,0.0,0.0,0.0,0.0
01-04-2004,85.4,3645.0,0.0,0.0,0.0,0.0,0.0,0.0
02-04-2004,85.4,3645.0,0.0,0.0,0.0,0.0,0.0,0.0
03-04-2004,85.4,3645.0,0.0,0.0,0.0,0.0,0.0,0.0
04-04-2004,85.4,3645.0,0.0,0.0,0.0,0.0,0.0,0.0
05-04-2004,85.4,3645.0,0.0,0.0,0.0,0.0,0.0,0.0
06-04-2004,85.4,3645.0,0.0,0.0,0.0,0.0,0.0,0.0
07-04-2004,85.4,3645.0,0.0,0.0,0.0,0.0,0.0,5.0
08-04-2004,85.4,3645.0,0.0,0.0,0.0,0.0,0.0,0.0
09-04-2004,85.4,3645.0,0.0,0.0,0.0,0.0,0.0,0.0
10-04-2004,85.4,3645.0,0.0,0.0,0.0,0.0,0.0,0.0
11-04-2004,85.4,3645.0,0.0,0.0,0.0,0.0,0.0,0.0
12-04-2004,85.4,3645.0,0.0,0.0,0.0,0.0,0.0,0.0
13-04-2004,85.4,3645.0,0.0,0.0,0.0,0.0,0.0,0.0
14-04-2004,85.4,3645.0,0.0,0.0,0.0,0.0,0.0,0.0
15-04-2004,85.4,3645.0,0.0,0.0,0.0,0.0,0.0,0.0
16-04-2004,85.4,3645.0,0.0,0.0,0.0,0.0,0.0,0.0
17-04-2004,85.4,3645.0,0.0,0.0,0.0,0.0,0.0,0.0
18-04-2004,85.4,3645.0,0.0,0.0,0.0,0.0,0.0,0.0
19-04-2004,85.4,3645.0,0.0,0.0,0.0,0.0,0.0,0.0
20-04-2004,85.4,3645.0,0.0,0.0,0.0,0.0,0.0,0.0
21-04-2004,85.4,3645.0,0.0,0.0,0.0,0.0,0.0,0.0
22-04-2004,85.4,3645.0,0.0,0.0,0.0,0.0,0.0,0.0
23-04-2004,85.4,3645.0,0.0,0.0,0.0,0.0,0.0,0.0
24-04-2004,85.4,3645.0,0.0,0.0,0.0,0.0,0.0,0.0
25-04-2004,85.4,3645.0,0.0,0.0,0.0,0.0,0.0,0.0
26-04-2004,85.4,3645.0,0.0,0.0,0.0,0.0,0.0,0.0
27-04-2004,85.4,3645.0,0.0,0.0,0.0,0.0,0.0,0.0
28-04-2004,85.4,3645.0,0.0,0.0,0.0,0.0,0.0,0.0
29-04-2004,85.4,3645.0,0.0,0.0,0.0,0.0,0.0,0.0
30-04-2004,85.4,3645.0,0.0,0.0,0.0,0.0,0.0,0.0
01-05-2004,85.4,3645.0,0.0,0.0,0.0,0.0,0.0,0.0
02-05-2004,85.4,3645.0,0.0,0.0,0.0,0.0,0.0,0.0
03-05-2004,85.4,3645.0,0.0,0.0,0.0,0.0,0.0,50.0
04-05-2004,85.4,3645.0,0.0,0.0,0.0,0.0,0.0,45.0
05-05-2004,85.4,3645.0,0.0,0.0,0.0,0.0,0.0,33.0
06-05-2004,85.4,3645.0,0.0,0.0,0.0,0.0,0.0,21.0
07-05-2004,85.4,3645.0,0.0,0.0,0.0,0.0,0.0,11.0
08-05-2004,85.4,3645.0,0.0,0.0,0.0,0.0,0.0,2.0
09-05-2004,85.4,3645.0,0.0,0.0,0.0,0.0,0.0,0.0
10-05-2004,85.4,3645.0,0.0,0.0,0.0,0.0,0.0,0.0
11-05-2004,85.4,3645.0,0.0,0.0,0.0,0.0,0.0,0.0
12-05-2004,85.4,3645.0,0.0,0.0,0.0,0.0,0.0,0.0
13-05-2004,85.4,3645.0,0.0,0.0,0.0,0.0,0.0,0.0
14-05-2004,85.4,3645.0,0.0,0.0,0.0,0.0,0.0,0.0
15-05-2004,85.4,3645.0,0.0,0.0,0.0,0.0,0.0,0.0
16-05-2004,85.4,3645.0,0.0,0.0,0.0,0.0,0.0,0.0
17-05-2004,85.4,3645.0,0.0,0.0,0.0,0.0,0.0,45.0
18-05-2004,85.4,3645.0,0.0,0.0,0.0,0.0,0.0,0.0
19-05-2004,85.4,3645.0,0.0,0.0,0.0,0.0,0.0,0.0
20-05-2004,85.4,3645.0,0.0,0.0,0.0,0.0,0.0,0.0
21-05-2004,85.4,3645.0,0.0,0.0,0.0,0.0,0.0,0.0
22-05-2004,85.4,3645.0,0.0,0.0,0.0,0.0,0.0,0.0
23-05-2004,85.4,3645.0,0.0,0.0,0.0,0.0,0.0,0.0
24-05-2004,85.4,3645.0,0.0,0.0,0.0,0.0,0.0,8.0
25-05-2004,85.4,3645.0,0.0,0.0,0.0,0.0,0.0,0.0
26-05-2004,85.4,3645.0,0.0,0.0,0.0,0.0,0.0,0.0
27-05-2004,85.4,3645.0,0.0,0.0,0.0,0.0,0.0,0.0
28-05-2004,85.4,3645.0,0.0,0.0,0.0,0.0,0.0,0.0
29-05-2004,85.4,3645.0,0.0,0.0,0.0,0.0,0.0,0.0
30-05-2004,85.4,3645.0,0.0,0.0,0.0,0.0,0.0,0.0
31-05-2004,85.4,3645.0,0.0,0.0,0.0,0.0,0.0,5.0
01-06-2004,85.4,3645.0,0.0,0.0,0.0,0.0,0.0,2.0
02-06-2004,85.4,3645.0,0.0,0.0,0.0,0.0,0.0,0.0
03-06-2004,85.4,3645.0,0.0,0.0,0.0,0.0,0.0,0.0
04-06-2004,85.4,3645.0,0.0,0.0,0.0,0.0,0.0,0.0
05-06-2004,85.4,3645.0,0.0,0.0,0.0,0.0,0.0,3.0
06-06-2004,85.4,3645.0,0.0,0.0,0.0,0.0,0.0,0.0
07-06-2004,85.4,3645.0,0.0,0.0,0.0,0.0,0.0,0.0
08-06-2004,85.4,3645.0,0.0,0.0,0.0,0.0,0.0,4.0
09-06-2004,85.4,3645.0,0.0,0.0,0.0,0.0,0.0,6.0
10-06-2004,85.4,3645.0,0.0,0.0,0.0,0.0,0.0,0.0
11-06-2004,85.4,3645.0,0.0,0.0,0.0,0.0,0.0,3.0
12-06-2004,85.4,3645.0,0.0,0.0,0.0,0.0,0.0,0.0
13-06-2004,85.4,3645.0,0.0,0.0,0.0,0.0,0.0,0.0
14-06-2004,85.4,3645.0,0.0,0.0,0.0,0.0,0.0,0.0
15-06-2004,85.4,3645.0,0.0,0.0,0.0,0.0,0.0,0.0
16-06-2004,85.4,3645.0,0.0,0.0,0.0,0.0,0.0,0.0
17-06-2004,85.4,3645.0,0.0,0.0,0.0,0.0,0.0,0.0
18-06-2004,85.4,3645.0,0.0,0.0,0.0,0.0,0.0,0.0
19-06-2004,85.4,3645.0,0.0,0.0,0.0,0.0,0.0,0.0
20-06-2004,85.4,3645.0,0.0,0.0,0.0,0.0,0.0,0.0
21-06-2004,85.4,3645.0,0.0,0.0,0.0,0.0,0.0,0.0
22-06-2004,85.4,3645.0,0.0,0.0,0.0,0.0,0.0,0.0
23-06-2004,85.4,3645.0,0.0,0.0,0.0,0.0,0.0,0.0
24-06-2004,85.4,3645.0,0.0,0.0,0.0,0.0,0.0,0.0
25-06-2004,85.4,3645.0,0.0,0.0,0.0,0.0,0.0,0.0
26-06-2004,85.4,3645.0,0.0,0.0,0.0,0.0,0.0,0.0
27-06-2004,85.4,3645.0,0.0,0.0,0.0,0.0,0.0,0.0
28-06-2004,85.4,3645.0,0.0,0.0,0.0,0.0,0.0,0.0
29-06-2004,85.4,3645.0,0.0,0.0,0.0,0.0,0.0,4.0
30-06-2004,85.4,3645.0,0.0,0.0,0.0,0.0,0.0,0.0
01-07-2004,85.4,3645.0,0.0,0.0,0.0,0.0,0.0,0.0
02-07-2004,85.4,3645.0,0.0,0.0,0.0,0.0,0.0,0.0
03-07-2004,85.4,3645.0,0.0,0.0,0.0,0.0,0.0,0.0
04-07-2004,85.4,3645.0,0.0,0.0,0.0,0.0,0.0,4.0
05-07-2004,85.4,3645.0,0.0,0.0,0.0,0.0,0.0,0.0
06-07-2004,85.4,3645.0,0.0,0.0,0.0,0.0,0.0,0.0
07-07-2004,85.4,3645.0,0.0,0.0,0.0,0.0,0.0,0.0
08-07-2004,85.4,3645.0,0.0,0.0,0.0,0.0,0.0,0.0
09-07-2004,85.4,3645.0,0.0,0.0,0.0,0.0,0.0,0.0
10-07-2004,85.4,3645.0,0.0,0.0,0.0,0.0,0.0,0.0
11-07-2004,85.4,3645.0,0.0,0.0,0.0,0.0,0.0,0.0
12-07-2004,85.4,3645.0,0.0,0.0,0.0,0.0,0.0,13.0
13-07-2004,85.4,3645.0,0.0,0.0,0.0,0.0,0.0,0.0
14-07-2004,85.4,3645.0,0.0,0.0,0.0,0.0,0.0,0.0
15-07-2004,85.4,3645.0,0.0,0.0,0.0,0.0,0.0,0.0
16-07-2004,85.4,3645.0,0.0,0.0,0.0,0.0,0.0,0.0
17-07-2004,85.4,3645.0,0.0,0.0,0.0,0.0,0.0,0.0
18-07-2004,85.4,3645.0,0.0,0.0,0.0,0.0,0.0,0.0
19-07-2004,85.4,3645.0,0.0,0.0,0.0,0.0,0.0,0.0
20-07-2004,85.4,3645.0,0.0,0.0,0.0,0.0,0.0,0.0
21-07-2004,85.4,3645.0,0.0,0.0,0.0,0.0,0.0,0.0
22-07-2004,85.4,3645.0,0.0,0.0,0.0,0.0,0.0,0.0
23-07-2004,85.4,3645.0,0.0,0.0,0.0,0.0,0.0,0.0
24-07-2004,85.4,3645.0,0.0,0.0,0.0,0.0,0.0,0.0
25-07-2004,85.4,3645.0,0.0,0.0,0.0,0.0,0.0,0.0
26-07-2004,85.4,3645.0,0.0,0.0,0.0,0.0,0.0,0.0
27-07-2004,85.4,3645.0,0.0,0.0,0.0,0.0,0.0,0.0
28-07-2004,85.4,3645.0,0.0,0.0,0.0,0.0,0.0,0.0
29-07-2004,85.4,3645.0,0.0,0.0,0.0,0.0,0.0,2.0
30-07-2004,85.4,3645.0,0.0,0.0,0.0,0.0,0.0,4.0
31-07-2004,85.4,3645.0,0.0,0.0,0.0,0.0,0.0,7.0
01-08-2004,85.4,3645.0,0.0,0.0,0.0,0.0,0.0,2.0
02-08-2004,85.4,3645.0,0.0,0.0,0.0,0.0,0.0,0.0
03-08-2004,85.4,3645.0,0.0,0.0,0.0,0.0,0.0,0.0
04-08-2004,85.4,3645.0,0.0,0.0,0.0,0.0,0.0,0.0
05-08-2004,85.4,3645.0,0.0,0.0,0.0,0.0,0.0,0.0
06-08-2004,85.4,3645.0,0.0,0.0,0.0,0.0,0.0,0.0
07-08-2004,85.4,3645.0,0.0,0.0,0.0,0.0,0.0,0.0
08-08-2004,85.4,3645.0,0.0,0.0,0.0,0.0,0.0,0.0
09-08-2004,85.4,3645.0,0.0,0.0,0.0,0.0,0.0,2.0
10-08-2004,85.4,3645.0,0.0,0.0,0.0,0.0,0.0,0.0
11-08-2004,85.4,3645.0,0.0,0.0,0.0,0.0,0.0,0.0
12-08-2004,85.4,3645.0,0.0,0.0,0.0,0.0,0.0,0.0
13-08-2004,85.4,3645.0,0.0,0.0,0.0,0.0,0.0,0.0
14-08-2004,85.4,3645.0,0.0,0.0,0.0,0.0,0.0,0.0
15-08-2004,85.4,3645.0,0.0,0.0,0.0,0.0,0.0,0.0
16-08-2004,85.4,3645.0,0.0,0.0,0.0,0.0,0.0,0.0
17-08-2004,85.4,3645.0,0.0,0.0,0.0,0.0,0.0,0.0
18-08-2004,85.4,3645.0,0.0,0.0,0.0,0.0,0.0,0.0
19-08-2004,85.4,3645.0,0.0,0.0,0.0,0.0,0.0,0.0
20-08-2004,85.4,3645.0,0.0,0.0,0.0,0.0,0.0,0.0
21-08-2004,85.4,3645.0,0.0,0.0,0.0,0.0,0.0,0.0
22-08-2004,85.4,3645.0,0.0,0.0,0.0,0.0,0.0,0.0
23-08-2004,85.4,3645.0,0.0,0.0,0.0,0.0,0.0,0.0
24-08-2004,85.4,3645.0,0.0,0.0,0.0,0.0,0.0,5.0
25-08-2004,85.4,3645.0,0.0,0.0,0.0,0.0,0.0,0.0
26-08-2004,85.4,3645.0,0.0,0.0,0.0,0.0,0.0,0.0
27-08-2004,85.4,3645.0,0.0,0.0,0.0,0.0,0.0,0.0
28-08-2004,85.4,3645.0,0.0,0.0,0.0,0.0,0.0,0.0
29-08-2004,85.4,3645.0,0.0,0.0,0.0,0.0,0.0,0.0
30-08-2004,85.4,3645.0,0.0,0.0,0.0,0.0,0.0,0.0
31-08-2004,85.4,3645.0,0.0,0.0,0.0,0.0,0.0,0.0
01-09-2004,85.4,3645.0,0.0,0.0,0.0,0.0,0.0,0.0
02-09-2004,85.4,3645.0,0.0,0.0,0.0,0.0,0.0,0.0
03-09-2004,85.4,3645.0,0.0,0.0,0.0,0.0,0.0,0.0
04-09-2004,85.4,3645.0,0.0,0.0,0.0,0.0,0.0,0.0
05-09-2004,85.4,3645.0,0.0,0.0,0.0,0.0,0.0,0.0
06-09-2004,85.4,3645.0,0.0,0.0,0.0,0.0,0.0,2.0
07-09-2004,85.4,3645.0,0.0,0.0,0.0,0.0,0.0,0.0
08-09-2004,85.4,3645.0,0.0,0.0,0.0,0.0,0.0,2.0
09-09-2004,85.4,3645.0,0.0,0.0,0.0,0.0,0.0,0.0
10-09-2004,85.4,3645.0,0.0,0.0,0.0,0.0,0.0,15.0
11-09-2004,85.4,3645.0,0.0,0.0,0.0,0.0,0.0,4.0
12-09-2004,85.4,3645.0,0.0,0.0,0.0,0.0,0.0,2.0
13-09-2004,85.4,3645.0,0.0,0.0,0.0,0.0,0.0,0.0
14-09-2004,85.4,3645.0,0.0,0.0,0.0,0.0,0.0,13.0
15-09-2004,85.4,3645.0,0.0,0.0,0.0,0.0,0.0,0.0
16-09-2004,85.4,3645.0,0.0,0.0,0.0,0.0,0.0,15.0
17-09-2004,85.4,3645.0,0.0,0.0,0.0,0.0,0.0,0.0
18-09-2004,85.4,3645.0,0.0,0.0,0.0,0.0,0.0,0.0
19-09-2004,85.4,3645.0,0.0,0.0,0.0,0.0,0.0,0.0
20-09-2004,85.4,3645.0,0.0,0.0,0.0,0.0,0.0,30.0
21-09-2004,85.4,3645.0,0.0,0.0,0.0,0.0,0.0,3.0
22-09-2004,85.4,3645.0,0.0,0.0,0.0,0.0,0.0,0.0
23-09-2004,85.4,3645.0,0.0,0.0,0.0,0.0,0.0,4.0
24-09-2004,85.4,3645.0,0.0,0.0,0.0,0.0,0.0,5.0
25-09-2004,85.4,3645.0,0.0,0.0,0.0,0.0,0.0,2.0
26-09-2004,85.4,3645.0,0.0,0.0,0.0,0.0,0.0,0.0
27-09-2004,85.4,3645.0,0.0,0.0,0.0,0.0,0.0,6.0
28-09-2004,85.4,3645.0,0.0,0.0,0.0,0.0,0.0,13.0
29-09-2004,85.4,3645.0,0.0,0.0,0.0,0.0,0.0,12.0
30-09-2004,85.4,3645.0,0.0,0.0,0.0,0.0,0.0,0.0
01-10-2004,85.4,3645.0,0.0,0.0,0.0,0.0,0.0,0.0
02-10-2004,85.4,3645.0,0.0,0.0,0.0,0.0,0.0,0.0
03-10-2004,85.4,3645.0,0.0,0.0,0.0,0.0,0.0,17.0
04-10-2004,85.4,3645.0,0.0,0.0,0.0,0.0,0.0,0.0
05-10-2004,85.4,3645.0,0.0,0.0,0.0,0.0,0.0,0.0
06-10-2004,85.4,3645.0,0.0,0.0,0.0,0.0,0.0,0.0
07-10-2004,85.4,3645.0,0.0,0.0,0.0,0.0,0.0,0.0
08-10-2004,85.4,3645.0,0.0,0.0,0.0,0.0,0.0,0.0
09-10-2004,85.4,3645.0,0.0,0.0,0.0,0.0,0.0,0.0
10-10-2004,85.4,3645.0,0.0,0.0,0.0,0.0,0.0,0.0
11-10-2004,85.4,3645.0,0.0,0.0,0.0,0.0,0.0,1.0
12-10-2004,85.4,3645.0,0.0,0.0,0.0,0.0,0.0,0.0
13-10-2004,85.4,3645.0,0.0,0.0,0.0,0.0,0.0,0.0
14-10-2004,85.4,3645.0,0.0,0.0,0.0,0.0,0.0,0.0
15-10-2004,85.4,3645.0,0.0,0.0,0.0,0.0,0.0,0.0
16-10-2004,85.4,3645.0,0.0,0.0,0.0,0.0,0.0,0.0
17-10-2004,85.4,3645.0,0.0,0.0,0.0,0.0,0.0,2.0
18-10-2004,85.4,3645.0,0.0,0.0,0.0,0.0,0.0,54.0
19-10-2004,85.4,3645.0,0.0,0.0,0.0,0.0,0.0,27.0
20-10-2004,85.4,3645.0,0.0,0.0,0.0,0.0,0.0,12.0
21-10-2004,85.4,3645.0,0.0,0.0,0.0,0.0,0.0,0.0
22-10-2004,85.4,3645.0,0.0,0.0,0.0,0.0,0.0,0.0
23-10-2004,85.4,3645.0,0.0,0.0,0.0,0.0,0.0,2.0
24-10-2004,85.4,3645.0,0.0,0.0,0.0,0.0,0.0,15.0
25-10-2004,85.4,3645.0,0.0,0.0,0.0,0.0,0.0,10.0
26-10-2004,85.4,3645.0,0.0,0.0,0.0,0.0,0.0,6.0
27-10-2004,85.4,3645.0,0.0,0.0,0.0,0.0,0.0,2.0
28-10-2004,85.4,3645.0,0.0,0.0,0.0,0.0,0.0,8.0
29-10-2004,85.4,3645.0,0.0,0.0,0.0,0.0,0.0,43.0
30-10-2004,85.4,3645.0,63.4,33.0,0.91,382.0,0.0,62.0
31-10-2004,85.4,3645.0,63.9,59.0,1.62,301.0,0.0,19.0
01-11-2004,85.4,3645.0,64.15,72.0,1.98,150.0,0.0,7.0
02-11-2004,85.4,3645.0,64.25,78.0,2.14,69.0,0.0,0.0
03-11-2004,85.4,3645.0,64.25,78.0,2.14,0.0,0.0,0.0
04-11-2004,85.4,3645.0,64.25,78.0,2.14,0.0,0.0,0.0
05-11-2004,85.4,3645.0,64.25,78.0,2.14,0.0,0.0,2.0
06-11-2004,85.4,3645.0,64.65,101.0,2.77,266.0,0.0,71.0
07-11-2004,85.4,3645.0,65.7,170.0,4.66,799.0,0.0,45.0
08-11-2004,85.4,3645.0,66.75,250.0,6.86,926.0,0.0,16.0
09-11-2004,85.4,3645.0,67.15,284.0,7.79,393.0,0.0,0.0
10-11-2004,85.4,3645.0,67.25,292.0,8.01,93.0,0.0,0.0
11-11-2004,85.4,3645.0,67.25,292.0,8.01,0.0,0.0,4.0
12-11-2004,85.4,3645.0,67.25,292.0,8.01,0.0,0.0,2.0
13-11-2004,85.4,3645.0,68.75,437.0,11.99,1678.0,0.0,70.0
14-11-2004,85.4,3645.0,69.25,491.0,13.47,625.0,0.0,4.0
15-11-2004,85.4,3645.0,69.35,502.0,13.77,127.0,0.0,0.0
16-11-2004,85.4,3645.0,69.35,502.0,13.77,0.0,0.0,0.0
17-11-2004,85.4,3645.0,69.35,502.0,13.77,0.0,0.0,0.0
18-11-2004,85.4,3645.0,69.35,502.0,13.77,0.0,0.0,0.0
19-11-2004,85.4,3645.0,69.35,502.0,13.77,0.0,0.0,0.0
20-11-2004,85.4,3645.0,69.35,502.0,13.77,0.0,0.0,0.0
21-11-2004,85.4,3645.0,69.35,502.0,13.77,0.0,0.0,0.0
22-11-2004,85.4,3645.0,69.35,502.0,13.77,0.0,0.0,0.0
23-11-2004,85.4,3645.0,69.35,502.0,13.77,0.0,0.0,0.0
24-11-2004,85.4,3645.0,69.34,501.0,13.74,0.0,0.0,0.0
25-11-2004,85.4,3645.0,69.33,500.0,13.72,0.0,0.0,0.0
26-11-2004,85.4,3645.0,69.32,499.0,13.69,0.0,0.0,12.0
27-11-2004,85.4,3645.0,69.32,499.0,13.69,11.0,0.0,2.0
28-11-2004,85.4,3645.0,69.31,498.0,13.66,0.0,0.0,0.0
29-11-2004,85.4,3645.0,69.3,496.0,13.61,0.0,0.0,0.0
30-11-2004,85.4,3645.0,69.29,495.0,13.58,0.0,0.0,0.0
01-12-2004,85.4,3645.0,69.28,494.0,13.55,0.0,0.0,0.0
02-12-2004,85.4,3645.0,69.26,492.0,13.5,0.0,11.0,0.0
03-12-2004,85.4,3645.0,69.24,489.0,13.42,0.0,18.0,0.0
04-12-2004,85.4,3645.0,69.21,486.0,13.33,0.0,18.0,0.0
05-12-2004,85.4,3645.0,69.19,483.0,13.25,0.0,18.0,0.0
06-12-2004,85.4,3645.0,69.15,480.0,13.17,0.0,18.0,0.0
07-12-2004,85.4,3645.0,69.13,478.0,13.11,0.0,12.0,0.0
08-12-2004,85.4,3645.0,69.12,476.0,13.06,0.0,12.0,0.0
09-12-2004,85.4,3645.0,69.1,474.0,13.0,0.0,12.0,2.0
10-12-2004,85.4,3645.0,69.08,472.0,12.95,0.0,12.0,0.0
11-12-2004,85.4,3645.0,69.05,469.0,12.87,0.0,12.0,0.0
12-12-2004,85.4,3645.0,69.02,469.0,12.87,0.0,18.0,0.0
13-12-2004,85.4,3645.0,69.0,463.0,12.7,0.0,18.0,0.0
14-12-2004,85.4,3645.0,68.97,460.0,12.62,0.0,18.0,0.0
15-12-2004,85.4,3645.0,68.95,458.0,12.57,0.0,18.0,0.0
16-12-2004,85.4,3645.0,68.92,455.0,12.48,0.0,18.0,0.0
17-12-2004,85.4,3645.0,68.9,452.0,12.4,0.0,18.0,0.0
18-12-2004,85.4,3645.0,68.87,449.0,12.32,0.0,18.0,0.0
19-12-2004,85.4,3645.0,68.84,446.0,12.24,0.0,18.0,0.0
20-12-2004,85.4,3645.0,68.81,443.0,12.15,0.0,18.0,0.0
21-12-2004,85.4,3645.0,68.78,440.0,12.07,0.0,18.0,0.0
22-12-2004,85.4,3645.0,68.75,437.0,11.99,0.0,18.0,0.0
23-12-2004,85.4,3645.0,68.72,434.0,11.91,0.0,18.0,0.0
24-12-2004,85.4,3645.0,68.69,431.0,11.82,0.0,18.0,0.0
25-12-2004,85.4,3645.0,68.66,428.0,11.74,0.0,18.0,0.0
26-12-2004,85.4,3645.0,68.63,424.0,11.63,0.0,18.0,0.0
27-12-2004,85.4,3645.0,68.6,421.0,11.55,0.0,18.0,0.0
28-12-2004,85.4,3645.0,68.56,417.0,11.44,0.0,29.0,0.0
29-12-2004,85.4,3645.0,68.53,413.0,11.33,0.0,29.0,0.0
30-12-2004,85.4,3645.0,68.49,409.0,11.22,0.0,29.0,0.0
31-12-2004,85.4,3645.0,68.44,405.0,11.11,0.0,29.0,0.0
01-01-2005,85.4,3645.0,68.4,401.0,11.0,0.0,29.0,0.0
02-01-2005,85.4,3645.0,68.36,397.0,10.89,0.0,29.0,0.0
03-01-2005,85.4,3645.0,68.32,393.0,10.78,0.0,29.0,0.0
04-01-2005,85.4,3645.0,68.28,389.0,10.67,0.0,29.0,0.0
05-01-2005,85.4,3645.0,68.24,385.0,10.56,0.0,29.0,0.0
06-01-2005,85.4,3645.0,82.85,2973.0,81.56,0.0,0.0,0.0
07-01-2005,85.4,3645.0,68.16,377.0,10.34,0.0,29.0,0.0
08-01-2005,85.4,3645.0,68.12,373.0,10.23,0.0,29.0,0.0
09-01-2005,85.4,3645.0,68.08,369.0,10.12,0.0,29.0,0.0
10-01-2005,85.4,3645.0,68.04,365.0,10.01,0.0,29.0,0.0
11-01-2005,85.4,3645.0,68.0,361.0,9.9,0.0,29.0,0.0
12-01-2005,85.4,3645.0,67.96,357.0,9.79,0.0,29.0,0.0
13-01-2005,85.4,3645.0,67.92,353.0,9.68,0.0,29.0,0.0
14-01-2005,85.4,3645.0,67.87,349.0,9.57,0.0,29.0,0.0
15-01-2005,85.4,3645.0,67.83,345.0,9.47,0.0,29.0,0.0
16-01-2005,85.4,3645.0,67.79,341.0,9.36,0.0,29.0,0.0
17-01-2005,85.4,3645.0,67.74,337.0,9.25,0.0,18.0,0.0
18-01-2005,85.4,3645.0,67.71,334.0,9.16,0.0,18.0,0.0
19-01-2005,85.4,3645.0,67.68,331.0,9.08,0.0,18.0,0.0
20-01-2005,85.4,3645.0,67.64,327.0,8.97,0.0,28.0,0.0
21-01-2005,85.4,3645.0,67.59,323.0,8.86,0.0,33.0,0.0
22-01-2005,85.4,3645.0,67.55,319.0,8.75,0.0,33.0,0.0
23-01-2005,85.4,3645.0,67.5,315.0,8.64,0.0,33.0,0.0
24-01-2005,85.4,3645.0,67.46,311.0,8.53,0.0,33.0,0.0
25-01-2005,85.4,3645.0,67.42,307.0,8.42,0.0,33.0,0.0
26-01-2005,85.4,3645.0,67.37,303.0,8.31,0.0,35.0,0.0
27-01-2005,85.4,3645.0,67.31,298.0,8.18,0.0,35.0,0.0
28-01-2005,85.4,3645.0,67.27,294.0,8.07,0.0,35.0,0.0
29-01-2005,85.4,3645.0,67.22,290.0,7.96,0.0,35.0,0.0
30-01-2005,85.4,3645.0,67.17,286.0,7.85,0.0,35.0,0.0
31-01-2005,85.4,3645.0,67.13,282.0,7.74,0.0,35.0,0.0
01-02-2005,85.4,3645.0,67.08,275.0,7.54,0.0,35.0,0.0
02-02-2005,85.4,3645.0,67.03,274.0,7.52,0.0,35.0,0.0
03-02-2005,85.4,3645.0,66.99,270.0,7.41,0.0,35.0,0.0
04-02-2005,85.4,3645.0,66.95,266.0,7.3,0.0,35.0,0.0
05-02-2005,85.4,3645.0,66.9,262.0,7.19,0.0,15.0,0.0
06-02-2005,85.4,3645.0,66.87,260.0,7.13,0.0,15.0,0.0
07-02-2005,85.4,3645.0,66.85,258.0,7.08,0.0,15.0,0.0
08-02-2005,85.4,3645.0,66.82,256.0,7.02,0.0,15.0,0.0
09-02-2005,85.4,3645.0,66.8,254.0,6.97,0.0,15.0,0.0
10-02-2005,85.4,3645.0,66.77,252.0,6.91,0.0,15.0,0.0
11-02-2005,85.4,3645.0,66.75,250.0,6.86,0.0,15.0,0.0
12-02-2005,85.4,3645.0,66.72,248.0,6.8,0.0,15.0,0.0
13-02-2005,85.4,3645.0,66.7,246.0,6.75,0.0,15.0,0.0
14-02-2005,85.4,3645.0,66.67,244.0,6.69,0.0,0.0,0.0
15-02-2005,85.4,3645.0,66.65,242.0,6.64,0.0,15.0,0.0
16-02-2005,85.4,3645.0,66.62,240.0,6.58,0.0,15.0,0.0
17-02-2005,85.4,3645.0,66.5,238.0,6.53,0.0,15.0,0.0
18-02-2005,85.4,3645.0,66.48,236.0,6.47,0.0,15.0,0.0
19-02-2005,85.4,3645.0,66.55,233.0,6.39,0.0,15.0,0.0
20-02-2005,85.4,3645.0,66.52,231.0,6.34,0.0,15.0,0.0
21-02-2005,85.4,3645.0,66.49,229.0,6.28,0.0,15.0,0.0
22-02-2005,85.4,3645.0,66.46,227.0,6.23,0.0,15.0,0.0
23-02-2005,85.4,3645.0,66.44,225.0,6.17,0.0,15.0,0.0
24-02-2005,85.4,3645.0,66.41,223.0,6.12,0.0,15.0,0.0
25-02-2005,85.4,3645.0,66.38,220.0,6.04,0.0,15.0,0.0
26-02-2005,85.4,3645.0,66.35,218.0,5.98,0.0,15.0,0.0
27-02-2005,85.4,3645.0,66.32,216.0,5.93,0.0,15.0,0.0
28-02-2005,85.4,3645.0,66.3,214.0,5.87,0.0,20.0,0.0
01-03-2005,85.4,3645.0,66.26,211.0,5.79,0.0,20.0,0.0
02-03-2005,85.4,3645.0,66.22,208.0,5.71,0.0,20.0,0.0
03-03-2005,85.4,3645.0,66.18,205.0,5.62,0.0,20.0,0.0
04-03-2005,85.4,3645.0,66.14,202.0,5.54,0.0,20.0,0.0
05-03-2005,85.4,3645.0,66.1,199.0,5.46,0.0,20.0,0.0
06-03-2005,85.4,3645.0,66.06,196.0,5.38,0.0,20.0,0.0
07-03-2005,85.4,3645.0,66.02,193.0,5.29,0.0,15.0,0.0
08-03-2005,85.4,3645.0,66.0,191.0,5.24,0.0,15.0,0.0
09-03-2005,85.4,3645.0,65.97,189.0,5.19,0.0,15.0,0.0
10-03-2005,85.4,3645.0,65.94,187.0,5.13,0.0,15.0,0.0
11-03-2005,85.4,3645.0,65.9,184.0,5.05,0.0,15.0,0.0
12-03-2005,85.4,3645.0,65.87,182.0,4.99,0.0,15.0,0.0
13-03-2005,85.4,3645.0,65.85,180.0,4.94,0.0,15.0,0.0
14-03-2005,85.4,3645.0,65.82,178.0,4.88,0.0,15.0,0.0
15-03-2005,85.4,3645.0,65.79,176.0,4.83,0.0,15.0,0.0
16-03-2005,85.4,3645.0,65.75,173.0,4.75,0.0,15.0,0.0
17-03-2005,85.4,3645.0,65.72,171.0,4.69,0.0,15.0,0.0
18-03-2005,85.4,3645.0,65.69,169.0,4.64,0.0,15.0,0.0
19-03-2005,85.4,3645.0,65.66,167.0,4.58,0.0,15.0,0.0
20-03-2005,85.4,3645.0,65.63,165.0,4.53,0.0,15.0,0.0
21-03-2005,85.4,3645.0,65.6,163.0,4.47,0.0,25.0,0.0
22-03-2005,85.4,3645.0,65.56,160.0,4.39,0.0,25.0,0.0
23-03-2005,85.4,3645.0,65.62,157.0,4.31,0.0,25.0,0.0
24-03-2005,85.4,3645.0,65.48,154.0,4.22,0.0,25.0,0.0
25-03-2005,85.4,3645.0,65.44,151.0,4.14,0.0,25.0,0.0
26-03-2005,85.4,3645.0,65.39,148.0,4.06,0.0,25.0,0.0
27-03-2005,85.4,3645.0,65.35,145.0,3.98,0.0,25.0,0.0
28-03-2005,85.4,3645.0,65.29,142.0,3.9,0.0,25.0,0.0
29-03-2005,85.4,3645.0,65.25,139.0,3.81,0.0,25.0,0.0
30-03-2005,85.4,3645.0,65.2,136.0,3.73,0.0,25.0,0.0
31-03-2005,85.4,3645.0,65.15,133.0,3.65,0.0,25.0,0.0
01-04-2005,85.4,3645.0,65.1,129.0,3.54,0.0,25.0,0.0
02-04-2005,85.4,3645.0,65.05,126.0,3.46,0.0,25.0,0.0
03-04-2005,85.4,3645.0,65.0,123.0,3.37,0.0,25.0,0.0
04-04-2005,85.4,3645.0,64.95,120.0,3.29,0.0,25.0,2.0
05-04-2005,85.4,3645.0,65.05,126.0,3.46,92.0,15.0,58.0
06-04-2005,85.4,3645.0,65.7,170.0,4.66,509.0,15.0,119.0
07-04-2005,85.4,3645.0,65.8,177.0,4.86,96.0,15.0,0.0
08-04-2005,85.4,3645.0,65.8,177.0,4.86,25.0,15.0,6.0
09-04-2005,85.4,3645.0,65.77,175.0,4.8,0.0,15.0,0.0
10-04-2005,85.4,3645.0,65.75,173.0,4.75,0.0,15.0,0.0
11-04-2005,85.4,3645.0,65.7,170.0,4.66,0.0,15.0,0.0
12-04-2005,85.4,3645.0,65.7,170.0,4.66,25.0,15.0,10.0
13-04-2005,85.4,3645.0,65.68,168.0,4.61,0.0,15.0,0.0
14-04-2005,85.4,3645.0,65.65,166.0,4.55,0.0,15.0,0.0
15-04-2005,85.4,3645.0,65.62,164.0,4.5,0.0,15.0,0.0
16-04-2005,85.4,3645.0,65.59,162.0,4.44,0.0,15.0,0.0
17-04-2005,85.4,3645.0,65.56,160.0,4.39,0.0,15.0,0.0
18-04-2005,85.4,3645.0,65.52,158.0,4.33,0.0,15.0,0.0
19-04-2005,85.4,3645.0,65.5,156.0,4.28,0.0,15.0,0.0
20-04-2005,85.4,3645.0,65.47,154.0,4.22,0.0,15.0,0.0
21-04-2005,85.4,3645.0,65.45,152.0,4.17,0.0,15.0,0.0
22-04-2005,85.4,3645.0,65.42,150.0,4.12,0.0,15.0,0.0
23-04-2005,85.4,3645.0,65.39,148.0,4.06,0.0,15.0,0.0
24-04-2005,85.4,3645.0,65.35,146.0,4.01,0.0,15.0,0.0
25-04-2005,85.4,3645.0,65.3,143.0,3.92,0.0,15.0,0.0
26-04-2005,85.4,3645.0,65.27,141.0,3.87,0.0,15.0,0.0
27-04-2005,85.4,3645.0,65.25,139.0,3.81,0.0,15.0,0.0
28-04-2005,85.4,3645.0,65.22,137.0,3.76,0.0,15.0,0.0
29-04-2005,85.4,3645.0,65.19,135.0,3.7,0.0,15.0,0.0
30-04-2005,85.4,3645.0,65.15,133.0,3.65,0.0,15.0,0.0
01-05-2005,85.4,3645.0,65.12,131.0,3.59,0.0,15.0,0.0
02-05-2005,85.4,3645.0,65.1,129.0,3.54,0.0,15.0,23.0
03-05-2005,85.4,3645.0,65.07,127.0,3.48,0.0,15.0,0.0
04-05-2005,85.4,3645.0,65.04,125.0,3.43,0.0,15.0,5.0
05-05-2005,85.4,3645.0,65.0,123.0,3.37,0.0,15.0,7.0
06-05-2005,85.4,3645.0,64.97,121.0,3.32,0.0,15.0,0.0
07-05-2005,85.4,3645.0,64.94,119.0,3.26,0.0,15.0,0.0
08-05-2005,85.4,3645.0,64.91,117.0,3.21,0.0,15.0,0.0
09-05-2005,85.4,3645.0,64.83,115.0,3.16,0.0,15.0,0.0
10-05-2005,85.4,3645.0,64.85,113.0,3.1,0.0,15.0,0.0
11-05-2005,85.4,3645.0,64.8,110.0,3.02,0.0,15.0,0.0
12-05-2005,85.4,3645.0,64.77,108.0,2.96,0.0,15.0,0.0
13-05-2005,85.4,3645.0,64.73,106.0,2.91,0.0,15.0,0.0
14-05-2005,85.4,3645.0,64.7,104.0,2.85,0.0,15.0,0.0
15-05-2005,85.4,3645.0,64.67,102.0,2.8,0.0,15.0,0.0
16-05-2005,85.4,3645.0,64.64,100.0,2.74,0.0,15.0,0.0
17-05-2005,85.4,3645.0,64.6,98.0,2.69,0.0,15.0,0.0
18-05-2005,85.4,3645.0,64.57,96.0,2.63,0.0,15.0,0.0
19-05-2005,85.4,3645.0,64.53,94.0,2.58,0.0,15.0,0.0
20-05-2005,85.4,3645.0,64.5,92.0,2.52,0.0,15.0,0.0
21-05-2005,85.4,3645.0,64.47,90.0,2.47,0.0,15.0,0.0
22-05-2005,85.4,3645.0,64.44,88.0,2.41,0.0,15.0,0.0
23-05-2005,85.4,3645.0,64.4,86.0,2.36,0.0,15.0,0.0
24-05-2005,85.4,3645.0,64.37,84.0,2.3,0.0,15.0,0.0
25-05-2005,85.4,3645.0,64.33,82.0,2.25,0.0,15.0,0.0
26-05-2005,85.4,3645.0,64.29,80.0,2.19,0.0,15.0,0.0
27-05-2005,85.4,3645.0,64.25,78.0,2.14,0.0,15.0,0.0
28-05-2005,85.4,3645.0,64.22,76.0,2.09,0.0,15.0,0.0
29-05-2005,85.4,3645.0,64.18,74.0,2.03,0.0,15.0,0.0
30-05-2005,85.4,3645.0,64.15,72.0,1.98,0.0,15.0,0.0
31-05-2005,85.4,3645.0,64.1,70.0,1.92,0.0,15.0,0.0
01-06-2005,85.4,3645.0,64.06,68.0,1.87,0.0,15.0,0.0
02-06-2005,85.4,3645.0,64.03,66.0,1.81,0.0,15.0,0.0
03-06-2005,85.4,3645.0,64.0,64.0,1.76,0.0,15.0,0.0
04-06-2005,85.4,3645.0,63.97,62.0,1.7,0.0,15.0,0.0
05-06-2005,85.4,3645.0,63.93,60.0,1.65,0.0,15.0,0.0
06-06-2005,85.4,3645.0,63.89,58.0,1.59,0.0,15.0,0.0
07-06-2005,85.4,3645.0,63.85,56.0,1.54,0.0,15.0,0.0
08-06-2005,85.4,3645.0,63.8,54.0,1.48,0.0,15.0,0.0
09-06-2005,85.4,3645.0,63.8,54.0,1.48,0.0,15.0,41.0
10-06-2005,85.4,3645.0,78.34,1908.0,52.35,0.0,40.0,0.0
11-06-2005,85.4,3645.0,78.3,1900.0,52.13,0.0,40.0,0.0
12-06-2005,85.4,3645.0,78.26,1892.0,51.91,0.0,40.0,0.0
13-06-2005,85.4,3645.0,63.69,48.0,1.32,0.0,0.0,0.0
14-06-2005,85.4,3645.0,63.67,47.0,1.29,0.0,0.0,0.0
15-06-2005,85.4,3645.0,63.65,46.0,1.26,0.0,0.0,0.0
16-06-2005,85.4,3645.0,63.63,45.0,1.23,0.0,0.0,0.0
17-06-2005,85.4,3645.0,63.61,44.0,1.21,0.0,0.0,0.0
18-06-2005,85.4,3645.0,63.59,44.0,1.21,0.0,0.0,0.0
19-06-2005,85.4,3645.0,63.57,42.0,1.15,0.0,0.0,0.0
20-06-2005,85.4,3645.0,63.55,41.0,1.12,0.0,0.0,0.0
21-06-2005,85.4,3645.0,63.53,40.0,1.1,0.0,0.0,6.0
22-06-2005,85.4,3645.0,63.51,39.0,1.07,0.0,0.0,0.0
23-06-2005,85.4,3645.0,63.49,38.0,1.04,0.0,0.0,6.0
24-06-2005,85.4,3645.0,63.47,37.0,1.02,0.0,0.0,0.0
25-06-2005,85.4,3645.0,63.45,36.0,0.99,0.0,0.0,0.0
26-06-2005,85.4,3645.0,63.45,35.0,0.96,0.0,0.0,0.0
27-06-2005,85.4,3645.0,63.41,34.0,0.93,0.0,0.0,0.0
28-06-2005,85.4,3645.0,63.38,33.0,0.91,0.0,0.0,0.0
29-06-2005,85.4,3645.0,63.34,32.0,0.88,0.0,0.0,0.0
30-06-2005,85.4,3645.0,63.27,31.0,0.85,0.0,0.0,0.0
01-07-2005,85.4,3645.0,63.2,30.0,0.82,0.0,0.0,0.0
02-07-2005,85.4,3645.0,63.15,29.0,0.8,0.0,0.0,0.0
03-07-2005,85.4,3645.0,63.08,28.0,0.77,0.0,0.0,0.0
04-07-2005,85.4,3645.0,63.0,27.0,0.74,0.0,0.0,0.0
05-07-2005,85.4,3645.0,62.95,26.0,0.71,0.0,0.0,0.0
06-07-2005,85.4,3645.0,62.9,25.0,0.69,0.0,0.0,0.0
07-07-2005,85.4,3645.0,62.85,24.0,0.66,0.0,0.0,6.0
08-07-2005,85.4,3645.0,62.8,23.0,0.63,0.0,0.0,0.0
09-07-2005,85.4,3645.0,62.73,22.0,0.6,0.0,0.0,2.0
10-07-2005,85.4,3645.0,62.65,21.0,0.58,0.0,0.0,0.0
11-07-2005,85.4,3645.0,62.6,20.0,0.55,0.0,0.0,0.0
12-07-2005,85.4,3645.0,62.55,19.0,0.52,0.0,0.0,0.0
13-07-2005,85.4,3645.0,62.5,18.0,0.49,0.0,0.0,0.0
14-07-2005,85.4,3645.0,62.43,17.0,0.47,0.0,0.0,0.0
15-07-2005,85.4,3645.0,62.35,16.0,0.44,0.0,0.0,0.0
16-07-2005,85.4,3645.0,62.3,15.0,0.41,0.0,0.0,0.0
17-07-2005,85.4,3645.0,62.24,14.0,0.38,0.0,0.0,0.0
18-07-2005,85.4,3645.0,62.17,13.0,0.36,0.0,0.0,0.0
19-07-2005,85.4,3645.0,62.1,12.0,0.33,0.0,0.0,0.0
20-07-2005,85.4,3645.0,62.05,11.0,0.3,0.0,0.0,5.0
21-07-2005,85.4,3645.0,62.3,15.0,0.41,46.0,0.0,52.0
22-07-2005,85.4,3645.0,62.24,14.0,0.38,0.0,0.0,0.0
23-07-2005,85.4,3645.0,62.17,13.0,0.36,0.0,0.0,3.0
24-07-2005,85.4,3645.0,62.17,13.0,0.36,13.0,0.0,27.0
25-07-2005,85.4,3645.0,62.1,12.0,0.33,0.0,0.0,0.0
26-07-2005,85.4,3645.0,62.05,11.0,0.3,0.0,0.0,4.0
27-07-2005,85.4,3645.0,62.0,10.0,0.27,0.0,0.0,3.0
28-07-2005,85.4,3645.0,61.95,9.0,0.25,0.0,0.0,0.0
29-07-2005,85.4,3645.0,61.95,9.0,0.25,13.0,0.0,5.0
30-07-2005,85.4,3645.0,61.9,8.0,0.22,0.0,5.0,0.0
31-07-2005,85.4,3645.0,61.83,7.0,0.19,0.0,5.0,0.0
01-08-2005,85.4,3645.0,61.77,6.0,0.16,0.0,5.0,0.0
02-08-2005,85.4,3645.0,61.71,5.0,0.14,0.0,5.0,0.0
03-08-2005,85.4,3645.0,61.65,4.0,0.11,0.0,5.0,0.0
04-08-2005,85.4,3645.0,61.6,3.0,0.08,0.0,5.0,0.0
05-08-2005,85.4,3645.0,61.55,2.0,0.05,0.0,5.0,0.0
06-08-2005,85.4,3645.0,0.0,0.0,0.0,0.0,0.0,0.0
07-08-2005,85.4,3645.0,0.0,0.0,0.0,0.0,0.0,0.0
08-08-2005,85.4,3645.0,0.0,0.0,0.0,0.0,0.0,0.0
09-08-2005,85.4,3645.0,0.0,0.0,0.0,0.0,0.0,0.0
10-08-2005,85.4,3645.0,0.0,0.0,0.0,0.0,0.0,0.0
11-08-2005,85.4,3645.0,0.0,0.0,0.0,0.0,0.0,4.0
12-08-2005,85.4,3645.0,0.0,0.0,0.0,0.0,0.0,0.0
13-08-2005,85.4,3645.0,0.0,0.0,0.0,0.0,0.0,0.0
14-08-2005,85.4,3645.0,0.0,0.0,0.0,0.0,0.0,0.0
15-08-2005,85.4,3645.0,0.0,0.0,0.0,0.0,0.0,10.0
16-08-2005,85.4,3645.0,0.0,0.0,0.0,0.0,0.0,12.0
17-08-2005,85.4,3645.0,0.0,0.0,0.0,0.0,0.0,0.0
18-08-2005,85.4,3645.0,0.0,0.0,0.0,0.0,0.0,0.0
19-08-2005,85.4,3645.0,0.0,0.0,0.0,0.0,0.0,0.0
20-08-2005,85.4,3645.0,0.0,0.0,0.0,0.0,0.0,11.0
21-08-2005,85.4,3645.0,0.0,0.0,0.0,0.0,0.0,0.0
22-08-2005,85.4,3645.0,0.0,0.0,0.0,0.0,0.0,0.0
23-08-2005,85.4,3645.0,0.0,0.0,0.0,0.0,0.0,0.0
24-08-2005,85.4,3645.0,0.0,0.0,0.0,0.0,0.0,0.0
25-08-2005,85.4,3645.0,0.0,0.0,0.0,0.0,0.0,0.0
26-08-2005,85.4,3645.0,0.0,0.0,0.0,0.0,0.0,13.0
27-08-2005,85.4,3645.0,0.0,0.0,0.0,0.0,0.0,8.0
28-08-2005,85.4,3645.0,0.0,0.0,0.0,0.0,0.0,0.0
29-08-2005,85.4,3645.0,0.0,0.0,0.0,0.0,0.0,0.0
30-08-2005,85.4,3645.0,0.0,0.0,0.0,0.0,0.0,0.0
31-08-2005,85.4,3645.0,0.0,0.0,0.0,0.0,0.0,0.0
01-09-2005,85.4,3645.0,0.0,0.0,0.0,0.0,0.0,0.0
02-09-2005,85.4,3645.0,0.0,0.0,0.0,0.0,0.0,3.0
03-09-2005,85.4,3645.0,0.0,0.0,0.0,0.0,0.0,0.0
04-09-2005,85.4,3645.0,0.0,0.0,0.0,0.0,0.0,3.0
05-09-2005,85.4,3645.0,0.0,0.0,0.0,0.0,0.0,4.0
06-09-2005,85.4,3645.0,0.0,0.0,0.0,0.0,0.0,0.0
07-09-2005,85.4,3645.0,0.0,0.0,0.0,0.0,0.0,13.0
08-09-2005,85.4,3645.0,0.0,0.0,0.0,0.0,0.0,9.0
09-09-2005,85.4,3645.0,0.0,0.0,0.0,0.0,0.0,73.0
10-09-2005,85.4,3645.0,61.9,8.0,0.22,93.0,0.0,52.0
11-09-2005,85.4,3645.0,62.3,15.0,0.41,81.0,0.0,32.0
12-09-2005,85.4,3645.0,62.3,15.0,0.41,13.0,0.0,0.0
13-09-2005,85.4,3645.0,62.3,15.0,0.41,12.0,0.0,0.0
14-09-2005,85.4,3645.0,62.3,15.0,0.41,12.0,0.0,0.0
15-09-2005,85.4,3645.0,52.25,14.0,0.38,0.0,0.0,0.0
16-09-2005,85.4,3645.0,62.2,13.0,0.36,0.0,0.0,0.0
17-09-2005,85.4,3645.0,62.12,12.0,0.33,0.0,0.0,0.0
18-09-2005,85.4,3645.0,62.05,11.0,0.3,0.0,0.0,0.0
19-09-2005,85.4,3645.0,62.0,10.0,0.27,0.0,0.0,0.0
20-09-2005,85.4,3645.0,61.95,9.0,0.25,0.0,0.0,0.0
21-09-2005,85.4,3645.0,61.88,8.0,0.22,0.0,0.0,0.0
22-09-2005,85.4,3645.0,61.8,7.0,0.19,0.0,0.0,0.0
23-09-2005,85.4,3645.0,61.75,6.0,0.16,0.0,0.0,3.0
24-09-2005,85.4,3645.0,61.7,5.0,0.14,0.0,0.0,0.0
25-09-2005,85.4,3645.0,61.05,11.0,0.3,69.0,0.0,47.0
26-09-2005,85.4,3645.0,62.05,11.0,0.3,0.0,0.0,0.0
27-09-2005,85.4,3645.0,62.0,10.0,0.27,0.0,0.0,0.0
28-09-2005,85.4,3645.0,61.95,9.0,0.25,0.0,0.0,0.0
29-09-2005,85.4,3645.0,61.88,8.0,0.22,0.0,0.0,0.0
30-09-2005,85.4,3645.0,61.95,9.0,0.25,23.0,0.0,16.0
01-10-2005,85.4,3645.0,61.95,9.0,0.25,12.0,0.0,0.0
02-10-2005,85.4,3645.0,61.95,9.0,0.25,12.0,0.0,5.0
03-10-2005,85.4,3645.0,61.88,8.0,0.22,0.0,0.0,0.0
04-10-2005,85.4,3645.0,61.8,7.0,0.19,0.0,0.0,0.0
05-10-2005,85.4,3645.0,61.75,6.0,0.16,0.0,0.0,0.0
06-10-2005,85.4,3645.0,61.7,5.0,0.14,0.0,0.0,0.0
07-10-2005,85.4,3645.0,61.65,4.0,0.11,0.0,0.0,0.0
08-10-2005,85.4,3645.0,61.6,3.0,0.08,0.0,0.0,0.0
09-10-2005,85.4,3645.0,61.55,2.0,0.05,0.0,0.0,0.0
10-10-2005,85.4,3645.0,61.45,1.0,0.03,0.0,0.0,0.0
11-10-2005,85.4,3645.0,61.45,1.0,0.03,12.0,0.0,8.0
12-10-2005,85.4,3645.0,62.35,16.0,0.44,174.0,0.0,61.0
13-10-2005,85.4,3645.0,63.4,33.0,0.91,198.0,0.0,69.0
14-10-2005,85.4,3645.0,65.0,123.0,3.37,1042.0,0.0,72.0
15-10-2005,85.4,3645.0,65.45,152.0,4.17,337.0,0.0,0.0
16-10-2005,85.4,3645.0,65.6,163.0,4.47,127.0,0.0,0.0
17-10-2005,85.4,3645.0,65.6,163.0,4.47,12.0,0.0,0.0
18-10-2005,85.4,3645.0,65.6,163.0,4.47,12.0,0.0,0.0
19-10-2005,85.4,3645.0,65.7,170.0,4.66,81.0,0.0,25.0
20-10-2005,85.4,3645.0,65.95,188.0,5.16,208.0,0.0,47.0
21-10-2005,85.4,3645.0,66.2,206.0,5.65,208.0,0.0,27.0
22-10-2005,85.4,3645.0,66.35,218.0,5.98,150.0,0.0,22.0
23-10-2005,85.4,3645.0,66.55,233.0,6.39,174.0,0.0,12.0
24-10-2005,85.4,3645.0,66.75,250.0,6.86,197.0,0.0,8.0
25-10-2005,85.4,3645.0,67.0,271.0,7.43,243.0,0.0,18.0
26-10-2005,85.4,3645.0,67.4,305.0,8.37,393.0,0.0,17.0
27-10-2005,85.4,3645.0,68.25,386.0,10.59,937.0,0.0,74.0
28-10-2005,85.4,3645.0,72.05,836.0,22.94,5208.0,0.0,230.0
29-10-2005,85.4,3645.0,73.7,1075.0,29.49,2766.0,0.0,0.0
30-10-2005,85.4,3645.0,74.35,1177.0,32.29,1080.0,0.0,0.0
31-10-2005,85.4,3645.0,74.7,1235.0,33.88,671.0,0.0,12.0
01-11-2005,85.4,3645.0,74.8,1259.0,34.54,278.0,0.0,3.0
02-11-2005,85.4,3645.0,74.85,1259.0,34.54,0.0,0.0,0.0
03-11-2005,85.4,3645.0,74.9,1268.0,34.79,104.0,0.0,2.0
04-11-2005,85.4,3645.0,75.0,1284.0,35.23,185.0,0.0,7.0
05-11-2005,85.4,3645.0,75.15,1310.0,35.94,301.0,0.0,40.0
06-11-2005,85.4,3645.0,75.5,1371.0,37.61,706.0,0.0,54.0
07-11-2005,85.4,3645.0,77.5,1739.0,47.71,4259.0,0.0,170.0
08-11-2005,85.4,3645.0,79.15,2080.0,57.06,3900.0,0.0,52.0
09-11-2005,85.4,3645.0,80.5,2387.0,65.49,3600.0,0.0,27.0
10-11-2005,85.4,3645.0,81.35,2591.0,71.08,2400.0,0.0,0.0
11-11-2005,85.4,3645.0,81.75,2690.0,73.8,1100.0,0.0,0.0
12-11-2005,85.4,3645.0,81.9,2728.0,74.84,400.0,0.0,5.0
13-11-2005,85.4,3645.0,82.0,2753.0,75.53,400.0,0.0,0.0
14-11-2005,85.4,3645.0,82.0,2753.0,75.53,0.0,0.0,0.0
15-11-2005,85.4,3645.0,82.0,2753.0,75.53,0.0,0.0,0.0
16-11-2005,85.4,3645.0,82.0,2753.0,75.53,0.0,0.0,0.0
17-11-2005,85.4,3645.0,82.0,2753.0,75.53,0.0,0.0,0.0
18-11-2005,85.4,3645.0,82.0,2753.0,75.53,0.0,0.0,0.0
19-11-2005,85.4,3645.0,81.99,2750.0,75.45,0.0,0.0,0.0
20-11-2005,85.4,3645.0,81.97,2746.0,75.34,0.0,0.0,0.0
21-11-2005,85.4,3645.0,81.96,2743.0,75.25,0.0,0.0,6.0
22-11-2005,85.4,3645.0,82.25,2817.0,77.28,850.0,0.0,68.0
23-11-2005,85.4,3645.0,82.6,2908.0,79.78,1600.0,1600.0,49.0
24-11-2005,85.4,3645.0,82.9,2986.0,81.92,3500.0,3500.0,23.0
25-11-2005,85.4,3645.0,82.9,2986.0,81.92,3500.0,3500.0,24.0
26-11-2005,85.4,3645.0,82.95,3031.0,83.16,4500.0,4500.0,68.0
27-11-2005,85.4,3645.0,82.6,2908.0,79.78,2500.0,2500.0,11.0
28-11-2005,85.4,3645.0,82.6,2908.0,79.78,2000.0,2000.0,0.0
29-11-2005,85.4,3645.0,82.6,2908.0,79.78,500.0,500.0,0.0
30-11-2005,85.4,3645.0,82.6,2908.0,79.78,500.0,500.0,0.0
01-12-2005,85.4,3645.0,82.6,2908.0,79.78,0.0,0.0,0.0
02-12-2005,85.4,3645.0,82.6,2908.0,79.78,0.0,0.0,2.0
03-12-2005,85.4,3645.0,83.4,3120.0,85.6,10000.0,10000.0,255.0
04-12-2005,85.4,3645.0,83.25,3080.0,84.5,12000.0,12000.0,42.0
05-12-2005,85.4,3645.0,83.0,3013.0,82.66,11000.0,11000.0,1.0
06-12-2005,85.4,3645.0,82.8,2960.0,81.21,5500.0,4500.0,0.0
07-12-2005,85.4,3645.0,82.8,2960.0,81.21,300.0,2500.0,0.0
08-12-2005,85.4,3645.0,82.7,2934.0,80.49,1340.0,1500.0,0.0
09-12-2005,85.4,3645.0,82.3,2830.0,77.64,700.0,2500.0,0.0
10-12-2005,85.4,3645.0,81.55,2640.0,72.43,358.0,500.0,0.0
11-12-2005,85.4,3645.0,81.8,2703.0,74.16,845.0,0.0,3.0
12-12-2005,85.4,3645.0,81.95,2740.0,75.17,438.0,0.0,4.0
13-12-2005,85.4,3645.0,82.35,2843.0,78.0,1990.0,0.0,38.0
14-12-2005,85.4,3645.0,82.85,2973.0,81.56,4500.0,4000.0,2.0
15-12-2005,85.4,3645.0,82.9,2986.0,81.92,3500.0,2000.0,0.0
16-12-2005,85.4,3645.0,83.1,3040.0,83.4,2000.0,1500.0,0.0
17-12-2005,85.4,3645.0,83.15,3053.0,83.76,1000.0,1000.0,0.0
18-12-2005,85.4,3645.0,83.1,3040.0,83.4,1555.0,1000.0,22.0
19-12-2005,85.4,3645.0,82.45,2866.0,78.63,1600.0,5000.0,30.0
20-12-2005,85.4,3645.0,82.2,2804.0,76.93,700.0,700.0,8.0
21-12-2005,85.4,3645.0,82.4,2855.0,78.33,590.0,0.0,2.0
22-12-2005,85.4,3645.0,82.6,2908.0,79.78,613.0,0.0,0.0
23-12-2005,85.4,3645.0,82.75,2947.0,80.85,451.0,0.0,0.0
24-12-2005,85.4,3645.0,82.8,2960.0,81.21,225.0,0.0,0.0
25-12-2005,85.4,3645.0,82.85,2973.0,81.56,150.0,0.0,0.0
26-12-2005,85.4,3645.0,82.9,2986.0,81.92,150.0,0.0,0.0
27-12-2005,85.4,3645.0,82.9,2986.0,81.92,50.0,0.0,0.0
28-12-2005,85.4,3645.0,82.9,2986.0,81.92,50.0,0.0,0.0
29-12-2005,85.4,3645.0,82.9,2986.0,81.92,50.0,0.0,0.0
30-12-2005,85.4,3645.0,82.9,2986.0,81.92,50.0,0.0,0.0
31-12-2005,85.4,3645.0,82.9,2986.0,81.92,50.0,0.0,0.0
01-01-2006,85.4,3645.0,82.9,2986.0,81.92,50.0,0.0,0.0
02-01-2006,85.4,3645.0,82.9,2986.0,81.92,50.0,0.0,0.0
03-01-2006,85.4,3645.0,82.9,2986.0,81.92,0.0,0.0,0.0
04-01-2006,85.4,3645.0,82.85,2973.0,81.56,0.0,0.0,0.0
05-01-2006,85.4,3645.0,82.85,2973.0,81.56,0.0,0.0,0.0
06-01-2006,85.4,3645.0,82.85,2973.0,81.56,0.0,0.0,0.0
07-01-2006,85.4,3645.0,82.85,2973.0,81.56,0.0,0.0,0.0
08-01-2006,85.4,3645.0,82.85,2973.0,81.56,0.0,0.0,0.0
09-01-2006,85.4,3645.0,82.85,2973.0,81.56,0.0,0.0,0.0
10-01-2006,85.4,3645.0,82.85,2973.0,81.56,0.0,0.0,0.0
11-01-2006,85.4,3645.0,82.85,2973.0,81.56,0.0,0.0,0.0
12-01-2006,85.4,3645.0,82.8,2960.0,81.21,0.0,0.0,0.0
13-01-2006,85.4,3645.0,82.8,2960.0,81.21,0.0,0.0,0.0
14-01-2006,85.4,3645.0,82.8,2960.0,81.21,0.0,0.0,0.0
15-01-2006,85.4,3645.0,82.8,2960.0,81.21,0.0,0.0,0.0
16-01-2006,85.4,3645.0,82.8,2960.0,81.21,0.0,0.0,0.0
17-01-2006,85.4,3645.0,82.8,2960.0,81.21,0.0,0.0,0.0
18-01-2006,85.4,3645.0,82.75,2947.0,80.85,0.0,0.0,0.0
19-01-2006,85.4,3645.0,82.75,2947.0,80.85,0.0,0.0,0.0
20-01-2006,85.4,3645.0,82.75,2947.0,80.85,0.0,0.0,0.0
21-01-2006,85.4,3645.0,82.75,2947.0,80.85,0.0,0.0,0.0
22-01-2006,85.4,3645.0,82.7,2934.0,80.49,0.0,0.0,0.0
23-01-2006,85.4,3645.0,82.7,2934.0,80.49,0.0,0.0,0.0
24-01-2006,85.4,3645.0,82.7,2934.0,80.49,0.0,0.0,0.0
25-01-2006,85.4,3645.0,82.65,2921.0,80.14,0.0,0.0,0.0
26-01-2006,85.4,3645.0,82.65,2921.0,80.14,0.0,0.0,0.0
27-01-2006,85.4,3645.0,82.6,2908.0,79.78,0.0,0.0,0.0
28-01-2006,85.4,3645.0,82.55,2895.0,79.42,0.0,10.0,0.0
29-01-2006,85.4,3645.0,82.5,2882.0,79.07,0.0,10.0,0.0
30-01-2006,85.4,3645.0,82.45,2866.0,78.63,0.0,10.0,0.0
31-01-2006,85.4,3645.0,82.4,2855.0,78.33,0.0,10.0,0.0
01-02-2006,85.4,3645.0,82.35,2843.0,78.0,0.0,10.0,0.0
02-02-2006,85.4,3645.0,82.3,2830.0,77.64,0.0,10.0,0.0
03-02-2006,85.4,3645.0,82.25,2817.0,77.28,0.0,10.0,0.0
04-02-2006,85.4,3645.0,82.2,2804.0,76.93,0.0,10.0,0.0
05-02-2006,85.4,3645.0,82.15,2792.0,76.6,0.0,10.0,0.0
06-02-2006,85.4,3645.0,82.1,2779.0,76.24,0.0,10.0,0.0
07-02-2006,85.4,3645.0,82.1,2779.0,76.24,0.0,10.0,0.0
08-02-2006,85.4,3645.0,82.1,2779.0,76.24,0.0,10.0,0.0
09-02-2006,85.4,3645.0,82.1,2779.0,76.24,0.0,10.0,0.0
10-02-2006,85.4,3645.0,82.05,2766.0,75.88,0.0,10.0,0.0
11-02-2006,85.4,3645.0,82.02,2759.0,75.69,0.0,10.0,0.0
12-02-2006,85.4,3645.0,82.0,2753.0,75.53,0.0,35.0,0.0
13-02-2006,85.4,3645.0,81.97,2746.0,75.34,0.0,35.0,0.0
14-02-2006,85.4,3645.0,81.95,2740.0,75.17,0.0,35.0,0.0
15-02-2006,85.4,3645.0,81.92,2734.0,75.01,0.0,35.0,0.0
16-02-2006,85.4,3645.0,81.9,2728.0,74.84,0.0,35.0,0.0
17-02-2006,85.4,3645.0,81.87,2721.0,74.65,0.0,35.0,0.0
18-02-2006,85.4,3645.0,81.85,2715.0,74.49,0.0,35.0,0.0
19-02-2006,85.4,3645.0,81.82,2708.0,74.29,0.0,45.0,0.0
20-02-2006,85.4,3645.0,81.8,2703.0,74.16,0.0,45.0,0.0
21-02-2006,85.4,3645.0,81.77,2696.0,73.96,0.0,45.0,0.0
22-02-2006,85.4,3645.0,81.75,2690.0,73.8,0.0,45.0,0.0
23-02-2006,85.4,3645.0,81.72,2683.0,73.61,0.0,45.0,0.0
24-02-2006,85.4,3645.0,81.69,2676.0,73.42,0.0,45.0,0.0
25-02-2006,85.4,3645.0,81.66,2669.0,73.22,0.0,45.0,0.0
26-02-2006,85.4,3645.0,81.63,2661.0,73.0,0.0,45.0,0.0
27-02-2006,85.4,3645.0,81.6,2653.0,72.78,0.0,45.0,0.0
28-02-2006,85.4,3645.0,81.57,2645.0,72.57,0.0,45.0,0.0
01-03-2006,85.4,3645.0,81.54,2637.0,72.35,0.0,45.0,0.0
02-03-2006,85.4,3645.0,81.5,2628.0,72.1,0.0,45.0,0.0
03-03-2006,85.4,3645.0,81.47,2620.0,71.88,0.0,45.0,2.0
04-03-2006,85.4,3645.0,81.44,2612.0,71.66,0.0,45.0,2.0
05-03-2006,85.4,3645.0,81.4,2603.0,71.41,0.0,45.0,0.0
06-03-2006,85.4,3645.0,81.38,2598.0,71.28,0.0,25.0,0.0
07-03-2006,85.4,3645.0,81.36,2593.0,71.14,0.0,25.0,0.0
08-03-2006,85.4,3645.0,81.34,2588.0,71.0,0.0,25.0,0.0
09-03-2006,85.4,3645.0,81.32,2583.0,70.86,0.0,25.0,0.0
10-03-2006,85.4,3645.0,81.3,2579.0,70.75,0.0,25.0,0.0
11-03-2006,85.4,3645.0,81.28,2574.0,70.62,0.0,25.0,0.0
12-03-2006,85.4,3645.0,81.25,2567.0,70.43,0.0,25.0,2.0
13-03-2006,85.4,3645.0,81.23,2562.0,70.29,0.0,25.0,0.0
14-03-2006,85.4,3645.0,81.21,2556.0,70.12,0.0,25.0,0.0
15-03-2006,85.4,3645.0,81.18,2549.0,69.93,0.0,25.0,0.0
16-03-2006,85.4,3645.0,81.15,2542.0,69.74,0.0,25.0,0.0
17-03-2006,85.4,3645.0,81.12,2535.0,69.55,0.0,25.0,0.0
18-03-2006,85.4,3645.0,81.09,2528.0,69.36,0.0,25.0,0.0
19-03-2006,85.4,3645.0,81.06,2520.0,69.14,0.0,25.0,0.0
20-03-2006,85.4,3645.0,81.03,2513.0,68.94,0.0,25.0,0.0
21-03-2006,85.4,3645.0,81.0,2506.0,68.75,0.0,25.0,0.0
22-03-2006,85.4,3645.0,80.97,2499.0,68.56,0.0,25.0,0.0
23-03-2006,85.4,3645.0,80.94,2492.0,68.37,0.0,25.0,0.0
24-03-2006,85.4,3645.0,80.91,2484.0,68.15,0.0,25.0,0.0
25-03-2006,85.4,3645.0,80.88,2477.0,67.96,0.0,25.0,0.0
26-03-2006,85.4,3645.0,80.85,2470.0,67.76,0.0,25.0,0.0
27-03-2006,85.4,3645.0,80.82,2463.0,67.57,0.0,35.0,0.0
28-03-2006,85.4,3645.0,80.79,2455.0,67.35,0.0,35.0,0.0
29-03-2006,85.4,3645.0,80.75,2446.0,67.11,0.0,35.0,0.0
30-03-2006,85.4,3645.0,80.71,2437.0,66.86,0.0,35.0,0.0
31-03-2006,85.4,3645.0,80.67,2428.0,66.61,0.0,35.0,0.0
01-04-2006,85.4,3645.0,80.63,2419.0,66.36,0.0,35.0,0.0
02-04-2006,85.4,3645.0,80.6,2410.0,66.12,0.0,35.0,0.0
03-04-2006,85.4,3645.0,80.56,2401.0,65.87,0.0,35.0,0.0
04-04-2006,85.4,3645.0,80.52,2392.0,65.62,0.0,35.0,0.0
05-04-2006,85.4,3645.0,80.48,2383.0,65.38,0.0,35.0,0.0
06-04-2006,85.4,3645.0,80.45,2375.0,65.16,0.0,35.0,0.0
07-04-2006,85.4,3645.0,80.41,2366.0,64.91,0.0,35.0,0.0
08-04-2006,85.4,3645.0,80.37,2357.0,64.66,0.0,35.0,0.0
09-04-2006,85.4,3645.0,80.33,2348.0,64.42,0.0,35.0,0.0
10-04-2006,85.4,3645.0,80.3,2340.0,64.2,0.0,35.0,0.0
11-04-2006,85.4,3645.0,80.26,2331.0,63.95,0.0,35.0,0.0
12-04-2006,85.4,3645.0,80.22,2322.0,63.7,0.0,35.0,0.0
13-04-2006,85.4,3645.0,80.18,2313.0,63.46,0.0,35.0,0.0
14-04-2006,85.4,3645.0,80.14,2304.0,63.21,0.0,35.0,0.0
15-04-2006,85.4,3645.0,80.1,2294.0,62.94,0.0,35.0,0.0
16-04-2006,85.4,3645.0,80.06,2285.0,62.69,0.0,35.0,0.0
17-04-2006,85.4,3645.0,80.02,2276.0,62.44,0.0,35.0,0.0
18-04-2006,85.4,3645.0,80.06,2285.0,62.69,139.0,35.0,61.0
19-04-2006,85.4,3645.0,80.02,2276.0,62.44,0.0,35.0,0.0
20-04-2006,85.4,3645.0,79.98,2267.0,62.19,0.0,35.0,0.0
21-04-2006,85.4,3645.0,79.95,2259.0,61.98,0.0,35.0,0.0
22-04-2006,85.4,3645.0,79.91,2250.0,61.73,0.0,35.0,0.0
23-04-2006,85.4,3645.0,79.87,2241.0,61.48,0.0,35.0,0.0
24-04-2006,85.4,3645.0,79.83,2232.0,61.23,0.0,35.0,0.0
25-04-2006,85.4,3645.0,79.79,2223.0,60.99,0.0,35.0,0.0
26-04-2006,85.4,3645.0,79.75,2213.0,60.71,0.0,35.0,0.0
27-04-2006,85.4,3645.0,79.71,2204.0,60.47,0.0,35.0,0.0
28-04-2006,85.4,3645.0,79.67,2195.0,60.22,0.0,35.0,0.0
29-04-2006,85.4,3645.0,79.63,2186.0,59.97,0.0,35.0,0.0
30-04-2006,85.4,3645.0,79.59,2177.0,59.73,0.0,35.0,0.0
01-05-2006,85.4,3645.0,79.55,2168.0,59.48,0.0,35.0,0.0
02-05-2006,85.4,3645.0,79.51,2159.0,59.23,0.0,35.0,0.0
03-05-2006,85.4,3645.0,79.47,2150.0,58.98,0.0,35.0,0.0
04-05-2006,85.4,3645.0,79.43,2141.0,58.74,0.0,35.0,0.0
05-05-2006,85.4,3645.0,79.39,2132.0,58.49,0.0,35.0,0.0
06-05-2006,85.4,3645.0,79.35,2124.0,58.27,0.0,35.0,0.0
07-05-2006,85.4,3645.0,79.31,2115.0,58.02,0.0,35.0,0.0
08-05-2006,85.4,3645.0,79.27,2106.0,57.78,0.0,35.0,0.0
09-05-2006,85.4,3645.0,79.23,2097.0,57.53,0.0,35.0,0.0
10-05-2006,85.4,3645.0,79.19,2088.0,57.28,0.0,35.0,0.0
11-05-2006,85.4,3645.0,79.15,2080.0,57.06,0.0,35.0,0.0
12-05-2006,85.4,3645.0,79.11,2071.0,56.82,0.0,35.0,0.0
13-05-2006,85.4,3645.0,79.07,2062.0,56.57,0.0,35.0,0.0
14-05-2006,85.4,3645.0,79.03,2053.0,56.32,0.0,35.0,0.0
15-05-2006,85.4,3645.0,79.0,2047.0,56.16,0.0,25.0,0.0
16-05-2006,85.4,3645.0,78.97,2040.0,55.97,0.0,25.0,0.0
17-05-2006,85.4,3645.0,78.94,2033.0,55.78,0.0,25.0,0.0
18-05-2006,85.4,3645.0,78.9,2025.0,55.56,0.0,25.0,0.0
19-05-2006,85.4,3645.0,78.87,2019.0,55.39,0.0,25.0,0.0
20-05-2006,85.4,3645.0,78.83,2011.0,55.17,0.0,25.0,0.0
21-05-2006,85.4,3645.0,78.8,2004.0,54.98,0.0,25.0,0.0
22-05-2006,85.4,3645.0,78.76,1998.0,54.81,0.0,25.0,0.0
23-05-2006,85.4,3645.0,78.72,1989.0,54.57,0.0,40.0,0.0
24-05-2006,85.4,3645.0,78.68,1980.0,54.32,0.0,40.0,0.0
25-05-2006,85.4,3645.0,78.64,1971.0,54.07,0.0,40.0,2.0
26-05-2006,85.4,3645.0,78.64,1971.0,54.07,40.0,40.0,31.0
27-05-2006,85.4,3645.0,78.67,1977.0,54.24,69.0,0.0,31.0
28-05-2006,85.4,3645.0,78.64,1971.0,54.07,0.0,0.0,0.0
29-05-2006,85.4,3645.0,78.61,1964.0,53.88,0.0,0.0,0.0
30-05-2006,85.4,3645.0,78.5,1955.0,53.64,0.0,0.0,0.0
31-05-2006,85.4,3645.0,78.53,1946.0,53.39,0.0,0.0,0.0
01-06-2006,85.4,3645.0,78.49,1938.0,53.17,0.0,0.0,0.0
02-06-2006,85.4,3645.0,78.45,1930.0,52.95,0.0,0.0,0.0
03-06-2006,85.4,3645.0,78.41,1922.0,52.73,0.0,0.0,0.0
04-06-2006,85.4,3645.0,78.54,1948.0,53.44,341.0,0.0,44.0
05-06-2006,85.4,3645.0,78.54,1948.0,53.44,0.0,0.0,0.0
06-06-2006,85.4,3645.0,78.5,1941.0,53.25,0.0,40.0,0.0
07-06-2006,85.4,3645.0,78.46,1933.0,53.03,0.0,40.0,8.0
08-06-2006,85.4,3645.0,78.42,1924.0,52.78,0.0,40.0,0.0
09-06-2006,85.4,3645.0,78.38,1916.0,52.57,0.0,40.0,0.0
10-06-2006,85.4,3645.0,78.34,1908.0,52.35,0.0,40.0,0.0
11-06-2006,85.4,3645.0,78.3,1900.0,52.13,0.0,40.0,0.0
12-06-2006,85.4,3645.0,78.26,1892.0,51.91,0.0,40.0,0.0
13-06-2006,85.4,3645.0,78.22,1884.0,51.69,0.0,40.0,0.0
14-06-2006,85.4,3645.0,78.18,1876.0,51.47,0.0,40.0,0.0
15-06-2006,85.4,3645.0,78.15,1869.0,51.28,0.0,40.0,0.0
16-06-2006,85.4,3645.0,78.1,1859.0,51.0,0.0,65.0,0.0
17-06-2006,85.4,3645.0,78.1,1859.0,51.0,65.0,65.0,45.0
18-06-2006,85.4,3645.0,78.05,1849.0,50.73,0.0,65.0,0.0
19-06-2006,85.4,3645.0,78.0,1838.0,50.43,0.0,65.0,0.0
20-06-2006,85.4,3645.0,77.95,1828.0,50.15,0.0,65.0,0.0
21-06-2006,85.4,3645.0,77.9,1818.0,49.88,0.0,65.0,0.0
22-06-2006,85.4,3645.0,77.85,1808.0,49.6,0.0,65.0,0.0
23-06-2006,85.4,3645.0,77.8,1798.0,49.33,0.0,65.0,20.0
24-06-2006,85.4,3645.0,77.75,1788.0,49.05,0.0,65.0,0.0
25-06-2006,85.4,3645.0,77.7,1778.0,48.78,0.0,65.0,0.0
26-06-2006,85.4,3645.0,77.65,1769.0,48.53,0.0,65.0,0.0
27-06-2006,85.4,3645.0,77.6,1759.0,48.26,0.0,65.0,5.0
28-06-2006,85.4,3645.0,77.55,1749.0,47.98,0.0,65.0,0.0
29-06-2006,85.4,3645.0,77.5,1739.0,47.71,0.0,65.0,0.0
30-06-2006,85.4,3645.0,77.45,1729.0,47.43,0.0,65.0,0.0
01-07-2006,85.4,3645.0,77.4,1719.0,47.16,0.0,65.0,0.0
02-07-2006,85.4,3645.0,77.35,1710.0,46.91,0.0,65.0,0.0
03-07-2006,85.4,3645.0,77.3,1700.0,46.64,0.0,65.0,0.0
04-07-2006,85.4,3645.0,77.25,1691.0,46.39,0.0,65.0,0.0
05-07-2006,85.4,3645.0,77.2,1681.0,46.12,0.0,65.0,0.0
06-07-2006,85.4,3645.0,77.15,1672.0,45.87,0.0,65.0,0.0
07-07-2006,85.4,3645.0,77.1,1662.0,45.6,0.0,65.0,0.0
08-07-2006,85.4,3645.0,77.09,1653.0,45.35,0.0,65.0,0.0
09-07-2006,85.4,3645.0,77.0,1643.0,45.08,0.0,65.0,0.0
10-07-2006,85.4,3645.0,76.95,1634.0,44.83,0.0,65.0,0.0
11-07-2006,85.4,3645.0,76.9,1624.0,44.55,0.0,65.0,0.0
12-07-2006,85.4,3645.0,76.85,1615.0,44.31,0.0,65.0,4.0
13-07-2006,85.4,3645.0,76.95,1634.0,44.83,285.0,65.0,70.0
14-07-2006,85.4,3645.0,76.95,1634.0,44.83,0.0,0.0,0.0
15-07-2006,85.4,3645.0,76.9,1624.0,44.55,0.0,0.0,0.0
16-07-2006,85.4,3645.0,76.85,1615.0,44.31,0.0,65.0,0.0
17-07-2006,85.4,3645.0,76.8,1605.0,44.03,0.0,65.0,0.0
18-07-2006,85.4,3645.0,76.75,1596.0,43.79,0.0,65.0,0.0
19-07-2006,85.4,3645.0,76.7,1587.0,43.54,0.0,65.0,0.0
20-07-2006,85.4,3645.0,76.7,1578.0,43.29,0.0,65.0,2.0
21-07-2006,85.4,3645.0,76.65,1578.0,43.29,65.0,65.0,20.0
22-07-2006,85.4,3645.0,76.6,1568.0,43.02,0.0,65.0,0.0
23-07-2006,85.4,3645.0,76.55,1559.0,42.77,0.0,65.0,0.0
24-07-2006,85.4,3645.0,76.5,1550.0,42.52,0.0,65.0,0.0
25-07-2006,85.4,3645.0,76.45,1540.0,42.25,0.0,65.0,0.0
26-07-2006,85.4,3645.0,76.4,1531.0,42.0,0.0,65.0,0.0
27-07-2006,85.4,3645.0,76.35,1522.0,41.76,0.0,65.0,5.0
28-07-2006,85.4,3645.0,76.35,1522.0,41.76,65.0,65.0,17.0
29-07-2006,85.4,3645.0,76.3,1513.0,41.51,0.0,65.0,0.0
30-07-2006,85.4,3645.0,76.2,1504.0,41.26,0.0,65.0,0.0
31-07-2006,85.4,3645.0,76.2,1495.0,41.02,0.0,65.0,0.0
01-08-2006,85.4,3645.0,76.15,1486.0,40.77,0.0,65.0,0.0
02-08-2006,85.4,3645.0,76.1,1477.0,40.52,0.0,65.0,0.0
03-08-2006,85.4,3645.0,76.05,1468.0,40.27,0.0,65.0,0.0
04-08-2006,85.4,3645.0,76.0,1459.0,40.03,0.0,65.0,2.0
05-08-2006,85.4,3645.0,75.95,1450.0,39.78,0.0,65.0,0.0
06-08-2006,85.4,3645.0,75.9,1441.0,39.53,0.0,65.0,0.0
07-08-2006,85.4,3645.0,75.85,1432.0,39.29,0.0,65.0,0.0
08-08-2006,85.4,3645.0,75.8,1424.0,39.07,0.0,65.0,0.0
09-08-2006,85.4,3645.0,75.75,1414.0,38.79,0.0,65.0,2.0
10-08-2006,85.4,3645.0,75.7,1406.0,38.57,0.0,65.0,12.0
11-08-2006,85.4,3645.0,75.65,1397.0,38.33,0.0,65.0,0.0
12-08-2006,85.4,3645.0,75.6,1388.0,38.08,0.0,65.0,0.0
13-08-2006,85.4,3645.0,75.55,1379.0,37.83,0.0,65.0,0.0
14-08-2006,85.4,3645.0,75.52,1374.0,37.7,0.0,0.0,15.0
15-08-2006,85.4,3645.0,75.57,1384.0,37.97,116.0,0.0,12.0
16-08-2006,85.4,3645.0,75.57,1384.0,37.97,35.0,0.0,8.0
17-08-2006,85.4,3645.0,75.6,1388.0,38.08,81.0,0.0,11.0
18-08-2006,85.4,3645.0,75.6,1388.0,38.08,30.0,0.0,0.0
19-08-2006,85.4,3645.0,75.57,1384.0,37.97,0.0,0.0,0.0
20-08-2006,85.4,3645.0,75.57,1384.0,37.97,0.0,0.0,0.0
21-08-2006,85.4,3645.0,75.52,1374.0,37.7,0.0,0.0,0.0
22-08-2006,85.4,3645.0,75.5,1371.0,37.61,0.0,0.0,0.0
23-08-2006,85.4,3645.0,75.47,1366.0,37.48,0.0,0.0,0.0
24-08-2006,85.4,3645.0,75.45,1361.0,37.34,0.0,0.0,0.0
25-08-2006,85.4,3645.0,75.42,1356.0,37.2,0.0,0.0,0.0
26-08-2006,85.4,3645.0,75.4,1353.0,37.12,0.0,0.0,0.0
27-08-2006,85.4,3645.0,75.5,1370.0,37.59,196.0,0.0,0.0
28-08-2006,85.4,3645.0,75.47,1366.0,37.48,0.0,0.0,0.0
29-08-2006,85.4,3645.0,75.45,1361.0,37.34,0.0,0.0,0.0
30-08-2006,85.4,3645.0,75.42,1356.0,37.2,0.0,0.0,0.0
31-08-2006,85.4,3645.0,75.4,1353.0,37.12,0.0,0.0,0.0
01-09-2006,85.4,3645.0,75.38,1349.0,37.01,0.0,0.0,0.0
02-09-2006,85.4,3645.0,75.36,1345.0,36.9,0.0,0.0,0.0
03-09-2006,85.4,3645.0,75.34,1342.0,36.82,0.0,0.0,8.0
04-09-2006,85.4,3645.0,75.45,1361.0,37.34,220.0,0.0,45.0
05-09-2006,85.4,3645.0,75.43,1358.0,37.26,0.0,0.0,0.0
06-09-2006,85.4,3645.0,75.41,1354.0,37.15,0.0,0.0,0.0
07-09-2006,85.4,3645.0,75.38,1350.0,37.04,0.0,0.0,0.0
08-09-2006,85.4,3645.0,75.36,1346.0,36.93,0.0,0.0,0.0
09-09-2006,85.4,3645.0,75.33,1340.0,36.76,0.0,0.0,20.0
10-09-2006,85.4,3645.0,75.3,1336.0,36.65,0.0,20.0,6.0
11-09-2006,85.4,3645.0,75.27,1331.0,36.52,0.0,20.0,0.0
12-09-2006,85.4,3645.0,75.25,1327.0,36.41,0.0,20.0,0.0
13-09-2006,85.4,3645.0,75.22,1322.0,36.27,0.0,20.0,0.0
14-09-2006,85.4,3645.0,75.19,1317.0,36.13,0.0,20.0,0.0
15-09-2006,85.4,3645.0,75.19,1317.0,36.13,57.0,20.0,24.0
16-09-2006,85.4,3645.0,75.16,1312.0,35.99,0.0,20.0,0.0
17-09-2006,85.4,3645.0,75.13,1307.0,35.86,0.0,20.0,0.0
18-09-2006,85.4,3645.0,75.1,1302.0,35.72,0.0,20.0,0.0
19-09-2006,85.4,3645.0,75.07,1297.0,35.58,0.0,20.0,0.0
20-09-2006,85.4,3645.0,75.05,1293.0,35.47,0.0,20.0,2.0
21-09-2006,85.4,3645.0,75.03,1289.0,35.36,0.0,20.0,5.0
22-09-2006,85.4,3645.0,75.0,1284.0,35.23,0.0,20.0,0.0
23-09-2006,85.4,3645.0,74.97,1279.0,35.09,0.0,20.0,0.0
24-09-2006,85.4,3645.0,74.95,1276.0,35.01,0.0,20.0,0.0
25-09-2006,85.4,3645.0,75.1,1302.0,35.72,321.0,0.0,48.0
26-09-2006,85.4,3645.0,75.15,1310.0,35.94,93.0,0.0,7.0
27-09-2006,85.4,3645.0,75.13,1307.0,35.86,0.0,0.0,0.0
28-09-2006,85.4,3645.0,75.11,1303.0,35.75,0.0,0.0,0.0
29-09-2006,85.4,3645.0,75.09,1300.0,35.67,0.0,0.0,0.0
30-09-2006,85.4,3645.0,75.07,1297.0,35.58,0.0,0.0,0.0
01-10-2006,85.4,3645.0,75.05,1293.0,35.47,0.0,0.0,0.0
02-10-2006,85.4,3645.0,75.03,1289.0,35.36,0.0,0.0,0.0
03-10-2006,85.4,3645.0,75.19,1317.0,36.13,324.0,0.0,49.0
04-10-2006,85.4,3645.0,75.17,1314.0,36.05,0.0,0.0,0.0
05-10-2006,85.4,3645.0,75.35,1344.0,36.87,347.0,0.0,57.0
06-10-2006,85.4,3645.0,75.45,1361.0,37.34,197.0,0.0,9.0
07-10-2006,85.4,3645.0,75.45,1361.0,37.34,23.0,0.0,9.0
08-10-2006,85.4,3645.0,75.43,1358.0,37.26,0.0,0.0,0.0
09-10-2006,85.4,3645.0,75.4,1353.0,37.12,0.0,0.0,0.0
10-10-2006,85.4,3645.0,75.38,1349.0,37.01,0.0,0.0,0.0
11-10-2006,85.4,3645.0,75.35,1344.0,36.87,0.0,0.0,0.0
12-10-2006,85.4,3645.0,75.33,1341.0,36.79,0.0,0.0,0.0
13-10-2006,85.4,3645.0,75.3,1336.0,36.65,0.0,0.0,0.0
14-10-2006,85.4,3645.0,75.28,1332.0,36.54,0.0,0.0,0.0
15-10-2006,85.4,3645.0,75.25,1327.0,36.41,0.0,10.0,0.0
16-10-2006,85.4,3645.0,75.22,1322.0,36.27,0.0,10.0,0.0
17-10-2006,85.4,3645.0,75.19,1317.0,36.13,0.0,10.0,0.0
18-10-2006,85.4,3645.0,75.19,1317.0,36.13,59.0,10.0,22.0
19-10-2006,85.4,3645.0,75.25,1327.0,36.41,126.0,10.0,26.0
20-10-2006,85.4,3645.0,75.25,1327.0,36.41,0.0,0.0,4.0
21-10-2006,85.4,3645.0,75.23,1324.0,36.32,0.0,0.0,0.0
22-10-2006,85.4,3645.0,75.21,1321.0,36.24,0.0,0.0,0.0
23-10-2006,85.4,3645.0,75.19,1317.0,36.13,0.0,0.0,0.0
24-10-2006,85.4,3645.0,75.45,1361.0,37.34,0.0,0.0,32.0
25-10-2006,85.4,3645.0,75.55,1379.0,37.83,208.0,0.0,11.0
26-10-2006,85.4,3645.0,76.0,1459.0,40.03,926.0,0.0,94.0
27-10-2006,85.4,3645.0,76.4,1531.0,42.0,833.0,0.0,48.0
28-10-2006,85.4,3645.0,77.5,1739.0,47.71,2407.0,0.0,97.0
29-10-2006,85.4,3645.0,78.4,1920.0,52.67,2094.0,0.0,87.0
30-10-2006,85.4,3645.0,79.05,2058.0,56.46,1597.0,0.0,62.0
31-10-2006,85.4,3645.0,79.15,2080.0,57.06,255.0,0.0,0.0
01-11-2006,85.4,3645.0,79.3,2113.0,57.97,382.0,0.0,2.0
02-11-2006,85.4,3645.0,79.4,2135.0,58.57,255.0,0.0,2.0
03-11-2006,85.4,3645.0,79.45,2146.0,58.88,127.0,0.0,3.0
04-11-2006,85.4,3645.0,79.55,2168.0,59.48,255.0,0.0,33.0
05-11-2006,85.4,3645.0,79.55,2168.0,59.48,0.0,0.0,0.0
06-11-2006,85.4,3645.0,79.55,2168.0,59.48,0.0,0.0,2.0
07-11-2006,85.4,3645.0,79.6,2180.0,59.81,139.0,0.0,2.0
08-11-2006,85.4,3645.0,79.8,2225.0,61.04,521.0,0.0,59.0
09-11-2006,85.4,3645.0,79.85,2236.0,61.34,127.0,0.0,1.0
10-11-2006,85.4,3645.0,79.9,2247.0,61.65,127.0,0.0,0.0
11-11-2006,85.4,3645.0,79.9,2247.0,61.65,0.0,0.0,3.0
12-11-2006,85.4,3645.0,79.9,2247.0,61.65,0.0,0.0,2.0
13-11-2006,85.4,3645.0,79.95,2259.0,61.98,139.0,0.0,17.0
14-11-2006,85.4,3645.0,80.0,2270.0,62.28,127.0,0.0,8.0
15-11-2006,85.4,3645.0,80.05,2282.0,62.61,139.0,0.0,4.0
16-11-2006,85.4,3645.0,80.15,2305.0,63.24,266.0,0.0,24.0
17-11-2006,85.4,3645.0,80.16,2305.0,63.24,0.0,0.0,2.0
18-11-2006,85.4,3645.0,80.2,2317.0,63.57,139.0,0.0,12.0
19-11-2006,85.4,3645.0,80.75,2446.0,67.11,1493.0,0.0,61.0
20-11-2006,85.4,3645.0,81.05,2518.0,69.08,833.0,0.0,14.0
21-11-2006,85.4,3645.0,81.1,2530.0,69.41,139.0,0.0,0.0
22-11-2006,85.4,3645.0,81.15,2542.0,69.74,139.0,0.0,0.0
23-11-2006,85.4,3645.0,81.15,2542.0,69.74,0.0,0.0,0.0
24-11-2006,85.4,3645.0,81.15,2542.0,69.74,0.0,0.0,0.0
25-11-2006,85.4,3645.0,81.15,2542.0,69.74,0.0,0.0,0.0
26-11-2006,85.4,3645.0,81.15,2542.0,69.74,0.0,0.0,0.0
27-11-2006,85.4,3645.0,81.13,2537.0,69.6,0.0,0.0,0.0
28-11-2006,85.4,3645.0,81.11,2532.0,69.47,0.0,0.0,0.0
29-11-2006,85.4,3645.0,81.08,2526.0,69.3,0.0,0.0,0.0
30-11-2006,85.4,3645.0,81.06,2520.0,69.14,0.0,0.0,0.0
01-12-2006,85.4,3645.0,81.03,2512.0,68.92,0.0,0.0,0.0
02-12-2006,85.4,3645.0,81.0,2506.0,68.75,0.0,0.0,0.0
03-12-2006,85.4,3645.0,80.98,2501.0,68.61,0.0,0.0,0.0
04-12-2006,85.4,3645.0,80.95,2494.0,68.42,0.0,0.0,0.0
05-12-2006,85.4,3645.0,80.93,2489.0,68.29,0.0,0.0,0.0
06-12-2006,85.4,3645.0,80.9,2481.0,68.07,0.0,0.0,0.0
07-12-2006,85.4,3645.0,80.87,2474.0,67.87,0.0,0.0,0.0
08-12-2006,85.4,3645.0,80.84,2467.0,67.68,0.0,0.0,0.0
09-12-2006,85.4,3645.0,80.81,2460.0,67.49,0.0,0.0,0.0
10-12-2006,85.4,3645.0,80.78,2453.0,67.3,0.0,0.0,0.0
11-12-2006,85.4,3645.0,80.75,2446.0,67.11,0.0,0.0,6.0
12-12-2006,85.4,3645.0,80.8,2458.0,67.43,139.0,0.0,24.0
13-12-2006,85.4,3645.0,80.9,2481.0,68.07,268.0,0.0,2.0
14-12-2006,85.4,3645.0,80.87,2474.0,67.87,0.0,0.0,0.0
15-12-2006,85.4,3645.0,80.84,2467.0,67.68,0.0,0.0,0.0
16-12-2006,85.4,3645.0,80.81,2460.0,67.49,0.0,0.0,0.0
17-12-2006,85.4,3645.0,80.78,2453.0,67.3,0.0,0.0,0.0
18-12-2006,85.4,3645.0,80.75,2446.0,67.11,0.0,0.0,0.0
19-12-2006,85.4,3645.0,80.73,2441.0,66.97,0.0,0.0,0.0
20-12-2006,85.4,3645.0,80.7,2434.0,66.78,0.0,0.0,0.0
21-12-2006,85.4,3645.0,80.68,2429.0,66.64,0.0,0.0,0.0
22-12-2006,85.4,3645.0,80.65,2422.0,66.45,0.0,0.0,0.0
23-12-2006,85.4,3645.0,80.62,2415.0,66.26,0.0,0.0,0.0
24-12-2006,85.4,3645.0,80.59,2408.0,66.06,0.0,0.0,0.0
25-12-2006,85.4,3645.0,80.56,2401.0,65.87,0.0,0.0,0.0
26-12-2006,85.4,3645.0,80.53,2394.0,65.68,0.0,0.0,0.0
27-12-2006,85.4,3645.0,80.5,2387.0,65.49,0.0,0.0,0.0
28-12-2006,85.4,3645.0,80.47,2380.0,65.29,0.0,0.0,0.0
29-12-2006,85.4,3645.0,80.44,2373.0,65.1,0.0,0.0,0.0
30-12-2006,85.4,3645.0,80.41,2366.0,64.91,0.0,0.0,0.0
31-12-2006,85.4,3645.0,80.38,2358.0,64.69,0.0,0.0,0.0
01-01-2007,85.4,3645.0,80.35,2351.0,64.5,0.0,0.0,0.0
02-01-2007,85.4,3645.0,80.32,2344.0,64.31,0.0,0.0,0.0
03-01-2007,85.4,3645.0,80.29,2337.0,64.12,0.0,0.0,0.0
04-01-2007,85.4,3645.0,80.26,2330.0,63.92,0.0,0.0,0.0
05-01-2007,85.4,3645.0,80.23,2323.0,63.73,0.0,0.0,0.0
06-01-2007,85.4,3645.0,80.2,2317.0,63.57,0.0,0.0,0.0
07-01-2007,85.4,3645.0,80.17,2310.0,63.37,0.0,0.0,0.0
08-01-2007,85.4,3645.0,80.18,2313.0,63.46,120.0,81.0,0.0
09-01-2007,85.4,3645.0,80.2,2317.0,63.57,120.0,81.0,0.0
10-01-2007,85.4,3645.0,80.24,2326.0,63.81,174.0,69.0,0.0
11-01-2007,85.4,3645.0,80.28,2335.0,64.06,162.0,58.0,0.0
12-01-2007,85.4,3645.0,80.32,2343.0,64.28,162.0,69.0,0.0
13-01-2007,85.4,3645.0,80.32,2343.0,64.28,69.0,69.0,0.0
14-01-2007,85.4,3645.0,80.29,2336.0,64.09,0.0,81.0,0.0
15-01-2007,85.4,3645.0,80.25,2328.0,63.87,0.0,92.0,0.0
16-01-2007,85.4,3645.0,80.22,2320.0,63.65,0.0,92.0,0.0
17-01-2007,85.4,3645.0,80.18,2311.0,63.4,0.0,92.0,0.0
18-01-2007,85.4,3645.0,80.14,2302.0,63.16,0.0,92.0,0.0
19-01-2007,85.4,3645.0,80.1,2294.0,62.94,0.0,92.0,0.0
20-01-2007,85.4,3645.0,80.06,2285.0,62.69,0.0,92.0,0.0
21-01-2007,85.4,3645.0,80.03,2276.0,62.44,0.0,92.0,0.0
22-01-2007,85.4,3645.0,79.99,2267.0,62.19,0.0,92.0,0.0
23-01-2007,85.4,3645.0,79.94,2257.0,61.92,0.0,92.0,0.0
24-01-2007,85.4,3645.0,79.9,2247.0,61.65,0.0,92.0,0.0
25-01-2007,85.4,3645.0,79.85,2236.0,61.34,0.0,92.0,0.0
26-01-2007,85.4,3645.0,79.8,2225.0,61.04,0.0,92.0,0.0
27-01-2007,85.4,3645.0,79.75,2213.0,60.71,0.0,92.0,0.0
28-01-2007,85.4,3645.0,79.7,2202.0,60.41,0.0,92.0,0.0
29-01-2007,85.4,3645.0,79.65,2191.0,60.11,0.0,92.0,0.0
30-01-2007,85.4,3645.0,79.6,2180.0,59.81,0.0,92.0,0.0
31-01-2007,85.4,3645.0,79.55,2168.0,59.48,0.0,92.0,0.0
01-02-2007,85.4,3645.0,79.5,2157.0,59.18,0.0,92.0,0.0
02-02-2007,85.4,3645.0,79.45,2146.0,58.88,0.0,92.0,0.0
03-02-2007,85.4,3645.0,79.4,2135.0,58.57,0.0,92.0,0.0
04-02-2007,85.4,3645.0,79.35,2124.0,58.27,0.0,92.0,0.0
05-02-2007,85.4,3645.0,79.3,2113.0,57.97,0.0,92.0,0.0
06-02-2007,85.4,3645.0,79.25,2102.0,57.67,0.0,92.0,0.0
07-02-2007,85.4,3645.0,79.2,2091.0,57.37,0.0,92.0,0.0
08-02-2007,85.4,3645.0,79.15,2080.0,57.06,0.0,92.0,0.0
09-02-2007,85.4,3645.0,79.1,2069.0,56.76,0.0,92.0,0.0
10-02-2007,85.4,3645.0,79.05,2058.0,56.46,0.0,92.0,0.0
11-02-2007,85.4,3645.0,79.0,2047.0,56.16,0.0,92.0,0.0
12-02-2007,85.4,3645.0,78.95,2036.0,55.86,0.0,92.0,0.0
13-02-2007,85.4,3645.0,78.9,2025.0,55.56,0.0,92.0,0.0
14-02-2007,85.4,3645.0,78.85,2015.0,55.28,0.0,92.0,0.0
15-02-2007,85.4,3645.0,78.8,2004.0,54.98,0.0,92.0,0.0
16-02-2007,85.4,3645.0,78.75,1994.0,54.71,0.0,92.0,0.0
17-02-2007,85.4,3645.0,78.7,1983.0,54.4,0.0,92.0,0.0
18-02-2007,85.4,3645.0,78.65,1973.0,54.13,0.0,92.0,0.0
19-02-2007,85.4,3645.0,78.6,1962.0,53.83,0.0,92.0,0.0
20-02-2007,85.4,3645.0,78.55,1952.0,53.55,0.0,92.0,0.0
21-02-2007,85.4,3645.0,78.5,1941.0,53.25,0.0,92.0,0.0
22-02-2007,85.4,3645.0,78.45,1930.0,52.95,0.0,92.0,0.0
23-02-2007,85.4,3645.0,78.4,1920.0,52.67,0.0,92.0,0.0
24-02-2007,85.4,3645.0,78.35,1910.0,52.4,0.0,92.0,0.0
25-02-2007,85.4,3645.0,78.3,1899.0,52.1,0.0,92.0,0.0
26-02-2007,85.4,3645.0,78.25,1889.0,51.82,0.0,92.0,0.0
27-02-2007,85.4,3645.0,78.2,1879.0,51.55,0.0,92.0,0.0
28-02-2007,85.4,3645.0,78.15,1869.0,51.28,0.0,92.0,0.0
01-03-2007,85.4,3645.0,78.1,1859.0,51.0,0.0,92.0,0.0
02-03-2007,85.4,3645.0,78.05,1849.0,50.73,0.0,92.0,0.0
03-03-2007,85.4,3645.0,78.0,1838.0,50.43,0.0,92.0,0.0
04-03-2007,85.4,3645.0,77.95,1828.0,50.15,0.0,92.0,0.0
05-03-2007,85.4,3645.0,77.9,1818.0,49.88,0.0,45.0,0.0
06-03-2007,85.4,3645.0,77.86,1810.0,49.66,0.0,45.0,0.0
07-03-2007,85.4,3645.0,77.82,1802.0,49.44,0.0,45.0,0.0
08-03-2007,85.4,3645.0,77.78,1794.0,49.22,0.0,45.0,0.0
09-03-2007,85.4,3645.0,77.74,1786.0,49.0,0.0,45.0,0.0
10-03-2007,85.4,3645.0,77.7,1779.0,48.81,0.0,45.0,0.0
11-03-2007,85.4,3645.0,77.66,1771.0,48.59,0.0,45.0,0.0
12-03-2007,85.4,3645.0,77.62,1763.0,48.37,0.0,45.0,0.0
13-03-2007,85.4,3645.0,77.58,1755.0,48.15,0.0,45.0,0.0
14-03-2007,85.4,3645.0,77.54,1747.0,47.93,0.0,45.0,0.0
15-03-2007,85.4,3645.0,77.5,1739.0,47.71,0.0,45.0,0.0
16-03-2007,85.4,3645.0,77.46,1731.0,47.49,0.0,45.0,0.0
17-03-2007,85.4,3645.0,77.42,1723.0,47.27,0.0,45.0,0.0
18-03-2007,85.4,3645.0,77.38,1715.0,47.05,0.0,45.0,0.0
19-03-2007,85.4,3645.0,77.34,1707.0,46.83,0.0,45.0,0.0
20-03-2007,85.4,3645.0,77.3,1700.0,46.64,0.0,45.0,0.0
21-03-2007,85.4,3645.0,77.25,1691.0,46.39,0.0,45.0,0.0
22-03-2007,85.4,3645.0,77.21,1683.0,46.17,0.0,45.0,0.0
23-03-2007,85.4,3645.0,77.17,1675.0,45.95,0.0,45.0,0.0
24-03-2007,85.4,3645.0,77.13,1667.0,45.73,0.0,45.0,0.0
25-03-2007,85.4,3645.0,77.08,1658.0,45.49,0.0,45.0,0.0
26-03-2007,85.4,3645.0,77.03,1649.0,45.24,0.0,30.0,0.0
27-03-2007,85.4,3645.0,77.0,1643.0,45.08,0.0,30.0,0.0
28-03-2007,85.4,3645.0,77.97,1637.0,44.91,0.0,30.0,0.0
29-03-2007,85.4,3645.0,76.94,1630.0,44.72,0.0,30.0,0.0
30-03-2007,85.4,3645.0,76.9,1624.0,44.55,0.0,30.0,0.0
31-03-2007,85.4,3645.0,76.86,1617.0,44.36,0.0,30.0,0.0
01-04-2007,85.4,3645.0,76.82,1609.0,44.14,0.0,30.0,0.0
02-04-2007,85.4,3645.0,76.78,1603.0,43.98,0.0,30.0,0.0
03-04-2007,85.4,3645.0,76.75,1596.0,43.79,0.0,30.0,0.0
04-04-2007,85.4,3645.0,76.71,1589.0,43.59,0.0,30.0,0.0
05-04-2007,85.4,3645.0,76.67,1581.0,43.37,0.0,30.0,0.0
06-04-2007,85.4,3645.0,76.63,1574.0,43.18,0.0,30.0,0.0
07-04-2007,85.4,3645.0,76.6,1568.0,43.02,0.0,30.0,0.0
08-04-2007,85.4,3645.0,76.56,1561.0,42.83,0.0,30.0,0.0
09-04-2007,85.4,3645.0,76.52,1553.0,42.61,0.0,30.0,0.0
10-04-2007,85.4,3645.0,76.45,1540.0,42.25,0.0,80.0,0.0
11-04-2007,85.4,3645.0,76.38,1527.0,41.89,0.0,80.0,0.0
12-04-2007,85.4,3645.0,76.3,1513.0,41.51,0.0,80.0,0.0
13-04-2007,85.4,3645.0,76.26,1502.0,41.21,0.0,80.0,0.0
14-04-2007,85.4,3645.0,76.18,1491.0,40.91,0.0,80.0,0.0
15-04-2007,85.4,3645.0,76.12,1480.0,40.6,0.0,80.0,0.0
16-04-2007,85.4,3645.0,76.06,1470.0,40.33,0.0,80.0,0.0
17-04-2007,85.4,3645.0,76.0,1459.0,40.03,0.0,80.0,0.0
18-04-2007,85.4,3645.0,75.94,1448.0,39.73,0.0,80.0,0.0
19-04-2007,85.4,3645.0,75.88,1437.0,39.42,0.0,80.0,0.0
20-04-2007,85.4,3645.0,75.82,1427.0,39.15,0.0,80.0,0.0
21-04-2007,85.4,3645.0,75.76,1416.0,38.85,0.0,80.0,0.0
22-04-2007,85.4,3645.0,75.7,1406.0,38.57,0.0,80.0,0.0
23-04-2007,85.4,3645.0,75.64,1395.0,38.27,0.0,80.0,0.0
24-04-2007,85.4,3645.0,75.58,1384.0,37.97,0.0,80.0,0.0
25-04-2007,85.4,3645.0,75.52,1373.0,37.67,0.0,80.0,0.0
26-04-2007,85.4,3645.0,75.46,1363.0,37.39,0.0,80.0,0.0
27-04-2007,85.4,3645.0,75.4,1353.0,37.12,0.0,80.0,0.0
28-04-2007,85.4,3645.0,75.34,1343.0,36.84,0.0,80.0,0.0
29-04-2007,85.4,3645.0,75.28,1332.0,36.54,0.0,80.0,0.0
30-04-2007,85.4,3645.0,75.22,1322.0,36.27,0.0,80.0,0.0
01-05-2007,85.4,3645.0,75.16,1312.0,35.99,0.0,80.0,0.0
02-05-2007,85.4,3645.0,75.1,1302.0,35.72,0.0,80.0,0.0
03-05-2007,85.4,3645.0,75.04,1291.0,35.42,0.0,80.0,0.0
04-05-2007,85.4,3645.0,74.98,1281.0,35.14,0.0,80.0,2.0
05-05-2007,85.4,3645.0,74.92,1271.0,34.87,0.0,80.0,0.0
06-05-2007,85.4,3645.0,74.84,1261.0,34.6,0.0,80.0,0.0
07-05-2007,85.4,3645.0,74.8,1251.0,34.32,0.0,80.0,0.0
08-05-2007,85.4,3645.0,74.74,1241.0,34.05,0.0,80.0,0.0
09-05-2007,85.4,3645.0,74.68,1231.0,33.77,0.0,80.0,10.0
10-05-2007,85.4,3645.0,74.62,1221.0,33.5,0.0,80.0,0.0
11-05-2007,85.4,3645.0,74.56,1211.0,33.22,0.0,80.0,0.0
12-05-2007,85.4,3645.0,74.5,1202.0,32.98,0.0,80.0,0.0
13-05-2007,85.4,3645.0,74.44,1192.0,32.7,0.0,80.0,0.0
14-05-2007,85.4,3645.0,74.4,1185.0,32.51,0.0,60.0,0.0
15-05-2007,85.4,3645.0,74.36,1179.0,32.35,0.0,60.0,0.0
16-05-2007,85.4,3645.0,74.32,1173.0,32.18,0.0,60.0,0.0
17-05-2007,85.4,3645.0,74.28,1166.0,31.99,0.0,60.0,0.0
18-05-2007,85.4,3645.0,74.24,1160.0,31.82,0.0,60.0,0.0
19-05-2007,85.4,3645.0,74.2,1154.0,31.66,0.0,60.0,0.0
20-05-2007,85.4,3645.0,74.16,1147.0,31.47,0.0,60.0,0.0
21-05-2007,85.4,3645.0,74.12,1141.0,31.3,0.0,60.0,0.0
22-05-2007,85.4,3645.0,74.2,1154.0,31.66,0.0,60.0,0.0
23-05-2007,85.4,3645.0,74.16,1147.0,31.47,0.0,60.0,0.0
24-05-2007,85.4,3645.0,74.12,1141.0,31.3,0.0,60.0,0.0
25-05-2007,85.4,3645.0,74.08,1135.0,31.14,0.0,60.0,0.0
26-05-2007,85.4,3645.0,74.04,1128.0,30.95,0.0,60.0,0.0
27-05-2007,85.4,3645.0,74.0,1122.0,30.78,0.0,60.0,0.0
28-05-2007,85.4,3645.0,73.96,1116.0,30.62,0.0,60.0,0.0
29-05-2007,85.4,3645.0,73.92,1109.0,30.43,0.0,60.0,0.0
30-05-2007,85.4,3645.0,73.88,1103.0,30.26,0.0,60.0,0.0
31-05-2007,85.4,3645.0,73.84,1096.0,30.07,0.0,60.0,0.0
01-06-2007,85.4,3645.0,73.8,1091.0,29.93,0.0,60.0,0.0
02-06-2007,85.4,3645.0,73.76,1085.0,29.77,0.0,60.0,0.0
03-06-2007,85.4,3645.0,73.72,1078.0,29.57,0.0,60.0,0.0
04-06-2007,85.4,3645.0,73.68,1072.0,29.41,0.0,60.0,0.0
05-06-2007,85.4,3645.0,73.64,1066.0,29.25,0.0,60.0,0.0
06-06-2007,85.4,3645.0,73.6,1060.0,29.08,0.0,60.0,0.0
07-06-2007,85.4,3645.0,73.56,1054.0,28.92,0.0,60.0,7.0
08-06-2007,85.4,3645.0,73.52,1048.0,28.75,0.0,60.0,0.0
09-06-2007,85.4,3645.0,73.48,1042.0,28.59,0.0,60.0,0.0
10-06-2007,85.4,3645.0,73.44,1036.0,28.42,0.0,60.0,0.0
11-06-2007,85.4,3645.0,73.6,1060.0,29.08,338.0,60.0,42.0
12-06-2007,85.4,3645.0,73.56,1054.0,28.92,0.0,60.0,0.0
13-06-2007,85.4,3645.0,73.52,1048.0,28.75,0.0,60.0,0.0
14-06-2007,85.4,3645.0,73.48,1042.0,28.59,0.0,60.0,0.0
15-06-2007,85.4,3645.0,73.55,1052.0,28.86,176.0,60.0,16.0
16-06-2007,85.4,3645.0,73.5,1045.0,28.67,0.0,60.0,0.0
17-06-2007,85.4,3645.0,73.6,1060.0,29.08,234.0,60.0,27.0
18-06-2007,85.4,3645.0,73.72,1078.0,29.57,268.0,60.0,29.0
19-06-2007,85.4,3645.0,73.8,1091.0,29.93,210.0,60.0,16.0
20-06-2007,85.4,3645.0,73.85,1098.0,30.12,141.0,60.0,13.0
21-06-2007,85.4,3645.0,73.85,1098.0,30.12,60.0,60.0,5.0
22-06-2007,85.4,3645.0,73.95,1114.0,30.56,245.0,60.0,20.0
23-06-2007,85.4,3645.0,73.95,1114.0,30.56,60.0,60.0,2.0
24-06-2007,85.4,3645.0,73.9,1106.0,30.34,0.0,60.0,0.0
25-06-2007,85.4,3645.0,73.85,1098.0,30.12,0.0,60.0,0.0
26-06-2007,85.4,3645.0,73.8,1091.0,29.93,0.0,60.0,0.0
27-06-2007,85.4,3645.0,73.75,1083.0,29.71,0.0,60.0,6.0
28-06-2007,85.4,3645.0,73.7,1075.0,29.49,0.0,60.0,1.0
29-06-2007,85.4,3645.0,73.67,1071.0,29.38,35.0,60.0,10.0
30-06-2007,85.4,3645.0,73.64,1066.0,29.25,0.0,60.0,0.0
01-07-2007,85.4,3645.0,73.6,1060.0,29.08,0.0,60.0,0.0
02-07-2007,85.4,3645.0,73.55,1052.0,28.86,0.0,60.0,0.0
03-07-2007,85.4,3645.0,73.48,1042.0,28.59,0.0,60.0,0.0
04-07-2007,85.4,3645.0,73.42,1034.0,28.37,0.0,60.0,0.0
05-07-2007,85.4,3645.0,73.36,1028.0,28.2,0.0,60.0,0.0
06-07-2007,85.4,3645.0,73.3,1015.0,27.85,0.0,80.0,0.0
07-07-2007,85.4,3645.0,73.24,1004.0,27.54,0.0,80.0,0.0
08-07-2007,85.4,3645.0,73.18,993.0,27.24,0.0,80.0,0.0
09-07-2007,85.4,3645.0,73.12,982.0,26.94,0.0,80.0,4.0
10-07-2007,85.4,3645.0,73.06,972.0,26.67,0.0,80.0,0.0
11-07-2007,85.4,3645.0,73.0,971.0,26.64,70.0,70.0,7.0
12-07-2007,85.4,3645.0,73.1,985.0,27.02,232.0,70.0,22.0
13-07-2007,85.4,3645.0,73.2,1000.0,27.43,244.0,70.0,25.0
14-07-2007,85.4,3645.0,73.25,1007.0,27.63,151.0,70.0,10.0
15-07-2007,85.4,3645.0,73.2,1000.0,27.43,0.0,70.0,0.0
16-07-2007,85.4,3645.0,73.2,1000.0,27.43,70.0,70.0,7.0
17-07-2007,85.4,3645.0,73.15,993.0,27.24,0.0,70.0,2.0
18-07-2007,85.4,3645.0,73.1,985.0,27.02,0.0,70.0,3.0
19-07-2007,85.4,3645.0,73.05,978.0,26.83,0.0,70.0,8.0
20-07-2007,85.4,3645.0,73.0,971.0,26.64,0.0,70.0,0.0
21-07-2007,85.4,3645.0,72.95,963.0,26.42,0.0,70.0,0.0
22-07-2007,85.4,3645.0,72.9,956.0,26.23,0.0,70.0,9.0
23-07-2007,85.4,3645.0,72.85,949.0,26.04,0.0,70.0,3.0
24-07-2007,85.4,3645.0,72.8,942.0,25.84,0.0,70.0,10.0
25-07-2007,85.4,3645.0,72.75,934.0,25.62,0.0,70.0,0.0
26-07-2007,85.4,3645.0,72.7,927.0,25.43,0.0,70.0,0.0
27-07-2007,85.4,3645.0,72.65,920.0,25.24,0.0,70.0,0.0
28-07-2007,85.4,3645.0,72.75,934.0,25.62,242.0,70.0,36.0
29-07-2007,85.4,3645.0,72.75,934.0,25.62,70.0,70.0,10.0
30-07-2007,85.4,3645.0,72.8,942.0,25.84,163.0,70.0,22.0
31-07-2007,85.4,3645.0,72.75,934.0,25.62,0.0,70.0,2.0
01-08-2007,85.4,3645.0,72.8,942.0,25.84,168.0,70.0,22.0
02-08-2007,85.4,3645.0,72.8,942.0,25.84,70.0,70.0,15.0
03-08-2007,85.4,3645.0,72.75,934.0,25.62,0.0,70.0,0.0
04-08-2007,85.4,3645.0,72.7,927.0,25.43,0.0,70.0,0.0
05-08-2007,85.4,3645.0,72.65,920.0,25.24,0.0,70.0,0.0
06-08-2007,85.4,3645.0,72.6,913.0,25.05,0.0,70.0,0.0
07-08-2007,85.4,3645.0,72.55,906.0,24.86,0.0,70.0,0.0
08-08-2007,85.4,3645.0,72.5,899.0,24.66,0.0,70.0,0.0
09-08-2007,85.4,3645.0,72.45,892.0,24.47,0.0,70.0,0.0
10-08-2007,85.4,3645.0,72.4,885.0,24.28,0.0,70.0,0.0
11-08-2007,85.4,3645.0,72.35,878.0,24.09,0.0,70.0,0.0
12-08-2007,85.4,3645.0,72.35,878.0,24.09,70.0,70.0,10.0
13-08-2007,85.4,3645.0,72.3,871.0,23.9,0.0,70.0,0.0
14-08-2007,85.4,3645.0,72.25,864.0,23.7,0.0,70.0,0.0
15-08-2007,85.4,3645.0,72.35,877.0,24.06,221.0,70.0,0.0
16-08-2007,85.4,3645.0,72.45,892.0,24.47,244.0,70.0,0.0
17-08-2007,85.4,3645.0,72.6,913.0,25.05,313.0,70.0,15.0
18-08-2007,85.4,3645.0,72.75,934.0,25.62,314.0,70.0,15.0
19-08-2007,85.4,3645.0,72.8,956.0,26.23,325.0,70.0,33.0
20-08-2007,85.4,3645.0,73.05,978.0,26.83,325.0,70.0,0.0
21-08-2007,85.4,3645.0,73.15,993.0,27.24,244.0,70.0,0.0
22-08-2007,85.4,3645.0,73.25,1007.0,27.63,232.0,70.0,4.0
23-08-2007,85.4,3645.0,73.35,1022.0,28.04,244.0,70.0,5.0
24-08-2007,85.4,3645.0,73.45,1036.0,28.42,240.0,70.0,2.0
25-08-2007,85.4,3645.0,73.55,1052.0,28.86,240.0,70.0,0.0
26-08-2007,85.4,3645.0,73.65,1068.0,29.3,250.0,70.0,26.0
27-08-2007,85.4,3645.0,73.75,1083.0,29.71,245.0,70.0,0.0
28-08-2007,85.4,3645.0,73.85,1098.0,30.12,245.0,70.0,0.0
29-08-2007,85.4,3645.0,73.95,1114.0,30.56,250.0,70.0,0.0
30-08-2007,85.4,3645.0,74.1,1137.0,31.19,335.0,70.0,15.0
31-08-2007,85.4,3645.0,74.2,1154.0,31.66,265.0,70.0,5.0
01-09-2007,85.4,3645.0,74.25,1162.0,31.88,163.0,70.0,11.0
02-09-2007,85.4,3645.0,74.25,1162.0,31.88,70.0,70.0,0.0
03-09-2007,85.4,3645.0,74.32,1172.0,32.15,160.0,70.0,13.0
04-09-2007,85.4,3645.0,74.3,1169.0,32.07,35.0,70.0,0.0
05-09-2007,85.4,3645.0,74.4,1185.0,32.51,185.0,70.0,3.0
06-09-2007,85.4,3645.0,74.6,1218.0,33.42,450.0,70.0,26.0
07-09-2007,85.4,3645.0,74.7,1235.0,33.88,195.0,70.0,0.0
08-09-2007,85.4,3645.0,74.8,1251.0,34.32,185.0,70.0,0.0
09-09-2007,85.4,3645.0,74.9,1267.0,34.76,185.0,70.0,0.0
10-09-2007,85.4,3645.0,75.0,1283.0,35.2,160.0,70.0,0.0
11-09-2007,85.4,3645.0,75.1,1302.0,35.72,220.0,70.0,0.0
12-09-2007,85.4,3645.0,75.2,1319.0,36.19,195.0,70.0,0.0
13-09-2007,85.4,3645.0,75.3,1336.0,36.65,265.0,70.0,0.0
14-09-2007,85.4,3645.0,75.45,1362.0,37.37,370.0,70.0,22.0
15-09-2007,85.4,3645.0,75.55,1379.0,37.83,265.0,70.0,16.0
16-09-2007,85.4,3645.0,75.7,1406.0,38.57,310.0,70.0,17.0
17-09-2007,85.4,3645.0,75.8,1424.0,39.07,275.0,70.0,2.0
18-09-2007,85.4,3645.0,75.85,1432.0,39.29,160.0,70.0,0.0
19-09-2007,85.4,3645.0,75.9,1441.0,39.53,174.0,70.0,7.0
20-09-2007,85.4,3645.0,75.92,1445.0,39.64,115.0,70.0,0.0
21-09-2007,85.4,3645.0,76.0,1459.0,40.03,232.0,70.0,0.0
22-09-2007,85.4,3645.0,76.1,1477.0,40.52,205.0,70.0,0.0
23-09-2007,85.4,3645.0,76.13,1486.0,40.77,160.0,70.0,0.0
24-09-2007,85.4,3645.0,76.2,1495.0,41.02,160.0,70.0,0.0
25-09-2007,85.4,3645.0,76.25,1504.0,41.26,160.0,70.0,0.0
26-09-2007,85.4,3645.0,76.3,1513.0,41.51,160.0,70.0,0.0
27-09-2007,85.4,3645.0,76.35,1522.0,41.76,160.0,70.0,0.0
28-09-2007,85.4,3645.0,76.55,1559.0,42.77,495.0,70.0,35.0
29-09-2007,85.4,3645.0,76.65,1578.0,43.29,290.0,70.0,14.0
30-09-2007,85.4,3645.0,76.8,1605.0,44.03,380.0,70.0,4.0
01-10-2007,85.4,3645.0,76.95,1634.0,44.83,405.0,70.0,2.0
02-10-2007,85.4,3645.0,77.05,1653.0,45.35,290.0,70.0,0.0
03-10-2007,85.4,3645.0,77.15,1672.0,45.87,290.0,70.0,0.0
04-10-2007,85.4,3645.0,77.25,1691.0,46.39,290.0,70.0,0.0
05-10-2007,85.4,3645.0,77.35,1710.0,46.91,290.0,70.0,0.0
06-10-2007,85.4,3645.0,77.45,1729.0,47.43,290.0,70.0,0.0
07-10-2007,85.4,3645.0,77.55,1748.0,47.96,290.0,70.0,0.0
08-10-2007,85.4,3645.0,77.65,1768.0,48.5,290.0,70.0,0.0
09-10-2007,85.4,3645.0,77.75,1789.0,49.08,290.0,70.0,0.0
10-10-2007,85.4,3645.0,77.85,1808.0,49.6,290.0,70.0,0.0
11-10-2007,85.4,3645.0,77.95,1828.0,50.15,300.0,70.0,0.0
12-10-2007,85.4,3645.0,78.05,1849.0,50.73,300.0,70.0,0.0
13-10-2007,85.4,3645.0,78.13,1865.0,51.17,260.0,70.0,0.0
14-10-2007,85.4,3645.0,78.2,1879.0,51.55,230.0,70.0,0.0
15-10-2007,85.4,3645.0,78.25,1889.0,51.82,185.0,70.0,0.0
16-10-2007,85.4,3645.0,78.3,1900.0,52.13,190.0,70.0,0.0
17-10-2007,85.4,3645.0,81.7,2678.0,73.47,0.0,70.0,0.0
18-10-2007,85.4,3645.0,78.4,1920.0,52.67,185.0,70.0,0.0
19-10-2007,85.4,3645.0,78.48,1935.0,53.09,250.0,70.0,0.0
20-10-2007,85.4,3645.0,78.6,1962.0,53.83,380.0,70.0,0.0
21-10-2007,85.4,3645.0,78.75,1994.0,54.71,440.0,70.0,0.0
22-10-2007,85.4,3645.0,78.9,2025.0,55.56,420.0,70.0,0.0
23-10-2007,85.4,3645.0,79.0,2048.0,56.19,340.0,70.0,1.0
24-10-2007,85.4,3645.0,79.15,2080.0,57.06,440.0,70.0,24.0
25-10-2007,85.4,3645.0,79.3,2113.0,57.97,450.0,70.0,7.0
26-10-2007,85.4,3645.0,79.4,2135.0,58.57,315.0,70.0,20.0
27-10-2007,85.4,3645.0,79.6,2180.0,59.81,580.0,70.0,11.0
28-10-2007,85.4,3645.0,79.6,2225.0,61.04,590.0,70.0,21.0
29-10-2007,85.4,3645.0,81.15,2542.0,69.74,3735.0,70.0,176.0
30-10-2007,85.4,3645.0,81.75,2690.0,73.8,1780.0,70.0,1.0
31-10-2007,85.4,3645.0,81.85,2715.0,74.49,360.0,70.0,0.0
01-11-2007,85.4,3645.0,81.9,2728.0,74.84,220.0,70.0,0.0
02-11-2007,85.4,3645.0,81.9,2728.0,74.84,70.0,70.0,0.0
03-11-2007,85.4,3645.0,81.9,2728.0,74.84,70.0,70.0,0.0
04-11-2007,85.4,3645.0,81.95,2741.0,75.2,220.0,70.0,10.0
05-11-2007,85.4,3645.0,82.0,2753.0,75.53,205.0,70.0,17.0
06-11-2007,85.4,3645.0,82.03,2760.0,75.72,150.0,70.0,18.0
07-11-2007,85.4,3645.0,82.03,2760.0,75.72,70.0,70.0,13.0
08-11-2007,85.4,3645.0,82.0,2753.0,75.53,0.0,70.0,0.0
09-11-2007,85.4,3645.0,81.98,2747.0,75.36,0.0,70.0,0.0
10-11-2007,85.4,3645.0,81.95,2741.0,75.2,0.0,70.0,0.0
11-11-2007,85.4,3645.0,81.92,2735.0,75.03,0.0,70.0,0.0
12-11-2007,85.4,3645.0,81.9,2728.0,74.84,0.0,70.0,0.0
13-11-2007,85.4,3645.0,81.87,2721.0,74.65,0.0,70.0,0.0
14-11-2007,85.4,3645.0,81.85,2715.0,74.49,0.0,70.0,0.0
15-11-2007,85.4,3645.0,81.8,2703.0,74.16,0.0,70.0,0.0
16-11-2007,85.4,3645.0,81.75,2690.0,73.8,0.0,70.0,0.0
17-11-2007,85.4,3645.0,81.7,2678.0,73.47,0.0,70.0,0.0
18-11-2007,85.4,3645.0,81.65,2665.0,73.11,0.0,70.0,0.0
19-11-2007,85.4,3645.0,81.65,2665.0,73.11,70.0,70.0,7.0
20-11-2007,85.4,3645.0,81.6,2653.0,72.78,70.0,70.0,21.0
21-11-2007,85.4,3645.0,81.85,2715.0,74.49,790.0,70.0,41.0
22-11-2007,85.4,3645.0,81.9,2728.0,74.84,220.0,70.0,0.0
23-11-2007,85.4,3645.0,81.87,2722.0,74.68,0.0,70.0,0.0
24-11-2007,85.4,3645.0,81.85,2715.0,74.49,0.0,70.0,0.0
25-11-2007,85.4,3645.0,81.82,2709.0,74.32,0.0,70.0,0.0
26-11-2007,85.4,3645.0,81.8,2703.0,74.16,0.0,70.0,0.0
27-11-2007,85.4,3645.0,81.77,2696.0,73.96,0.0,70.0,0.0
28-11-2007,85.4,3645.0,81.75,2690.0,73.8,0.0,70.0,0.0
29-11-2007,85.4,3645.0,81.72,2683.0,73.61,0.0,70.0,0.0
30-11-2007,85.4,3645.0,81.7,2678.0,73.47,0.0,70.0,0.0
01-12-2007,85.4,3645.0,81.67,2671.0,73.28,0.0,70.0,0.0
02-12-2007,85.4,3645.0,81.65,2665.0,73.11,0.0,70.0,0.0
03-12-2007,85.4,3645.0,81.62,2658.0,72.92,0.0,70.0,5.0
04-12-2007,85.4,3645.0,81.6,2653.0,72.78,0.0,70.0,10.0
05-12-2007,85.4,3645.0,81.57,2646.0,72.59,0.0,70.0,0.0
06-12-2007,85.4,3645.0,81.55,2640.0,72.43,0.0,70.0,10.0
07-12-2007,85.4,3645.0,81.55,2640.0,72.43,0.0,70.0,9.0
08-12-2007,85.4,3645.0,81.52,2633.0,72.24,0.0,70.0,4.0
09-12-2007,85.4,3645.0,81.5,2628.0,72.1,0.0,70.0,0.0
10-12-2007,85.4,3645.0,81.47,2621.0,71.91,0.0,70.0,0.0
11-12-2007,85.4,3645.0,81.45,2616.0,71.77,0.0,70.0,0.0
12-12-2007,85.4,3645.0,81.42,2609.0,71.58,0.0,70.0,0.0
13-12-2007,85.4,3645.0,81.4,2603.0,71.41,0.0,70.0,0.0
14-12-2007,85.4,3645.0,81.37,2596.0,71.22,0.0,70.0,0.0
15-12-2007,85.4,3645.0,81.35,2590.0,71.06,0.0,70.0,0.0
16-12-2007,85.4,3645.0,81.32,2583.0,70.86,0.0,70.0,0.0
17-12-2007,85.4,3645.0,81.3,2577.0,70.7,0.0,70.0,0.0
18-12-2007,85.4,3645.0,81.33,2585.0,70.92,164.0,70.0,25.0
19-12-2007,85.4,3645.0,81.75,2690.0,73.8,1285.0,70.0,105.0
20-12-2007,85.4,3645.0,83.03,3021.0,82.88,3900.0,70.0,72.0
21-12-2007,85.4,3645.0,83.55,3159.0,86.67,3670.0,2070.0,0.0
22-12-2007,85.4,3645.0,83.4,3120.0,85.6,1570.0,1570.0,0.0
23-12-2007,85.4,3645.0,83.4,3120.0,85.6,220.0,220.0,0.0
24-12-2007,85.4,3645.0,83.4,3120.0,85.6,220.0,220.0,0.0
25-12-2007,85.4,3645.0,83.4,3120.0,85.6,70.0,70.0,0.0
26-12-2007,85.4,3645.0,83.4,3120.0,85.6,70.0,70.0,0.0
27-12-2007,85.4,3645.0,83.4,3120.0,85.6,70.0,70.0,0.0
28-12-2007,85.4,3645.0,83.4,3120.0,85.6,70.0,70.0,0.0
29-12-2007,85.4,3645.0,83.4,3120.0,85.6,70.0,70.0,0.0
30-12-2007,85.4,3645.0,83.4,3120.0,85.6,70.0,70.0,0.0
31-12-2007,85.4,3645.0,83.4,3120.0,85.6,70.0,70.0,0.0
01-01-2008,85.4,3645.0,83.4,3120.0,85.6,70.0,70.0,0.0
02-01-2008,85.4,3645.0,83.4,3120.0,85.6,70.0,70.0,0.0
03-01-2008,85.4,3645.0,83.37,3114.0,85.43,0.0,70.0,0.0
04-01-2008,85.4,3645.0,83.34,3107.0,85.24,0.0,70.0,15.0
05-01-2008,85.4,3645.0,83.4,3120.0,85.6,470.0,470.0,40.0
06-01-2008,85.4,3645.0,83.4,3120.0,85.6,0.0,75.0,0.0
07-01-2008,85.4,3645.0,83.4,3120.0,85.6,75.0,75.0,0.0
08-01-2008,85.4,3645.0,83.4,3120.0,85.6,75.0,75.0,0.0
09-01-2008,85.4,3645.0,83.37,3114.0,85.43,0.0,75.0,0.0
10-01-2008,85.4,3645.0,83.34,3107.0,85.24,0.0,75.0,0.0
11-01-2008,85.4,3645.0,83.32,3100.0,85.05,0.0,75.0,0.0
12-01-2008,85.4,3645.0,83.3,3093.0,84.86,0.0,75.0,0.0
13-01-2008,85.4,3645.0,83.27,3086.0,84.66,0.0,75.0,0.0
14-01-2008,85.4,3645.0,83.25,3080.0,84.5,0.0,75.0,0.0
15-01-2008,85.4,3645.0,83.22,3073.0,84.31,0.0,75.0,0.0
16-01-2008,85.4,3645.0,83.2,3067.0,84.14,0.0,75.0,0.0
17-01-2008,85.4,3645.0,83.17,3060.0,83.95,0.0,75.0,0.0
18-01-2008,85.4,3645.0,83.15,3053.0,83.76,0.0,75.0,0.0
19-01-2008,85.4,3645.0,83.12,3046.0,83.57,0.0,75.0,0.0
20-01-2008,85.4,3645.0,83.1,3040.0,83.4,0.0,75.0,0.0
21-01-2008,85.4,3645.0,83.07,3033.0,83.21,0.0,75.0,0.0
22-01-2008,85.4,3645.0,83.04,3027.0,83.05,0.0,75.0,0.0
23-01-2008,85.4,3645.0,83.02,3020.0,82.85,0.0,75.0,0.0
24-01-2008,85.4,3645.0,83.0,3013.0,82.66,0.0,75.0,0.0
25-01-2008,85.4,3645.0,82.97,3006.0,82.47,0.0,75.0,0.0
26-01-2008,85.4,3645.0,82.95,2999.0,82.28,0.0,75.0,0.0
27-01-2008,85.4,3645.0,82.92,2992.0,82.09,0.0,75.0,0.0
28-01-2008,85.4,3645.0,82.9,2986.0,81.92,0.0,75.0,0.0
29-01-2008,85.4,3645.0,82.87,2979.0,81.73,0.0,75.0,0.0
30-01-2008,85.4,3645.0,82.85,2973.0,81.56,0.0,75.0,0.0
31-01-2008,85.4,3645.0,82.82,2966.0,81.37,0.0,75.0,0.0
01-02-2008,85.4,3645.0,82.8,2960.0,81.21,0.0,75.0,0.0
02-02-2008,85.4,3645.0,82.77,2953.0,81.02,0.0,75.0,0.0
03-02-2008,85.4,3645.0,82.75,2947.0,80.85,0.0,75.0,0.0
04-02-2008,85.4,3645.0,82.72,2940.0,80.66,0.0,75.0,0.0
05-02-2008,85.4,3645.0,82.7,2934.0,80.49,0.0,75.0,0.0
06-02-2008,85.4,3645.0,82.67,2927.0,80.3,0.0,75.0,0.0
07-02-2008,85.4,3645.0,82.65,2921.0,80.14,0.0,75.0,0.0
08-02-2008,85.4,3645.0,82.62,2914.0,79.95,0.0,75.0,0.0
09-02-2008,85.4,3645.0,82.6,2908.0,79.78,0.0,75.0,0.0
10-02-2008,85.4,3645.0,82.65,2921.0,80.14,225.0,75.0,24.0
11-02-2008,85.4,3645.0,82.65,2921.0,80.14,75.0,75.0,16.0
12-02-2008,85.4,3645.0,82.62,2914.0,79.95,0.0,75.0,2.0
13-02-2008,85.4,3645.0,82.6,2908.0,79.78,0.0,75.0,0.0
14-02-2008,85.4,3645.0,82.57,2901.0,79.59,0.0,75.0,0.0
15-02-2008,85.4,3645.0,82.55,2895.0,79.42,0.0,75.0,2.0
16-02-2008,85.4,3645.0,82.55,2895.0,79.42,0.0,75.0,8.0
17-02-2008,85.4,3645.0,82.5,2882.0,79.07,0.0,75.0,0.0
18-02-2008,85.4,3645.0,82.47,2874.0,78.85,0.0,75.0,0.0
19-02-2008,85.4,3645.0,82.45,2867.0,78.66,0.0,75.0,0.0
20-02-2008,85.4,3645.0,82.42,2861.0,78.49,0.0,75.0,0.0
21-02-2008,85.4,3645.0,82.4,2855.0,78.33,0.0,75.0,0.0
22-02-2008,85.4,3645.0,82.37,2848.0,78.13,0.0,75.0,0.0
23-02-2008,85.4,3645.0,82.35,2842.0,77.97,0.0,75.0,0.0
24-02-2008,85.4,3645.0,82.32,2836.0,77.81,0.0,75.0,0.0
25-02-2008,85.4,3645.0,82.3,2830.0,77.64,0.0,75.0,0.0
26-02-2008,85.4,3645.0,82.27,2823.0,77.45,0.0,75.0,0.0
27-02-2008,85.4,3645.0,82.25,2817.0,77.28,0.0,75.0,0.0
28-02-2008,85.4,3645.0,82.22,2810.0,77.09,0.0,75.0,0.0
29-02-2008,85.4,3645.0,82.19,2802.0,76.87,0.0,75.0,0.0
01-03-2008,85.4,3645.0,82.16,2793.0,76.63,0.0,80.0,0.0
02-03-2008,85.4,3645.0,82.12,2782.0,76.32,0.0,80.0,0.0
03-03-2008,85.4,3645.0,82.08,2771.0,76.02,0.0,80.0,0.0
04-03-2008,85.4,3645.0,82.04,2760.0,75.72,0.0,80.0,0.0
05-03-2008,85.4,3645.0,81.97,2747.0,75.36,0.0,80.0,0.0
06-03-2008,85.4,3645.0,81.9,2734.0,75.01,0.0,80.0,0.0
07-03-2008,85.4,3645.0,81.85,2721.0,74.65,0.0,85.0,0.0
08-03-2008,85.4,3645.0,81.79,2708.0,74.29,0.0,85.0,0.0
09-03-2008,85.4,3645.0,81.74,2695.0,73.94,0.0,85.0,0.0
10-03-2008,85.4,3645.0,81.69,2681.0,73.55,0.0,85.0,0.0
11-03-2008,85.4,3645.0,81.65,2668.0,73.2,0.0,85.0,0.0
12-03-2008,85.4,3645.0,81.6,2654.0,72.81,0.0,85.0,15.0
13-03-2008,85.4,3645.0,81.55,2640.0,72.43,0.0,85.0,0.0
14-03-2008,85.4,3645.0,81.5,2627.0,72.07,0.0,85.0,5.0
15-03-2008,85.4,3645.0,81.45,2615.0,71.74,0.0,80.0,10.0
16-03-2008,85.4,3645.0,81.4,2603.0,71.41,0.0,80.0,0.0
17-03-2008,85.4,3645.0,81.35,2591.0,71.08,0.0,80.0,0.0
18-03-2008,85.4,3645.0,81.3,2579.0,70.75,0.0,80.0,0.0
19-03-2008,85.4,3645.0,81.25,2567.0,70.43,0.0,80.0,0.0
20-03-2008,85.4,3645.0,81.2,2555.0,70.1,0.0,80.0,0.0
21-03-2008,85.4,3645.0,81.16,2545.0,69.82,15.0,80.0,17.0
22-03-2008,85.4,3645.0,81.16,2545.0,69.82,80.0,80.0,32.0
23-03-2008,85.4,3645.0,81.13,2538.0,69.63,0.0,80.0,4.0
24-03-2008,85.4,3645.0,81.09,2528.0,69.36,0.0,80.0,0.0
25-03-2008,85.4,3645.0,81.05,2518.0,69.08,0.0,80.0,0.0
26-03-2008,85.4,3645.0,81.0,2506.0,68.75,0.0,80.0,0.0
27-03-2008,85.4,3645.0,80.95,2496.0,68.48,0.0,80.0,0.0
28-03-2008,85.4,3645.0,80.9,2481.0,68.07,0.0,80.0,0.0
29-03-2008,85.4,3645.0,80.85,2469.0,67.74,0.0,80.0,0.0
30-03-2008,85.4,3645.0,80.8,2457.0,67.41,0.0,80.0,0.0
31-03-2008,85.4,3645.0,80.75,2445.0,67.08,0.0,80.0,0.0
01-04-2008,85.4,3645.0,80.7,2434.0,66.78,0.0,80.0,0.0
02-04-2008,85.4,3645.0,80.66,2424.0,66.5,0.0,80.0,0.0
03-04-2008,85.4,3645.0,80.62,2415.0,66.26,0.0,80.0,0.0
04-04-2008,85.4,3645.0,80.58,2405.0,65.98,0.0,80.0,0.0
05-04-2008,85.4,3645.0,80.54,2394.0,65.68,0.0,80.0,0.0
06-04-2008,85.4,3645.0,80.49,2382.0,65.35,0.0,80.0,0.0
07-04-2008,85.4,3645.0,80.44,2371.0,65.05,0.0,80.0,0.0
08-04-2008,85.4,3645.0,80.39,2360.0,64.75,0.0,80.0,0.0
09-04-2008,85.4,3645.0,80.34,2349.0,64.44,0.0,80.0,0.0
10-04-2008,85.4,3645.0,80.29,2338.0,64.14,0.0,80.0,0.0
11-04-2008,85.4,3645.0,80.24,2325.0,63.79,0.0,80.0,0.0
12-04-2008,85.4,3645.0,80.19,2314.0,63.48,0.0,80.0,0.0
13-04-2008,85.4,3645.0,80.14,2302.0,63.16,0.0,80.0,0.0
14-04-2008,85.4,3645.0,80.09,2291.0,62.85,0.0,80.0,0.0
15-04-2008,85.4,3645.0,80.04,2280.0,62.55,0.0,80.0,0.0
16-04-2008,85.4,3645.0,79.99,2268.0,62.22,0.0,80.0,0.0
17-04-2008,85.4,3645.0,79.94,2256.0,61.89,0.0,80.0,0.0
18-04-2008,85.4,3645.0,79.89,2245.0,61.59,0.0,80.0,0.0
19-04-2008,85.4,3645.0,79.84,2233.0,61.26,0.0,80.0,0.0
20-04-2008,85.4,3645.0,79.79,2222.0,60.96,0.0,80.0,0.0
21-04-2008,85.4,3645.0,79.74,2211.0,60.66,0.0,80.0,0.0
22-04-2008,85.4,3645.0,79.69,2200.0,60.36,0.0,80.0,0.0
23-04-2008,85.4,3645.0,79.64,2189.0,60.05,0.0,80.0,0.0
24-04-2008,85.4,3645.0,79.59,2178.0,59.75,0.0,80.0,0.0
25-04-2008,85.4,3645.0,79.54,2166.0,59.42,0.0,80.0,0.0
26-04-2008,85.4,3645.0,79.49,2155.0,59.12,0.0,80.0,0.0
27-04-2008,85.4,3645.0,79.44,2144.0,58.82,0.0,80.0,0.0
28-04-2008,85.4,3645.0,79.39,2132.0,58.49,0.0,80.0,0.0
29-04-2008,85.4,3645.0,79.34,2121.0,58.19,0.0,80.0,0.0
30-04-2008,85.4,3645.0,79.29,2110.0,57.89,0.0,80.0,0.0
01-05-2008,85.4,3645.0,79.24,2099.0,57.59,0.0,80.0,0.0
02-05-2008,85.4,3645.0,79.19,2088.0,57.28,0.0,80.0,0.0
03-05-2008,85.4,3645.0,79.14,2077.0,56.98,0.0,80.0,0.0
04-05-2008,85.4,3645.0,79.09,2066.0,56.68,0.0,80.0,0.0
05-05-2008,85.4,3645.0,79.04,2056.0,56.41,0.0,80.0,0.0
06-05-2008,85.4,3645.0,78.99,2045.0,56.1,0.0,80.0,0.0
07-05-2008,85.4,3645.0,78.94,2034.0,55.8,0.0,80.0,0.0
08-05-2008,85.4,3645.0,78.89,2023.0,55.5,0.0,80.0,0.0
09-05-2008,85.4,3645.0,78.83,2010.0,55.14,0.0,80.0,0.0
10-05-2008,85.4,3645.0,78.77,1998.0,54.81,0.0,80.0,0.0
11-05-2008,85.4,3645.0,78.71,1985.0,54.46,0.0,80.0,0.0
12-05-2008,85.4,3645.0,78.65,1973.0,54.13,0.0,80.0,0.0
13-05-2008,85.4,3645.0,78.61,1964.0,53.88,45.0,80.0,0.0
14-05-2008,85.4,3645.0,78.61,1964.0,53.88,80.0,80.0,0.0
15-05-2008,85.4,3645.0,78.63,1969.0,54.02,160.0,80.0,14.0
16-05-2008,85.4,3645.0,78.63,1969.0,54.02,160.0,80.0,0.0
17-05-2008,85.4,3645.0,78.64,1971.0,54.07,160.0,80.0,0.0
18-05-2008,85.4,3645.0,78.66,1975.0,54.18,160.0,80.0,0.0
19-05-2008,85.4,3645.0,78.68,1979.0,54.29,160.0,80.0,0.0
20-05-2008,85.4,3645.0,78.7,1983.0,54.4,160.0,80.0,0.0
21-05-2008,85.4,3645.0,78.72,1987.0,54.51,160.0,80.0,0.0
22-05-2008,85.4,3645.0,78.74,1991.0,54.62,160.0,80.0,1.0
23-05-2008,85.4,3645.0,78.76,1996.0,54.76,160.0,80.0,0.0
24-05-2008,85.4,3645.0,78.78,2000.0,54.87,160.0,80.0,0.0
25-05-2008,85.4,3645.0,78.8,2004.0,54.98,160.0,80.0,0.0
26-05-2008,85.4,3645.0,78.82,2008.0,55.09,160.0,80.0,0.0
27-05-2008,85.4,3645.0,78.84,2012.0,55.2,160.0,80.0,0.0
28-05-2008,85.4,3645.0,78.86,2017.0,55.34,160.0,80.0,0.0
29-05-2008,85.4,3645.0,78.8,2021.0,55.45,160.0,80.0,0.0
30-05-2008,85.4,3645.0,78.9,2025.0,55.56,160.0,80.0,0.0
31-05-2008,85.4,3645.0,78.92,2030.0,55.69,160.0,80.0,0.0
01-06-2008,85.4,3645.0,78.94,2034.0,55.8,160.0,80.0,0.0
02-06-2008,85.4,3645.0,78.96,2038.0,55.91,160.0,80.0,0.0
03-06-2008,85.4,3645.0,78.98,2042.0,56.02,160.0,80.0,0.0
04-06-2008,85.4,3645.0,79.0,2047.0,56.16,160.0,80.0,0.0
05-06-2008,85.4,3645.0,79.02,2052.0,56.3,160.0,80.0,0.0
06-06-2008,85.4,3645.0,79.04,2056.0,56.41,160.0,80.0,0.0
07-06-2008,85.4,3645.0,79.06,2060.0,56.52,160.0,80.0,1.0
08-06-2008,85.4,3645.0,79.08,2065.0,56.65,160.0,80.0,0.0
09-06-2008,85.4,3645.0,79.1,2069.0,56.76,160.0,80.0,0.0
10-06-2008,85.4,3645.0,79.1,2069.0,56.76,80.0,80.0,0.0
11-06-2008,85.4,3645.0,79.07,2062.0,56.57,0.0,80.0,0.0
12-06-2008,85.4,3645.0,79.07,2062.0,56.57,80.0,80.0,23.0
13-06-2008,85.4,3645.0,79.04,2056.0,56.41,0.0,80.0,0.0
14-06-2008,85.4,3645.0,79.01,2049.0,56.21,0.0,80.0,0.0
15-06-2008,85.4,3645.0,78.98,2042.0,56.02,0.0,80.0,2.0
16-06-2008,85.4,3645.0,78.94,2034.0,55.8,0.0,80.0,0.0
17-06-2008,85.4,3645.0,78.9,2026.0,55.58,0.0,80.0,0.0
18-06-2008,85.4,3645.0,78.86,2018.0,55.36,0.0,80.0,0.0
19-06-2008,85.4,3645.0,78.82,2009.0,55.12,0.0,80.0,0.0
20-06-2008,85.4,3645.0,78.78,2000.0,54.87,0.0,80.0,0.0
21-06-2008,85.4,3645.0,78.74,1992.0,54.65,0.0,80.0,0.0
22-06-2008,85.4,3645.0,78.95,2036.0,55.86,590.0,80.0,57.0
23-06-2008,85.4,3645.0,78.92,2030.0,55.69,0.0,80.0,0.0
24-06-2008,85.4,3645.0,78.89,2023.0,55.5,0.0,80.0,0.0
25-06-2008,85.4,3645.0,78.86,2016.0,55.31,0.0,80.0,0.0
26-06-2008,85.4,3645.0,78.82,2008.0,55.09,0.0,80.0,6.0
27-06-2008,85.4,3645.0,78.78,2000.0,54.87,0.0,80.0,0.0
28-06-2008,85.4,3645.0,78.75,1994.0,54.71,0.0,80.0,2.0
29-06-2008,85.4,3645.0,78.72,1987.0,54.51,0.0,80.0,9.0
30-06-2008,85.4,3645.0,78.68,1979.0,54.29,0.0,80.0,0.0
01-07-2008,85.4,3645.0,78.64,1971.0,54.07,0.0,80.0,0.0
02-07-2008,85.4,3645.0,78.6,1962.0,53.83,0.0,80.0,0.0
03-07-2008,85.4,3645.0,78.56,1954.0,53.61,0.0,80.0,0.0
04-07-2008,85.4,3645.0,78.53,1947.0,53.42,0.0,80.0,9.0
05-07-2008,85.4,3645.0,78.49,1939.0,53.2,0.0,80.0,0.0
06-07-2008,85.4,3645.0,78.46,1932.0,53.0,0.0,80.0,0.0
07-07-2008,85.4,3645.0,78.42,1924.0,52.78,0.0,80.0,0.0
08-07-2008,85.4,3645.0,78.38,1916.0,52.57,0.0,80.0,0.0
09-07-2008,85.4,3645.0,78.34,1908.0,52.35,0.0,80.0,0.0
10-07-2008,85.4,3645.0,78.31,1901.0,52.15,0.0,80.0,14.0
11-07-2008,85.4,3645.0,78.27,1893.0,51.93,0.0,80.0,0.0
12-07-2008,85.4,3645.0,78.23,1885.0,51.71,0.0,80.0,0.0
13-07-2008,85.4,3645.0,78.19,1877.0,51.5,0.0,80.0,2.0
14-07-2008,85.4,3645.0,78.15,1869.0,51.28,0.0,80.0,0.0
15-07-2008,85.4,3645.0,78.11,1861.0,51.06,0.0,80.0,0.0
16-07-2008,85.4,3645.0,78.07,1852.0,50.81,0.0,80.0,0.0
17-07-2008,85.4,3645.0,78.03,1843.0,50.56,0.0,80.0,0.0
18-07-2008,85.4,3645.0,77.99,1835.0,50.34,0.0,80.0,0.0
19-07-2008,85.4,3645.0,77.95,1827.0,50.12,0.0,80.0,0.0
20-07-2008,85.4,3645.0,77.91,1819.0,49.9,0.0,80.0,0.0
21-07-2008,85.4,3645.0,77.87,1811.0,49.68,0.0,80.0,0.0
22-07-2008,85.4,3645.0,77.83,1803.0,49.47,0.0,80.0,0.0
23-07-2008,85.4,3645.0,77.79,1795.0,49.25,0.0,80.0,0.0
24-07-2008,85.4,3645.0,77.75,1788.0,49.05,0.0,80.0,0.0
25-07-2008,85.4,3645.0,77.71,1780.0,48.83,0.0,80.0,0.0
26-07-2008,85.4,3645.0,77.67,1772.0,48.61,0.0,80.0,0.0
27-07-2008,85.4,3645.0,77.63,1764.0,48.4,0.0,80.0,3.0
28-07-2008,85.4,3645.0,77.63,1764.0,48.4,80.0,80.0,13.0
29-07-2008,85.4,3645.0,77.6,1758.0,48.23,0.0,80.0,4.0
30-07-2008,85.4,3645.0,77.56,1750.0,48.01,0.0,80.0,0.0
31-07-2008,85.4,3645.0,77.52,1742.0,47.79,0.0,80.0,0.0
01-08-2008,85.4,3645.0,77.48,1734.0,47.57,0.0,80.0,0.0
02-08-2008,85.4,3645.0,77.44,1726.0,47.35,0.0,80.0,0.0
03-08-2008,85.4,3645.0,77.4,1718.0,47.13,0.0,80.0,0.0
04-08-2008,85.4,3645.0,77.36,1711.0,46.94,0.0,80.0,7.0
05-08-2008,85.4,3645.0,77.32,1703.0,46.72,0.0,80.0,0.0
06-08-2008,85.4,3645.0,77.28,1695.0,46.5,0.0,80.0,0.0
07-08-2008,85.4,3645.0,77.24,1687.0,46.28,0.0,80.0,0.0
08-08-2008,85.4,3645.0,77.19,1678.0,46.04,0.0,80.0,0.0
09-08-2008,85.4,3645.0,77.19,1678.0,46.04,80.0,80.0,27.0
10-08-2008,85.4,3645.0,77.14,1669.0,45.79,0.0,80.0,0.0
11-08-2008,85.4,3645.0,77.09,1660.0,45.54,0.0,80.0,0.0
12-08-2008,85.4,3645.0,77.04,1650.0,45.27,0.0,80.0,0.0
13-08-2008,85.4,3645.0,76.99,1640.0,44.99,0.0,80.0,0.0
14-08-2008,85.4,3645.0,76.94,1631.0,44.75,0.0,80.0,0.0
15-08-2008,85.4,3645.0,76.89,1621.0,44.47,0.0,80.0,0.0
16-08-2008,85.4,3645.0,76.84,1611.0,44.2,0.0,80.0,0.0
17-08-2008,85.4,3645.0,76.79,1602.0,43.95,0.0,80.0,0.0
18-08-2008,85.4,3645.0,76.79,1602.0,43.95,80.0,80.0,15.0
19-08-2008,85.4,3645.0,76.74,1593.0,43.7,0.0,80.0,0.0
20-08-2008,85.4,3645.0,76.74,1593.0,43.7,80.0,80.0,15.0
21-08-2008,85.4,3645.0,76.69,1584.0,43.46,0.0,80.0,0.0
22-08-2008,85.4,3645.0,76.64,1575.0,43.21,0.0,80.0,0.0
23-08-2008,85.4,3645.0,76.59,1566.0,42.96,0.0,80.0,0.0
24-08-2008,85.4,3645.0,76.54,1557.0,42.72,0.0,80.0,0.0
25-08-2008,85.4,3645.0,76.46,1548.0,42.47,0.0,80.0,0.0
26-08-2008,85.4,3645.0,76.44,1539.0,42.22,0.0,80.0,0.0
27-08-2008,85.4,3645.0,76.39,1529.0,41.95,0.0,80.0,0.0
28-08-2008,85.4,3645.0,76.34,1520.0,41.7,0.0,80.0,0.0
29-08-2008,85.4,3645.0,76.29,1511.0,41.45,0.0,80.0,0.0
30-08-2008,85.4,3645.0,76.24,1502.0,41.21,0.0,80.0,0.0
31-08-2008,85.4,3645.0,76.19,1493.0,40.96,0.0,80.0,0.0
01-09-2008,85.4,3645.0,76.14,1484.0,40.71,0.0,80.0,0.0
02-09-2008,85.4,3645.0,76.09,1475.0,40.47,0.0,80.0,4.0
03-09-2008,85.4,3645.0,76.04,1466.0,40.22,0.0,80.0,0.0
04-09-2008,85.4,3645.0,75.99,1457.0,39.97,0.0,80.0,3.0
05-09-2008,85.4,3645.0,75.94,1448.0,39.73,0.0,80.0,0.0
06-09-2008,85.4,3645.0,75.89,1439.0,39.48,0.0,80.0,0.0
07-09-2008,85.4,3645.0,75.84,1430.0,39.23,0.0,80.0,0.0
08-09-2008,85.4,3645.0,75.84,1430.0,39.23,80.0,80.0,50.0
09-09-2008,85.4,3645.0,75.79,1422.0,39.01,0.0,80.0,0.0
10-09-2008,85.4,3645.0,75.74,1412.0,38.74,0.0,80.0,0.0
11-09-2008,85.4,3645.0,75.69,1403.0,38.49,0.0,80.0,0.0
12-09-2008,85.4,3645.0,75.64,1395.0,38.27,0.0,80.0,0.0
13-09-2008,85.4,3645.0,75.59,1386.0,38.02,0.0,80.0,0.0
14-09-2008,85.4,3645.0,75.54,1377.0,37.78,0.0,80.0,0.0
15-09-2008,85.4,3645.0,75.49,1368.0,37.53,0.0,80.0,8.0
16-09-2008,85.4,3645.0,75.44,1359.0,37.28,0.0,80.0,0.0
17-09-2008,85.4,3645.0,75.39,1351.0,37.06,0.0,80.0,0.0
18-09-2008,85.4,3645.0,75.34,1342.0,36.82,0.0,80.0,0.0
19-09-2008,85.4,3645.0,75.29,1334.0,36.6,0.0,80.0,0.0
20-09-2008,85.4,3645.0,75.24,1325.0,36.35,0.0,80.0,0.0
21-09-2008,85.4,3645.0,75.19,1316.0,36.1,0.0,80.0,3.0
22-09-2008,85.4,3645.0,75.14,1308.0,35.88,0.0,80.0,0.0
23-09-2008,85.4,3645.0,75.09,1300.0,35.67,0.0,80.0,0.0
24-09-2008,85.4,3645.0,75.04,1291.0,35.42,0.0,80.0,0.0
25-09-2008,85.4,3645.0,75.04,1291.0,35.42,80.0,80.0,25.0
26-09-2008,85.4,3645.0,74.99,1282.0,35.17,0.0,80.0,0.0
27-09-2008,85.4,3645.0,74.94,1274.0,34.95,0.0,80.0,0.0
28-09-2008,85.4,3645.0,74.89,1266.0,34.73,0.0,80.0,0.0
29-09-2008,85.4,3645.0,74.84,1257.0,34.49,0.0,80.0,0.0
30-09-2008,85.4,3645.0,74.84,1257.0,34.49,80.0,80.0,45.0
01-10-2008,85.4,3645.0,74.79,1249.0,34.27,0.0,80.0,0.0
02-10-2008,85.4,3645.0,74.74,1241.0,34.05,0.0,80.0,0.0
03-10-2008,85.4,3645.0,74.69,1233.0,33.83,0.0,80.0,0.0
04-10-2008,85.4,3645.0,74.64,1224.0,33.58,0.0,80.0,0.0
05-10-2008,85.4,3645.0,74.59,1216.0,33.36,0.0,80.0,3.0
06-10-2008,85.4,3645.0,74.54,1208.0,33.14,0.0,80.0,0.0
07-10-2008,85.4,3645.0,74.49,1200.0,32.92,0.0,80.0,0.0
08-10-2008,85.4,3645.0,74.44,1191.0,32.67,0.0,80.0,0.0
09-10-2008,85.4,3645.0,74.39,1183.0,32.46,0.0,80.0,0.0
10-10-2008,85.4,3645.0,74.34,1175.0,32.24,0.0,80.0,0.0
11-10-2008,85.4,3645.0,74.29,1167.0,32.02,0.0,80.0,0.0
12-10-2008,85.4,3645.0,74.24,1159.0,31.8,0.0,80.0,15.0
13-10-2008,85.4,3645.0,74.34,1175.0,32.24,265.0,80.0,40.0
14-10-2008,85.4,3645.0,74.39,1183.0,32.46,180.0,80.0,25.0
15-10-2008,85.4,3645.0,74.39,1183.0,32.46,80.0,80.0,2.0
16-10-2008,85.4,3645.0,74.39,1183.0,32.46,80.0,80.0,8.0
17-10-2008,85.4,3645.0,74.39,1183.0,32.46,80.0,80.0,16.0
18-10-2008,85.4,3645.0,74.34,1175.0,32.24,0.0,80.0,6.0
19-10-2008,85.4,3645.0,74.39,1183.0,32.46,0.0,80.0,9.0
20-10-2008,85.4,3645.0,74.54,1208.0,33.14,369.0,80.0,39.0
21-10-2008,85.4,3645.0,75.19,1316.0,36.1,1320.0,70.0,122.0
22-10-2008,85.4,3645.0,75.68,1402.0,38.46,1065.0,70.0,22.0
23-10-2008,85.4,3645.0,76.25,1504.0,41.26,1250.0,70.0,37.0
24-10-2008,85.4,3645.0,76.65,1577.0,43.26,914.0,70.0,13.0
25-10-2008,85.4,3645.0,77.25,1691.0,46.39,1389.0,70.0,13.0
26-10-2008,85.4,3645.0,77.55,1749.0,47.98,741.0,70.0,0.0
27-10-2008,85.4,3645.0,77.66,1769.0,48.53,313.0,70.0,0.0
28-10-2008,85.4,3645.0,77.75,1788.0,49.05,278.0,70.0,0.0
29-10-2008,85.4,3645.0,77.84,1806.0,49.55,278.0,70.0,0.0
30-10-2008,85.4,3645.0,77.93,1824.0,50.04,278.0,70.0,0.0
31-10-2008,85.4,3645.0,78.0,1838.0,50.43,232.0,70.0,0.0
01-11-2008,85.4,3645.0,78.07,1852.0,50.81,232.0,70.0,0.0
02-11-2008,85.4,3645.0,78.14,1866.0,51.19,232.0,70.0,0.0
03-11-2008,85.4,3645.0,78.22,1883.0,51.66,267.0,70.0,0.0
04-11-2008,85.4,3645.0,78.31,1901.0,52.15,278.0,70.0,0.0
05-11-2008,85.4,3645.0,78.4,1919.0,52.65,278.0,70.0,0.0
06-11-2008,85.4,3645.0,78.49,1938.0,53.17,278.0,70.0,0.0
07-11-2008,85.4,3645.0,78.58,1957.0,53.69,290.0,70.0,0.0
08-11-2008,85.4,3645.0,78.67,1976.0,54.21,290.0,70.0,0.0
09-11-2008,85.4,3645.0,78.76,1995.0,54.73,290.0,70.0,0.0
10-11-2008,85.4,3645.0,78.84,2013.0,55.23,278.0,70.0,0.0
11-11-2008,85.4,3645.0,78.87,2019.0,55.39,140.0,70.0,2.0
12-11-2008,85.4,3645.0,78.87,2019.0,55.39,0.0,70.0,0.0
13-11-2008,85.4,3645.0,78.96,2038.0,55.91,290.0,70.0,0.0
14-11-2008,85.4,3645.0,79.03,2053.0,56.32,243.0,70.0,0.0
15-11-2008,85.4,3645.0,79.1,2069.0,56.76,255.0,70.0,0.0
16-11-2008,85.4,3645.0,79.18,2086.0,57.23,267.0,70.0,5.0
17-11-2008,85.4,3645.0,79.26,2105.0,57.75,290.0,70.0,0.0
18-11-2008,85.4,3645.0,79.34,2121.0,58.19,255.0,70.0,0.0
19-11-2008,85.4,3645.0,79.42,2140.0,58.71,290.0,70.0,0.0
20-11-2008,85.4,3645.0,79.51,2159.0,59.23,290.0,70.0,0.0
21-11-2008,85.4,3645.0,79.59,2178.0,59.75,290.0,70.0,0.0
22-11-2008,85.4,3645.0,78.81,2226.0,61.07,625.0,70.0,36.0
23-11-2008,85.4,3645.0,80.15,2305.0,63.24,984.0,70.0,38.0
24-11-2008,85.4,3645.0,80.41,2365.0,64.88,764.0,70.0,20.0
25-11-2008,85.4,3645.0,80.55,2398.0,65.79,452.0,70.0,0.0
26-11-2008,85.4,3645.0,81.05,2518.0,69.08,1469.0,70.0,93.0
27-11-2008,85.4,3645.0,82.73,2941.0,80.69,4966.0,70.0,138.0
28-11-2008,85.4,3645.0,83.45,3132.0,85.93,6002.0,8000.0,236.0
29-11-2008,85.4,3645.0,83.5,3146.0,86.31,6960.0,4000.0,37.0
30-11-2008,85.4,3645.0,83.43,3126.0,85.76,2700.0,3000.0,27.0
01-12-2008,85.4,3645.0,83.55,3158.0,86.64,2000.0,2000.0,14.0
02-12-2008,85.4,3645.0,83.5,3146.0,86.31,700.0,700.0,2.0
03-12-2008,85.4,3645.0,83.5,3146.0,86.31,300.0,300.0,0.0
04-12-2008,85.4,3645.0,83.53,3154.0,86.53,300.0,70.0,0.0
05-12-2008,85.4,3645.0,83.55,3159.0,86.67,300.0,70.0,0.0
06-12-2008,85.4,3645.0,83.55,3159.0,86.67,300.0,300.0,0.0
07-12-2008,85.4,3645.0,83.55,3159.0,86.67,300.0,300.0,0.0
08-12-2008,85.4,3645.0,83.53,3154.0,86.53,300.0,800.0,0.0
09-12-2008,85.4,3645.0,83.43,3127.0,85.79,50.0,70.0,2.0
10-12-2008,85.4,3645.0,83.43,3127.0,85.79,70.0,70.0,6.0
11-12-2008,85.4,3645.0,83.43,3127.0,85.79,70.0,70.0,0.0
12-12-2008,85.4,3645.0,83.42,3125.0,85.73,50.0,80.0,0.0
13-12-2008,85.4,3645.0,83.4,3120.0,85.6,40.0,80.0,0.0
14-12-2008,85.4,3645.0,83.38,3115.0,85.46,30.0,80.0,0.0
15-12-2008,85.4,3645.0,83.36,3110.0,85.32,30.0,80.0,0.0
16-12-2008,85.4,3645.0,83.34,3105.0,85.19,30.0,80.0,0.0
17-12-2008,85.4,3645.0,83.32,3100.0,85.05,30.0,80.0,0.0
18-12-2008,85.4,3645.0,83.3,3095.0,84.91,30.0,80.0,0.0
19-12-2008,85.4,3645.0,83.28,3089.0,84.75,20.0,80.0,0.0
20-12-2008,85.4,3645.0,83.25,3081.0,84.53,0.0,80.0,0.0
21-12-2008,85.4,3645.0,83.22,3073.0,84.31,0.0,80.0,0.0
22-12-2008,85.4,3645.0,83.19,3064.0,84.06,0.0,80.0,0.0
23-12-2008,85.4,3645.0,83.16,3055.0,83.81,0.0,80.0,0.0
24-12-2008,85.4,3645.0,83.13,3048.0,83.62,0.0,80.0,0.0
25-12-2008,85.4,3645.0,83.1,3039.0,83.37,0.0,80.0,0.0
26-12-2008,85.4,3645.0,83.06,3030.0,83.13,0.0,80.0,0.0
27-12-2008,85.4,3645.0,83.03,3021.0,82.88,0.0,80.0,0.0
28-12-2008,85.4,3645.0,83.0,3012.0,82.63,0.0,80.0,0.0
29-12-2008,85.4,3645.0,82.97,3003.0,82.39,0.0,80.0,0.0
30-12-2008,85.4,3645.0,82.94,2995.0,82.17,0.0,80.0,0.0
31-12-2008,85.4,3645.0,82.91,2987.0,81.95,0.0,80.0,0.0
01-01-2009,85.4,3645.0,82.88,2979.0,81.73,0.0,80.0,0.0
02-01-2009,85.4,3645.0,82.85,2972.0,81.54,0.0,80.0,0.0
03-01-2009,85.4,3645.0,82.81,2962.0,81.26,0.0,80.0,0.0
04-01-2009,85.4,3645.0,82.78,2954.0,81.04,0.0,80.0,0.0
05-01-2009,85.4,3645.0,82.75,2946.0,80.82,0.0,80.0,0.0
06-01-2009,85.4,3645.0,82.72,2938.0,80.6,0.0,80.0,0.0
07-01-2009,85.4,3645.0,82.68,2929.0,80.36,0.0,80.0,0.0
08-01-2009,85.4,3645.0,82.65,2921.0,80.14,0.0,80.0,16.0
09-01-2009,85.4,3645.0,82.62,2913.0,79.92,0.0,80.0,0.0
10-01-2009,85.4,3645.0,82.59,2905.0,79.7,0.0,80.0,0.0
11-01-2009,85.4,3645.0,82.55,2895.0,79.42,0.0,80.0,0.0
12-01-2009,85.4,3645.0,82.52,2886.0,79.18,0.0,80.0,0.0
13-01-2009,85.4,3645.0,82.48,2875.0,78.88,0.0,80.0,0.0
14-01-2009,85.4,3645.0,82.45,2865.0,78.6,0.0,80.0,0.0
15-01-2009,85.4,3645.0,82.41,2857.0,78.38,0.0,80.0,0.0
16-01-2009,85.4,3645.0,82.37,2848.0,78.13,0.0,80.0,0.0
17-01-2009,85.4,3645.0,82.33,2839.0,77.89,0.0,80.0,0.0
18-01-2009,85.4,3645.0,82.29,2828.0,77.59,0.0,80.0,0.0
19-01-2009,85.4,3645.0,82.25,2817.0,77.28,0.0,85.0,0.0
20-01-2009,85.4,3645.0,82.2,2804.0,76.93,0.0,85.0,0.0
21-01-2009,85.4,3645.0,82.16,2794.0,76.65,0.0,85.0,0.0
22-01-2009,85.4,3645.0,82.15,2791.0,76.57,0.0,15.0,0.0
23-01-2009,85.4,3645.0,82.13,2785.0,76.41,0.0,50.0,0.0
24-01-2009,85.4,3645.0,82.09,2775.0,76.13,0.0,85.0,0.0
25-01-2009,85.4,3645.0,82.05,2766.0,75.88,0.0,85.0,0.0
26-01-2009,85.4,3645.0,82.0,2753.0,75.53,0.0,85.0,0.0
27-01-2009,85.4,3645.0,81.95,2740.0,75.17,0.0,85.0,0.0
28-01-2009,85.4,3645.0,81.91,2728.0,74.84,0.0,85.0,0.0
29-01-2009,85.4,3645.0,81.86,2716.0,74.51,0.0,85.0,0.0
30-01-2009,85.4,3645.0,81.81,2703.0,74.16,0.0,85.0,0.0
31-01-2009,85.4,3645.0,81.76,2691.0,73.83,0.0,85.0,0.0
01-02-2009,85.4,3645.0,81.71,2679.0,73.5,0.0,85.0,0.0
02-02-2009,85.4,3645.0,81.66,2667.0,73.17,0.0,85.0,0.0
03-02-2009,85.4,3645.0,81.66,2667.0,73.17,140.0,85.0,0.0
04-02-2009,85.4,3645.0,81.67,2669.0,73.22,140.0,85.0,0.0
05-02-2009,85.4,3645.0,81.67,2669.0,73.22,140.0,85.0,0.0
06-02-2009,85.4,3645.0,81.69,2674.0,73.36,165.0,85.0,0.0
07-02-2009,85.4,3645.0,81.72,2682.0,73.58,165.0,85.0,0.0
08-02-2009,85.4,3645.0,81.74,2686.0,73.69,165.0,85.0,0.0
09-02-2009,85.4,3645.0,81.77,2692.0,73.85,165.0,85.0,0.0
10-02-2009,85.4,3645.0,81.78,2696.0,73.96,160.0,85.0,0.0
11-02-2009,85.4,3645.0,81.79,2698.0,74.02,150.0,85.0,0.0
12-02-2009,85.4,3645.0,81.8,2701.0,74.1,150.0,85.0,0.0
13-02-2009,85.4,3645.0,81.81,2704.0,74.18,150.0,85.0,0.0
14-02-2009,85.4,3645.0,81.81,2704.0,74.18,140.0,85.0,0.0
15-02-2009,85.4,3645.0,81.81,2704.0,74.18,140.0,85.0,0.0
16-02-2009,85.4,3645.0,81.82,2707.0,74.27,150.0,85.0,0.0
17-02-2009,85.4,3645.0,81.82,2709.0,74.32,140.0,85.0,0.0
18-02-2009,85.4,3645.0,81.83,2710.0,74.35,140.0,85.0,0.0
19-02-2009,85.4,3645.0,81.84,2712.0,74.4,130.0,85.0,0.0
20-02-2009,85.4,3645.0,81.85,2715.0,74.49,130.0,85.0,0.0
21-02-2009,85.4,3645.0,81.86,2718.0,74.57,130.0,80.0,0.0
22-02-2009,85.4,3645.0,81.87,2721.0,74.65,130.0,80.0,0.0
23-02-2009,85.4,3645.0,81.88,2724.0,74.73,130.0,80.0,0.0
24-02-2009,85.4,3645.0,81.9,2728.0,74.84,140.0,80.0,0.0
25-02-2009,85.4,3645.0,81.92,2732.0,74.95,140.0,80.0,0.0
26-02-2009,85.4,3645.0,81.94,2736.0,75.06,140.0,80.0,0.0
27-02-2009,85.4,3645.0,81.95,2739.0,75.14,130.0,80.0,0.0
28-02-2009,85.4,3645.0,81.92,2742.0,75.23,130.0,80.0,0.0
01-03-2009,85.4,3645.0,81.96,2742.0,75.23,120.0,80.0,0.0
02-03-2009,85.4,3645.0,81.96,2742.0,75.23,120.0,80.0,0.0
03-03-2009,85.4,3645.0,81.96,2742.0,75.23,120.0,80.0,0.0
04-03-2009,85.4,3645.0,81.95,2740.0,75.17,110.0,80.0,0.0
05-03-2009,85.4,3645.0,81.95,2740.0,75.17,120.0,80.0,0.0
06-03-2009,85.4,3645.0,81.98,2748.0,75.39,160.0,80.0,0.0
07-03-2009,85.4,3645.0,82.01,2756.0,75.61,160.0,80.0,0.0
08-03-2009,85.4,3645.0,82.04,2764.0,75.83,160.0,80.0,0.0
09-03-2009,85.4,3645.0,82.07,2771.0,76.02,160.0,80.0,0.0
10-03-2009,85.4,3645.0,82.1,2778.0,76.21,160.0,80.0,0.0
11-03-2009,85.4,3645.0,82.13,2786.0,76.43,160.0,80.0,0.0
12-03-2009,85.4,3645.0,82.15,2791.0,76.57,150.0,80.0,0.0
13-03-2009,85.4,3645.0,82.17,2797.0,76.74,160.0,80.0,0.0
14-03-2009,85.4,3645.0,82.2,2804.0,76.93,160.0,80.0,0.0
15-03-2009,85.4,3645.0,82.23,2812.0,77.15,180.0,80.0,0.0
16-03-2009,85.4,3645.0,82.27,2822.0,77.42,180.0,80.0,0.0
17-03-2009,85.4,3645.0,82.32,2835.0,77.78,180.0,80.0,0.0
18-03-2009,85.4,3645.0,82.37,2848.0,78.13,180.0,80.0,0.0
19-03-2009,85.4,3645.0,82.42,2859.0,78.44,180.0,80.0,0.0
20-03-2009,85.4,3645.0,82.47,2872.0,78.79,180.0,80.0,0.0
21-03-2009,85.4,3645.0,82.51,2884.0,79.12,170.0,80.0,0.0
22-03-2009,85.4,3645.0,82.54,2892.0,79.34,160.0,80.0,0.0
23-03-2009,85.4,3645.0,82.57,2900.0,79.56,160.0,80.0,0.0
24-03-2009,85.4,3645.0,82.6,2908.0,79.78,160.0,80.0,0.0
25-03-2009,85.4,3645.0,82.63,2916.0,80.0,160.0,80.0,0.0
26-03-2009,85.4,3645.0,82.66,2924.0,80.22,160.0,80.0,0.0
27-03-2009,85.4,3645.0,82.68,2929.0,80.36,140.0,80.0,0.0
28-03-2009,85.4,3645.0,82.68,2929.0,80.36,120.0,80.0,0.0
29-03-2009,85.4,3645.0,82.68,2929.0,80.36,120.0,80.0,0.0
30-03-2009,85.4,3645.0,82.68,2929.0,80.36,120.0,80.0,0.0
31-03-2009,85.4,3645.0,82.68,2929.0,80.36,120.0,80.0,0.0
01-04-2009,85.4,3645.0,82.68,2929.0,80.36,120.0,80.0,0.0
02-04-2009,85.4,3645.0,82.68,2929.0,80.36,120.0,80.0,0.0
03-04-2009,85.4,3645.0,82.68,2929.0,80.36,120.0,80.0,0.0
04-04-2009,85.4,3645.0,82.68,2929.0,80.36,120.0,80.0,0.0
05-04-2009,85.4,3645.0,82.68,2929.0,80.36,120.0,80.0,0.0
06-04-2009,85.4,3645.0,82.68,2929.0,80.36,120.0,80.0,0.0
07-04-2009,85.4,3645.0,82.65,2921.0,80.14,0.0,80.0,0.0
08-04-2009,85.4,3645.0,82.6,2907.0,79.75,0.0,80.0,0.0
09-04-2009,85.4,3645.0,82.54,2892.0,79.34,0.0,100.0,0.0
10-04-2009,85.4,3645.0,82.49,2878.0,78.96,0.0,100.0,0.0
11-04-2009,85.4,3645.0,82.43,2861.0,78.49,0.0,100.0,0.0
12-04-2009,85.4,3645.0,82.37,2848.0,78.13,0.0,100.0,0.0
13-04-2009,85.4,3645.0,82.31,2832.0,77.7,0.0,100.0,0.0
14-04-2009,85.4,3645.0,82.25,2817.0,77.28,0.0,100.0,0.0
15-04-2009,85.4,3645.0,82.19,2802.0,76.87,0.0,100.0,0.0
16-04-2009,85.4,3645.0,82.13,2786.0,76.43,0.0,100.0,0.0
17-04-2009,85.4,3645.0,82.07,2771.0,76.02,0.0,100.0,0.0
18-04-2009,85.4,3645.0,82.01,2756.0,75.61,0.0,100.0,0.0
19-04-2009,85.4,3645.0,81.95,2740.0,75.17,0.0,100.0,0.0
20-04-2009,85.4,3645.0,81.89,2725.0,74.76,0.0,100.0,0.0
21-04-2009,85.4,3645.0,81.83,2710.0,74.35,0.0,100.0,0.0
22-04-2009,85.4,3645.0,81.77,2695.0,73.94,0.0,100.0,0.0
23-04-2009,85.4,3645.0,81.71,2680.0,73.53,0.0,100.0,0.0
24-04-2009,85.4,3645.0,81.65,2665.0,73.11,0.0,100.0,0.0
25-04-2009,85.4,3645.0,81.59,2650.0,72.7,0.0,100.0,0.0
26-04-2009,85.4,3645.0,81.53,2635.0,72.29,0.0,100.0,0.0
27-04-2009,85.4,3645.0,81.47,2620.0,71.88,0.0,100.0,0.0
28-04-2009,85.4,3645.0,81.41,2605.0,71.47,0.0,100.0,0.0
29-04-2009,85.4,3645.0,81.35,2590.0,71.06,0.0,100.0,0.0
30-04-2009,85.4,3645.0,81.29,2575.0,70.64,0.0,100.0,0.0
01-05-2009,85.4,3645.0,81.23,2560.0,70.23,0.0,100.0,0.0
02-05-2009,85.4,3645.0,81.17,2546.0,69.85,0.0,100.0,0.0
03-05-2009,85.4,3645.0,81.11,2532.0,69.47,0.0,100.0,0.0
04-05-2009,85.4,3645.0,81.05,2517.0,69.05,0.0,100.0,0.0
05-05-2009,85.4,3645.0,80.99,2502.0,68.64,0.0,100.0,1.0
06-05-2009,85.4,3645.0,80.93,2487.0,68.23,0.0,105.0,0.0
07-05-2009,85.4,3645.0,80.87,2472.0,67.82,0.0,105.0,0.0
08-05-2009,85.4,3645.0,80.81,2458.0,67.43,0.0,105.0,0.0
09-05-2009,85.4,3645.0,80.75,2444.0,67.05,0.0,105.0,0.0
10-05-2009,85.4,3645.0,80.69,2429.0,66.64,0.0,105.0,0.0
11-05-2009,85.4,3645.0,80.63,2415.0,66.26,0.0,105.0,0.0
12-05-2009,85.4,3645.0,80.57,2401.0,65.87,0.0,105.0,0.0
13-05-2009,85.4,3645.0,80.51,2384.0,65.4,0.0,105.0,0.0
14-05-2009,85.4,3645.0,80.44,2372.0,65.08,0.0,105.0,0.0
15-05-2009,85.4,3645.0,80.38,2358.0,64.69,0.0,105.0,0.0
16-05-2009,85.4,3645.0,80.32,2344.0,64.31,0.0,105.0,2.0
17-05-2009,85.4,3645.0,80.26,2330.0,63.92,0.0,105.0,0.0
18-05-2009,85.4,3645.0,80.2,2316.0,63.54,0.0,105.0,0.0
19-05-2009,85.4,3645.0,80.13,2300.0,63.1,0.0,110.0,0.0
20-05-2009,85.4,3645.0,80.06,2284.0,62.66,0.0,110.0,0.0
21-05-2009,85.4,3645.0,79.99,2268.0,62.22,0.0,110.0,0.0
22-05-2009,85.4,3645.0,79.92,2252.0,61.78,0.0,110.0,0.0
23-05-2009,85.4,3645.0,79.85,2236.0,61.34,0.0,110.0,0.0
24-05-2009,85.4,3645.0,79.78,2220.0,60.91,0.0,110.0,1.0
25-05-2009,85.4,3645.0,79.71,2204.0,60.47,0.0,110.0,0.0
26-05-2009,85.4,3645.0,79.62,2184.0,59.92,0.0,120.0,0.0
27-05-2009,85.4,3645.0,79.53,2164.0,59.37,0.0,120.0,0.0
28-05-2009,85.4,3645.0,79.44,2144.0,58.82,0.0,140.0,0.0
29-05-2009,85.4,3645.0,79.35,2124.0,58.27,0.0,140.0,0.0
30-05-2009,85.4,3645.0,79.26,2104.0,57.72,0.0,140.0,0.0
31-05-2009,85.4,3645.0,79.17,2084.0,57.17,0.0,140.0,0.0
01-06-2009,85.4,3645.0,79.08,2064.0,56.63,0.0,140.0,0.0
02-06-2009,85.4,3645.0,78.99,2044.0,56.08,0.0,140.0,0.0
03-06-2009,85.4,3645.0,78.9,2024.0,55.53,0.0,140.0,0.0
04-06-2009,85.4,3645.0,78.81,2004.0,54.98,0.0,140.0,0.0
05-06-2009,85.4,3645.0,78.71,1985.0,54.46,0.0,140.0,0.0
06-06-2009,85.4,3645.0,78.61,1964.0,53.88,0.0,140.0,0.0
07-06-2009,85.4,3645.0,78.51,1943.0,53.31,0.0,150.0,0.0
08-06-2009,85.4,3645.0,78.41,1922.0,52.73,0.0,150.0,0.0
09-06-2009,85.4,3645.0,78.31,1901.0,52.15,0.0,150.0,0.0
10-06-2009,85.4,3645.0,78.21,1880.0,51.58,0.0,150.0,0.0
11-06-2009,85.4,3645.0,78.11,1859.0,51.0,0.0,150.0,0.0
12-06-2009,85.4,3645.0,78.01,1839.0,50.45,0.0,150.0,0.0
13-06-2009,85.4,3645.0,77.91,1819.0,49.9,0.0,150.0,0.0
14-06-2009,85.4,3645.0,77.81,1799.0,49.36,0.0,150.0,0.0
15-06-2009,85.4,3645.0,77.71,1779.0,48.81,0.0,150.0,0.0
16-06-2009,85.4,3645.0,77.61,1759.0,48.26,0.0,150.0,3.0
17-06-2009,85.4,3645.0,77.51,1739.0,47.71,0.0,150.0,0.0
18-06-2009,85.4,3645.0,77.41,1720.0,47.19,0.0,150.0,0.0
19-06-2009,85.4,3645.0,77.31,1701.0,46.67,0.0,150.0,0.0
20-06-2009,85.4,3645.0,77.21,1682.0,46.15,0.0,150.0,0.0
21-06-2009,85.4,3645.0,77.11,1663.0,45.62,0.0,150.0,3.0
22-06-2009,85.4,3645.0,77.01,1644.0,45.1,0.0,150.0,0.0
23-06-2009,85.4,3645.0,76.91,1624.0,44.55,0.0,150.0,0.0
24-06-2009,85.4,3645.0,76.81,1605.0,44.03,0.0,150.0,0.0
25-06-2009,85.4,3645.0,76.71,1586.0,43.51,0.0,150.0,0.0
26-06-2009,85.4,3645.0,76.61,1567.0,42.99,0.0,150.0,2.0
27-06-2009,85.4,3645.0,76.51,1551.0,42.55,0.0,150.0,0.0
28-06-2009,85.4,3645.0,76.41,1533.0,42.06,0.0,150.0,13.0
29-06-2009,85.4,3645.0,76.31,1515.0,41.56,0.0,150.0,1.0
30-06-2009,85.4,3645.0,76.21,1496.0,41.04,0.0,150.0,0.0
01-07-2009,85.4,3645.0,76.11,1478.0,40.55,0.0,150.0,0.0
02-07-2009,85.4,3645.0,76.01,1460.0,40.05,0.0,150.0,0.0
03-07-2009,85.4,3645.0,75.9,1440.0,39.51,0.0,150.0,4.0
04-07-2009,85.4,3645.0,75.79,1421.0,38.98,0.0,150.0,0.0
05-07-2009,85.4,3645.0,75.68,1402.0,38.46,0.0,150.0,3.0
06-07-2009,85.4,3645.0,75.57,1383.0,37.94,0.0,150.0,0.0
07-07-2009,85.4,3645.0,75.46,1363.0,37.39,0.0,150.0,0.0
08-07-2009,85.4,3645.0,75.35,1344.0,36.87,0.0,150.0,0.0
09-07-2009,85.4,3645.0,75.25,1327.0,36.41,0.0,140.0,0.0
10-07-2009,85.4,3645.0,75.15,1310.0,35.94,0.0,140.0,0.0
11-07-2009,85.4,3645.0,75.05,1293.0,35.47,0.0,140.0,0.0
12-07-2009,85.4,3645.0,74.95,1276.0,35.01,0.0,140.0,0.0
13-07-2009,85.4,3645.0,74.85,1259.0,34.54,0.0,140.0,0.0
14-07-2009,85.4,3645.0,74.75,1242.0,34.07,0.0,140.0,0.0
15-07-2009,85.4,3645.0,74.65,1225.0,33.61,0.0,140.0,0.0
16-07-2009,85.4,3645.0,74.55,1209.0,33.17,0.0,140.0,0.0
17-07-2009,85.4,3645.0,74.45,1193.0,32.73,0.0,140.0,0.0
18-07-2009,85.4,3645.0,74.35,1177.0,32.29,0.0,140.0,0.0
19-07-2009,85.4,3645.0,74.25,1161.0,31.85,0.0,140.0,0.0
20-07-2009,85.4,3645.0,74.15,1145.0,31.41,0.0,140.0,5.0
21-07-2009,85.4,3645.0,74.05,1129.0,30.97,0.0,140.0,0.0
22-07-2009,85.4,3645.0,73.95,1113.0,30.53,0.0,140.0,0.0
23-07-2009,85.4,3645.0,73.85,1098.0,30.12,0.0,140.0,0.0
24-07-2009,85.4,3645.0,73.75,1083.0,29.71,0.0,140.0,0.0
25-07-2009,85.4,3645.0,73.64,1066.0,29.25,0.0,140.0,0.0
26-07-2009,85.4,3645.0,73.54,1050.0,28.81,0.0,140.0,0.0
27-07-2009,85.4,3645.0,73.44,1034.0,28.37,0.0,140.0,0.0
28-07-2009,85.4,3645.0,73.37,1025.0,28.12,0.0,80.0,21.0
29-07-2009,85.4,3645.0,73.3,1015.0,27.85,0.0,80.0,8.0
30-07-2009,85.4,3645.0,73.19,999.0,27.41,0.0,140.0,2.0
31-07-2009,85.4,3645.0,73.19,999.0,27.41,130.0,130.0,30.0
01-08-2009,85.4,3645.0,73.19,999.0,27.41,130.0,130.0,10.0
02-08-2009,85.4,3645.0,73.1,985.0,27.02,0.0,130.0,5.0
03-08-2009,85.4,3645.0,73.0,970.0,26.61,0.0,130.0,0.0
04-08-2009,85.4,3645.0,72.9,955.0,26.2,0.0,130.0,0.0
05-08-2009,85.4,3645.0,72.8,940.0,25.79,0.0,130.0,26.0
06-08-2009,85.4,3645.0,72.69,925.0,25.38,0.0,130.0,0.0
07-08-2009,85.4,3645.0,72.58,910.0,24.97,0.0,130.0,0.0
08-08-2009,85.4,3645.0,72.47,895.0,24.55,0.0,130.0,0.0
09-08-2009,85.4,3645.0,72.37,880.0,24.14,0.0,130.0,5.0
10-08-2009,85.4,3645.0,72.27,865.0,23.73,0.0,130.0,0.0
11-08-2009,85.4,3645.0,72.17,850.0,23.32,0.0,130.0,0.0
12-08-2009,85.4,3645.0,72.05,836.0,22.94,0.0,130.0,0.0
13-08-2009,85.4,3645.0,71.94,821.0,22.52,0.0,130.0,0.0
14-08-2009,85.4,3645.0,71.83,806.0,22.11,0.0,130.0,0.0
15-08-2009,85.4,3645.0,71.83,806.0,22.11,130.0,130.0,65.0
16-08-2009,85.4,3645.0,71.83,806.0,22.11,130.0,130.0,0.0
17-08-2009,85.4,3645.0,71.83,806.0,22.11,130.0,130.0,0.0
18-08-2009,85.4,3645.0,71.83,806.0,22.11,130.0,130.0,15.0
19-08-2009,85.4,3645.0,71.83,806.0,22.11,130.0,130.0,0.0
20-08-2009,85.4,3645.0,71.83,806.0,22.11,130.0,130.0,0.0
21-08-2009,85.4,3645.0,71.82,805.0,22.09,120.0,130.0,0.0
22-08-2009,85.4,3645.0,71.77,798.0,21.89,90.0,130.0,0.0
23-08-2009,85.4,3645.0,71.71,790.0,21.67,90.0,130.0,0.0
24-08-2009,85.4,3645.0,71.67,785.0,21.54,50.0,130.0,0.0
25-08-2009,85.4,3645.0,71.63,780.0,21.4,50.0,70.0,2.0
26-08-2009,85.4,3645.0,71.57,772.0,21.18,20.0,70.0,0.0
27-08-2009,85.4,3645.0,71.52,765.0,20.99,0.0,70.0,20.0
28-08-2009,85.4,3645.0,71.46,757.0,20.77,0.0,70.0,0.0
29-08-2009,85.4,3645.0,71.4,749.0,20.55,0.0,70.0,0.0
30-08-2009,85.4,3645.0,71.35,743.0,20.38,20.0,70.0,0.0
31-08-2009,85.4,3645.0,71.28,734.0,20.14,15.0,90.0,15.0
01-09-2009,85.4,3645.0,71.21,725.0,19.89,15.0,90.0,30.0
02-09-2009,85.4,3645.0,71.14,716.0,19.64,10.0,90.0,6.0
03-09-2009,85.4,3645.0,71.07,707.0,19.4,10.0,90.0,2.0
04-09-2009,85.4,3645.0,71.0,698.0,19.15,10.0,90.0,12.0
05-09-2009,85.4,3645.0,70.93,689.0,18.9,10.0,90.0,0.0
06-09-2009,85.4,3645.0,70.86,680.0,18.66,10.0,90.0,0.0
07-09-2009,85.4,3645.0,70.81,674.0,18.49,10.0,70.0,0.0
08-09-2009,85.4,3645.0,70.76,667.0,18.3,10.0,70.0,0.0
09-09-2009,85.4,3645.0,70.71,660.0,18.11,10.0,70.0,0.0
10-09-2009,85.4,3645.0,70.64,653.0,17.91,10.0,70.0,0.0
11-09-2009,85.4,3645.0,70.57,644.0,17.67,10.0,70.0,0.0
12-09-2009,85.4,3645.0,70.5,636.0,17.45,10.0,70.0,0.0
13-09-2009,85.4,3645.0,70.43,627.0,17.2,10.0,70.0,0.0
14-09-2009,85.4,3645.0,70.36,618.0,16.95,10.0,70.0,0.0
15-09-2009,85.4,3645.0,70.29,610.0,16.74,10.0,70.0,0.0
16-09-2009,85.4,3645.0,70.22,602.0,16.52,10.0,70.0,0.0
17-09-2009,85.4,3645.0,70.22,602.0,16.52,70.0,70.0,24.0
18-09-2009,85.4,3645.0,70.15,594.0,16.3,10.0,70.0,0.0
19-09-2009,85.4,3645.0,70.08,585.0,16.05,10.0,70.0,0.0
20-09-2009,85.4,3645.0,70.0,576.0,15.8,10.0,70.0,1.0
21-09-2009,85.4,3645.0,69.91,567.0,15.56,0.0,70.0,0.0
22-09-2009,85.4,3645.0,69.84,558.0,15.31,0.0,80.0,3.0
23-09-2009,85.4,3645.0,69.77,549.0,15.06,0.0,80.0,0.0
24-09-2009,85.4,3645.0,69.7,541.0,14.84,0.0,80.0,3.0
25-09-2009,85.4,3645.0,69.63,533.0,14.62,0.0,80.0,0.0
26-09-2009,85.4,3645.0,69.56,525.0,14.4,0.0,80.0,1.0
27-09-2009,85.4,3645.0,69.49,517.0,14.18,0.0,80.0,0.0
28-09-2009,85.4,3645.0,69.42,509.0,13.96,0.0,80.0,7.0
29-09-2009,85.4,3645.0,69.35,501.0,13.74,0.0,80.0,0.0
30-09-2009,85.4,3645.0,69.28,493.0,13.53,0.0,80.0,5.0
01-10-2009,85.4,3645.0,69.21,486.0,13.33,0.0,80.0,0.0
02-10-2009,85.4,3645.0,69.15,479.0,13.14,0.0,70.0,0.0
03-10-2009,85.4,3645.0,69.09,473.0,12.98,0.0,70.0,0.0
04-10-2009,85.4,3645.0,69.03,466.0,12.78,0.0,70.0,0.0
05-10-2009,85.4,3645.0,68.97,459.0,12.59,0.0,70.0,0.0
06-10-2009,85.4,3645.0,68.9,452.0,12.4,0.0,70.0,0.0
07-10-2009,85.4,3645.0,68.83,445.0,12.21,0.0,70.0,0.0
08-10-2009,85.4,3645.0,68.76,437.0,11.99,0.0,70.0,0.0
09-10-2009,85.4,3645.0,68.7,431.0,11.82,0.0,70.0,0.0
10-10-2009,85.4,3645.0,68.64,425.0,11.66,0.0,70.0,0.0
11-10-2009,85.4,3645.0,68.58,419.0,11.5,0.0,70.0,0.0
12-10-2009,85.4,3645.0,68.52,412.0,11.3,0.0,70.0,0.0
13-10-2009,85.4,3645.0,68.46,406.0,11.14,0.0,70.0,0.0
14-10-2009,85.4,3645.0,68.46,406.0,11.14,70.0,70.0,15.0
15-10-2009,85.4,3645.0,68.4,400.0,10.97,0.0,70.0,0.0
16-10-2009,85.4,3645.0,68.38,394.0,10.81,0.0,70.0,0.0
17-10-2009,85.4,3645.0,68.28,388.0,10.64,0.0,70.0,0.0
18-10-2009,85.4,3645.0,68.22,382.0,10.48,0.0,70.0,0.0
19-10-2009,85.4,3645.0,68.16,376.0,10.32,0.0,70.0,0.0
20-10-2009,85.4,3645.0,68.1,370.0,10.15,0.0,70.0,0.0
21-10-2009,85.4,3645.0,68.04,364.0,9.99,0.0,70.0,0.0
22-10-2009,85.4,3645.0,67.98,358.0,9.82,0.0,70.0,0.0
23-10-2009,85.4,3645.0,68.1,371.0,10.18,210.0,70.0,0.0
24-10-2009,85.4,3645.0,68.24,385.0,10.56,230.0,70.0,0.0
25-10-2009,85.4,3645.0,68.38,399.0,10.95,230.0,70.0,0.0
26-10-2009,85.4,3645.0,68.52,412.0,11.3,220.0,70.0,0.0
27-10-2009,85.4,3645.0,68.66,427.0,11.71,230.0,70.0,1.0
28-10-2009,85.4,3645.0,68.8,444.0,12.18,230.0,70.0,6.0
29-10-2009,85.4,3645.0,69.15,480.0,13.17,480.0,70.0,41.0
30-10-2009,85.4,3645.0,69.37,503.0,13.8,320.0,70.0,12.0
31-10-2009,85.4,3645.0,69.52,520.0,14.27,270.0,70.0,0.0
01-11-2009,85.4,3645.0,69.64,534.0,14.65,230.0,70.0,0.0
02-11-2009,85.4,3645.0,69.75,548.0,15.03,220.0,70.0,0.0
03-11-2009,85.4,3645.0,70.0,576.0,15.8,370.0,70.0,41.0
04-11-2009,85.4,3645.0,70.07,584.0,16.02,300.0,70.0,10.0
05-11-2009,85.4,3645.0,71.2,724.0,19.86,1620.0,60.0,125.0
06-11-2009,85.4,3645.0,72.1,843.0,23.13,1377.0,60.0,80.0
07-11-2009,85.4,3645.0,73.4,1029.0,28.23,2153.0,60.0,140.0
08-11-2009,85.4,3645.0,74.55,1210.0,33.2,2095.0,60.0,151.0
09-11-2009,85.4,3645.0,75.35,1344.0,36.87,1556.0,60.0,98.0
10-11-2009,85.4,3645.0,75.9,1441.0,39.53,1116.0,60.0,27.0
11-11-2009,85.4,3645.0,76.1,1477.0,40.52,470.0,60.0,14.0
12-11-2009,85.4,3645.0,76.15,1486.0,40.77,165.0,60.0,0.0
13-11-2009,85.4,3645.0,76.15,1486.0,40.77,60.0,60.0,0.0
14-11-2009,85.4,3645.0,76.1,1476.93,40.52,0.0,60.0,0.0
15-11-2009,85.4,3645.0,76.3,1513.09,41.51,478.52,60.0,47.0
16-11-2009,85.4,3645.0,76.6,1568.33,43.03,699.35,60.0,36.0
17-11-2009,85.4,3645.0,76.7,1586.91,43.54,275.0,60.0,0.0
18-11-2009,85.4,3645.0,76.75,1596.2,43.79,167.5,60.0,2.0
19-11-2009,85.4,3645.0,76.8,1605.0,44.03,167.0,60.0,39.0
20-11-2009,85.4,3645.0,76.8,1605.0,44.03,60.0,60.0,3.0
21-11-2009,85.4,3645.0,76.8,1605.0,44.03,60.0,60.0,2.0
22-11-2009,85.4,3645.0,76.8,1605.0,44.03,60.0,60.0,2.0
23-11-2009,85.4,3645.0,76.8,1605.0,44.03,60.0,60.0,0.0
24-11-2009,85.4,3645.0,76.8,1605.0,44.03,60.0,60.0,1.0
25-11-2009,85.4,3645.0,76.8,1605.0,44.03,60.0,60.0,2.0
26-11-2009,85.4,3645.0,76.75,1596.0,43.79,0.0,60.0,0.0
27-11-2009,85.4,3645.0,76.71,1589.0,43.59,0.0,60.0,0.0
28-11-2009,85.4,3645.0,76.66,1579.0,43.32,0.0,60.0,0.0
29-11-2009,85.4,3645.0,76.61,1570.0,43.07,0.0,60.0,0.0
30-11-2009,85.4,3645.0,76.65,1561.0,42.83,0.0,60.0,0.0
01-12-2009,85.4,3645.0,76.52,1552.0,42.58,0.0,60.0,0.0
02-12-2009,85.4,3645.0,76.55,1559.0,42.77,146.0,60.0,12.0
03-12-2009,85.4,3645.0,76.55,1559.0,42.77,60.0,60.0,7.0
04-12-2009,85.4,3645.0,76.57,1563.0,42.88,103.0,60.0,37.0
05-12-2009,85.4,3645.0,76.57,1563.0,42.88,60.0,60.0,0.0
06-12-2009,85.4,3645.0,76.55,1559.0,42.77,30.0,60.0,0.0
07-12-2009,85.4,3645.0,76.52,1553.0,42.61,0.0,60.0,0.0
08-12-2009,85.4,3645.0,76.49,1548.0,42.47,0.0,60.0,0.0
09-12-2009,85.4,3645.0,76.45,1540.0,42.25,0.0,60.0,0.0
10-12-2009,85.4,3645.0,76.41,1533.0,42.06,0.0,70.0,0.0
11-12-2009,85.4,3645.0,76.37,1526.0,41.87,0.0,70.0,0.0
12-12-2009,85.4,3645.0,76.33,1519.0,41.67,0.0,70.0,1.0
13-12-2009,85.4,3645.0,76.65,1578.0,43.29,754.0,70.0,51.0
14-12-2009,85.4,3645.0,76.95,1634.0,44.83,718.0,70.0,3.0
15-12-2009,85.4,3645.0,77.05,1652.69,45.34,290.83,70.0,0.0
16-12-2009,85.4,3645.0,77.7,1779.0,48.81,1527.0,70.0,96.0
17-12-2009,85.4,3645.0,78.05,1849.0,50.73,880.0,70.0,7.0
18-12-2009,85.4,3645.0,78.3,1900.0,52.13,700.0,70.0,10.0
19-12-2009,85.4,3645.0,78.5,1941.0,53.25,550.0,70.0,0.0
20-12-2009,85.4,3645.0,78.75,1994.0,54.71,681.0,70.0,2.0
21-12-2009,85.4,3645.0,79.0,2047.0,56.16,690.0,70.0,25.0
22-12-2009,85.4,3645.0,79.5,2157.0,59.18,1332.0,60.0,24.0
23-12-2009,85.4,3645.0,80.15,2305.0,63.24,1771.0,60.0,0.0
24-12-2009,85.4,3645.0,80.6,2410.0,66.12,1278.0,60.0,0.0
25-12-2009,85.4,3645.0,80.85,2470.0,67.76,746.0,60.0,0.0
26-12-2009,85.4,3645.0,80.95,2494.0,68.42,338.0,60.0,0.0
27-12-2009,85.4,3645.0,81.0,2506.0,68.75,201.0,60.0,0.0
28-12-2009,85.4,3645.0,81.0,2506.0,68.75,60.0,60.0,0.0
29-12-2009,85.4,3645.0,81.0,2506.0,68.75,60.0,60.0,0.0
30-12-2009,85.4,3645.0,81.0,2506.0,68.75,60.0,60.0,0.0
31-12-2009,85.4,3645.0,81.0,2506.0,68.75,60.0,60.0,0.0
01-01-2010,85.4,3645.0,80.96,2496.0,68.48,0.0,70.0,0.0
02-01-2010,85.4,3645.0,80.92,2486.0,68.2,0.0,70.0,0.0
03-01-2010,85.4,3645.0,80.92,2486.0,68.2,70.0,70.0,0.0
04-01-2010,85.4,3645.0,80.89,2479.0,68.01,70.0,70.0,0.0
05-01-2010,85.4,3645.0,80.86,2472.0,67.82,0.0,70.0,0.0
06-01-2010,85.4,3645.0,80.83,2465.0,67.63,0.0,70.0,0.0
07-01-2010,85.4,3645.0,80.8,2458.0,67.43,0.0,70.0,0.0
08-01-2010,85.4,3645.0,80.77,2451.0,67.24,0.0,70.0,0.0
09-01-2010,85.4,3645.0,80.74,2443.0,67.02,0.0,70.0,1.0
10-01-2010,85.4,3645.0,80.71,2436.0,66.83,0.0,70.0,0.0
11-01-2010,85.4,3645.0,80.68,2429.0,66.64,0.0,70.0,0.0
12-01-2010,85.4,3645.0,80.65,2422.0,66.45,0.0,70.0,0.0
13-01-2010,85.4,3645.0,80.62,2415.0,66.26,0.0,70.0,0.0
14-01-2010,85.4,3645.0,80.59,2408.0,66.06,0.0,70.0,0.0
15-01-2010,85.4,3645.0,80.56,2401.0,65.87,0.0,70.0,0.0
16-01-2010,85.4,3645.0,80.53,2394.0,65.68,0.0,70.0,0.0
17-01-2010,85.4,3645.0,80.5,2387.0,65.49,0.0,70.0,0.0
18-01-2010,85.4,3645.0,80.47,2379.0,65.27,0.0,70.0,0.0
19-01-2010,85.4,3645.0,80.44,2372.0,65.08,0.0,70.0,0.0
20-01-2010,85.4,3645.0,80.41,2365.0,64.88,0.0,70.0,0.0
21-01-2010,85.4,3645.0,80.38,2358.0,64.69,0.0,70.0,0.0
22-01-2010,85.4,3645.0,80.35,2351.0,64.5,0.0,70.0,0.0
23-01-2010,85.4,3645.0,80.32,2344.0,64.31,0.0,70.0,0.0
24-01-2010,85.4,3645.0,80.29,2337.0,64.12,0.0,70.0,0.0
25-01-2010,85.4,3645.0,80.25,2328.0,63.87,0.0,70.0,0.0
26-01-2010,85.4,3645.0,80.21,2319.0,63.62,0.0,70.0,0.0
27-01-2010,85.4,3645.0,80.17,2310.0,63.37,0.0,70.0,0.0
28-01-2010,85.4,3645.0,80.13,2300.0,63.1,0.0,70.0,0.0
29-01-2010,85.4,3645.0,80.08,2289.0,62.8,0.0,70.0,0.0
30-01-2010,85.4,3645.0,80.03,2277.0,62.47,0.0,70.0,0.0
31-01-2010,85.4,3645.0,79.98,2266.0,62.17,0.0,70.0,0.0
01-02-2010,85.4,3645.0,79.93,2254.0,61.84,0.0,70.0,0.0
02-02-2010,85.4,3645.0,79.88,2243.0,61.54,0.0,70.0,0.0
03-02-2010,85.4,3645.0,79.83,2232.0,61.23,0.0,70.0,0.0
04-02-2010,85.4,3645.0,79.78,2220.0,60.91,0.0,70.0,0.0
05-02-2010,85.4,3645.0,79.73,2209.0,60.6,0.0,70.0,0.0
06-02-2010,85.4,3645.0,79.68,2198.0,60.3,0.0,70.0,0.0
07-02-2010,85.4,3645.0,79.63,2187.0,60.0,0.0,70.0,0.0
08-02-2010,85.4,3645.0,79.58,2175.0,59.67,0.0,70.0,0.0
09-02-2010,85.4,3645.0,79.53,2164.0,59.37,0.0,70.0,0.0
10-02-2010,85.4,3645.0,79.48,2153.0,59.07,0.0,70.0,0.0
11-02-2010,85.4,3645.0,79.43,2141.0,58.74,0.0,70.0,0.0
12-02-2010,85.4,3645.0,79.38,2130.0,58.44,0.0,70.0,0.0
13-02-2010,85.4,3645.0,79.35,2124.0,58.27,0.0,70.0,0.0
14-02-2010,85.4,3645.0,79.3,2113.0,57.97,0.0,70.0,0.0
15-02-2010,85.4,3645.0,79.25,2102.0,57.67,0.0,70.0,0.0
16-02-2010,85.4,3645.0,79.2,2091.0,57.37,0.0,70.0,0.0
17-02-2010,85.4,3645.0,79.15,2080.0,57.06,0.0,70.0,0.0
18-02-2010,85.4,3645.0,79.1,2069.0,56.76,0.0,126.0,0.0
19-02-2010,85.4,3645.0,79.05,2058.0,56.46,0.0,126.0,0.0
20-02-2010,85.4,3645.0,79.0,2047.0,56.16,0.0,126.0,0.0
21-02-2010,85.4,3645.0,78.95,2036.0,55.86,0.0,126.0,0.0
22-02-2010,85.4,3645.0,78.9,2025.0,55.56,0.0,126.0,0.0
23-02-2010,85.4,3645.0,78.85,2015.0,55.28,0.0,126.0,0.0
24-02-2010,85.4,3645.0,78.8,2004.0,54.98,0.0,122.0,0.0
25-02-2010,85.4,3645.0,78.75,1994.0,54.71,0.0,122.0,0.0
26-02-2010,85.4,3645.0,78.7,1983.0,54.4,0.0,122.0,0.0
27-02-2010,85.4,3645.0,78.65,1973.0,54.13,0.0,116.0,0.0
28-02-2010,85.4,3645.0,78.61,1964.0,53.88,0.0,98.0,0.0
01-03-2010,85.4,3645.0,78.57,1956.0,53.66,0.0,98.0,0.0
02-03-2010,85.4,3645.0,78.53,1947.0,53.42,0.0,98.0,0.0
03-03-2010,85.4,3645.0,78.48,1937.0,53.14,0.0,122.0,0.0
04-03-2010,85.4,3645.0,78.43,1926.0,52.84,0.0,122.0,0.0
05-03-2010,85.4,3645.0,78.38,1916.0,52.57,0.0,121.0,0.0
06-03-2010,85.4,3645.0,78.33,1906.0,52.29,0.0,118.0,0.0
07-03-2010,85.4,3645.0,78.28,1895.0,51.99,0.0,118.0,0.0
08-03-2010,85.4,3645.0,78.23,1885.0,51.71,0.0,118.0,0.0
09-03-2010,85.4,3645.0,78.18,1875.0,51.44,0.0,118.0,0.0
10-03-2010,85.4,3645.0,78.15,1869.0,51.28,53.0,124.0,0.0
11-03-2010,85.4,3645.0,78.17,1873.0,51.39,170.0,124.0,0.0
12-03-2010,85.4,3645.0,78.22,1883.0,51.66,256.0,138.0,0.0
13-03-2010,85.4,3645.0,78.27,1893.0,51.93,255.0,138.0,0.0
14-03-2010,85.4,3645.0,78.33,1906.0,52.29,260.0,118.0,0.0
15-03-2010,85.4,3645.0,78.4,1920.0,52.67,283.0,118.0,0.0
16-03-2010,85.4,3645.0,78.47,1935.0,53.09,289.0,118.0,0.0
17-03-2010,85.4,3645.0,78.54,1949.0,53.47,289.0,118.0,0.0
18-03-2010,85.4,3645.0,78.56,1954.0,53.61,212.0,164.0,0.0
19-03-2010,85.4,3645.0,78.61,1964.0,53.88,258.0,138.0,0.0
20-03-2010,85.4,3645.0,78.66,1975.0,54.18,258.0,136.0,0.0
21-03-2010,85.4,3645.0,78.71,1975.0,54.18,246.0,124.0,0.0
22-03-2010,85.4,3645.0,78.78,2000.0,54.87,295.0,124.0,0.0
23-03-2010,85.4,3645.0,78.85,2015.0,55.28,295.0,124.0,0.0
24-03-2010,85.4,3645.0,78.92,2030.0,55.69,296.0,124.0,0.0
25-03-2010,85.4,3645.0,79.0,2047.0,56.16,306.0,124.0,0.0
26-03-2010,85.4,3645.0,79.08,2065.0,56.65,306.0,124.0,0.0
27-03-2010,85.4,3645.0,79.16,2082.0,57.12,306.0,124.0,0.0
28-03-2010,85.4,3645.0,79.24,2100.0,57.61,306.0,124.0,0.0
29-03-2010,85.4,3645.0,79.32,2117.0,58.08,306.0,124.0,0.0
30-03-2010,85.4,3645.0,79.4,2135.0,58.57,306.0,124.0,0.0
31-03-2010,85.4,3645.0,79.47,2150.0,58.98,306.0,124.0,0.0
01-04-2010,85.4,3645.0,79.54,2166.0,59.42,302.0,124.0,0.0
02-04-2010,85.4,3645.0,79.61,2182.0,59.86,302.0,124.0,0.0
03-04-2010,85.4,3645.0,79.68,2198.0,60.3,302.0,124.0,0.0
04-04-2010,85.4,3645.0,79.74,2211.0,60.66,288.0,124.0,0.0
05-04-2010,85.4,3645.0,79.8,2225.0,61.04,282.0,124.0,0.0
06-04-2010,85.4,3645.0,79.85,2238.0,61.4,280.0,124.0,0.0
07-04-2010,85.4,3645.0,79.92,2252.0,61.78,281.0,124.0,0.0
08-04-2010,85.4,3645.0,79.99,2268.0,62.22,291.0,124.0,0.0
09-04-2010,85.4,3645.0,80.05,2282.0,62.61,289.0,129.0,0.0
10-04-2010,85.4,3645.0,80.11,2296.0,62.99,291.0,129.0,0.0
11-04-2010,85.4,3645.0,80.17,2310.0,63.37,289.0,129.0,0.0
12-04-2010,85.4,3645.0,80.17,2310.0,63.37,129.0,129.0,0.0
13-04-2010,85.4,3645.0,80.23,2324.0,63.76,289.0,129.0,0.0
14-04-2010,85.4,3645.0,80.29,2337.0,64.12,289.0,129.0,0.0
15-04-2010,85.4,3645.0,80.35,2351.0,64.5,289.0,129.0,0.0
16-04-2010,85.4,3645.0,80.4,2363.0,64.83,262.0,129.0,0.0
17-04-2010,85.4,3645.0,80.45,2375.0,65.16,262.0,129.0,0.0
18-04-2010,85.4,3645.0,80.5,2387.0,65.49,266.0,129.0,0.0
19-04-2010,85.4,3645.0,80.55,2398.0,65.79,266.0,129.0,0.0
20-04-2010,85.4,3645.0,80.6,2410.0,66.12,266.0,129.0,0.0
21-04-2010,85.4,3645.0,80.65,2422.0,66.45,266.0,129.0,0.0
22-04-2010,85.4,3645.0,80.7,2434.0,66.78,266.0,129.0,0.0
23-04-2010,85.4,3645.0,80.75,2446.0,67.11,266.0,129.0,0.0
24-04-2010,85.4,3645.0,80.8,2458.0,67.43,266.0,129.0,0.0
25-04-2010,85.4,3645.0,80.83,2463.0,67.57,198.0,129.0,0.0
26-04-2010,85.4,3645.0,80.78,2453.0,67.3,15.0,129.0,0.0
27-04-2010,85.4,3645.0,80.73,2441.0,66.97,0.0,135.0,0.0
28-04-2010,85.4,3645.0,80.68,2429.0,66.64,0.0,137.0,0.0
29-04-2010,85.4,3645.0,80.63,2417.0,66.31,0.0,137.0,0.0
30-04-2010,85.4,3645.0,80.52,2391.0,65.6,0.0,302.0,0.0
01-05-2010,85.4,3645.0,80.47,2379.0,65.27,0.0,137.0,5.0
02-05-2010,85.4,3645.0,80.42,2368.0,64.97,0.0,137.0,6.0
03-05-2010,85.4,3645.0,80.37,2355.0,64.61,0.0,137.0,0.0
04-05-2010,85.4,3645.0,80.32,2344.0,64.31,0.0,137.0,0.0
05-05-2010,85.4,3645.0,80.27,2333.0,64.01,0.0,133.0,0.0
06-05-2010,85.4,3645.0,80.21,2319.0,63.62,0.0,140.0,0.0
07-05-2010,85.4,3645.0,80.15,2305.0,63.24,0.0,145.0,0.0
08-05-2010,85.4,3645.0,80.1,2294.0,62.94,0.0,137.0,0.0
09-05-2010,85.4,3645.0,80.04,2280.0,62.55,0.0,145.0,0.0
10-05-2010,85.4,3645.0,79.99,2268.0,62.22,0.0,140.0,0.0
11-05-2010,85.4,3645.0,79.94,2257.0,61.92,0.0,140.0,0.0
12-05-2010,85.4,3645.0,79.89,2245.0,61.59,0.0,140.0,0.0
13-05-2010,85.4,3645.0,79.84,2233.0,61.26,0.0,140.0,0.0
14-05-2010,85.4,3645.0,79.79,2222.0,60.96,0.0,140.0,0.0
15-05-2010,85.4,3645.0,79.74,2211.0,60.66,0.0,140.0,0.0
16-05-2010,85.4,3645.0,79.69,2200.0,60.36,0.0,140.0,0.0
17-05-2010,85.4,3645.0,79.64,2189.0,60.05,0.0,140.0,0.0
18-05-2010,85.4,3645.0,79.59,2178.0,59.75,0.0,140.0,0.0
19-05-2010,85.4,3645.0,79.69,2200.0,60.36,400.0,140.0,44.0
20-05-2010,85.4,3645.0,79.87,2241.0,61.48,609.0,140.0,65.0
21-05-2010,85.4,3645.0,79.82,2229.0,61.15,0.0,130.0,0.0
22-05-2010,85.4,3645.0,79.77,2218.0,60.85,0.0,130.0,0.0
23-05-2010,85.4,3645.0,79.72,2207.0,60.55,0.0,130.0,0.0
24-05-2010,85.4,3645.0,79.67,2196.0,60.25,0.0,130.0,0.0
25-05-2010,85.4,3645.0,79.62,2184.0,59.92,0.0,130.0,0.0
26-05-2010,85.4,3645.0,79.57,2173.0,59.62,0.0,130.0,0.0
27-05-2010,85.4,3645.0,79.52,2162.0,59.31,0.0,130.0,0.0
28-05-2010,85.4,3645.0,79.47,2150.0,58.98,0.0,130.0,0.0
29-05-2010,85.4,3645.0,79.42,2139.0,58.68,0.0,130.0,0.0
30-05-2010,85.4,3645.0,79.37,2128.0,58.38,0.0,130.0,0.0
31-05-2010,85.4,3645.0,79.32,2117.0,58.08,0.0,130.0,0.0
01-06-2010,85.4,3645.0,79.27,2106.0,57.78,0.0,130.0,0.0
02-06-2010,85.4,3645.0,79.22,2095.0,57.48,0.0,130.0,0.0
03-06-2010,85.4,3645.0,79.17,2084.0,57.17,0.0,130.0,0.0
04-06-2010,85.4,3645.0,79.12,2074.0,56.9,0.0,130.0,0.0
05-06-2010,85.4,3645.0,79.07,2063.0,56.6,0.0,130.0,0.0
06-06-2010,85.4,3645.0,79.02,2052.0,56.3,0.0,130.0,5.0
07-06-2010,85.4,3645.0,78.97,2041.0,55.99,0.0,130.0,1.0
08-06-2010,85.4,3645.0,78.92,2030.0,55.69,0.0,130.0,0.0
09-06-2010,85.4,3645.0,78.87,2019.0,55.39,0.0,130.0,0.0
10-06-2010,85.4,3645.0,78.82,2009.0,55.12,0.0,125.0,8.0
11-06-2010,85.4,3645.0,78.77,1998.0,54.81,0.0,125.0,1.0
12-06-2010,85.4,3645.0,78.72,1987.0,54.51,0.0,125.0,0.0
13-06-2010,85.4,3645.0,78.67,1977.0,54.24,0.0,125.0,2.0
14-06-2010,85.4,3645.0,78.62,1966.0,53.94,0.0,125.0,0.0
15-06-2010,85.4,3645.0,78.57,1956.0,53.66,0.0,125.0,0.0
16-06-2010,85.4,3645.0,78.52,1945.0,53.36,0.0,125.0,0.0
17-06-2010,85.4,3645.0,78.47,1935.0,53.09,0.0,125.0,0.0
18-06-2010,85.4,3645.0,78.42,1924.0,52.78,0.0,125.0,0.0
19-06-2010,85.4,3645.0,78.37,1914.0,52.51,0.0,125.0,0.0
20-06-2010,85.4,3645.0,78.32,1904.0,52.24,0.0,125.0,0.0
21-06-2010,85.4,3645.0,78.27,1893.0,51.93,0.0,120.0,0.0
22-06-2010,85.4,3645.0,78.22,1883.0,51.66,0.0,120.0,0.0
23-06-2010,85.4,3645.0,78.17,1873.0,51.39,0.0,120.0,0.0
24-06-2010,85.4,3645.0,78.12,1863.0,51.11,0.0,120.0,0.0
25-06-2010,85.4,3645.0,78.07,1853.0,50.84,0.0,120.0,0.0
26-06-2010,85.4,3645.0,78.02,1842.0,50.53,0.0,120.0,3.0
27-06-2010,85.4,3645.0,78.02,1842.0,50.53,120.0,120.0,18.0
28-06-2010,85.4,3645.0,78.3,1899.0,52.1,771.0,110.0,50.0
29-06-2010,85.4,3645.0,78.3,1900.0,52.13,110.0,110.0,0.0
30-06-2010,85.4,3645.0,78.26,1893.0,51.93,0.0,110.0,0.0
01-07-2010,85.4,3645.0,78.21,1881.0,51.6,0.0,110.0,0.0
02-07-2010,85.4,3645.0,78.16,1871.0,51.33,0.0,110.0,0.0
03-07-2010,85.4,3645.0,78.11,1861.0,51.06,0.0,110.0,0.0
04-07-2010,85.4,3645.0,78.06,1851.0,50.78,0.0,110.0,0.0
05-07-2010,85.4,3645.0,78.01,1840.0,50.48,0.0,110.0,4.0
06-07-2010,85.4,3645.0,78.01,1840.0,50.48,110.0,110.0,4.0
07-07-2010,85.4,3645.0,78.01,1840.0,50.48,110.0,110.0,11.0
08-07-2010,85.4,3645.0,77.96,1830.0,50.21,0.0,110.0,3.0
09-07-2010,85.4,3645.0,77.91,1820.0,49.93,0.0,110.0,0.0
10-07-2010,85.4,3645.0,77.86,1810.0,49.66,0.0,110.0,0.0
11-07-2010,85.4,3645.0,77.81,1800.0,49.38,0.0,110.0,0.0
12-07-2010,85.4,3645.0,77.76,1790.0,49.11,0.0,110.0,0.0
13-07-2010,85.4,3645.0,77.76,1790.0,49.11,110.0,110.0,24.0
14-07-2010,85.4,3645.0,77.71,1780.0,48.83,0.0,110.0,0.0
15-07-2010,85.4,3645.0,77.66,1770.0,48.56,0.0,110.0,0.0
16-07-2010,85.4,3645.0,77.61,1760.0,48.29,0.0,110.0,0.0
17-07-2010,85.4,3645.0,77.56,1750.0,48.01,0.0,110.0,4.0
18-07-2010,85.4,3645.0,77.56,1750.0,48.01,110.0,110.0,18.0
19-07-2010,85.4,3645.0,77.56,1750.0,48.01,110.0,110.0,7.0
20-07-2010,85.4,3645.0,77.51,1740.0,47.74,0.0,110.0,3.0
21-07-2010,85.4,3645.0,77.51,1740.0,47.74,110.0,110.0,10.0
22-07-2010,85.4,3645.0,77.46,1730.0,47.46,0.0,110.0,3.0
23-07-2010,85.4,3645.0,77.4,1719.0,47.16,0.0,130.0,0.0
24-07-2010,85.4,3645.0,77.34,1708.0,46.86,0.0,130.0,0.0
25-07-2010,85.4,3645.0,77.28,1697.0,46.56,0.0,130.0,0.0
26-07-2010,85.4,3645.0,77.22,1686.0,46.26,0.0,130.0,0.0
27-07-2010,85.4,3645.0,77.17,1675.0,45.95,0.0,130.0,0.0
28-07-2010,85.4,3645.0,77.17,1675.0,45.95,130.0,130.0,6.0
29-07-2010,85.4,3645.0,77.12,1666.0,45.71,0.0,105.0,2.0
30-07-2010,85.4,3645.0,77.12,1666.0,45.71,105.0,105.0,13.0
31-07-2010,85.4,3645.0,77.07,1656.0,45.43,0.0,115.0,0.0
01-08-2010,85.4,3645.0,77.02,1646.0,45.16,0.0,115.0,0.0
02-08-2010,85.4,3645.0,76.97,1637.0,44.91,0.0,105.0,0.0
03-08-2010,85.4,3645.0,76.92,1628.0,44.66,0.0,105.0,0.0
04-08-2010,85.4,3645.0,76.87,1619.0,44.42,0.0,105.0,0.0
05-08-2010,85.4,3645.0,76.82,1610.0,44.17,0.0,105.0,0.0
06-08-2010,85.4,3645.0,76.77,1601.0,43.92,0.0,105.0,0.0
07-08-2010,85.4,3645.0,76.72,1592.0,43.68,0.0,105.0,0.0
08-08-2010,85.4,3645.0,76.67,1583.0,43.43,0.0,105.0,0.0
09-08-2010,85.4,3645.0,76.67,1583.0,43.43,105.0,105.0,12.0
10-08-2010,85.4,3645.0,76.63,1574.0,43.18,0.0,105.0,0.0
11-08-2010,85.4,3645.0,76.58,1565.0,42.94,0.0,105.0,0.0
12-08-2010,85.4,3645.0,76.53,1556.0,42.69,0.0,105.0,0.0
13-08-2010,85.4,3645.0,76.48,1546.0,42.41,0.0,105.0,0.0
14-08-2010,85.4,3645.0,76.48,1546.0,42.41,105.0,105.0,5.0
15-08-2010,85.4,3645.0,76.43,1537.0,42.17,0.0,105.0,0.0
16-08-2010,85.4,3645.0,76.38,1528.0,41.92,0.0,105.0,0.0
17-08-2010,85.4,3645.0,76.33,1519.0,41.67,0.0,105.0,0.0
18-08-2010,85.4,3645.0,76.48,1546.0,42.41,417.0,105.0,68.0
19-08-2010,85.4,3645.0,76.7,1587.0,43.54,570.0,95.0,35.0
20-08-2010,85.4,3645.0,76.79,1604.0,44.01,287.0,95.0,0.0
21-08-2010,85.4,3645.0,76.91,1626.0,44.61,350.0,95.0,25.0
22-08-2010,85.4,3645.0,77.13,1668.0,45.76,581.0,95.0,63.0
23-08-2010,85.4,3645.0,77.31,1702.0,46.69,469.0,75.0,38.0
24-08-2010,85.4,3645.0,77.55,1749.0,47.98,619.0,75.0,27.0
25-08-2010,85.4,3645.0,77.6,1759.0,48.26,191.0,75.0,12.0
26-08-2010,85.4,3645.0,77.6,1759.0,48.26,75.0,75.0,0.0
27-08-2010,85.4,3645.0,77.6,1759.0,48.26,75.0,75.0,0.0
28-08-2010,85.4,3645.0,77.56,1751.0,48.04,0.0,95.0,0.0
29-08-2010,85.4,3645.0,77.52,1743.0,47.82,0.0,93.0,0.0
30-08-2010,85.4,3645.0,77.48,1735.0,47.6,0.0,95.0,2.0
31-08-2010,85.4,3645.0,77.48,1735.0,47.6,95.0,95.0,9.0
01-09-2010,85.4,3645.0,77.44,1727.0,47.38,0.0,95.0,0.0
02-09-2010,85.4,3645.0,77.4,1719.0,47.16,0.0,93.0,0.0
03-09-2010,85.4,3645.0,77.36,1711.0,46.94,0.0,93.0,3.0
04-09-2010,85.4,3645.0,77.32,1703.0,46.72,0.0,93.0,0.0
05-09-2010,85.4,3645.0,77.32,1703.0,46.72,93.0,93.0,16.0
06-09-2010,85.4,3645.0,77.32,1703.0,46.72,93.0,93.0,8.0
07-09-2010,85.4,3645.0,77.28,1695.0,46.5,93.0,93.0,0.0
08-09-2010,85.4,3645.0,77.23,1687.0,46.28,0.0,93.0,0.0
09-09-2010,85.4,3645.0,77.19,1679.0,46.06,0.0,93.0,0.0
10-09-2010,85.4,3645.0,77.23,1687.0,46.28,186.0,93.0,39.0
11-09-2010,85.4,3645.0,77.23,1687.0,46.28,93.0,93.0,3.0
12-09-2010,85.4,3645.0,77.19,1679.0,46.06,93.0,93.0,0.0
13-09-2010,85.4,3645.0,77.19,1679.0,46.06,93.0,93.0,2.0
14-09-2010,85.4,3645.0,77.19,1679.0,46.06,93.0,93.0,5.0
15-09-2010,85.4,3645.0,77.15,1671.0,45.84,0.0,93.0,0.0
16-09-2010,85.4,3645.0,77.11,1663.0,45.62,0.0,93.0,0.0
17-09-2010,85.4,3645.0,77.07,1655.0,45.4,0.0,93.0,0.0
18-09-2010,85.4,3645.0,77.03,1647.0,45.19,0.0,93.0,0.0
19-09-2010,85.4,3645.0,76.99,1639.0,44.97,0.0,93.0,0.0
20-09-2010,85.4,3645.0,76.94,1631.0,44.75,0.0,93.0,0.0
21-09-2010,85.4,3645.0,76.89,1623.0,44.53,0.0,93.0,0.0
22-09-2010,85.4,3645.0,76.85,1615.0,44.31,0.0,93.0,0.0
23-09-2010,85.4,3645.0,76.81,1607.0,44.09,0.0,93.0,0.0
24-09-2010,85.4,3645.0,76.77,1599.0,43.87,0.0,93.0,0.0
25-09-2010,85.4,3645.0,76.72,1591.0,43.65,0.0,93.0,0.0
26-09-2010,85.4,3645.0,76.72,1591.0,43.65,93.0,93.0,15.0
27-09-2010,85.4,3645.0,76.68,1583.0,43.43,0.0,93.0,2.0
28-09-2010,85.4,3645.0,76.68,1583.0,43.43,93.0,93.0,5.0
29-09-2010,85.4,3645.0,76.64,1575.0,43.21,0.0,90.0,0.0
30-09-2010,85.4,3645.0,76.6,1568.0,43.02,0.0,90.0,0.0
01-10-2010,85.4,3645.0,76.62,1572.0,43.13,136.0,90.0,10.0
02-10-2010,85.4,3645.0,76.58,1564.0,42.91,0.0,93.0,0.0
03-10-2010,85.4,3645.0,76.72,1591.0,43.65,402.0,90.0,34.0
04-10-2010,85.4,3645.0,76.76,1598.0,43.84,171.0,90.0,0.0
05-10-2010,85.4,3645.0,76.76,1598.0,43.84,90.0,90.0,0.0
06-10-2010,85.4,3645.0,76.72,1590.0,43.62,0.0,90.0,0.0
07-10-2010,85.4,3645.0,76.82,1609.0,44.14,310.0,90.0,7.0
08-10-2010,85.4,3645.0,76.87,1618.0,44.39,204.0,100.0,0.0
09-10-2010,85.4,3645.0,76.87,1618.0,44.39,100.0,100.0,0.0
10-10-2010,85.4,3645.0,76.82,1610.0,44.17,0.0,90.0,0.0
11-10-2010,85.4,3645.0,76.78,1602.0,43.95,0.0,90.0,0.0
12-10-2010,85.4,3645.0,76.74,1594.0,43.73,0.0,90.0,0.0
13-10-2010,85.4,3645.0,76.7,1586.0,43.51,0.0,93.0,0.0
14-10-2010,85.4,3645.0,76.66,1578.0,43.29,0.0,93.0,0.0
15-10-2010,85.4,3645.0,76.61,1570.0,43.07,0.0,93.0,0.0
16-10-2010,85.4,3645.0,76.57,1562.0,42.85,0.0,93.0,0.0
17-10-2010,85.4,3645.0,76.52,1554.0,42.63,0.0,93.0,2.0
18-10-2010,85.4,3645.0,76.48,1546.0,42.41,0.0,93.0,0.0
19-10-2010,85.4,3645.0,76.44,1538.0,42.19,0.0,93.0,0.0
20-10-2010,85.4,3645.0,76.39,1530.0,41.98,0.0,93.0,0.0
21-10-2010,85.4,3645.0,76.35,1522.0,41.76,0.0,93.0,9.0
22-10-2010,85.4,3645.0,76.31,1515.0,41.56,0.0,93.0,0.0
23-10-2010,85.4,3645.0,76.27,1507.0,41.34,0.0,93.0,0.0
24-10-2010,85.4,3645.0,76.23,1499.0,41.12,0.0,93.0,0.0
25-10-2010,85.4,3645.0,76.18,1491.0,40.91,0.0,93.0,0.0
26-10-2010,85.4,3645.0,76.13,1482.0,40.66,0.0,93.0,0.0
27-10-2010,85.4,3645.0,76.09,1474.0,40.44,0.0,93.0,0.0
28-10-2010,85.4,3645.0,76.04,1466.0,40.22,0.0,93.0,0.0
29-10-2010,85.4,3645.0,76.26,1506.0,41.32,0.0,93.0,72.0
30-10-2010,85.4,3645.0,76.36,1523.0,41.78,0.0,93.0,35.0
31-10-2010,85.4,3645.0,76.38,1527.0,41.89,139.0,93.0,13.0
01-11-2010,85.4,3645.0,76.38,1527.0,41.89,93.0,93.0,0.0
02-11-2010,85.4,3645.0,76.33,1519.0,41.67,0.0,93.0,4.0
03-11-2010,85.4,3645.0,76.29,1511.0,41.45,0.0,93.0,0.0
04-11-2010,85.4,3645.0,76.25,1503.0,41.23,0.0,93.0,5.0
05-11-2010,85.4,3645.0,76.2,1495.0,41.02,0.0,93.0,5.0
06-11-2010,85.4,3645.0,76.2,1495.0,41.02,0.0,93.0,12.0
07-11-2010,85.4,3645.0,76.25,1504.0,41.26,197.0,93.0,12.0
08-11-2010,85.4,3645.0,76.44,1539.0,42.22,498.0,93.0,49.0
09-11-2010,85.4,3645.0,76.47,1544.0,42.36,151.0,93.0,0.0
10-11-2010,85.4,3645.0,76.62,1572.0,43.13,417.0,93.0,16.0
11-11-2010,85.4,3645.0,76.85,1615.0,44.31,591.0,93.0,20.0
12-11-2010,85.4,3645.0,76.95,1634.0,44.83,313.0,93.0,0.0
13-11-2010,85.4,3645.0,77.04,1651.0,45.29,290.0,93.0,0.0
14-11-2010,85.4,3645.0,77.14,1670.0,45.82,313.0,93.0,0.0
15-11-2010,85.4,3645.0,77.2,1681.0,46.12,220.0,93.0,0.0
16-11-2010,85.4,3645.0,77.29,1698.0,46.58,290.0,93.0,3.0
17-11-2010,85.4,3645.0,77.64,1767.0,48.48,892.0,93.0,57.0
18-11-2010,85.4,3645.0,77.9,1818.0,49.88,683.0,93.0,25.0
19-11-2010,85.4,3645.0,78.08,1854.0,50.86,510.0,93.0,2.0
20-11-2010,85.4,3645.0,78.19,1877.0,51.5,359.0,93.0,0.0
21-11-2010,85.4,3645.0,78.42,1924.0,52.78,637.0,93.0,26.0
22-11-2010,85.4,3645.0,78.55,1951.0,53.53,405.0,93.0,2.0
23-11-2010,85.4,3645.0,78.65,1973.0,54.13,348.0,93.0,0.0
24-11-2010,85.4,3645.0,78.78,2000.0,54.87,405.0,93.0,0.0
25-11-2010,85.4,3645.0,78.92,2030.0,55.69,440.0,93.0,0.0
26-11-2010,85.4,3645.0,79.01,2049.0,56.21,313.0,93.0,2.0
27-11-2010,85.4,3645.0,79.11,2069.0,56.76,324.0,93.0,3.0
28-11-2010,85.4,3645.0,79.28,2109.0,57.86,556.0,93.0,3.0
29-11-2010,85.4,3645.0,79.37,2128.0,58.38,313.0,93.0,0.0
30-11-2010,85.4,3645.0,79.47,2150.0,58.98,348.0,93.0,0.0
01-12-2010,85.4,3645.0,79.7,2202.0,60.41,695.0,93.0,25.0
02-12-2010,85.4,3645.0,80.24,2326.0,63.81,1528.0,93.0,71.0
03-12-2010,85.4,3645.0,80.69,2432.0,66.72,1320.0,93.0,5.0
04-12-2010,85.4,3645.0,80.9,2481.0,68.07,660.0,93.0,0.0
05-12-2010,85.4,3645.0,81.08,2525.0,69.27,602.0,93.0,2.0
06-12-2010,85.4,3645.0,81.45,2616.0,71.77,1146.0,93.0,75.0
07-12-2010,85.4,3645.0,82.33,2838.0,77.86,2662.0,93.0,54.0
08-12-2010,85.4,3645.0,82.55,2892.0,79.34,3029.0,1093.0,8.0
09-12-2010,85.4,3645.0,82.4,2855.0,78.33,193.0,193.0,1.0
10-12-2010,85.4,3645.0,82.4,2855.0,78.33,193.0,193.0,0.0
11-12-2010,85.4,3645.0,82.43,2862.0,78.52,643.0,643.0,0.0
12-12-2010,85.4,3645.0,82.41,2857.0,78.38,193.0,193.0,0.0
13-12-2010,85.4,3645.0,82.53,2889.0,79.26,648.0,93.0,0.0
14-12-2010,85.4,3645.0,82.55,2895.0,79.42,162.0,93.0,18.0
15-12-2010,85.4,3645.0,82.6,2908.0,79.78,243.0,93.0,0.0
16-12-2010,85.4,3645.0,82.65,2921.0,80.14,243.0,93.0,18.0
17-12-2010,85.4,3645.0,82.8,2960.0,81.21,544.0,93.0,5.0
18-12-2010,85.4,3645.0,82.9,2986.0,81.92,394.0,93.0,11.0
19-12-2010,85.4,3645.0,82.9,2986.0,81.92,93.0,93.0,0.0
20-12-2010,85.4,3645.0,82.92,2991.0,82.06,151.0,93.0,5.0
21-12-2010,85.4,3645.0,82.95,2999.0,82.28,186.0,93.0,8.0
22-12-2010,85.4,3645.0,82.95,2999.0,82.28,93.0,93.0,0.0
23-12-2010,85.4,3645.0,82.95,2999.0,82.28,93.0,93.0,0.0
24-12-2010,85.4,3645.0,82.95,2999.0,82.28,93.0,93.0,0.0
25-12-2010,85.4,3645.0,83.11,3043.0,83.48,602.0,93.0,0.0
26-12-2010,85.4,3645.0,83.21,3070.0,84.22,422.0,110.0,0.0
27-12-2010,85.4,3645.0,83.38,3115.0,85.46,631.0,110.0,0.0
28-12-2010,85.4,3645.0,83.4,3120.0,85.6,168.0,110.0,0.0
29-12-2010,85.4,3645.0,83.41,3123.0,85.68,145.0,110.0,0.0
30-12-2010,85.4,3645.0,83.44,3130.0,85.87,191.0,110.0,0.0
31-12-2010,85.4,3645.0,83.44,3130.0,85.87,110.0,110.0,0.0
01-01-2011,85.4,3645.0,83.44,3130.0,85.87,110.0,110.0,0.0
02-01-2011,85.4,3645.0,83.44,3130.0,85.87,110.0,110.0,0.0
03-01-2011,85.4,3645.0,83.51,3149.0,86.39,330.0,110.0,57.0
04-01-2011,85.4,3645.0,83.51,3149.0,86.39,110.0,110.0,0.0
05-01-2011,85.4,3645.0,83.51,3149.0,86.39,110.0,110.0,2.0
06-01-2011,85.4,3645.0,83.54,3156.0,86.58,198.0,110.0,0.0
07-01-2011,85.4,3645.0,83.56,3161.0,86.72,168.0,110.0,0.0
08-01-2011,85.4,3645.0,83.57,3164.0,86.8,145.0,110.0,0.0
09-01-2011,85.4,3645.0,83.57,3164.0,86.8,110.0,110.0,0.0
10-01-2011,85.4,3645.0,83.6,3172.0,87.02,197.0,110.0,0.0
11-01-2011,85.4,3645.0,83.62,3177.0,87.16,168.0,110.0,0.0
12-01-2011,85.4,3645.0,83.65,3184.0,87.35,191.0,110.0,0.0
13-01-2011,85.4,3645.0,83.67,3189.0,87.49,168.0,110.0,0.0
14-01-2011,85.4,3645.0,83.7,3197.0,87.71,203.0,110.0,0.0
15-01-2011,85.4,3645.0,83.7,3197.0,87.71,110.0,110.0,0.0
16-01-2011,85.4,3645.0,83.7,3197.0,87.71,110.0,110.0,0.0
17-01-2011,85.4,3645.0,83.7,3197.0,87.71,110.0,110.0,0.0
18-01-2011,85.4,3645.0,83.68,3192.0,87.57,52.0,110.0,0.0
19-01-2011,85.4,3645.0,83.67,3189.0,87.49,35.0,110.0,0.0
20-01-2011,85.4,3645.0,83.65,3184.0,87.35,52.0,110.0,0.0
21-01-2011,85.4,3645.0,83.63,3179.0,87.22,52.0,110.0,0.0
22-01-2011,85.4,3645.0,83.59,3168.0,86.91,0.0,120.0,0.0
23-01-2011,85.4,3645.0,83.58,3166.0,86.86,100.0,120.0,0.0
24-01-2011,85.4,3645.0,83.56,3161.0,86.72,58.0,120.0,0.0
25-01-2011,85.4,3645.0,83.54,3156.0,86.58,58.0,120.0,0.0
26-01-2011,85.4,3645.0,83.52,3151.0,86.45,58.0,120.0,0.0
27-01-2011,85.4,3645.0,83.5,3146.0,86.31,58.0,120.0,0.0
28-01-2011,85.4,3645.0,83.46,3136.0,86.04,20.0,120.0,0.0
29-01-2011,85.4,3645.0,83.42,3125.0,85.73,0.0,120.0,0.0
30-01-2011,85.4,3645.0,83.36,3110.0,85.32,0.0,120.0,0.0
31-01-2011,85.4,3645.0,83.3,3094.0,84.88,0.0,120.0,0.0
01-02-2011,85.4,3645.0,83.25,3080.0,84.5,0.0,140.0,0.0
02-02-2011,85.4,3645.0,83.2,3066.0,84.12,0.0,140.0,0.0
03-02-2011,85.4,3645.0,83.15,3053.0,83.76,0.0,140.0,0.0
04-02-2011,85.4,3645.0,83.1,3040.0,83.4,0.0,140.0,0.0
05-02-2011,85.4,3645.0,83.05,3028.0,83.07,0.0,140.0,0.0
06-02-2011,85.4,3645.0,82.98,3007.0,82.5,0.0,140.0,0.0
07-02-2011,85.4,3645.0,82.93,2994.0,82.14,0.0,140.0,0.0
08-02-2011,85.4,3645.0,82.88,2981.0,81.78,0.0,140.0,0.0
09-02-2011,85.4,3645.0,82.83,2968.0,81.43,0.0,140.0,0.0
10-02-2011,85.4,3645.0,82.78,2955.0,81.07,0.0,140.0,0.0
11-02-2011,85.4,3645.0,82.73,2942.0,80.71,0.0,150.0,0.0
12-02-2011,85.4,3645.0,82.68,2929.0,80.36,0.0,150.0,0.0
13-02-2011,85.4,3645.0,82.63,2916.0,80.0,0.0,150.0,0.0
14-02-2011,85.4,3645.0,82.58,2903.0,79.64,0.0,150.0,0.0
15-02-2011,85.4,3645.0,82.53,2889.0,79.26,0.0,155.0,0.0
16-02-2011,85.4,3645.0,82.48,2875.0,78.88,0.0,155.0,0.0
17-02-2011,85.4,3645.0,82.43,2861.0,78.49,0.0,155.0,0.0
18-02-2011,85.4,3645.0,82.37,2847.0,78.11,0.0,160.0,0.0
19-02-2011,85.4,3645.0,82.31,2833.0,77.72,0.0,160.0,0.0
20-02-2011,85.4,3645.0,82.26,2819.0,77.34,0.0,160.0,0.0
21-02-2011,85.4,3645.0,82.2,2805.0,76.95,0.0,160.0,0.0
22-02-2011,85.4,3645.0,82.2,2805.0,76.95,160.0,160.0,34.0
23-02-2011,85.4,3645.0,82.2,2805.0,76.95,160.0,160.0,45.0
24-02-2011,85.4,3645.0,82.17,2797.0,76.74,80.0,160.0,45.0
25-02-2011,85.4,3645.0,82.12,2784.0,76.38,0.0,160.0,0.0
26-02-2011,85.4,3645.0,82.07,2770.0,75.99,0.0,160.0,0.0
27-02-2011,85.4,3645.0,82.01,2755.0,75.58,0.0,170.0,0.0
28-02-2011,85.4,3645.0,81.95,2740.0,75.17,0.0,170.0,0.0
01-03-2011,85.4,3645.0,81.89,2725.0,74.76,0.0,170.0,0.0
02-03-2011,85.4,3645.0,81.83,2709.0,74.32,0.0,180.0,0.0
03-03-2011,85.4,3645.0,81.76,2693.0,73.88,0.0,180.0,0.0
04-03-2011,85.4,3645.0,81.7,2677.0,73.44,0.0,180.0,0.0
05-03-2011,85.4,3645.0,81.63,2661.0,73.0,0.0,180.0,0.0
06-03-2011,85.4,3645.0,81.57,2645.0,72.57,0.0,180.0,0.0
07-03-2011,85.4,3645.0,81.5,2628.0,72.1,0.0,180.0,0.0
08-03-2011,85.4,3645.0,81.44,2612.0,71.66,0.0,180.0,0.0
09-03-2011,85.4,3645.0,81.37,2596.0,71.22,0.0,190.0,0.0
10-03-2011,85.4,3645.0,81.3,2579.0,70.75,0.0,190.0,0.0
11-03-2011,85.4,3645.0,81.24,2564.0,70.34,0.0,190.0,0.0
12-03-2011,85.4,3645.0,81.17,2547.0,69.88,0.0,190.0,0.0
13-03-2011,85.4,3645.0,81.1,2530.0,69.41,0.0,190.0,0.0
14-03-2011,85.4,3645.0,81.03,2513.0,68.94,0.0,190.0,0.0
15-03-2011,85.4,3645.0,80.96,2496.0,68.48,0.0,190.0,0.0
16-03-2011,85.4,3645.0,80.89,2479.0,68.01,0.0,190.0,0.0
17-03-2011,85.4,3645.0,80.82,2462.0,67.54,0.0,190.0,0.0
18-03-2011,85.4,3645.0,80.75,2445.0,67.08,0.0,190.0,0.0
19-03-2011,85.4,3645.0,80.68,2429.0,66.64,0.0,190.0,0.0
20-03-2011,85.4,3645.0,80.61,2412.0,66.17,0.0,190.0,0.0
21-03-2011,85.4,3645.0,80.54,2396.0,65.73,0.0,190.0,0.0
22-03-2011,85.4,3645.0,80.47,2379.0,65.27,0.0,190.0,0.0
23-03-2011,85.4,3645.0,80.4,2362.0,64.8,0.0,190.0,0.0
24-03-2011,85.4,3645.0,80.33,2346.0,64.36,0.0,190.0,0.0
25-03-2011,85.4,3645.0,80.26,2329.0,63.9,0.0,190.0,0.0
26-03-2011,85.4,3645.0,80.18,2312.0,63.43,0.0,190.0,0.0
27-03-2011,85.4,3645.0,80.12,2295.0,62.96,0.0,190.0,0.0
28-03-2011,85.4,3645.0,80.03,2278.0,62.5,0.0,190.0,0.0
29-03-2011,85.4,3645.0,79.96,2261.0,62.03,0.0,190.0,0.0
30-03-2011,85.4,3645.0,79.89,2244.0,61.56,0.0,190.0,0.0
31-03-2011,85.4,3645.0,79.81,2227.0,61.1,0.0,190.0,0.0
01-04-2011,85.4,3645.0,79.74,2210.0,60.63,0.0,190.0,0.0
02-04-2011,85.4,3645.0,79.66,2193.0,60.16,0.0,190.0,0.0
03-04-2011,85.4,3645.0,79.58,2176.0,59.7,0.0,190.0,0.0
04-04-2011,85.4,3645.0,79.51,2159.0,59.23,0.0,190.0,0.0
05-04-2011,85.4,3645.0,79.44,2143.0,58.79,0.0,190.0,0.0
06-04-2011,85.4,3645.0,79.36,2126.0,58.33,0.0,190.0,0.0
07-04-2011,85.4,3645.0,79.28,2109.0,57.86,0.0,190.0,0.0
08-04-2011,85.4,3645.0,79.21,2092.0,57.39,0.0,190.0,0.0
09-04-2011,85.4,3645.0,79.13,2075.0,56.93,0.0,190.0,0.0
10-04-2011,85.4,3645.0,79.05,2058.0,56.46,0.0,190.0,0.0
11-04-2011,85.4,3645.0,78.97,2041.0,55.99,0.0,190.0,0.0
12-04-2011,85.4,3645.0,78.89,2024.0,55.53,0.0,190.0,0.0
13-04-2011,85.4,3645.0,78.81,2007.0,55.06,0.0,190.0,0.0
14-04-2011,85.4,3645.0,78.73,1990.0,54.6,0.0,190.0,0.0
15-04-2011,85.4,3645.0,78.65,1973.0,54.13,0.0,190.0,0.0
16-04-2011,85.4,3645.0,78.57,1956.0,53.66,0.0,190.0,0.0
17-04-2011,85.4,3645.0,78.49,1939.0,53.2,0.0,190.0,0.0
18-04-2011,85.4,3645.0,78.41,1922.0,52.73,0.0,190.0,0.0
19-04-2011,85.4,3645.0,78.33,1905.0,52.26,0.0,190.0,0.0
20-04-2011,85.4,3645.0,78.25,1888.0,51.8,0.0,190.0,0.0
21-04-2011,85.4,3645.0,78.16,1871.0,51.33,0.0,190.0,0.0
22-04-2011,85.4,3645.0,78.09,1856.0,50.92,0.0,175.0,5.0
23-04-2011,85.4,3645.0,78.03,1844.0,50.59,0.0,175.0,2.0
24-04-2011,85.4,3645.0,77.94,1826.0,50.1,0.0,175.0,0.0
25-04-2011,85.4,3645.0,77.86,1811.0,49.68,0.0,175.0,0.0
26-04-2011,85.4,3645.0,77.79,1796.0,49.27,0.0,175.0,0.0
27-04-2011,85.4,3645.0,77.71,1781.0,48.86,0.0,175.0,0.0
28-04-2011,85.4,3645.0,77.64,1766.0,48.45,0.0,175.0,0.0
29-04-2011,85.4,3645.0,77.56,1751.0,48.04,0.0,175.0,0.0
30-04-2011,85.4,3645.0,77.48,1735.0,47.6,0.0,175.0,0.0
01-05-2011,85.4,3645.0,77.4,1719.0,47.16,0.0,175.0,0.0
02-05-2011,85.4,3645.0,77.32,1704.0,46.75,0.0,175.0,0.0
03-05-2011,85.4,3645.0,77.24,1689.0,46.34,0.0,175.0,0.0
04-05-2011,85.4,3645.0,77.24,1689.0,46.34,175.0,175.0,0.0
05-05-2011,85.4,3645.0,77.26,1693.0,46.45,200.0,175.0,0.0
06-05-2011,85.4,3645.0,77.28,1697.0,46.56,200.0,175.0,0.0
07-05-2011,85.4,3645.0,77.31,1701.0,46.67,200.0,160.0,0.0
08-05-2011,85.4,3645.0,77.33,1705.0,46.78,200.0,160.0,0.0
09-05-2011,85.4,3645.0,77.35,1709.0,46.89,200.0,160.0,0.0
10-05-2011,85.4,3645.0,77.37,1713.0,47.0,200.0,160.0,0.0
11-05-2011,85.4,3645.0,77.39,1717.0,47.11,200.0,160.0,0.0
12-05-2011,85.4,3645.0,77.41,1721.0,47.22,200.0,160.0,0.0
13-05-2011,85.4,3645.0,77.43,1725.0,47.33,200.0,160.0,0.0
14-05-2011,85.4,3645.0,77.45,1729.0,47.43,200.0,160.0,0.0
15-05-2011,85.4,3645.0,77.47,1733.0,47.54,200.0,160.0,0.0
16-05-2011,85.4,3645.0,77.49,1737.0,47.65,200.0,160.0,0.0
17-05-2011,85.4,3645.0,77.51,1741.0,47.76,200.0,160.0,0.0
18-05-2011,85.4,3645.0,77.53,1745.0,47.87,200.0,160.0,0.0
19-05-2011,85.4,3645.0,77.55,1749.0,47.98,200.0,160.0,0.0
20-05-2011,85.4,3645.0,77.57,1753.0,48.09,200.0,160.0,0.0
21-05-2011,85.4,3645.0,77.73,1784.0,48.94,559.0,160.0,45.0
22-05-2011,85.4,3645.0,77.81,1800.0,49.38,385.0,170.0,3.0
23-05-2011,85.4,3645.0,77.82,1802.0,49.44,190.0,170.0,0.0
24-05-2011,85.4,3645.0,77.84,1806.0,49.55,190.0,170.0,0.0
25-05-2011,85.4,3645.0,77.85,1808.0,49.6,190.0,170.0,0.0
26-05-2011,85.4,3645.0,77.86,1810.0,49.66,190.0,170.0,0.0
27-05-2011,85.4,3645.0,77.87,1812.0,49.71,190.0,170.0,0.0
28-05-2011,85.4,3645.0,77.88,1814.0,49.77,190.0,170.0,0.0
29-05-2011,85.4,3645.0,77.89,1816.0,49.82,190.0,170.0,0.0
30-05-2011,85.4,3645.0,77.9,1818.0,49.88,190.0,170.0,0.0
31-05-2011,85.4,3645.0,77.91,1820.0,49.93,190.0,170.0,0.0
01-06-2011,85.4,3645.0,77.92,1822.0,49.99,190.0,170.0,0.0
02-06-2011,85.4,3645.0,78.06,1850.0,50.75,515.0,170.0,40.0
03-06-2011,85.4,3645.0,78.16,1871.0,51.33,433.0,170.0,0.0
04-06-2011,85.4,3645.0,78.2,1879.0,51.55,283.0,170.0,0.0
05-06-2011,85.4,3645.0,78.21,1881.0,51.6,190.0,170.0,0.0
06-06-2011,85.4,3645.0,78.22,1883.0,51.66,190.0,170.0,0.0
07-06-2011,85.4,3645.0,78.27,1893.0,51.93,306.0,170.0,22.0
08-06-2011,85.4,3645.0,78.26,1891.0,51.88,60.0,170.0,0.0
09-06-2011,85.4,3645.0,78.24,1887.0,51.77,60.0,170.0,0.0
10-06-2011,85.4,3645.0,78.22,1883.0,51.66,60.0,170.0,0.0
11-06-2011,85.4,3645.0,78.19,1877.0,51.5,60.0,170.0,0.0
12-06-2011,85.4,3645.0,78.16,1871.0,51.33,60.0,170.0,0.0
13-06-2011,85.4,3645.0,78.13,1865.0,51.17,60.0,170.0,0.0
14-06-2011,85.4,3645.0,78.12,1861.0,51.06,60.0,170.0,0.0
15-06-2011,85.4,3645.0,78.16,1871.0,51.33,176.0,170.0,25.0
16-06-2011,85.4,3645.0,78.14,1867.0,51.22,60.0,170.0,0.0
17-06-2011,85.4,3645.0,78.1,1859.0,51.0,80.0,170.0,0.0
18-06-2011,85.4,3645.0,78.07,1852.0,50.81,80.0,170.0,0.0
19-06-2011,85.4,3645.0,78.03,1844.0,50.59,80.0,170.0,0.0
20-06-2011,85.4,3645.0,77.99,1837.0,50.4,80.0,170.0,0.0
21-06-2011,85.4,3645.0,77.96,1830.0,50.21,80.0,170.0,0.0
22-06-2011,85.4,3645.0,77.92,1822.0,49.99,80.0,170.0,0.0
23-06-2011,85.4,3645.0,77.97,1832.0,50.26,270.0,170.0,0.0
24-06-2011,85.4,3645.0,78.1,1859.0,51.0,482.0,170.0,5.0
25-06-2011,85.4,3645.0,78.23,1885.0,51.71,471.0,170.0,0.0
26-06-2011,85.4,3645.0,78.34,1908.0,52.35,436.0,170.0,0.0
27-06-2011,85.4,3645.0,78.44,1928.0,52.89,401.0,170.0,0.0
28-06-2011,85.4,3645.0,78.49,1939.0,53.2,297.0,170.0,0.0
29-06-2011,85.4,3645.0,78.58,1958.0,53.72,390.0,170.0,0.0
30-06-2011,85.4,3645.0,78.64,1971.0,54.07,320.0,170.0,0.0
01-07-2011,85.4,3645.0,78.7,1983.0,54.4,309.0,170.0,0.0
02-07-2011,85.4,3645.0,78.78,2000.0,54.87,367.0,170.0,4.0
03-07-2011,85.4,3645.0,79.01,2050.0,56.24,754.0,170.0,30.0
04-07-2011,85.4,3645.0,79.1,2069.0,56.76,390.0,170.0,0.0
05-07-2011,85.4,3645.0,79.21,2093.0,57.42,447.0,170.0,16.0
06-07-2011,85.4,3645.0,79.3,2112.0,57.94,390.0,170.0,0.0
07-07-2011,85.4,3645.0,79.49,2154.0,59.09,656.0,170.0,35.0
08-07-2011,85.4,3645.0,79.58,2176.0,59.7,420.0,170.0,0.0
09-07-2011,85.4,3645.0,79.67,2196.0,60.25,401.0,170.0,0.0
10-07-2011,85.4,3645.0,79.76,2214.0,60.74,380.0,170.0,0.0
11-07-2011,85.4,3645.0,79.83,2231.0,61.21,360.0,170.0,0.0
12-07-2011,85.4,3645.0,79.93,2254.0,61.84,436.0,170.0,9.0
13-07-2011,85.4,3645.0,79.96,2261.0,62.03,251.0,170.0,0.0
14-07-2011,85.4,3645.0,79.97,2264.0,62.11,205.0,170.0,0.0
15-07-2011,85.4,3645.0,79.97,2264.0,62.11,170.0,170.0,0.0
16-07-2011,85.4,3645.0,79.97,2264.0,62.11,170.0,170.0,0.0
17-07-2011,85.4,3645.0,79.98,2266.0,62.17,193.0,170.0,3.0
18-07-2011,85.4,3645.0,79.99,2268.0,62.22,180.0,170.0,0.0
19-07-2011,85.4,3645.0,80.0,2270.0,62.28,190.0,170.0,0.0
20-07-2011,85.4,3645.0,80.06,2284.0,62.66,302.0,140.0,47.0
21-07-2011,85.4,3645.0,80.1,2294.0,62.94,256.0,140.0,0.0
22-07-2011,85.4,3645.0,80.13,2300.0,63.1,209.0,140.0,0.0
23-07-2011,85.4,3645.0,80.19,2314.0,63.48,260.0,140.0,4.0
24-07-2011,85.4,3645.0,80.22,2320.0,63.65,209.0,140.0,0.0
25-07-2011,85.4,3645.0,80.22,2320.0,63.65,170.0,170.0,2.0
26-07-2011,85.4,3645.0,80.22,2320.0,63.65,170.0,170.0,0.0
27-07-2011,85.4,3645.0,80.35,2351.0,64.5,514.0,155.0,15.0
28-07-2011,85.4,3645.0,80.51,2389.0,65.54,570.0,130.0,13.0
29-07-2011,85.4,3645.0,80.57,2403.0,65.93,292.0,130.0,0.0
30-07-2011,85.4,3645.0,80.62,2415.0,66.26,269.0,130.0,0.0
31-07-2011,85.4,3645.0,80.67,2427.0,66.58,269.0,130.0,0.0
01-08-2011,85.4,3645.0,80.72,2438.0,66.89,190.0,130.0,0.0
02-08-2011,85.4,3645.0,80.77,2450.0,67.22,190.0,130.0,0.0
03-08-2011,85.4,3645.0,80.82,2462.0,67.54,190.0,130.0,3.0
04-08-2011,85.4,3645.0,80.87,2474.0,67.87,230.0,160.0,0.0
05-08-2011,85.4,3645.0,80.93,2488.0,68.26,322.0,160.0,6.0
06-08-2011,85.4,3645.0,81.03,2513.0,68.94,449.0,160.0,16.0
07-08-2011,85.4,3645.0,81.08,2525.0,69.27,299.0,160.0,0.0
08-08-2011,85.4,3645.0,81.11,2532.0,69.47,241.0,160.0,0.0
09-08-2011,85.4,3645.0,81.19,2552.0,70.01,391.0,160.0,10.0
10-08-2011,85.4,3645.0,81.26,2569.0,70.48,357.0,160.0,3.0
11-08-2011,85.4,3645.0,81.44,2613.0,71.69,669.0,160.0,35.0
12-08-2011,85.4,3645.0,81.51,2630.0,72.15,357.0,160.0,0.0
13-08-2011,85.4,3645.0,81.56,2643.0,72.51,310.0,160.0,0.0
14-08-2011,85.4,3645.0,81.6,2653.0,72.78,276.0,160.0,0.0
15-08-2011,85.4,3645.0,81.65,2665.0,73.11,299.0,160.0,0.0
16-08-2011,85.4,3645.0,81.7,2678.0,73.47,310.0,160.0,0.0
17-08-2011,85.4,3645.0,81.75,2690.0,73.8,299.0,160.0,0.0
18-08-2011,85.4,3645.0,81.93,2735.0,75.03,681.0,160.0,34.0
19-08-2011,85.4,3645.0,81.98,2748.0,75.39,310.0,160.0,3.0
20-08-2011,85.4,3645.0,81.98,2748.0,75.39,160.0,160.0,0.0
21-08-2011,85.4,3645.0,82.21,2807.0,77.01,843.0,160.0,99.0
22-08-2011,85.4,3645.0,82.27,2822.0,77.42,333.0,160.0,0.0
23-08-2011,85.4,3645.0,82.26,2820.0,77.37,137.0,160.0,0.0
24-08-2011,85.4,3645.0,82.23,2812.0,77.15,47.0,140.0,0.0
25-08-2011,85.4,3645.0,82.33,2838.0,77.86,441.0,140.0,60.0
26-08-2011,85.4,3645.0,82.36,2845.0,78.05,221.0,140.0,10.0
27-08-2011,85.4,3645.0,82.43,2862.0,78.52,337.0,140.0,40.0
28-08-2011,85.4,3645.0,82.49,2878.0,78.96,377.0,140.0,9.0
29-08-2011,85.4,3645.0,82.48,2875.0,78.88,35.0,140.0,0.0
30-08-2011,85.4,3645.0,82.44,2863.0,78.55,0.0,140.0,0.0
31-08-2011,85.4,3645.0,82.39,2853.0,78.27,0.0,140.0,0.0
01-09-2011,85.4,3645.0,82.33,2845.0,78.05,0.0,140.0,0.0
02-09-2011,85.4,3645.0,82.33,2838.0,77.86,0.0,140.0,0.0
03-09-2011,85.4,3645.0,82.29,2827.0,77.56,0.0,140.0,0.0
04-09-2011,85.4,3645.0,82.26,2820.0,77.37,0.0,140.0,0.0
05-09-2011,85.4,3645.0,82.23,2812.0,77.15,0.0,140.0,0.0
06-09-2011,85.4,3645.0,82.28,2825.0,77.5,290.0,140.0,40.0
07-09-2011,85.4,3645.0,82.25,2817.0,77.28,0.0,140.0,3.0
08-09-2011,85.4,3645.0,82.21,2807.0,77.01,0.0,140.0,0.0
09-09-2011,85.4,3645.0,82.19,2802.0,76.87,0.0,140.0,2.0
10-09-2011,85.4,3645.0,82.15,2791.0,76.57,0.0,140.0,0.0
11-09-2011,85.4,3645.0,82.09,2776.0,76.16,0.0,140.0,0.0
12-09-2011,85.4,3645.0,82.04,2763.0,75.8,0.0,140.0,0.0
13-09-2011,85.4,3645.0,82.06,2769.0,75.97,209.0,140.0,5.0
14-09-2011,85.4,3645.0,82.02,2757.0,75.64,0.0,140.0,0.0
15-09-2011,85.4,3645.0,81.97,2746.0,75.34,0.0,130.0,6.0
16-09-2011,85.4,3645.0,82.05,2766.0,75.88,0.0,160.0,45.0
17-09-2011,85.4,3645.0,82.23,2812.0,77.15,692.0,160.0,60.0
18-09-2011,85.4,3645.0,82.27,2823.0,77.45,277.0,150.0,3.0
19-09-2011,85.4,3645.0,82.24,2815.0,77.23,58.0,150.0,0.0
20-09-2011,85.4,3645.0,82.48,2875.0,78.88,844.0,150.0,90.0
21-09-2011,85.4,3645.0,82.58,2903.0,79.64,474.0,150.0,0.0
22-09-2011,85.4,3645.0,82.58,2903.0,79.64,150.0,150.0,0.0
23-09-2011,85.4,3645.0,82.53,2889.0,79.26,0.0,150.0,0.0
24-09-2011,85.4,3645.0,82.48,2875.0,78.88,0.0,150.0,0.0
25-09-2011,85.4,3645.0,82.42,2859.0,78.44,0.0,170.0,0.0
26-09-2011,85.4,3645.0,82.37,2848.0,78.13,0.0,150.0,0.0
27-09-2011,85.4,3645.0,82.33,2838.0,77.86,0.0,150.0,0.0
28-09-2011,85.4,3645.0,82.29,2827.0,77.56,0.0,150.0,0.0
29-09-2011,85.4,3645.0,82.24,2814.0,77.2,0.0,150.0,0.0
30-09-2011,85.4,3645.0,82.2,2804.0,76.93,30.0,150.0,16.0
01-10-2011,85.4,3645.0,82.15,2792.0,76.6,0.0,150.0,0.0
02-10-2011,85.4,3645.0,82.1,2779.0,76.24,0.0,150.0,0.0
03-10-2011,85.4,3645.0,82.05,2766.0,75.88,0.0,150.0,2.0
04-10-2011,85.4,3645.0,82.0,2753.0,75.53,0.0,150.0,0.0
05-10-2011,85.4,3645.0,81.95,2740.0,75.17,0.0,150.0,0.0
06-10-2011,85.4,3645.0,81.93,2735.0,75.03,0.0,150.0,3.0
07-10-2011,85.4,3645.0,81.88,2722.0,74.68,0.0,150.0,0.0
08-10-2011,85.4,3645.0,81.83,2710.0,74.35,0.0,150.0,0.0
09-10-2011,85.4,3645.0,81.78,2697.0,73.99,0.0,150.0,0.0
10-10-2011,85.4,3645.0,81.73,2685.0,73.66,0.0,150.0,0.0
11-10-2011,85.4,3645.0,81.68,2672.0,73.31,0.0,150.0,0.0
12-10-2011,85.4,3645.0,81.64,2663.0,73.06,46.0,150.0,2.0
13-10-2011,85.4,3645.0,81.58,2648.0,72.65,0.0,150.0,1.0
14-10-2011,85.4,3645.0,81.53,2635.0,72.29,0.0,150.0,0.0
15-10-2011,85.4,3645.0,81.5,2628.0,72.1,69.0,150.0,0.0
16-10-2011,85.4,3645.0,81.67,2670.0,73.25,636.0,150.0,17.0
17-10-2011,85.4,3645.0,81.62,2657.0,72.89,636.0,150.0,0.0
18-10-2011,85.4,3645.0,81.57,2644.0,72.54,0.0,150.0,1.0
19-10-2011,85.4,3645.0,81.6,2653.0,72.78,244.0,140.0,35.0
20-10-2011,85.4,3645.0,81.55,2641.0,72.46,0.0,140.0,0.0
21-10-2011,85.4,3645.0,81.5,2628.0,72.1,0.0,150.0,0.0
22-10-2011,85.4,3645.0,81.49,2625.0,72.02,120.0,150.0,0.0
23-10-2011,85.4,3645.0,81.49,2625.0,72.02,150.0,150.0,0.0
24-10-2011,85.4,3645.0,81.52,2633.0,72.24,243.0,150.0,24.0
25-10-2011,85.4,3645.0,81.56,2643.0,72.51,266.0,150.0,45.0
26-10-2011,85.4,3645.0,81.62,2658.0,72.92,323.0,150.0,30.0
27-10-2011,85.4,3645.0,81.71,2680.0,73.53,405.0,150.0,30.0
28-10-2011,85.4,3645.0,81.71,2680.0,73.53,150.0,150.0,10.0
29-10-2011,85.4,3645.0,81.69,2675.0,73.39,92.0,150.0,2.0
30-10-2011,85.4,3645.0,81.8,2703.0,74.16,474.0,150.0,31.0
31-10-2011,85.4,3645.0,81.82,2708.0,74.29,208.0,150.0,3.0
01-11-2011,85.4,3645.0,81.93,2735.0,75.03,462.0,150.0,48.0
02-11-2011,85.4,3645.0,82.06,2769.0,75.97,544.0,150.0,41.0
03-11-2011,85.4,3645.0,82.13,2786.0,76.43,544.0,150.0,9.0
04-11-2011,85.4,3645.0,82.21,2807.0,77.01,393.0,150.0,7.0
05-11-2011,85.4,3645.0,82.5,2882.0,79.07,978.0,110.0,60.0
06-11-2011,85.4,3645.0,82.9,2986.0,81.92,1204.0,1500.0,76.0
07-11-2011,85.4,3645.0,82.29,2827.0,77.56,1160.0,3000.0,0.0
08-11-2011,85.4,3645.0,82.09,2776.0,76.16,335.0,925.0,0.0
09-11-2011,85.4,3645.0,81.9,2728.0,74.84,240.0,800.0,0.0
10-11-2011,85.4,3645.0,81.85,2715.0,74.49,0.0,350.0,0.0
11-11-2011,85.4,3645.0,81.75,2690.0,73.8,0.0,350.0,0.0
12-11-2011,85.4,3645.0,81.69,2675.0,73.39,0.0,250.0,0.0
13-11-2011,85.4,3645.0,81.62,2658.0,72.92,0.0,250.0,0.0
14-11-2011,85.4,3645.0,81.55,2640.0,72.43,0.0,250.0,0.0
15-11-2011,85.4,3645.0,81.49,2625.0,72.02,0.0,190.0,0.0
16-11-2011,85.4,3645.0,81.43,2610.0,71.6,0.0,200.0,0.0
17-11-2011,85.4,3645.0,81.37,2596.0,71.22,0.0,200.0,2.0
18-11-2011,85.4,3645.0,81.6,2653.0,72.78,660.0,200.0,44.0
19-11-2011,85.4,3645.0,81.7,2678.0,73.47,489.0,200.0,9.0
20-11-2011,85.4,3645.0,81.7,2678.0,73.47,200.0,200.0,0.0
21-11-2011,85.4,3645.0,81.68,2673.0,73.33,100.0,170.0,0.0
22-11-2011,85.4,3645.0,81.66,2668.0,73.2,70.0,130.0,0.0
23-11-2011,85.4,3645.0,81.62,2658.0,72.92,0.0,130.0,0.0
24-11-2011,85.4,3645.0,81.58,2648.0,72.65,0.0,130.0,0.0
25-11-2011,85.4,3645.0,81.7,2678.0,73.47,477.0,130.0,60.0
26-11-2011,85.4,3645.0,82.0,2753.0,75.53,1298.0,430.0,36.0
27-11-2011,85.4,3645.0,82.07,2771.0,76.02,2838.0,2630.0,59.0
28-11-2011,85.4,3645.0,81.6,2653.0,72.78,3284.0,4650.0,43.0
29-11-2011,85.4,3645.0,81.46,2618.0,71.82,745.0,1150.0,2.0
30-11-2011,85.4,3645.0,81.6,2653.0,72.78,805.0,400.0,0.0
01-12-2011,85.4,3645.0,81.68,2673.0,73.33,630.0,400.0,0.0
02-12-2011,85.4,3645.0,81.7,2678.0,73.47,458.0,400.0,0.0
03-12-2011,85.4,3645.0,81.73,2685.0,73.66,231.0,150.0,0.0
04-12-2011,85.4,3645.0,81.76,2693.0,73.88,243.0,150.0,0.0
05-12-2011,85.4,3645.0,81.76,2693.0,73.88,150.0,150.0,0.0
06-12-2011,85.4,3645.0,81.76,2693.0,73.88,150.0,150.0,0.0
07-12-2011,85.4,3645.0,81.76,2693.0,73.88,150.0,150.0,0.0
08-12-2011,85.4,3645.0,81.75,2690.0,73.8,115.0,150.0,0.0
09-12-2011,85.4,3645.0,81.72,2683.0,73.61,70.0,150.0,0.0
10-12-2011,85.4,3645.0,81.75,2690.0,73.8,230.0,150.0,3.0
11-12-2011,85.4,3645.0,81.73,2685.0,73.66,70.0,130.0,0.0
12-12-2011,85.4,3645.0,81.7,2678.0,73.47,50.0,130.0,0.0
13-12-2011,85.4,3645.0,81.67,2671.0,73.28,50.0,130.0,0.0
14-12-2011,85.4,3645.0,81.63,2660.0,72.98,20.0,130.0,0.0
15-12-2011,85.4,3645.0,81.6,2653.0,72.78,70.0,130.0,8.0
16-12-2011,85.4,3645.0,81.67,2670.0,73.25,346.0,130.0,25.0
17-12-2011,85.4,3645.0,81.67,2670.0,73.25,150.0,150.0,0.0
18-12-2011,85.4,3645.0,81.64,2663.0,73.06,70.0,150.0,0.0
19-12-2011,85.4,3645.0,81.61,2656.0,72.87,60.0,150.0,0.0
20-12-2011,85.4,3645.0,81.58,2648.0,72.65,70.0,150.0,0.0
21-12-2011,85.4,3645.0,81.55,2641.0,72.46,70.0,150.0,0.0
22-12-2011,85.4,3645.0,81.53,2634.0,72.26,70.0,150.0,0.0
23-12-2011,85.4,3645.0,81.49,2625.0,72.02,50.0,150.0,0.0
24-12-2011,85.4,3645.0,81.45,2616.0,71.77,50.0,150.0,0.0
25-12-2011,85.4,3645.0,81.42,2607.0,71.52,60.0,150.0,0.0
26-12-2011,85.4,3645.0,81.39,2601.0,71.36,70.0,150.0,0.0
27-12-2011,85.4,3645.0,81.36,2592.0,71.11,50.0,150.0,0.0
28-12-2011,85.4,3645.0,81.32,2583.0,70.86,50.0,150.0,0.0
29-12-2011,85.4,3645.0,81.28,2574.0,70.62,50.0,150.0,0.0
30-12-2011,85.4,3645.0,81.35,2591.0,71.08,345.0,150.0,59.0
31-12-2011,85.4,3645.0,81.99,2751.0,75.47,2000.0,150.0,86.0
01-01-2012,85.4,3645.0,82.28,2825.0,77.5,1006.0,150.0,3.0
02-01-2012,85.4,3645.0,82.45,2866.0,78.63,625.0,150.0,10.0
03-01-2012,85.4,3645.0,82.56,2897.0,79.48,509.0,150.0,0.0
04-01-2012,85.4,3645.0,82.63,2916.0,80.0,370.0,150.0,0.0
05-01-2012,85.4,3645.0,82.68,2929.0,80.36,300.0,150.0,0.0
06-01-2012,85.4,3645.0,82.71,2937.0,80.58,243.0,150.0,0.0
07-01-2012,85.4,3645.0,82.73,2942.0,80.71,208.0,150.0,0.0
08-01-2012,85.4,3645.0,82.73,2942.0,80.71,150.0,150.0,0.0
09-01-2012,85.4,3645.0,82.69,2931.0,80.41,20.0,150.0,0.0
10-01-2012,85.4,3645.0,82.65,2920.0,80.11,20.0,150.0,0.0
11-01-2012,85.4,3645.0,82.61,2910.0,79.84,15.0,130.0,0.0
12-01-2012,85.4,3645.0,82.57,2900.0,79.56,0.0,130.0,0.0
13-01-2012,85.4,3645.0,82.53,2889.0,79.26,0.0,130.0,0.0
14-01-2012,85.4,3645.0,82.49,2879.0,78.98,0.0,120.0,0.0
15-01-2012,85.4,3645.0,82.46,2869.0,78.71,0.0,120.0,0.0
16-01-2012,85.4,3645.0,82.42,2859.0,78.44,0.0,120.0,0.0
17-01-2012,85.4,3645.0,82.38,2849.0,78.16,0.0,120.0,0.0
18-01-2012,85.4,3645.0,82.34,2839.0,77.89,0.0,120.0,0.0
19-01-2012,85.4,3645.0,82.3,2829.0,77.61,0.0,120.0,0.0
20-01-2012,85.4,3645.0,82.26,2819.0,77.34,0.0,120.0,0.0
21-01-2012,85.4,3645.0,82.22,2809.0,77.06,0.0,120.0,0.0
22-01-2012,85.4,3645.0,82.18,2799.0,76.79,0.0,120.0,0.0
23-01-2012,85.4,3645.0,82.14,2789.0,76.52,0.0,120.0,0.0
24-01-2012,85.4,3645.0,82.1,2779.0,76.24,0.0,120.0,0.0
25-01-2012,85.4,3645.0,82.06,2769.0,75.97,0.0,120.0,0.0
26-01-2012,85.4,3645.0,82.02,2759.0,75.69,0.0,120.0,0.0
27-01-2012,85.4,3645.0,81.98,2749.0,75.42,0.0,120.0,0.0
28-01-2012,85.4,3645.0,81.94,2739.0,75.14,0.0,120.0,0.0
29-01-2012,85.4,3645.0,81.91,2729.0,74.87,0.0,120.0,0.0
30-01-2012,85.4,3645.0,81.87,2719.0,74.6,0.0,120.0,0.0
31-01-2012,85.4,3645.0,81.91,2729.0,74.87,136.0,120.0,20.0
01-02-2012,85.4,3645.0,81.87,2719.0,74.6,0.0,120.0,0.0
02-02-2012,85.4,3645.0,81.83,2709.0,74.32,0.0,120.0,0.0
03-02-2012,85.4,3645.0,81.78,2698.0,74.02,0.0,120.0,0.0
04-02-2012,85.4,3645.0,81.73,2686.0,73.69,0.0,140.0,0.0
05-02-2012,85.4,3645.0,81.67,2673.0,73.33,0.0,140.0,0.0
06-02-2012,85.4,3645.0,81.63,2660.0,72.98,0.0,140.0,0.0
07-02-2012,85.4,3645.0,81.58,2648.0,72.65,0.0,140.0,0.0
08-02-2012,85.4,3645.0,81.53,2636.0,72.32,0.0,140.0,0.0
09-02-2012,85.4,3645.0,81.48,2624.0,71.99,0.0,140.0,0.0
10-02-2012,85.4,3645.0,81.44,2612.0,71.66,0.0,140.0,0.0
11-02-2012,85.4,3645.0,81.4,2603.0,71.41,0.0,110.0,0.0
12-02-2012,85.4,3645.0,81.35,2591.0,71.08,0.0,140.0,0.0
13-02-2012,85.4,3645.0,81.3,2579.0,70.75,0.0,140.0,0.0
14-02-2012,85.4,3645.0,81.26,2567.0,70.43,0.0,140.0,0.0
15-02-2012,85.4,3645.0,81.21,2555.0,70.1,0.0,140.0,0.0
16-02-2012,85.4,3645.0,81.17,2547.0,69.88,0.0,90.0,0.0
17-02-2012,85.4,3645.0,81.14,2539.0,69.66,0.0,90.0,0.0
18-02-2012,85.4,3645.0,81.1,2530.0,69.41,0.0,90.0,0.0
19-02-2012,85.4,3645.0,81.05,2518.0,69.08,0.0,90.0,0.0
20-02-2012,85.4,3645.0,81.0,2506.0,68.75,0.0,140.0,0.0
21-02-2012,85.4,3645.0,80.95,2494.0,68.42,0.0,140.0,0.0
22-02-2012,85.4,3645.0,80.9,2482.0,68.09,0.0,140.0,0.0
23-02-2012,85.4,3645.0,80.86,2473.0,67.85,0.0,100.0,0.0
24-02-2012,85.4,3645.0,80.83,2465.0,67.63,0.0,100.0,0.0
25-02-2012,85.4,3645.0,80.78,2453.0,67.3,0.0,100.0,0.0
26-02-2012,85.4,3645.0,80.73,2441.0,66.97,0.0,140.0,0.0
27-02-2012,85.4,3645.0,80.67,2428.0,66.61,0.0,140.0,0.0
28-02-2012,85.4,3645.0,80.62,2416.0,66.28,0.0,140.0,0.0
29-02-2012,85.4,3645.0,80.57,2403.0,65.93,0.0,140.0,0.0
01-03-2012,85.4,3645.0,80.52,2390.0,65.57,0.0,140.0,0.0
02-03-2012,85.4,3645.0,80.46,2377.0,65.21,0.0,150.0,0.0
03-03-2012,85.4,3645.0,80.41,2364.0,64.86,0.0,150.0,0.0
04-03-2012,85.4,3645.0,80.35,2351.0,64.5,0.0,150.0,0.0
05-03-2012,85.4,3645.0,80.3,2338.0,64.14,0.0,150.0,0.0
06-03-2012,85.4,3645.0,80.25,2325.0,63.79,0.0,150.0,0.0
07-03-2012,85.4,3645.0,80.18,2312.0,63.43,0.0,150.0,0.0
08-03-2012,85.4,3645.0,80.12,2299.0,63.07,0.0,150.0,0.0
09-03-2012,85.4,3645.0,80.08,2289.0,62.8,0.0,105.0,0.0
10-03-2012,85.4,3645.0,80.04,2280.0,62.55,0.0,105.0,0.0
11-03-2012,85.4,3645.0,80.0,2271.0,62.3,0.0,105.0,0.0
12-03-2012,85.4,3645.0,79.96,2262.0,62.06,0.0,105.0,0.0
13-03-2012,85.4,3645.0,79.92,2252.0,61.78,0.0,105.0,0.0
14-03-2012,85.4,3645.0,79.86,2238.0,61.4,0.0,155.0,0.0
15-03-2012,85.4,3645.0,79.8,2225.0,61.04,0.0,155.0,0.0
16-03-2012,85.4,3645.0,79.74,2211.0,60.66,0.0,155.0,0.0
17-03-2012,85.4,3645.0,79.68,2199.0,60.33,0.0,155.0,0.0
18-03-2012,85.4,3645.0,79.63,2186.0,59.97,0.0,155.0,0.0
19-03-2012,85.4,3645.0,79.57,2172.0,59.59,0.0,155.0,0.0
20-03-2012,85.4,3645.0,79.51,2159.0,59.23,0.0,155.0,0.0
21-03-2012,85.4,3645.0,79.45,2146.0,58.88,0.0,155.0,0.0
22-03-2012,85.4,3645.0,79.39,2132.0,58.49,0.0,160.0,0.0
23-03-2012,85.4,3645.0,79.32,2118.0,58.11,0.0,160.0,0.0
24-03-2012,85.4,3645.0,79.26,2104.0,57.72,0.0,160.0,0.0
25-03-2012,85.4,3645.0,79.19,2089.0,57.31,0.0,160.0,0.0
26-03-2012,85.4,3645.0,79.13,2075.0,56.93,0.0,160.0,0.0
27-03-2012,85.4,3645.0,79.06,2061.0,56.54,0.0,160.0,0.0
28-03-2012,85.4,3645.0,79.0,2047.0,56.16,0.0,160.0,0.0
29-03-2012,85.4,3645.0,78.93,2032.0,55.75,0.0,160.0,0.0
30-03-2012,85.4,3645.0,78.86,2018.0,55.36,0.0,160.0,0.0
31-03-2012,85.4,3645.0,78.8,2004.0,54.98,0.0,160.0,0.0
01-04-2012,85.4,3645.0,78.73,1989.0,54.57,0.0,170.0,0.0
02-04-2012,85.4,3645.0,78.66,1974.0,54.16,0.0,170.0,0.0
03-04-2012,85.4,3645.0,78.59,1960.0,53.77,0.0,170.0,0.0
04-04-2012,85.4,3645.0,78.52,1945.0,53.36,0.0,170.0,0.0
05-04-2012,85.4,3645.0,78.45,1930.0,52.95,0.0,170.0,0.0
06-04-2012,85.4,3645.0,78.38,1915.0,52.54,0.0,170.0,0.0
07-04-2012,85.4,3645.0,78.3,1900.0,52.13,0.0,170.0,0.0
08-04-2012,85.4,3645.0,78.23,1885.0,51.71,0.0,170.0,0.0
09-04-2012,85.4,3645.0,78.16,1871.0,51.33,0.0,170.0,0.0
10-04-2012,85.4,3645.0,78.09,1856.0,50.92,0.0,170.0,0.0
11-04-2012,85.4,3645.0,78.02,1842.0,50.53,0.0,170.0,0.0
12-04-2012,85.4,3645.0,77.95,1828.0,50.15,0.0,170.0,0.0
13-04-2012,85.4,3645.0,77.88,1814.0,49.77,0.0,160.0,0.0
14-04-2012,85.4,3645.0,77.81,1800.0,49.38,0.0,160.0,0.0
15-04-2012,85.4,3645.0,77.74,1786.0,49.0,0.0,160.0,0.0
16-04-2012,85.4,3645.0,77.67,1772.0,48.61,0.0,160.0,0.0
17-04-2012,85.4,3645.0,77.6,1758.0,48.23,0.0,160.0,0.0
18-04-2012,85.4,3645.0,77.52,1743.0,47.82,0.0,160.0,0.0
19-04-2012,85.4,3645.0,77.44,1728.0,47.41,0.0,160.0,0.0
20-04-2012,85.4,3645.0,77.37,1714.0,47.02,0.0,160.0,0.0
21-04-2012,85.4,3645.0,77.3,1700.0,46.64,0.0,160.0,0.0
22-04-2012,85.4,3645.0,77.23,1686.0,46.26,0.0,160.0,0.0
23-04-2012,85.4,3645.0,77.15,1672.0,45.87,0.0,160.0,0.0
24-04-2012,85.4,3645.0,77.09,1660.0,45.54,0.0,135.0,0.0
25-04-2012,85.4,3645.0,77.03,1649.0,45.24,0.0,135.0,0.0
26-04-2012,85.4,3645.0,76.96,1636.0,44.88,0.0,145.0,0.0
27-04-2012,85.4,3645.0,76.9,1624.0,44.55,0.0,145.0,0.0
28-04-2012,85.4,3645.0,76.83,1611.0,44.2,0.0,145.0,0.0
29-04-2012,85.4,3645.0,76.76,1598.0,43.84,0.0,145.0,0.0
30-04-2012,85.4,3645.0,76.7,1586.0,43.51,0.0,145.0,0.0
01-05-2012,85.4,3645.0,76.63,1574.0,43.18,0.0,145.0,0.0
02-05-2012,85.4,3645.0,76.56,1561.0,42.83,0.0,145.0,0.0
03-05-2012,85.4,3645.0,76.5,1550.0,42.52,0.0,135.0,0.0
04-05-2012,85.4,3645.0,76.44,1539.0,42.22,0.0,135.0,0.0
05-05-2012,85.4,3645.0,76.38,1528.0,41.92,0.0,135.0,0.0
06-05-2012,85.4,3645.0,76.31,1515.0,41.56,0.0,150.0,0.0
07-05-2012,85.4,3645.0,76.24,1502.0,41.21,0.0,150.0,0.0
08-05-2012,85.4,3645.0,76.17,1489.0,40.85,0.0,150.0,0.0
09-05-2012,85.4,3645.0,76.1,1476.0,40.49,0.0,150.0,0.0
10-05-2012,85.4,3645.0,76.02,1463.0,40.14,0.0,150.0,0.0
11-05-2012,85.4,3645.0,75.95,1450.0,39.78,0.0,150.0,0.0
12-05-2012,85.4,3645.0,75.88,1437.0,39.42,0.0,150.0,0.0
13-05-2012,85.4,3645.0,75.8,1424.0,39.07,0.0,150.0,0.0
14-05-2012,85.4,3645.0,75.73,1411.0,38.71,0.0,150.0,0.0
15-05-2012,85.4,3645.0,75.66,1398.0,38.35,0.0,150.0,0.0
16-05-2012,85.4,3645.0,75.58,1385.0,38.0,0.0,150.0,0.0
17-05-2012,85.4,3645.0,75.51,1372.0,37.64,0.0,150.0,0.0
18-05-2012,85.4,3645.0,75.44,1359.0,37.28,0.0,150.0,3.5
19-05-2012,85.4,3645.0,75.36,1346.0,36.93,0.0,150.0,0.0
20-05-2012,85.4,3645.0,75.28,1333.0,36.57,0.0,150.0,0.0
21-05-2012,85.4,3645.0,75.21,1320.0,36.21,0.0,150.0,0.0
22-05-2012,85.4,3645.0,75.13,1307.0,35.86,0.0,150.0,0.0
23-05-2012,85.4,3645.0,75.06,1294.0,35.5,0.0,150.0,0.0
24-05-2012,85.4,3645.0,74.98,1281.0,35.14,0.0,150.0,0.0
25-05-2012,85.4,3645.0,74.9,1268.0,34.79,0.0,150.0,0.0
26-05-2012,85.4,3645.0,74.83,1255.0,34.43,0.0,150.0,0.0
27-05-2012,85.4,3645.0,74.75,1242.0,34.07,0.0,150.0,0.0
28-05-2012,85.4,3645.0,74.67,1229.0,33.72,0.0,150.0,0.0
29-05-2012,85.4,3645.0,74.59,1216.0,33.36,0.0,150.0,0.0
30-05-2012,85.4,3645.0,74.51,1203.0,33.0,0.0,150.0,0.0
31-05-2012,85.4,3645.0,74.43,1190.0,32.65,0.0,150.0,0.0
01-06-2012,85.4,3645.0,74.35,1177.0,32.29,0.0,150.0,0.0
02-06-2012,85.4,3645.0,74.27,1164.0,31.93,0.0,150.0,0.0
03-06-2012,85.4,3645.0,74.19,1151.0,31.58,0.0,150.0,0.0
04-06-2012,85.4,3645.0,74.1,1138.0,31.22,0.0,150.0,0.0
05-06-2012,85.4,3645.0,74.02,1125.0,30.86,0.0,150.0,0.0
06-06-2012,85.4,3645.0,73.94,1112.0,30.51,0.0,150.0,0.0
07-06-2012,85.4,3645.0,73.86,1099.0,30.15,0.0,150.0,0.0
08-06-2012,85.4,3645.0,73.77,1086.0,29.79,0.0,150.0,0.0
09-06-2012,85.4,3645.0,73.68,1073.0,29.44,0.0,150.0,0.0
10-06-2012,85.4,3645.0,73.6,1060.0,29.08,0.0,155.0,0.0
11-06-2012,85.4,3645.0,73.51,1046.0,28.7,0.0,155.0,0.0
12-06-2012,85.4,3645.0,73.42,1032.0,28.31,0.0,155.0,0.0
13-06-2012,85.4,3645.0,73.33,1019.0,27.96,0.0,155.0,0.0
14-06-2012,85.4,3645.0,73.23,1005.0,27.57,0.0,155.0,0.0
15-06-2012,85.4,3645.0,73.14,991.0,27.19,0.0,160.0,0.0
16-06-2012,85.4,3645.0,73.05,978.0,26.83,0.0,160.0,0.0
17-06-2012,85.4,3645.0,72.96,964.0,26.45,0.0,160.0,0.0
18-06-2012,85.4,3645.0,72.86,950.0,26.06,0.0,160.0,0.0
19-06-2012,85.4,3645.0,72.76,936.0,25.68,0.0,160.0,0.0
20-06-2012,85.4,3645.0,72.66,922.0,25.29,0.0,160.0,0.0
21-06-2012,85.4,3645.0,72.57,908.0,24.91,0.0,160.0,0.0
22-06-2012,85.4,3645.0,72.46,893.0,24.5,0.0,170.0,3.0
23-06-2012,85.4,3645.0,72.35,878.0,24.09,0.0,170.0,0.0
24-06-2012,85.4,3645.0,72.25,864.0,23.7,0.0,165.0,0.0
25-06-2012,85.4,3645.0,72.14,849.0,23.29,0.0,170.0,0.0
26-06-2012,85.4,3645.0,72.03,834.0,22.88,0.0,170.0,0.0
27-06-2012,85.4,3645.0,71.92,819.0,22.47,0.0,170.0,0.0
28-06-2012,85.4,3645.0,71.81,804.0,22.06,0.0,170.0,3.5
29-06-2012,85.4,3645.0,71.7,789.0,21.65,0.0,170.0,0.0
30-06-2012,85.4,3645.0,71.59,774.0,21.23,0.0,170.0,2.5
01-07-2012,85.4,3645.0,71.47,759.0,20.82,0.0,170.0,11.0
02-07-2012,85.4,3645.0,71.36,744.0,20.41,0.0,170.0,0.0
03-07-2012,85.4,3645.0,71.36,744.0,20.41,170.0,170.0,0.0
04-07-2012,85.4,3645.0,71.43,753.0,20.66,270.0,170.0,0.0
05-07-2012,85.4,3645.0,71.49,761.0,20.88,270.0,170.0,0.0
06-07-2012,85.4,3645.0,71.56,770.0,21.12,270.0,170.0,0.0
07-07-2012,85.4,3645.0,71.63,780.0,21.4,270.0,160.0,0.0
08-07-2012,85.4,3645.0,71.71,790.0,21.67,270.0,160.0,0.0
09-07-2012,85.4,3645.0,71.78,800.0,21.95,270.0,160.0,0.0
10-07-2012,85.4,3645.0,71.86,810.0,22.22,270.0,160.0,0.0
11-07-2012,85.4,3645.0,71.93,820.0,22.5,270.0,160.0,0.0
12-07-2012,85.4,3645.0,72.01,831.0,22.8,270.0,160.0,12.5
13-07-2012,85.4,3645.0,72.09,841.0,23.07,270.0,160.0,0.0
14-07-2012,85.4,3645.0,72.3,871.0,23.9,507.0,160.0,27.0
15-07-2012,85.4,3645.0,72.45,892.0,24.47,383.0,140.0,2.0
16-07-2012,85.4,3645.0,72.53,903.0,24.77,270.0,140.0,0.5
17-07-2012,85.4,3645.0,72.61,914.0,25.08,270.0,140.0,0.0
18-07-2012,85.4,3645.0,72.9,956.0,26.23,626.0,140.0,18.5
19-07-2012,85.4,3645.0,73.1,985.0,27.02,476.0,140.0,0.0
20-07-2012,85.4,3645.0,73.17,996.0,27.33,270.0,140.0,0.0
21-07-2012,85.4,3645.0,73.25,1007.0,27.63,270.0,140.0,0.0
22-07-2012,85.4,3645.0,73.32,1018.0,27.93,270.0,140.0,0.0
23-07-2012,85.4,3645.0,73.4,1029.0,28.23,270.0,140.0,0.0
24-07-2012,85.4,3645.0,73.47,1040.0,28.53,270.0,140.0,0.0
25-07-2012,85.4,3645.0,73.54,1051.0,28.83,270.0,140.0,0.0
26-07-2012,85.4,3645.0,73.61,1061.0,29.11,270.0,140.0,1.0
27-07-2012,85.4,3645.0,73.67,1071.0,29.38,270.0,140.0,0.0
28-07-2012,85.4,3645.0,73.74,1082.0,29.68,270.0,140.0,1.5
29-07-2012,85.4,3645.0,73.81,1092.0,29.96,270.0,140.0,0.0
30-07-2012,85.4,3645.0,73.88,1103.0,30.26,270.0,150.0,0.0
31-07-2012,85.4,3645.0,73.94,1112.0,30.51,270.0,150.0,0.0
01-08-2012,85.4,3645.0,74.01,1123.0,30.81,270.0,150.0,0.0
02-08-2012,85.4,3645.0,74.07,1133.0,31.08,270.0,150.0,0.0
03-08-2012,85.4,3645.0,74.14,1144.0,31.39,270.0,150.0,0.0
04-08-2012,85.4,3645.0,74.21,1155.0,31.69,270.0,150.0,1.5
05-08-2012,85.4,3645.0,74.28,1166.0,31.99,270.0,150.0,3.0
06-08-2012,85.4,3645.0,74.35,1177.0,32.29,270.0,150.0,3.0
07-08-2012,85.4,3645.0,74.42,1188.0,32.59,270.0,150.0,0.0
08-08-2012,85.4,3645.0,74.49,1200.0,32.92,270.0,150.0,4.0
09-08-2012,85.4,3645.0,74.54,1208.0,33.14,240.0,150.0,2.0
10-08-2012,85.4,3645.0,74.58,1215.0,33.33,230.0,150.0,7.0
11-08-2012,85.4,3645.0,74.61,1220.0,33.47,210.0,150.0,0.0
12-08-2012,85.4,3645.0,74.65,1226.0,33.64,210.0,150.0,0.0
13-08-2012,85.4,3645.0,74.68,1231.0,33.77,210.0,150.0,0.0
14-08-2012,85.4,3645.0,74.85,1259.0,34.54,464.0,140.0,27.0
15-08-2012,85.4,3645.0,74.94,1274.0,34.95,314.0,140.0,8.0
16-08-2012,85.4,3645.0,75.0,1283.0,35.2,244.0,140.0,1.0
17-08-2012,85.4,3645.0,75.03,1289.0,35.36,210.0,140.0,0.0
18-08-2012,85.4,3645.0,75.1,1302.0,35.72,290.0,140.0,11.0
19-08-2012,85.4,3645.0,75.14,1308.0,35.88,210.0,140.0,0.0
20-08-2012,85.4,3645.0,75.17,1314.0,36.05,210.0,140.0,0.0
21-08-2012,85.4,3645.0,75.2,1319.0,36.19,200.0,140.0,0.0
22-08-2012,85.4,3645.0,75.23,1323.0,36.3,200.0,150.0,0.0
23-08-2012,85.4,3645.0,75.26,1329.0,36.46,220.0,150.0,0.0
24-08-2012,85.4,3645.0,75.3,1335.0,36.63,220.0,150.0,0.0
25-08-2012,85.4,3645.0,75.33,1340.0,36.76,210.0,150.0,0.0
26-08-2012,85.4,3645.0,75.47,1365.0,37.45,439.0,150.0,18.5
27-08-2012,85.4,3645.0,75.53,1375.0,37.72,265.0,150.0,0.0
28-08-2012,85.4,3645.0,75.56,1381.0,37.89,220.0,150.0,0.0
29-08-2012,85.4,3645.0,75.6,1387.0,38.05,220.0,150.0,5.0
30-08-2012,85.4,3645.0,75.63,1393.0,38.22,220.0,150.0,0.0
31-08-2012,85.4,3645.0,75.66,1399.0,38.38,220.0,150.0,0.0
01-09-2012,85.4,3645.0,75.69,1404.0,38.52,220.0,160.0,0.0
02-09-2012,85.4,3645.0,75.72,1409.0,38.66,210.0,160.0,0.0
03-09-2012,85.4,3645.0,75.81,1425.0,39.09,345.0,160.0,20.5
04-09-2012,85.4,3645.0,75.85,1430.0,39.23,200.0,160.0,0.0
05-09-2012,85.4,3645.0,75.79,1422.0,39.01,60.0,150.0,0.0
06-09-2012,85.4,3645.0,75.72,1409.0,38.66,0.0,150.0,0.0
07-09-2012,85.4,3645.0,75.65,1397.0,38.33,0.0,150.0,4.5
08-09-2012,85.4,3645.0,75.72,1409.0,38.66,277.0,150.0,22.0
09-09-2012,85.4,3645.0,75.69,1404.0,38.52,90.0,150.0,2.5
10-09-2012,85.4,3645.0,75.61,1391.0,38.16,0.0,150.0,0.0
11-09-2012,85.4,3645.0,75.65,1397.0,38.33,220.0,150.0,22.5
12-09-2012,85.4,3645.0,75.58,1384.0,37.97,0.0,150.0,0.0
13-09-2012,85.4,3645.0,75.53,1375.0,37.72,40.0,150.0,7.0
14-09-2012,85.4,3645.0,75.53,1375.0,37.72,150.0,150.0,12.0
15-09-2012,85.4,3645.0,75.53,1375.0,37.72,150.0,150.0,26.5
16-09-2012,85.4,3645.0,75.47,1366.0,37.48,45.0,150.0,3.0
17-09-2012,85.4,3645.0,75.4,1353.0,37.12,0.0,150.0,0.0
18-09-2012,85.4,3645.0,75.32,1340.0,36.76,0.0,150.0,0.0
19-09-2012,85.4,3645.0,75.25,1327.0,36.41,0.0,150.0,0.0
20-09-2012,85.4,3645.0,75.18,1315.0,36.08,0.0,150.0,0.0
21-09-2012,85.4,3645.0,75.22,1322.0,36.27,230.0,150.0,23.3
22-09-2012,85.4,3645.0,75.16,1312.0,35.99,35.0,150.0,0.0
23-09-2012,85.4,3645.0,75.09,1300.0,35.67,0.0,150.0,0.0
24-09-2012,85.4,3645.0,75.02,1288.0,35.34,0.0,150.0,0.0
25-09-2012,85.4,3645.0,74.94,1275.0,34.98,0.0,150.0,0.0
26-09-2012,85.4,3645.0,74.87,1262.0,34.62,0.0,150.0,0.0
27-09-2012,85.4,3645.0,74.87,1249.0,34.27,0.0,150.0,0.0
28-09-2012,85.4,3645.0,74.72,1237.0,33.94,0.0,150.0,0.0
29-09-2012,85.4,3645.0,74.64,1225.0,33.61,0.0,150.0,0.0
30-09-2012,85.4,3645.0,74.56,1212.0,33.25,0.0,150.0,0.0
01-10-2012,85.4,3645.0,74.48,1199.0,32.89,0.0,150.0,3.0
02-10-2012,85.4,3645.0,74.41,1186.0,32.54,0.0,150.0,0.0
03-10-2012,85.4,3645.0,74.32,1173.0,32.18,0.0,150.0,0.0
04-10-2012,85.4,3645.0,74.24,1160.0,31.82,0.0,150.0,0.0
05-10-2012,85.4,3645.0,74.16,1147.0,31.47,0.0,150.0,0.0
06-10-2012,85.4,3645.0,74.08,1134.0,31.11,0.0,150.0,0.0
07-10-2012,85.4,3645.0,74.01,1124.0,30.84,35.0,150.0,12.5
08-10-2012,85.4,3645.0,73.93,1111.0,30.48,0.0,150.0,0.0
09-10-2012,85.4,3645.0,73.85,1098.0,30.12,0.0,150.0,0.0
10-10-2012,85.4,3645.0,73.76,1085.0,29.77,0.0,150.0,0.0
11-10-2012,85.4,3645.0,73.68,1072.0,29.41,0.0,150.0,0.0
12-10-2012,85.4,3645.0,73.59,1059.0,29.05,0.0,150.0,0.0
13-10-2012,85.4,3645.0,73.51,1046.0,28.7,0.0,150.0,0.0
14-10-2012,85.4,3645.0,73.42,1033.0,28.34,0.0,150.0,0.0
15-10-2012,85.4,3645.0,73.34,1020.0,27.98,0.0,150.0,0.0
16-10-2012,85.4,3645.0,73.25,1007.0,27.63,0.0,150.0,3.0
17-10-2012,85.4,3645.0,73.18,997.0,27.35,35.0,150.0,9.0
18-10-2012,85.4,3645.0,73.27,1010.0,27.71,300.0,150.0,11.0
19-10-2012,85.4,3645.0,73.47,1040.0,28.53,497.0,150.0,36.5
20-10-2012,85.4,3645.0,73.65,1068.0,29.3,474.0,150.0,45.5
21-10-2012,85.4,3645.0,73.7,1075.0,29.49,231.0,150.0,25.0
22-10-2012,85.4,3645.0,73.77,1086.0,29.79,277.0,150.0,27.0
23-10-2012,85.4,3645.0,73.77,1086.0,29.79,150.0,150.0,5.0
24-10-2012,85.4,3645.0,73.85,1098.0,30.12,259.0,120.0,12.0
25-10-2012,85.4,3645.0,73.85,1098.0,30.12,90.0,90.0,3.0
26-10-2012,85.4,3645.0,73.85,1098.0,30.12,90.0,90.0,0.0
27-10-2012,85.4,3645.0,73.85,1098.0,30.12,90.0,90.0,0.0
28-10-2012,85.4,3645.0,73.82,1093.0,29.99,35.0,90.0,0.0
29-10-2012,85.4,3645.0,73.76,1085.0,29.77,0.0,90.0,0.0
30-10-2012,85.4,3645.0,73.71,1077.0,29.55,0.0,90.0,3.0
31-10-2012,85.4,3645.0,74.25,1161.0,31.85,1062.0,90.0,71.0
01-11-2012,85.4,3645.0,74.45,1193.0,32.73,460.0,90.0,19.0
02-11-2012,85.4,3645.0,74.55,1210.0,33.2,287.0,90.0,0.0
03-11-2012,85.4,3645.0,74.72,1238.0,33.96,414.0,90.0,20.0
04-11-2012,85.4,3645.0,74.8,1251.0,34.32,240.0,90.0,3.0
05-11-2012,85.4,3645.0,74.9,1268.0,34.79,287.0,90.0,0.0
06-11-2012,85.4,3645.0,74.96,1278.0,35.06,206.0,90.0,0.0
07-11-2012,85.4,3645.0,75.0,1283.0,35.2,148.0,90.0,0.0
08-11-2012,85.4,3645.0,75.02,1288.0,35.34,148.0,90.0,0.0
09-11-2012,85.4,3645.0,75.02,1288.0,35.34,90.0,90.0,0.0
10-11-2012,85.4,3645.0,75.02,1288.0,35.34,90.0,90.0,0.0
11-11-2012,85.4,3645.0,75.01,1285.0,35.25,58.0,90.0,0.0
12-11-2012,85.4,3645.0,74.98,1280.0,35.12,35.0,90.0,0.0
13-11-2012,85.4,3645.0,74.93,1273.0,34.92,0.0,90.0,0.0
14-11-2012,85.4,3645.0,74.88,1265.0,34.71,0.0,90.0,0.0
15-11-2012,85.4,3645.0,74.84,1257.0,34.49,0.0,90.0,0.0
16-11-2012,85.4,3645.0,74.79,1249.0,34.27,0.0,90.0,0.0
17-11-2012,85.4,3645.0,74.74,1242.0,34.07,0.0,90.0,0.0
18-11-2012,85.4,3645.0,74.7,1235.0,33.88,0.0,90.0,0.0
19-11-2012,85.4,3645.0,74.66,1228.0,33.69,0.0,90.0,0.0
20-11-2012,85.4,3645.0,74.62,1221.0,33.5,0.0,90.0,0.0
21-11-2012,85.4,3645.0,74.58,1214.0,33.31,0.0,90.0,0.0
22-11-2012,85.4,3645.0,74.53,1207.0,33.11,0.0,90.0,0.0
23-11-2012,85.4,3645.0,74.49,1200.0,32.92,0.0,90.0,3.0
24-11-2012,85.4,3645.0,74.44,1192.0,32.7,0.0,90.0,0.0
25-11-2012,85.4,3645.0,74.4,1185.0,32.51,0.0,90.0,0.0
26-11-2012,85.4,3645.0,74.35,1177.0,32.29,0.0,90.0,0.0
27-11-2012,85.4,3645.0,74.3,1169.0,32.07,0.0,90.0,0.0
28-11-2012,85.4,3645.0,74.25,1162.0,31.88,0.0,90.0,0.0
29-11-2012,85.4,3645.0,74.21,1155.0,31.69,0.0,90.0,0.0
30-11-2012,85.4,3645.0,74.16,1148.0,31.5,0.0,90.0,0.0
01-12-2012,85.4,3645.0,74.12,1141.0,31.3,0.0,90.0,0.0
02-12-2012,85.4,3645.0,74.08,1134.0,31.11,0.0,80.0,0.0
03-12-2012,85.4,3645.0,74.03,1127.0,30.92,0.0,80.0,3.0
04-12-2012,85.4,3645.0,74.66,1227.0,33.66,1237.0,80.0,93.0
05-12-2012,85.4,3645.0,75.13,1307.0,35.86,1005.0,80.0,7.0
06-12-2012,85.4,3645.0,75.28,1332.0,36.54,379.0,80.0,0.0
07-12-2012,85.4,3645.0,75.36,1345.0,36.9,230.0,80.0,0.0
08-12-2012,85.4,3645.0,75.38,1350.0,37.04,103.0,95.0,0.0
09-12-2012,85.4,3645.0,75.4,1352.0,37.09,103.0,80.0,0.0
10-12-2012,85.4,3645.0,75.4,1352.0,37.09,80.0,80.0,0.0
11-12-2012,85.4,3645.0,75.38,1349.0,37.01,46.0,80.0,0.0
12-12-2012,85.4,3645.0,75.34,1342.0,36.82,0.0,80.0,0.0
13-12-2012,85.4,3645.0,75.3,1335.0,36.63,0.0,90.0,0.0
14-12-2012,85.4,3645.0,75.25,1327.0,36.41,0.0,90.0,0.0
15-12-2012,85.4,3645.0,75.21,1320.0,36.21,0.0,80.0,0.0
16-12-2012,85.4,3645.0,75.15,1310.0,35.94,0.0,80.0,0.0
17-12-2012,85.4,3645.0,75.09,1300.0,35.67,0.0,115.0,0.0
18-12-2012,85.4,3645.0,75.03,1290.0,35.39,0.0,115.0,0.0
19-12-2012,85.4,3645.0,74.98,1280.0,35.12,0.0,115.0,0.0
20-12-2012,85.4,3645.0,74.92,1270.0,34.84,0.0,115.0,0.0
21-12-2012,85.4,3645.0,74.85,1259.0,34.54,0.0,125.0,0.0
22-12-2012,85.4,3645.0,74.78,1248.0,34.24,0.0,125.0,0.0
23-12-2012,85.4,3645.0,74.71,1236.0,33.91,0.0,135.0,0.0
24-12-2012,85.4,3645.0,78.18,1875.0,51.44,0.0,48.0,0.0
25-12-2012,85.4,3645.0,74.58,1215.0,33.33,0.0,100.0,0.0
26-12-2012,85.4,3645.0,74.53,1207.0,33.11,0.0,100.0,0.0
27-12-2012,85.4,3645.0,74.48,1198.0,32.87,0.0,100.0,0.0
28-12-2012,85.4,3645.0,74.43,1190.0,32.65,0.0,100.0,0.0
29-12-2012,85.4,3645.0,74.37,1181.0,32.4,0.0,100.0,13.0
30-12-2012,85.4,3645.0,74.65,1226.0,33.64,586.0,65.0,42.5
31-12-2012,85.4,3645.0,74.7,1234.0,33.85,119.0,15.0,0.0
01-01-2013,85.4,3645.0,74.73,1239.0,33.99,73.0,15.0,0.0
02-01-2013,85.4,3645.0,74.74,1241.0,34.05,48.0,25.0,0.0
03-01-2013,85.4,3645.0,74.71,1236.0,33.91,23.0,80.0,0.0
04-01-2013,85.4,3645.0,74.66,1228.0,33.69,0.0,80.0,0.0
05-01-2013,85.4,3645.0,74.6,1221.0,33.5,0.0,80.0,0.0
06-01-2013,85.4,3645.0,74.57,1214.0,33.31,0.0,80.0,0.0
07-01-2013,85.4,3645.0,74.53,1207.0,33.11,0.0,80.0,0.0
08-01-2013,85.4,3645.0,74.48,1199.0,32.89,0.0,90.0,0.0
09-01-2013,85.4,3645.0,74.43,1190.0,32.65,0.0,105.0,0.0
10-01-2013,85.4,3645.0,74.37,1181.0,32.4,0.0,105.0,0.0
11-01-2013,85.4,3645.0,74.32,1173.0,32.18,0.0,90.0,0.0
12-01-2013,85.4,3645.0,74.27,1165.0,31.96,0.0,90.0,0.0
13-01-2013,85.4,3645.0,74.22,1157.0,31.74,0.0,90.0,0.0
14-01-2013,85.4,3645.0,74.17,1149.0,31.52,0.0,90.0,0.0
15-01-2013,85.4,3645.0,74.12,1141.0,31.3,0.0,90.0,0.0
16-01-2013,85.4,3645.0,74.07,1133.0,31.08,0.0,90.0,0.0
17-01-2013,85.4,3645.0,74.02,1125.0,30.86,0.0,90.0,0.0
18-01-2013,85.4,3645.0,73.97,1116.0,30.62,0.0,100.0,0.0
19-01-2013,85.4,3645.0,73.89,1105.0,30.32,0.0,125.0,0.0
20-01-2013,85.4,3645.0,73.81,1093.0,29.99,0.0,135.0,0.0
21-01-2013,85.4,3645.0,73.74,1081.0,29.66,0.0,135.0,0.0
22-01-2013,85.4,3645.0,73.65,1069.0,29.33,0.0,135.0,0.0
23-01-2013,85.4,3645.0,73.57,1055.0,28.94,0.0,135.0,0.0
24-01-2013,85.4,3645.0,73.48,1042.0,28.59,0.0,145.0,0.0
25-01-2013,85.4,3645.0,73.4,1029.0,28.23,0.0,145.0,0.0
26-01-2013,85.4,3645.0,73.31,1016.0,27.87,0.0,135.0,0.0
27-01-2013,85.4,3645.0,73.22,1003.0,27.52,0.0,145.0,0.0
28-01-2013,85.4,3645.0,73.15,992.0,27.22,0.0,125.0,0.0
29-01-2013,85.4,3645.0,73.07,980.0,26.89,0.0,140.0,0.0
30-01-2013,85.4,3645.0,72.98,968.0,26.56,0.0,150.0,0.0
31-01-2013,85.4,3645.0,73.0,970.0,26.61,150.0,130.0,0.0
01-02-2013,85.4,3645.0,73.07,980.0,26.89,246.0,130.0,0.0
02-02-2013,85.4,3645.0,73.15,993.0,27.24,280.0,130.0,0.0
03-02-2013,85.4,3645.0,73.24,1006.0,27.6,280.0,130.0,0.0
04-02-2013,85.4,3645.0,73.33,1019.0,27.96,300.0,150.0,0.0
05-02-2013,85.4,3645.0,73.4,1030.0,28.26,300.0,170.0,0.0
06-02-2013,85.4,3645.0,73.47,1041.0,28.56,300.0,170.0,0.0
07-02-2013,85.4,3645.0,73.55,1052.0,28.86,300.0,170.0,0.0
08-02-2013,85.4,3645.0,73.62,1063.0,29.16,300.0,170.0,0.0
09-02-2013,85.4,3645.0,73.69,1074.0,29.47,300.0,170.0,0.0
10-02-2013,85.4,3645.0,73.76,1085.0,29.77,300.0,170.0,0.0
11-02-2013,85.4,3645.0,73.85,1098.0,30.12,300.0,150.0,0.0
12-02-2013,85.4,3645.0,73.93,1111.0,30.48,300.0,150.0,0.0
13-02-2013,85.4,3645.0,74.01,1124.0,30.84,300.0,150.0,0.0
14-02-2013,85.4,3645.0,74.1,1137.0,31.19,300.0,150.0,0.0
15-02-2013,85.4,3645.0,74.18,1150.0,31.55,300.0,150.0,0.0
16-02-2013,85.4,3645.0,74.37,1180.0,32.37,496.0,150.0,14.5
17-02-2013,85.4,3645.0,74.55,1210.0,33.2,497.0,150.0,17.05
18-02-2013,85.4,3645.0,74.86,1260.0,34.57,728.0,150.0,0.0
19-02-2013,85.4,3645.0,75.04,1290.0,35.39,497.0,150.0,3.0
20-02-2013,85.4,3645.0,75.22,1322.0,36.27,520.0,150.0,3.0
21-02-2013,85.4,3645.0,75.32,1340.0,36.76,358.0,150.0,0.0
22-02-2013,85.4,3645.0,75.4,1353.0,37.12,300.0,150.0,0.0
23-02-2013,85.4,3645.0,75.47,1366.0,37.48,300.0,150.0,0.0
24-02-2013,85.4,3645.0,75.55,1379.0,37.83,300.0,150.0,0.0
25-02-2013,85.4,3645.0,75.62,1392.0,38.19,300.0,150.0,0.0
26-02-2013,85.4,3645.0,75.7,1406.0,38.57,300.0,150.0,0.0
27-02-2013,85.4,3645.0,75.78,1420.0,38.96,300.0,150.0,0.0
28-02-2013,85.4,3645.0,75.86,1433.0,39.31,300.0,150.0,0.0
01-03-2013,85.4,3645.0,75.93,1446.0,39.67,300.0,150.0,0.0
02-03-2013,85.4,3645.0,76.0,1459.0,40.03,300.0,150.0,0.0
03-03-2013,85.4,3645.0,76.07,1472.0,40.38,300.0,150.0,0.0
04-03-2013,85.4,3645.0,76.14,1485.0,40.74,300.0,150.0,0.0
05-03-2013,85.4,3645.0,76.21,1497.0,41.07,300.0,160.0,0.0
06-03-2013,85.4,3645.0,76.28,1509.0,41.4,300.0,160.0,0.0
07-03-2013,85.4,3645.0,76.4,1531.0,42.0,415.0,160.0,0.0
08-03-2013,85.4,3645.0,76.49,1548.0,42.47,356.0,160.0,0.0
09-03-2013,85.4,3645.0,76.55,1560.0,42.8,300.0,160.0,0.0
10-03-2013,85.4,3645.0,76.62,1572.0,43.13,300.0,160.0,0.0
11-03-2013,85.4,3645.0,76.69,1584.0,43.46,300.0,160.0,0.0
12-03-2013,85.4,3645.0,76.75,1596.0,43.79,300.0,160.0,0.0
13-03-2013,85.4,3645.0,76.75,1596.0,43.79,300.0,160.0,0.0
14-03-2013,85.4,3645.0,76.9,1624.0,44.55,300.0,135.0,0.0
15-03-2013,85.4,3645.0,76.97,1638.0,44.94,300.0,135.0,0.0
16-03-2013,85.4,3645.0,77.05,1652.0,45.32,300.0,135.0,0.0
17-03-2013,85.4,3645.0,77.12,1666.0,45.71,300.0,135.0,0.0
18-03-2013,85.4,3645.0,77.19,1680.0,46.09,300.0,135.0,0.0
19-03-2013,85.4,3645.0,77.26,1694.0,46.47,300.0,135.0,0.0
20-03-2013,85.4,3645.0,77.34,1708.0,46.86,300.0,135.0,0.0
21-03-2013,85.4,3645.0,77.39,1718.0,47.13,300.0,135.0,0.0
22-03-2013,85.4,3645.0,77.46,1731.0,47.49,300.0,140.0,0.0
23-03-2013,85.4,3645.0,77.49,1737.0,47.65,270.0,150.0,0.0
24-03-2013,85.4,3645.0,77.53,1745.0,47.87,270.0,150.0,0.0
25-03-2013,85.4,3645.0,77.58,1755.0,48.15,270.0,150.0,0.0
26-03-2013,85.4,3645.0,77.63,1765.0,48.42,270.0,150.0,0.0
27-03-2013,85.4,3645.0,77.68,1775.0,48.7,270.0,150.0,0.0
28-03-2013,85.4,3645.0,77.71,1780.0,48.83,270.0,147.0,0.0
29-03-2013,85.4,3645.0,77.76,1790.0,49.11,270.0,147.0,0.0
30-03-2013,85.4,3645.0,77.79,1796.0,49.27,270.0,137.0,0.0
31-03-2013,85.4,3645.0,77.74,1787.0,49.03,15.0,117.0,0.0
01-04-2013,85.4,3645.0,77.68,1775.0,48.7,0.0,132.0,0.0
02-04-2013,85.4,3645.0,77.62,1763.0,48.37,0.0,132.0,0.0
03-04-2013,85.4,3645.0,77.56,1751.0,48.04,0.0,142.0,0.0
04-04-2013,85.4,3645.0,77.5,1739.0,47.71,0.0,142.0,0.0
05-04-2013,85.4,3645.0,77.44,1727.0,47.38,0.0,142.0,0.0
06-04-2013,85.4,3645.0,77.38,1715.0,47.05,0.0,142.0,0.0
07-04-2013,85.4,3645.0,77.32,1705.0,46.78,0.0,122.0,0.0
08-04-2013,85.4,3645.0,77.27,1694.0,46.47,0.0,132.0,0.0
09-04-2013,85.4,3645.0,77.21,1683.0,46.17,0.0,132.0,0.0
10-04-2013,85.4,3645.0,77.16,1672.0,45.87,0.0,127.0,0.0
11-04-2013,85.4,3645.0,77.11,1663.0,45.62,0.0,112.0,0.0
12-04-2013,85.4,3645.0,77.05,1653.0,45.35,0.0,132.0,0.0
13-04-2013,85.4,3645.0,77.0,1643.0,45.08,0.0,132.0,0.0
14-04-2013,85.4,3645.0,76.94,1632.0,44.77,0.0,132.0,0.0
15-04-2013,85.4,3645.0,76.88,1621.0,44.47,0.0,139.0,0.0
16-04-2013,85.4,3645.0,76.82,1610.0,44.17,0.0,139.0,0.0
17-04-2013,85.4,3645.0,76.77,1600.0,43.9,0.0,117.0,0.0
18-04-2013,85.4,3645.0,76.71,1589.0,43.59,0.0,127.0,0.0
19-04-2013,85.4,3645.0,76.65,1578.0,43.29,0.0,127.0,0.0
20-04-2013,85.4,3645.0,76.6,1568.0,43.02,0.0,122.0,0.0
21-04-2013,85.4,3645.0,76.54,1557.0,42.72,0.0,132.0,0.0
22-04-2013,85.4,3645.0,76.47,1545.0,42.39,0.0,147.0,0.0
23-04-2013,85.4,3645.0,76.41,1533.0,42.06,0.0,147.0,0.0
24-04-2013,85.4,3645.0,76.33,1519.0,41.67,0.0,162.0,0.0
25-04-2013,85.4,3645.0,76.26,1505.0,41.29,0.0,162.0,9.0
26-04-2013,85.4,3645.0,76.19,1493.0,40.96,0.0,137.0,0.0
27-04-2013,85.4,3645.0,76.11,1479.0,40.58,0.0,162.0,0.0
28-04-2013,85.4,3645.0,76.03,1465.0,40.19,0.0,157.0,0.0
29-04-2013,85.4,3645.0,75.95,1450.0,39.78,0.0,157.0,0.0
30-04-2013,85.4,3645.0,75.87,1436.0,39.4,0.0,157.0,0.0
01-05-2013,85.4,3645.0,75.79,1422.0,39.01,0.0,157.0,0.0
02-05-2013,85.4,3645.0,75.71,1407.0,38.6,0.0,172.0,0.0
03-05-2013,85.4,3645.0,75.62,1392.0,38.19,0.0,167.0,0.0
04-05-2013,85.4,3645.0,75.55,1379.0,37.83,0.0,152.0,0.0
05-05-2013,85.4,3645.0,75.45,1366.0,37.48,0.0,152.0,0.0
06-05-2013,85.4,3645.0,75.4,1352.0,37.09,0.0,167.0,0.0
07-05-2013,85.4,3645.0,75.32,1338.0,36.71,0.0,167.0,0.0
08-05-2013,85.4,3645.0,75.23,1324.0,36.32,0.0,167.0,0.0
09-05-2013,85.4,3645.0,75.15,1310.0,35.94,0.0,167.0,0.0
10-05-2013,85.4,3645.0,75.07,1296.0,35.56,0.0,167.0,0.0
11-05-2013,85.4,3645.0,74.99,1282.0,35.17,0.0,159.0,0.0
12-05-2013,85.4,3645.0,74.9,1268.0,34.79,0.0,159.0,0.0
13-05-2013,85.4,3645.0,74.82,1254.0,34.4,0.0,159.0,7.0
14-05-2013,85.4,3645.0,74.73,1240.0,34.02,0.0,159.0,0.0
15-05-2013,85.4,3645.0,74.65,1226.0,33.64,0.0,159.0,0.0
16-05-2013,85.4,3645.0,74.56,1212.0,33.25,0.0,159.0,0.0
17-05-2013,85.4,3645.0,74.48,1198.0,32.87,0.0,159.0,0.0
18-05-2013,85.4,3645.0,74.39,1184.0,32.48,0.0,167.0,0.0
19-05-2013,85.4,3645.0,74.3,1170.0,32.1,0.0,167.0,0.0
20-05-2013,85.4,3645.0,74.22,1156.0,31.71,0.0,167.0,0.0
21-05-2013,85.4,3645.0,74.14,1143.0,31.36,0.0,167.0,0.0
22-05-2013,85.4,3645.0,74.05,1130.0,31.0,0.0,152.0,0.0
23-05-2013,85.4,3645.0,73.98,1119.0,30.7,0.0,130.0,0.0
24-05-2013,85.4,3645.0,73.92,1109.0,30.43,0.0,112.0,0.0
25-05-2013,85.4,3645.0,73.84,1096.0,30.07,0.0,147.0,0.0
26-05-2013,85.4,3645.0,73.77,1086.0,29.79,0.0,119.0,0.0
27-05-2013,85.4,3645.0,73.68,1073.0,29.44,0.0,152.0,0.0
28-05-2013,85.4,3645.0,73.61,1061.0,29.11,0.0,142.0,0.0
29-05-2013,85.4,3645.0,73.52,1048.0,28.75,0.0,157.0,2.0
30-05-2013,85.4,3645.0,73.43,1034.0,28.37,0.0,157.0,0.0
31-05-2013,85.4,3645.0,73.36,1023.0,28.07,0.0,132.0,0.0
01-06-2013,85.4,3645.0,73.28,1012.0,27.76,0.0,127.0,13.0
02-06-2013,85.4,3645.0,73.21,1001.0,27.46,0.0,122.0,0.0
03-06-2013,85.4,3645.0,73.14,991.0,27.19,0.0,112.0,33.0
04-06-2013,85.4,3645.0,73.08,982.0,26.94,0.0,107.0,0.0
05-06-2013,85.4,3645.0,73.0,970.0,26.61,0.0,137.0,0.0
06-06-2013,85.4,3645.0,72.92,958.0,26.28,0.0,137.0,0.0
07-06-2013,85.4,3645.0,72.95,963.0,26.42,0.0,117.0,45.0
08-06-2013,85.4,3645.0,72.97,966.0,26.5,143.0,119.0,8.0
09-06-2013,85.4,3645.0,72.9,956.0,26.23,0.0,117.0,0.0
10-06-2013,85.4,3645.0,72.83,946.0,25.95,0.0,117.0,0.0
11-06-2013,85.4,3645.0,72.83,946.0,25.95,112.0,112.0,11.0
12-06-2013,85.4,3645.0,72.76,936.0,25.68,0.0,112.0,4.0
13-06-2013,85.4,3645.0,72.7,927.0,25.43,0.0,102.0,0.0
14-06-2013,85.4,3645.0,72.64,918.0,25.19,0.0,102.0,0.0
15-06-2013,85.4,3645.0,72.57,909.0,24.94,0.0,102.0,0.0
16-06-2013,85.4,3645.0,72.51,900.0,24.69,0.0,102.0,0.0
17-06-2013,85.4,3645.0,72.45,892.0,24.47,0.0,102.0,0.0
18-06-2013,85.4,3645.0,72.39,883.0,24.22,0.0,107.0,0.0
19-06-2013,85.4,3645.0,72.32,874.0,23.98,0.0,107.0,0.0
20-06-2013,85.4,3645.0,72.24,862.0,23.65,0.0,142.0,0.0
21-06-2013,85.4,3645.0,72.17,852.0,23.37,0.0,117.0,0.0
22-06-2013,85.4,3645.0,72.1,843.0,23.13,0.0,102.0,0.0
23-06-2013,85.4,3645.0,72.03,834.0,22.88,0.0,107.0,0.0
24-06-2013,85.4,3645.0,71.97,825.0,22.63,0.0,102.0,0.0
25-06-2013,85.4,3645.0,71.9,816.0,22.39,0.0,102.0,0.0
26-06-2013,85.4,3645.0,71.83,806.0,22.11,0.0,112.0,0.0
27-06-2013,85.4,3645.0,71.76,797.0,21.87,0.0,102.0,0.0
28-06-2013,85.4,3645.0,71.69,788.0,21.62,0.0,102.0,10.0
29-06-2013,85.4,3645.0,71.62,778.0,21.34,0.0,117.0,7.0
30-06-2013,85.4,3645.0,71.54,767.0,21.04,0.0,127.0,2.0
01-07-2013,85.4,3645.0,71.46,757.0,20.77,0.0,127.0,0.0
02-07-2013,85.4,3645.0,71.38,747.0,20.49,0.0,122.0,0.0
03-07-2013,85.4,3645.0,71.3,736.0,20.19,0.0,127.0,2.0
04-07-2013,85.4,3645.0,71.2,724.0,19.86,0.0,137.0,2.0
05-07-2013,85.4,3645.0,71.11,712.0,19.53,0.0,137.0,0.0
06-07-2013,85.4,3645.0,71.02,701.0,19.23,0.0,132.0,0.0
07-07-2013,85.4,3645.0,70.93,689.0,18.9,0.0,137.0,15.0
08-07-2013,85.4,3645.0,70.83,677.0,18.57,0.0,145.0,3.0
09-07-2013,85.4,3645.0,70.73,664.0,18.22,0.0,152.0,0.0
10-07-2013,85.4,3645.0,70.62,651.0,17.86,0.0,152.0,0.0
11-07-2013,85.4,3645.0,70.62,651.0,17.86,140.0,140.0,45.0
12-07-2013,85.4,3645.0,70.56,643.0,17.64,0.0,127.0,8.0
13-07-2013,85.4,3645.0,70.47,632.0,17.34,0.0,132.0,0.0
14-07-2013,85.4,3645.0,70.38,621.0,17.04,0.0,132.0,0.0
15-07-2013,85.4,3645.0,70.29,611.0,16.76,0.0,120.0,0.0
16-07-2013,85.4,3645.0,70.2,600.0,16.46,0.0,126.0,16.0
17-07-2013,85.4,3645.0,70.12,590.0,16.19,0.0,119.0,0.0
18-07-2013,85.4,3645.0,70.03,580.0,15.91,0.0,119.0,0.0
19-07-2013,85.4,3645.0,69.95,570.0,15.64,0.0,119.0,10.0
20-07-2013,85.4,3645.0,70.05,582.0,15.97,226.0,87.0,35.0
21-07-2013,85.4,3645.0,70.18,597.0,16.38,291.0,117.0,12.0
22-07-2013,85.4,3645.0,70.33,615.0,16.87,325.0,117.0,2.0
23-07-2013,85.4,3645.0,70.41,625.0,17.15,219.0,103.0,0.0
24-07-2013,85.4,3645.0,70.41,625.0,17.15,109.0,109.0,11.0
25-07-2013,85.4,3645.0,70.34,617.0,16.93,0.0,97.0,0.0
26-07-2013,85.4,3645.0,70.27,608.0,16.68,0.0,101.0,0.0
27-07-2013,85.4,3645.0,70.18,598.0,16.41,0.0,113.0,0.0
28-07-2013,85.4,3645.0,70.11,589.0,16.16,0.0,112.0,0.0
29-07-2013,85.4,3645.0,70.03,580.0,15.91,0.0,100.0,9.0
30-07-2013,85.4,3645.0,69.97,572.0,15.69,0.0,93.0,0.0
31-07-2013,85.4,3645.0,69.88,563.0,15.45,0.0,109.0,0.0
01-08-2013,85.4,3645.0,69.82,555.0,15.23,0.0,92.0,0.0
02-08-2013,85.4,3645.0,69.75,547.0,15.01,0.0,97.0,0.0
03-08-2013,85.4,3645.0,69.68,539.0,14.79,0.0,94.0,0.0
04-08-2013,85.4,3645.0,69.61,531.0,14.57,0.0,92.0,3.0
05-08-2013,85.4,3645.0,69.53,522.0,14.32,0.0,102.0,3.0
06-08-2013,85.4,3645.0,69.44,511.0,14.02,0.0,125.0,0.0
07-08-2013,85.4,3645.0,69.35,501.0,13.74,0.0,122.0,0.0
08-08-2013,85.4,3645.0,69.25,490.0,13.44,0.0,127.0,0.0
09-08-2013,85.4,3645.0,69.15,480.0,13.17,0.0,117.0,0.0
10-08-2013,85.4,3645.0,69.05,469.0,12.87,0.0,129.0,5.0
11-08-2013,85.4,3645.0,68.96,459.0,12.59,0.0,116.0,0.0
12-08-2013,85.4,3645.0,68.87,449.0,12.32,0.0,111.0,0.0
13-08-2013,85.4,3645.0,68.76,438.0,12.02,0.0,126.0,0.0
14-08-2013,85.4,3645.0,68.67,428.0,11.74,0.0,122.0,5.0
15-08-2013,85.4,3645.0,69.05,469.0,12.87,572.0,97.0,75.0
16-08-2013,85.4,3645.0,69.3,496.0,13.61,434.0,122.0,30.0
17-08-2013,85.4,3645.0,69.35,502.0,13.77,166.0,97.0,40.0
18-08-2013,85.4,3645.0,69.4,507.0,13.91,150.0,92.0,2.0
19-08-2013,85.4,3645.0,69.35,502.0,13.77,0.0,62.0,0.0
20-08-2013,85.4,3645.0,69.31,497.0,13.64,0.0,62.0,0.0
21-08-2013,85.4,3645.0,69.27,493.0,13.53,0.0,59.0,0.0
22-08-2013,85.4,3645.0,69.23,488.0,13.39,0.0,59.0,12.0
23-08-2013,85.4,3645.0,69.18,483.0,13.25,0.0,70.0,0.0
24-08-2013,85.4,3645.0,69.14,479.0,13.14,0.0,50.0,0.0
25-08-2013,85.4,3645.0,69.13,477.0,13.09,0.0,59.0,0.0
26-08-2013,85.4,3645.0,69.08,472.0,12.95,0.0,54.0,0.0
27-08-2013,85.4,3645.0,69.04,467.0,12.81,0.0,69.0,0.0
28-08-2013,85.4,3645.0,69.0,463.0,12.7,0.0,46.0,0.0
29-08-2013,85.4,3645.0,68.94,457.0,12.54,0.0,72.0,0.0
30-08-2013,85.4,3645.0,68.91,453.0,12.43,0.0,50.0,0.0
31-08-2013,85.4,3645.0,68.87,449.0,12.32,0.0,50.0,0.0
01-09-2013,85.4,3645.0,68.83,445.0,12.21,0.0,50.0,0.0
02-09-2013,85.4,3645.0,68.79,441.0,12.1,0.0,50.0,0.0
03-09-2013,85.4,3645.0,68.75,437.0,11.99,0.0,50.0,5.0
04-09-2013,85.4,3645.0,69.27,493.0,13.53,698.0,50.0,146.0
05-09-2013,85.4,3645.0,69.51,519.0,14.24,344.0,43.0,0.0
06-09-2013,85.4,3645.0,69.51,519.0,14.24,50.0,50.0,0.0
07-09-2013,85.4,3645.0,69.47,515.0,14.13,0.0,47.0,0.0
08-09-2013,85.4,3645.0,69.46,513.0,14.07,0.0,17.0,0.0
09-09-2013,85.4,3645.0,69.45,513.0,14.07,0.0,17.0,31.0
10-09-2013,85.4,3645.0,69.44,511.0,14.02,0.0,17.0,1.0
11-09-2013,85.4,3645.0,69.94,569.0,15.61,698.0,27.0,91.0
12-09-2013,85.4,3645.0,70.66,656.0,18.0,1057.0,50.0,15.0
13-09-2013,85.4,3645.0,71.2,724.0,19.86,831.0,44.0,7.0
14-09-2013,85.4,3645.0,71.35,743.0,20.38,270.0,50.0,11.0
15-09-2013,85.4,3645.0,71.35,743.0,20.38,270.0,50.0,0.0
16-09-2013,85.4,3645.0,71.33,740.0,20.3,0.0,42.0,0.0
17-09-2013,85.4,3645.0,71.29,735.0,20.16,0.0,50.0,0.0
18-09-2013,85.4,3645.0,71.27,733.0,20.11,0.0,32.0,0.0
19-09-2013,85.4,3645.0,71.24,729.0,20.0,0.0,47.0,8.0
20-09-2013,85.4,3645.0,71.2,724.0,19.86,0.0,49.0,0.0
21-09-2013,85.4,3645.0,71.16,718.0,19.7,0.0,51.0,0.0
22-09-2013,85.4,3645.0,71.12,713.0,19.56,0.0,44.0,0.0
23-09-2013,85.4,3645.0,71.07,707.0,19.4,0.0,47.0,0.0
24-09-2013,85.4,3645.0,71.03,702.0,19.26,0.0,48.0,0.0
25-09-2013,85.4,3645.0,70.99,697.0,19.12,0.0,50.0,0.0
26-09-2013,85.4,3645.0,70.96,693.0,19.01,0.0,45.0,0.0
27-09-2013,85.4,3645.0,70.92,688.0,18.88,0.0,52.0,0.0
28-09-2013,85.4,3645.0,70.88,683.0,18.74,0.0,57.0,0.0
29-09-2013,85.4,3645.0,70.84,678.0,18.6,0.0,50.0,15.0
30-09-2013,85.4,3645.0,70.8,673.0,18.46,0.0,50.0,0.0
01-10-2013,85.4,3645.0,70.76,668.0,18.33,0.0,49.0,10.0
02-10-2013,85.4,3645.0,70.72,663.0,18.19,0.0,50.0,0.0
03-10-2013,85.4,3645.0,70.68,658.0,18.05,0.0,50.0,0.0
04-10-2013,85.4,3645.0,70.64,653.0,17.91,0.0,48.0,17.0
05-10-2013,85.4,3645.0,70.6,648.0,17.78,0.0,50.0,0.0
06-10-2013,85.4,3645.0,70.56,643.0,17.64,0.0,50.0,0.0
07-10-2013,85.4,3645.0,70.52,638.0,17.5,0.0,49.0,0.0
08-10-2013,85.4,3645.0,70.48,633.0,17.37,0.0,50.0,0.0
09-10-2013,85.4,3645.0,70.44,628.0,17.23,0.0,50.0,0.0
10-10-2013,85.4,3645.0,70.4,623.0,17.09,0.0,48.0,10.0
11-10-2013,85.4,3645.0,70.45,630.0,17.28,132.0,51.0,4.0
12-10-2013,85.4,3645.0,70.42,626.0,17.17,0.0,50.0,0.0
13-10-2013,85.4,3645.0,70.39,622.0,17.06,0.0,50.0,0.0
14-10-2013,85.4,3645.0,70.35,617.0,16.93,0.0,52.0,0.0
15-10-2013,85.4,3645.0,70.31,613.0,16.82,0.0,52.0,0.0
16-10-2013,85.4,3645.0,70.27,608.0,16.68,0.0,50.0,0.0
17-10-2013,85.4,3645.0,70.23,603.0,16.54,0.0,50.0,0.0
18-10-2013,85.4,3645.0,70.18,597.0,16.38,0.0,58.0,5.0
19-10-2013,85.4,3645.0,70.14,593.0,16.27,0.0,50.0,0.0
20-10-2013,85.4,3645.0,70.42,626.0,17.17,432.0,50.0,18.0
21-10-2013,85.4,3645.0,71.18,721.0,19.78,1149.0,50.0,45.0
22-10-2013,85.4,3645.0,71.4,749.0,20.55,374.0,50.0,25.0
23-10-2013,85.4,3645.0,71.43,753.0,20.66,96.0,50.0,4.0
24-10-2013,85.4,3645.0,71.43,753.0,20.66,50.0,50.0,0.0
25-10-2013,85.4,3645.0,71.43,753.0,20.66,50.0,50.0,0.0
26-10-2013,85.4,3645.0,71.52,765.0,20.99,169.0,30.0,10.0
27-10-2013,85.4,3645.0,71.52,765.0,20.99,50.0,50.0,0.0
28-10-2013,85.4,3645.0,71.49,761.0,20.88,0.0,42.0,0.0
29-10-2013,85.4,3645.0,71.47,759.0,20.82,0.0,37.0,0.0
30-10-2013,85.4,3645.0,71.45,756.0,20.74,0.0,37.0,0.0
31-10-2013,85.4,3645.0,71.42,752.0,20.63,0.0,50.0,0.0
01-11-2013,85.4,3645.0,71.4,749.0,20.55,0.0,42.0,0.0
02-11-2013,85.4,3645.0,71.37,745.0,20.44,0.0,49.0,0.0
03-11-2013,85.4,3645.0,71.33,740.0,20.3,0.0,52.0,5.0
04-11-2013,85.4,3645.0,71.4,749.0,20.55,154.0,50.0,12.0
05-11-2013,85.4,3645.0,73.13,990.0,27.16,75.0,72.0,0.0
06-11-2013,85.4,3645.0,71.41,751.0,20.6,52.0,52.0,0.0
07-11-2013,85.4,3645.0,71.38,747.0,20.49,0.0,50.0,0.0
08-11-2013,85.4,3645.0,71.35,743.0,20.38,0.0,50.0,0.0
09-11-2013,85.4,3645.0,71.32,739.0,20.27,0.0,50.0,0.0
10-11-2013,85.4,3645.0,71.29,735.0,20.16,0.0,50.0,0.0
11-11-2013,85.4,3645.0,71.26,731.0,20.05,0.0,50.0,0.0
12-11-2013,85.4,3645.0,71.22,726.0,19.92,0.0,55.0,0.0
13-11-2013,85.4,3645.0,71.19,722.0,19.81,0.0,50.0,0.0
14-11-2013,85.4,3645.0,71.15,717.0,19.67,0.0,56.0,0.0
15-11-2013,85.4,3645.0,71.12,713.0,19.56,0.0,50.0,0.0
16-11-2013,85.4,3645.0,71.12,713.0,19.56,50.0,50.0,2.0
17-11-2013,85.4,3645.0,71.9,816.0,22.39,1240.0,50.0,125.0
18-11-2013,85.4,3645.0,72.28,868.0,23.81,651.0,50.0,51.0
19-11-2013,85.4,3645.0,72.94,962.0,26.39,2005.0,17.0,1.0
20-11-2013,85.4,3645.0,73.16,994.0,27.27,414.0,44.0,0.0
21-11-2013,85.4,3645.0,73.19,999.0,27.41,130.0,72.0,0.0
22-11-2013,85.4,3645.0,73.19,999.0,27.41,72.0,72.0,0.0
23-11-2013,85.4,3645.0,73.15,993.0,27.24,0.0,72.0,0.0
24-11-2013,85.4,3645.0,73.12,988.0,27.11,0.0,59.0,2.0
25-11-2013,85.4,3645.0,73.09,984.0,27.0,0.0,54.0,0.0
26-11-2013,85.4,3645.0,73.04,976.0,26.78,0.0,58.0,0.0
27-11-2013,85.4,3645.0,73.02,972.0,26.67,0.0,52.0,0.0
28-11-2013,85.4,3645.0,72.98,968.0,26.56,0.0,52.0,0.0
29-11-2013,85.4,3645.0,72.96,964.0,26.45,0.0,50.0,0.0
30-11-2013,85.4,3645.0,72.93,960.0,26.34,0.0,52.0,0.0
01-12-2013,85.4,3645.0,72.9,956.0,26.23,0.0,50.0,2.0
02-12-2013,85.4,3645.0,72.87,951.0,26.09,0.0,58.0,5.0
03-12-2013,85.4,3645.0,73.05,975.0,26.75,328.0,50.0,30.0
04-12-2013,85.4,3645.0,73.1,985.0,27.02,166.0,50.0,0.0
05-12-2013,85.4,3645.0,73.13,990.0,27.16,75.0,72.0,0.0
06-12-2013,85.4,3645.0,73.09,984.0,27.0,0.0,72.0,0.0
07-12-2013,85.4,3645.0,73.05,978.0,26.83,0.0,77.0,0.0
08-12-2013,85.4,3645.0,73.01,972.0,26.67,0.0,72.0,3.0
09-12-2013,85.4,3645.0,72.97,966.0,26.5,0.0,72.0,0.0
10-12-2013,85.4,3645.0,72.92,959.0,26.31,0.0,84.0,0.0
11-12-2013,85.4,3645.0,72.88,953.0,26.15,0.0,72.0,0.0
12-12-2013,85.4,3645.0,72.84,947.0,25.98,0.0,72.0,0.0
13-12-2013,85.4,3645.0,72.89,954.0,26.17,80.0,72.0,11.0
14-12-2013,85.4,3645.0,72.89,954.0,26.17,70.0,70.0,2.0
15-12-2013,85.4,3645.0,72.85,948.0,26.01,0.0,72.0,0.0
16-12-2013,85.4,3645.0,72.8,942.0,25.84,0.0,72.0,0.0
17-12-2013,85.4,3645.0,72.76,936.0,25.68,0.0,72.0,0.0
18-12-2013,85.4,3645.0,72.72,930.0,25.51,0.0,72.0,0.0
19-12-2013,85.4,3645.0,72.68,925.0,25.38,0.0,58.0,0.0
20-12-2013,85.4,3645.0,72.65,920.0,25.24,0.0,58.0,0.0
21-12-2013,85.4,3645.0,72.62,916.0,25.13,0.0,54.0,0.0
22-12-2013,85.4,3645.0,72.59,912.0,25.02,0.0,50.0,0.0
23-12-2013,85.4,3645.0,72.56,909.0,24.94,0.0,44.0,0.0
24-12-2013,85.4,3645.0,72.55,906.0,24.86,0.0,47.0,0.0
25-12-2013,85.4,3645.0,72.52,902.0,24.75,0.0,46.0,0.0
26-12-2013,85.4,3645.0,72.49,898.0,24.64,0.0,46.0,0.0
27-12-2013,85.4,3645.0,72.47,894.0,24.53,0.0,46.0,0.0
28-12-2013,85.4,3645.0,72.44,890.0,24.42,0.0,46.0,0.0
29-12-2013,85.4,3645.0,72.42,887.0,24.33,0.0,46.0,0.0
30-12-2013,85.4,3645.0,72.39,883.0,24.22,0.0,46.0,0.0
31-12-2013,85.4,3645.0,72.36,879.0,24.12,0.0,46.0,0.0
01-01-2014,85.4,3645.0,72.32,874.0,23.98,0.0,54.0,0.0
02-01-2014,85.4,3645.0,72.29,870.0,23.87,0.0,52.0,0.0
03-01-2014,85.4,3645.0,72.26,865.0,23.73,0.0,52.0,0.0
04-01-2014,85.4,3645.0,72.22,860.0,23.59,0.0,56.0,0.0
05-01-2014,85.4,3645.0,72.78,938.0,25.73,0.0,68.0,0.0
06-01-2014,85.4,3645.0,72.13,847.0,23.24,0.0,77.0,0.0
07-01-2014,85.4,3645.0,72.09,842.0,23.1,0.0,63.0,0.0
08-01-2014,85.4,3645.0,72.05,836.0,22.94,0.0,66.0,0.0
09-01-2014,85.4,3645.0,72.02,832.0,22.83,0.0,54.0,0.0
10-01-2014,85.4,3645.0,71.99,828.0,22.72,0.0,54.0,0.0
11-01-2014,85.4,3645.0,71.95,823.0,22.58,0.0,54.0,0.0
12-01-2014,85.4,3645.0,71.92,819.0,22.47,0.0,54.0,0.0
13-01-2014,85.4,3645.0,71.9,815.0,22.36,0.0,50.0,0.0
14-01-2014,85.4,3645.0,71.86,810.0,22.22,0.0,62.0,0.0
15-01-2014,85.4,3645.0,71.82,805.0,22.09,0.0,60.0,0.0
16-01-2014,85.4,3645.0,71.78,800.0,21.95,0.0,60.0,0.0
17-01-2014,85.4,3645.0,71.75,796.0,21.84,0.0,58.0,0.0
18-01-2014,85.4,3645.0,71.71,791.0,21.7,0.0,58.0,0.0
19-01-2014,85.4,3645.0,71.69,786.0,21.56,0.0,58.0,0.0
20-01-2014,85.4,3645.0,71.64,781.0,21.43,0.0,58.0,0.0
21-01-2014,85.4,3645.0,71.6,776.0,21.29,0.0,56.0,0.0
22-01-2014,85.4,3645.0,71.56,771.0,21.15,0.0,58.0,0.0
23-01-2014,85.4,3645.0,71.52,765.0,20.99,0.0,56.0,0.0
24-01-2014,85.4,3645.0,71.48,760.0,20.85,0.0,56.0,0.0
25-01-2014,85.4,3645.0,71.44,755.0,20.71,0.0,58.0,0.0
26-01-2014,85.4,3645.0,71.41,750.0,20.58,0.0,56.0,0.0
27-01-2014,85.4,3645.0,71.37,745.0,20.44,0.0,56.0,0.0
28-01-2014,85.4,3645.0,71.33,740.0,20.3,0.0,56.0,0.0
29-01-2014,85.4,3645.0,71.29,735.0,20.16,0.0,56.0,0.0
30-01-2014,85.4,3645.0,71.25,730.0,20.03,0.0,62.0,0.0
31-01-2014,85.4,3645.0,71.2,724.0,19.86,0.0,62.0,0.0
01-02-2014,85.4,3645.0,71.16,719.0,19.73,0.0,62.0,0.0
02-02-2014,85.4,3645.0,71.12,714.0,19.59,0.0,62.0,0.0
03-02-2014,85.4,3645.0,71.08,708.0,19.42,0.0,62.0,0.0
04-02-2014,85.4,3645.0,71.04,703.0,19.29,0.0,62.0,0.0
05-02-2014,85.4,3645.0,71.0,698.0,19.15,0.0,62.0,0.0
06-02-2014,85.4,3645.0,74.88,1264.0,34.68,171.0,52.0,0.0
07-02-2014,85.4,3645.0,70.91,686.0,18.82,0.0,72.0,0.0
08-02-2014,85.4,3645.0,70.86,681.0,18.68,0.0,60.0,0.0
09-02-2014,85.4,3645.0,70.82,676.0,18.55,0.0,60.0,0.0
10-02-2014,85.4,3645.0,70.75,671.0,18.41,0.0,60.0,0.0
11-02-2014,85.4,3645.0,70.7,665.0,18.24,0.0,60.0,0.0
12-02-2014,85.4,3645.0,70.69,660.0,18.11,0.0,60.0,0.0
13-02-2014,85.4,3645.0,70.65,654.0,17.94,0.0,60.0,0.0
14-02-2014,85.4,3645.0,70.73,664.0,18.22,180.0,60.0,0.0
15-02-2014,85.4,3645.0,70.81,674.0,18.49,180.0,66.0,0.0
16-02-2014,85.4,3645.0,70.87,682.0,18.71,180.0,88.0,0.0
17-02-2014,85.4,3645.0,70.95,692.0,18.98,180.0,78.0,0.0
18-02-2014,85.4,3645.0,70.04,703.0,19.29,180.0,47.0,0.0
19-02-2014,85.4,3645.0,71.13,715.0,19.62,180.0,37.0,0.0
20-02-2014,85.4,3645.0,71.21,725.0,19.89,180.0,64.0,0.0
21-02-2014,85.4,3645.0,71.27,733.0,20.11,180.0,92.0,0.0
22-02-2014,85.4,3645.0,71.34,742.0,20.36,180.0,80.0,0.0
23-02-2014,85.4,3645.0,71.41,751.0,20.6,180.0,80.0,0.0
24-02-2014,85.4,3645.0,71.47,759.0,20.82,180.0,88.0,0.0
25-02-2014,85.4,3645.0,71.5,763.0,20.93,180.0,86.0,0.0
26-02-2014,85.4,3645.0,71.56,770.0,21.12,180.0,88.0,0.0
27-02-2014,85.4,3645.0,71.61,777.0,21.32,180.0,86.0,0.0
28-02-2014,85.4,3645.0,71.65,783.0,21.48,180.0,88.0,0.0
01-03-2014,85.4,3645.0,71.71,790.0,21.67,180.0,86.0,0.0
02-03-2014,85.4,3645.0,71.76,797.0,21.87,180.0,88.0,0.0
03-03-2014,85.4,3645.0,71.81,804.0,22.06,180.0,86.0,0.0
04-03-2014,85.4,3645.0,71.87,811.0,22.25,180.0,88.0,0.0
05-03-2014,85.4,3645.0,71.89,815.0,22.36,160.0,86.0,0.0
06-03-2014,85.4,3645.0,71.92,818.0,22.44,160.0,90.0,0.0
07-03-2014,85.4,3645.0,71.9,815.0,22.36,70.0,90.0,0.0
08-03-2014,85.4,3645.0,71.87,812.0,22.28,50.0,86.0,0.0
09-03-2014,85.4,3645.0,71.83,807.0,22.14,30.0,88.0,0.0
10-03-2014,85.4,3645.0,71.79,801.0,21.98,25.0,86.0,0.0
11-03-2014,85.4,3645.0,71.75,796.0,21.84,25.0,88.0,0.0
12-03-2014,85.4,3645.0,71.75,796.0,21.84,88.0,88.0,0.0
13-03-2014,85.4,3645.0,71.81,804.0,22.06,178.0,86.0,0.0
14-03-2014,85.4,3645.0,71.87,812.0,22.28,202.0,110.0,0.0
15-03-2014,85.4,3645.0,71.93,820.0,22.5,200.0,112.0,0.0
16-03-2014,85.4,3645.0,71.93,820.0,22.5,100.0,112.0,0.0
17-03-2014,85.4,3645.0,71.93,820.0,22.5,80.0,88.0,0.0
18-03-2014,85.4,3645.0,71.93,820.0,22.5,80.0,86.0,0.0
19-03-2014,85.4,3645.0,71.93,820.0,22.5,80.0,88.0,0.0
20-03-2014,85.4,3645.0,71.93,820.0,22.5,80.0,86.0,0.0
21-03-2014,85.4,3645.0,71.92,819.0,22.47,80.0,88.0,0.0
22-03-2014,85.4,3645.0,71.92,819.0,22.47,80.0,86.0,0.0
24-03-2014,85.4,3645.0,71.92,815.0,22.36,46.0,86.0,0.0
25-03-2014,85.4,3645.0,71.84,808.0,22.17,0.0,88.0,0.0
26-03-2014,85.4,3645.0,71.79,801.0,21.98,0.0,86.0,0.0
27-03-2014,85.4,3645.0,71.74,794.0,21.78,0.0,88.0,0.0
28-03-2014,85.4,3645.0,71.67,785.0,21.54,0.0,86.0,0.0
29-03-2014,85.4,3645.0,71.6,776.0,21.29,0.0,88.0,0.0
30-03-2014,85.4,3645.0,71.52,766.0,21.02,0.0,96.0,0.0
31-03-2014,85.4,3645.0,71.45,756.0,20.74,0.0,88.0,0.0
01-04-2014,85.4,3645.0,71.38,747.0,20.49,0.0,86.0,0.0
02-04-2014,85.4,3645.0,71.34,739.0,20.27,0.0,71.0,0.0
03-04-2014,85.4,3645.0,71.26,731.0,20.05,0.0,71.0,0.0
04-04-2014,85.4,3645.0,71.19,723.0,19.84,0.0,77.0,0.0
05-04-2014,85.4,3645.0,71.13,715.0,19.62,0.0,77.0,0.0
06-04-2014,85.4,3645.0,71.07,707.0,19.4,0.0,77.0,0.0
07-04-2014,85.4,3645.0,71.06,706.0,19.37,58.0,77.0,0.0
08-04-2014,85.4,3645.0,71.05,705.0,19.34,50.0,77.0,0.0
09-04-2014,85.4,3645.0,71.03,702.0,19.26,50.0,86.0,0.0
10-04-2014,85.4,3645.0,71.01,699.0,19.18,50.0,86.0,0.0
11-04-2014,85.4,3645.0,70.98,695.0,19.07,50.0,102.0,0.0
12-04-2014,85.4,3645.0,70.95,692.0,18.98,50.0,88.0,0.0
13-04-2014,85.4,3645.0,70.93,689.0,18.9,50.0,86.0,0.0
14-04-2014,85.4,3645.0,70.98,696.0,19.09,200.0,108.0,0.0
15-04-2014,85.4,3645.0,71.07,707.0,19.4,210.0,88.0,0.0
16-04-2014,85.4,3645.0,71.15,717.0,19.67,210.0,88.0,0.0
17-04-2014,85.4,3645.0,71.21,725.0,19.89,225.0,90.0,0.0
18-04-2014,85.4,3645.0,71.3,736.0,20.19,240.0,110.0,0.0
19-04-2014,85.4,3645.0,71.39,748.0,20.52,240.0,103.0,0.0
20-04-2014,85.4,3645.0,71.48,760.0,20.85,240.0,104.0,0.0
21-04-2014,85.4,3645.0,71.56,770.0,21.12,240.0,94.0,0.0
22-04-2014,85.4,3645.0,71.64,782.0,21.45,240.0,104.0,0.0
23-04-2014,85.4,3645.0,71.74,795.0,21.81,250.0,94.0,0.0
24-04-2014,85.4,3645.0,71.85,809.0,22.19,250.0,94.0,0.0
25-04-2014,85.4,3645.0,71.89,815.0,22.36,160.0,92.0,0.0
26-04-2014,85.4,3645.0,72.02,832.0,22.83,283.0,86.0,0.0
27-04-2014,85.4,3645.0,72.14,848.0,23.26,295.0,110.0,0.0
28-04-2014,85.4,3645.0,72.25,864.0,23.7,267.0,82.0,0.0
29-04-2014,85.4,3645.0,72.37,881.0,24.17,283.0,86.0,0.0
30-04-2014,85.4,3645.0,72.5,899.0,24.66,280.0,70.0,0.0
01-05-2014,85.4,3645.0,72.62,916.0,25.13,265.0,68.0,0.0
02-05-2014,85.4,3645.0,72.74,933.0,25.6,265.0,68.0,0.0
03-05-2014,85.4,3645.0,72.86,950.0,26.06,265.0,68.0,0.0
04-05-2014,85.4,3645.0,72.93,960.0,26.34,185.0,68.0,0.0
05-05-2014,85.4,3645.0,73.0,970.0,26.61,185.0,68.0,4.0
06-05-2014,85.4,3645.0,73.08,982.0,26.94,195.0,58.0,0.0
07-05-2014,85.4,3645.0,73.16,994.0,27.27,195.0,58.0,0.0
08-05-2014,85.4,3645.0,73.25,1007.0,27.63,216.0,58.0,6.0
09-05-2014,85.4,3645.0,73.34,1021.0,28.01,220.0,58.0,0.0
10-05-2014,85.4,3645.0,73.44,1036.0,28.42,220.0,48.0,0.0
11-05-2014,85.4,3645.0,73.54,1051.0,28.83,216.0,58.0,0.0
12-05-2014,85.4,3645.0,73.63,1065.0,29.22,216.0,54.0,0.0
13-05-2014,85.4,3645.0,73.72,1078.0,29.57,216.0,70.0,0.0
14-05-2014,85.4,3645.0,73.8,1091.0,29.93,216.0,62.0,0.0
15-05-2014,85.4,3645.0,73.87,1101.0,30.21,171.0,50.0,0.0
16-05-2014,85.4,3645.0,73.92,1109.0,30.43,171.0,78.0,0.0
17-05-2014,85.4,3645.0,73.99,1120.0,30.73,171.0,46.0,0.0
18-05-2014,85.4,3645.0,74.06,1131.0,31.03,171.0,46.0,0.0
19-05-2014,85.4,3645.0,74.12,1141.0,31.3,171.0,58.0,0.0
20-05-2014,85.4,3645.0,74.19,1151.0,31.58,171.0,50.0,0.0
21-05-2014,85.4,3645.0,74.25,1161.0,31.85,171.0,50.0,0.0
22-05-2014,85.4,3645.0,74.32,1172.0,32.15,171.0,50.0,0.0
23-05-2014,85.4,3645.0,74.39,1182.0,32.43,171.0,58.0,0.0
24-05-2014,85.4,3645.0,74.44,1192.0,32.7,171.0,58.0,6.0
25-05-2014,85.4,3645.0,74.5,1202.0,32.98,171.0,58.0,0.0
26-05-2014,85.4,3645.0,74.56,1213.0,33.28,171.0,58.0,0.0
27-05-2014,85.4,3645.0,74.63,1223.0,33.55,171.0,54.0,0.0
28-05-2014,85.4,3645.0,74.69,1233.0,33.83,171.0,54.0,0.0
29-05-2014,85.4,3645.0,74.76,1243.0,34.1,171.0,54.0,0.0
30-05-2014,85.4,3645.0,74.82,1254.0,34.4,171.0,50.0,0.0
31-05-2014,85.4,3645.0,74.88,1264.0,34.68,171.0,52.0,0.0
01-06-2014,85.4,3645.0,74.88,1264.0,34.68,80.0,70.0,0.0
02-06-2014,85.4,3645.0,74.88,1264.0,34.68,68.0,68.0,0.0
03-06-2014,85.4,3645.0,74.88,1264.0,34.68,68.0,68.0,17.0
04-06-2014,85.4,3645.0,74.84,1258.0,34.51,0.0,68.0,0.0
05-06-2014,85.4,3645.0,74.8,1252.0,34.35,0.0,78.0,0.0
06-06-2014,85.4,3645.0,74.77,1246.0,34.18,0.0,68.0,4.0
07-06-2014,85.4,3645.0,74.73,1239.0,33.99,0.0,74.0,0.0
08-06-2014,85.4,3645.0,74.68,1232.0,33.8,0.0,78.0,0.0
09-06-2014,85.4,3645.0,74.8,1251.0,34.32,298.0,78.0,60.0
10-06-2014,85.4,3645.0,74.76,1244.0,34.13,0.0,80.0,2.0
11-06-2014,85.4,3645.0,74.71,1236.0,33.91,0.0,88.0,0.0
12-06-2014,85.4,3645.0,74.67,1229.0,33.72,0.0,84.0,0.0
13-06-2014,85.4,3645.0,74.62,1222.0,33.53,0.0,88.0,0.0
14-06-2014,85.4,3645.0,74.58,1215.0,33.33,0.0,84.0,0.0
15-06-2014,85.4,3645.0,74.54,1208.0,33.14,0.0,84.0,0.0
16-06-2014,85.4,3645.0,74.49,1201.0,32.95,0.0,84.0,0.0
17-06-2014,85.4,3645.0,74.45,1193.0,32.73,0.0,94.0,0.0
18-06-2014,85.4,3645.0,74.4,1185.0,32.51,0.0,94.0,0.0
19-06-2014,85.4,3645.0,74.35,1177.0,32.29,0.0,96.0,0.0
20-06-2014,85.4,3645.0,74.3,1169.0,32.07,0.0,94.0,0.0
21-06-2014,85.4,3645.0,74.25,1161.0,31.85,0.0,90.0,0.0
22-06-2014,85.4,3645.0,74.19,1153.0,31.63,0.0,90.0,10.0
23-06-2014,85.4,3645.0,74.15,1145.0,31.41,0.0,90.0,0.0
24-06-2014,85.4,3645.0,74.08,1135.0,31.14,0.0,112.0,0.0
25-06-2014,85.4,3645.0,74.03,1127.0,30.92,0.0,90.0,0.0
26-06-2014,85.4,3645.0,73.98,1119.0,30.7,0.0,94.0,0.0
27-06-2014,85.4,3645.0,73.93,1111.0,30.48,0.0,94.0,0.0
28-06-2014,85.4,3645.0,73.87,1102.0,30.23,0.0,112.0,0.0
29-06-2014,85.4,3645.0,73.91,1107.0,30.37,150.0,98.0,32.0
30-06-2014,85.4,3645.0,73.94,1113.0,30.53,167.0,98.0,43.0
01-07-2014,85.4,3645.0,73.85,1105.0,30.32,0.0,106.0,0.0
02-07-2014,85.4,3645.0,73.84,1096.0,30.07,0.0,106.0,0.0
03-07-2014,85.4,3645.0,73.78,1087.0,29.82,0.0,106.0,0.0
04-07-2014,85.4,3645.0,73.72,1079.0,29.6,0.0,94.0,0.0
05-07-2014,85.4,3645.0,73.67,1071.0,29.38,0.0,94.0,0.0
06-07-2014,85.4,3645.0,73.67,1071.0,29.38,106.0,106.0,25.0
07-07-2014,85.4,3645.0,73.62,1063.0,29.16,0.0,98.0,0.0
08-07-2014,85.4,3645.0,73.57,1055.0,28.94,0.0,98.0,0.0
09-07-2014,85.4,3645.0,73.51,1046.0,28.7,0.0,98.0,0.0
10-07-2014,85.4,3645.0,73.46,1038.0,28.48,0.0,98.0,10.0
11-07-2014,85.4,3645.0,73.46,1038.0,28.48,112.0,112.0,12.0
12-07-2014,85.4,3645.0,73.4,1030.0,28.26,0.0,98.0,0.0
13-07-2014,85.4,3645.0,73.35,1022.0,28.04,0.0,98.0,0.0
14-07-2014,85.4,3645.0,73.3,1015.0,27.85,0.0,98.0,0.0
15-07-2014,85.4,3645.0,73.24,1006.0,27.6,0.0,106.0,0.0
16-07-2014,85.4,3645.0,73.18,997.0,27.35,0.0,112.0,0.0
17-07-2014,85.4,3645.0,73.12,988.0,27.11,0.0,102.0,0.0
18-07-2014,85.4,3645.0,73.06,979.0,26.86,0.0,98.0,0.0
19-07-2014,85.4,3645.0,73.0,971.0,26.64,0.0,98.0,0.0
20-07-2014,85.4,3645.0,72.95,963.0,26.42,0.0,98.0,0.0
21-07-2014,85.4,3645.0,72.89,954.0,26.17,0.0,104.0,0.0
22-07-2014,85.4,3645.0,72.82,945.0,25.93,0.0,102.0,2.0
23-07-2014,85.4,3645.0,72.76,936.0,25.68,0.0,106.0,0.0
24-07-2014,85.4,3645.0,72.7,927.0,25.43,0.0,102.0,0.0
25-07-2014,85.4,3645.0,72.63,918.0,25.19,0.0,112.0,0.0
26-07-2014,85.4,3645.0,72.58,910.0,24.97,0.0,112.0,0.0
27-07-2014,85.4,3645.0,72.51,900.0,24.69,0.0,112.0,0.0
28-07-2014,85.4,3645.0,72.44,890.0,24.42,0.0,112.0,0.0
29-07-2014,85.4,3645.0,72.37,880.0,24.14,0.0,112.0,0.0
30-07-2014,85.4,3645.0,72.29,870.0,23.87,0.0,112.0,3.0
31-07-2014,85.4,3645.0,72.22,860.0,23.59,0.0,112.0,2.0
01-08-2014,85.4,3645.0,72.15,850.0,23.32,0.0,112.0,0.0
02-08-2014,85.4,3645.0,72.08,840.0,23.05,0.0,112.0,0.0
03-08-2014,85.4,3645.0,72.02,832.0,22.83,0.0,92.0,0.0
04-08-2014,85.4,3645.0,71.96,824.0,22.61,0.0,98.0,12.0
05-08-2014,85.4,3645.0,71.89,814.0,22.33,0.0,112.0,0.0
06-08-2014,85.4,3645.0,71.81,804.0,22.06,0.0,112.0,7.0
07-08-2014,85.4,3645.0,71.75,796.0,21.84,0.0,98.0,5.0
08-08-2014,85.4,3645.0,71.69,788.0,21.62,0.0,98.0,0.0
09-08-2014,85.4,3645.0,71.69,788.0,21.62,106.0,106.0,65.0
10-08-2014,85.4,3645.0,71.71,790.0,21.67,126.0,106.0,10.0
11-08-2014,85.4,3645.0,71.65,782.0,21.45,0.0,98.0,2.0
12-08-2014,85.4,3645.0,71.59,774.0,21.23,0.0,98.0,10.0
13-08-2014,85.4,3645.0,71.51,764.0,20.96,0.0,118.0,6.0
14-08-2014,85.4,3645.0,71.45,756.0,20.74,0.0,98.0,0.0
15-08-2014,85.4,3645.0,71.38,747.0,20.49,0.0,106.0,1.0
16-08-2014,85.4,3645.0,71.32,739.0,20.27,0.0,98.0,0.0
17-08-2014,85.4,3645.0,71.26,731.0,20.05,0.0,96.0,0.0
18-08-2014,85.4,3645.0,71.19,722.0,19.81,0.0,102.0,0.0
19-08-2014,85.4,3645.0,71.12,714.0,19.59,0.0,96.0,0.0
20-08-2014,85.4,3645.0,71.07,707.0,19.4,0.0,88.0,0.0
21-08-2014,85.4,3645.0,71.01,699.0,19.18,0.0,88.0,0.0
22-08-2014,85.4,3645.0,70.94,691.0,18.96,0.0,96.0,0.0
23-08-2014,85.4,3645.0,70.89,684.0,18.77,0.0,84.0,0.0
24-08-2014,85.4,3645.0,70.83,677.0,18.57,0.0,84.0,0.0
25-08-2014,85.4,3645.0,70.87,682.0,18.71,146.0,88.0,25.0
26-08-2014,85.4,3645.0,70.89,684.0,18.77,107.0,84.0,0.0
27-08-2014,85.4,3645.0,70.82,676.0,18.55,0.0,92.0,0.0
28-08-2014,85.4,3645.0,70.76,668.0,18.33,0.0,96.0,0.0
29-08-2014,85.4,3645.0,70.69,659.0,18.08,0.0,102.0,0.0
30-08-2014,85.4,3645.0,70.61,650.0,17.83,0.0,102.0,0.0
31-08-2014,85.4,3645.0,70.55,642.0,17.61,0.0,102.0,0.0
01-09-2014,85.4,3645.0,70.47,633.0,17.37,0.0,102.0,0.0
02-09-2014,85.4,3645.0,70.4,624.0,17.12,0.0,102.0,0.0
03-09-2014,85.4,3645.0,70.33,615.0,16.87,0.0,102.0,0.0
04-09-2014,85.4,3645.0,70.37,620.0,17.01,160.0,102.0,69.0
05-09-2014,85.4,3645.0,70.39,623.0,17.09,137.0,102.0,0.0
06-09-2014,85.4,3645.0,70.44,628.0,17.23,160.0,102.0,12.0
07-09-2014,85.4,3645.0,70.44,628.0,17.23,96.0,96.0,0.0
08-09-2014,85.4,3645.0,70.36,618.0,16.95,0.0,102.0,0.0
09-09-2014,85.4,3645.0,70.28,609.0,16.71,0.0,102.0,0.0
10-09-2014,85.4,3645.0,70.21,601.0,16.49,0.0,98.0,0.0
11-09-2014,85.4,3645.0,70.14,593.0,16.27,0.0,96.0,0.0
12-09-2014,85.4,3645.0,70.09,586.0,16.08,0.0,90.0,0.0
13-09-2014,85.4,3645.0,70.02,578.0,15.86,0.0,96.0,5.0
14-09-2014,85.4,3645.0,69.94,569.0,15.61,0.0,102.0,0.0
15-09-2014,85.4,3645.0,69.87,560.0,15.36,0.0,96.0,2.0
16-09-2014,85.4,3645.0,69.95,570.0,15.64,212.0,96.0,51.0
17-09-2014,85.4,3645.0,69.95,570.0,15.64,96.0,96.0,5.0
18-09-2014,85.4,3645.0,69.97,573.0,15.72,121.0,86.0,4.0
19-09-2014,85.4,3645.0,70.03,579.0,15.88,155.0,86.0,2.0
20-09-2014,85.4,3645.0,70.08,586.0,16.08,173.0,92.0,0.0
21-09-2014,85.4,3645.0,70.08,586.0,16.08,92.0,92.0,0.0
22-09-2014,85.4,3645.0,70.19,599.0,16.43,242.0,92.0,65.0
23-09-2014,85.4,3645.0,70.39,623.0,17.09,370.0,92.0,7.0
24-09-2014,85.4,3645.0,70.51,637.0,17.48,250.0,92.0,0.0
25-09-2014,85.4,3645.0,70.57,645.0,17.7,200.0,113.0,0.0
26-09-2014,85.4,3645.0,70.65,654.0,17.94,200.0,92.0,0.0
27-09-2014,85.4,3645.0,70.73,664.0,18.22,198.0,92.0,0.0
28-09-2014,85.4,3645.0,70.86,681.0,18.68,289.0,92.0,6.0
29-09-2014,85.4,3645.0,71.0,698.0,19.15,290.0,92.0,5.0
30-09-2014,85.4,3645.0,71.08,708.0,19.42,206.0,90.0,0.0
01-10-2014,85.4,3645.0,71.15,718.0,19.7,206.0,90.0,0.0
02-10-2014,85.4,3645.0,71.23,728.0,19.97,206.0,90.0,0.0
03-10-2014,85.4,3645.0,71.31,738.0,20.25,208.0,90.0,0.0
04-10-2014,85.4,3645.0,71.38,747.0,20.49,190.0,90.0,0.0
05-10-2014,85.4,3645.0,71.44,754.0,20.69,178.0,92.0,0.0
06-10-2014,85.4,3645.0,71.49,761.0,20.88,183.0,92.0,0.0
07-10-2014,85.4,3645.0,71.56,770.0,21.12,176.0,67.0,0.0
08-10-2014,85.4,3645.0,71.71,790.0,21.67,325.0,90.0,20.0
09-10-2014,85.4,3645.0,71.77,799.0,21.92,189.0,90.0,0.0
10-10-2014,85.4,3645.0,71.81,804.0,22.06,146.0,88.0,0.0
11-10-2014,85.4,3645.0,71.87,812.0,22.28,181.0,88.0,0.0
12-10-2014,85.4,3645.0,71.92,818.0,22.44,158.0,88.0,0.0
13-10-2014,85.4,3645.0,71.96,824.0,22.61,160.0,88.0,0.0
14-10-2014,85.4,3645.0,72.0,829.0,22.74,146.0,88.0,0.0
15-10-2014,85.4,3645.0,72.04,835.0,22.91,157.0,88.0,0.0
16-10-2014,85.4,3645.0,72.06,838.0,22.99,118.0,88.0,0.0
17-10-2014,85.4,3645.0,72.08,841.0,23.07,118.0,88.0,0.0
18-10-2014,85.4,3645.0,72.51,900.0,24.69,771.0,88.0,95.0
19-10-2014,85.4,3645.0,72.9,956.0,26.23,746.0,86.0,64.0
20-10-2014,85.4,3645.0,73.21,1001.0,27.46,619.0,82.0,27.0
21-10-2014,85.4,3645.0,73.41,1031.0,28.29,429.0,82.0,20.0
22-10-2014,85.4,3645.0,73.55,1053.0,28.89,347.0,92.0,5.0
23-10-2014,85.4,3645.0,73.66,1069.0,29.33,275.0,90.0,5.0
24-10-2014,85.4,3645.0,74.39,1184.0,32.48,1419.0,88.0,52.0
25-10-2014,85.4,3645.0,74.56,1212.0,33.25,412.0,88.0,15.0
26-10-2014,85.4,3645.0,74.63,1224.0,33.58,227.0,88.0,10.0
27-10-2014,85.4,3645.0,74.67,1230.0,33.74,160.0,88.0,2.0
28-10-2014,85.4,3645.0,74.7,1234.0,33.85,130.0,88.0,0.0
29-10-2014,85.4,3645.0,74.65,1227.0,33.66,0.0,88.0,0.0
30-10-2014,85.4,3645.0,74.6,1219.0,33.44,0.0,88.0,0.0
31-10-2014,85.4,3645.0,74.56,1211.0,33.22,0.0,88.0,0.0
01-11-2014,85.4,3645.0,74.56,1211.0,33.22,88.0,88.0,5.0
02-11-2014,85.4,3645.0,74.57,1213.0,33.28,109.0,86.0,5.0
03-11-2014,85.4,3645.0,74.57,1213.0,33.28,86.0,86.0,10.0
04-11-2014,85.4,3645.0,74.53,1206.0,33.09,0.0,82.0,0.0
05-11-2014,85.4,3645.0,74.48,1199.0,32.89,0.0,86.0,0.0
06-11-2014,85.4,3645.0,74.44,1192.0,32.7,0.0,82.0,0.0
07-11-2014,85.4,3645.0,74.4,1185.0,32.51,0.0,86.0,0.0
08-11-2014,85.4,3645.0,74.35,1177.0,32.29,0.0,92.0,0.0
09-11-2014,85.4,3645.0,74.3,1169.0,32.07,0.0,92.0,0.0
10-11-2014,85.4,3645.0,74.25,1162.0,31.88,0.0,88.0,0.0
11-11-2014,85.4,3645.0,74.2,1154.0,31.66,0.0,88.0,0.0
12-11-2014,85.4,3645.0,74.2,1154.0,31.66,82.0,82.0,15.0
13-11-2014,85.4,3645.0,74.58,1214.0,33.31,776.0,82.0,82.0
14-11-2014,85.4,3645.0,74.79,1250.0,34.29,499.0,82.0,82.0
15-11-2014,85.4,3645.0,74.97,1279.0,35.09,428.0,92.0,10.0
16-11-2014,85.4,3645.0,75.02,1288.0,35.34,190.0,86.0,0.0
17-11-2014,85.4,3645.0,75.02,1288.0,35.34,86.0,86.0,0.0
18-11-2014,85.4,3645.0,74.98,1281.0,35.14,86.0,82.0,0.0
19-11-2014,85.4,3645.0,74.94,1274.0,34.95,0.0,84.0,0.0
20-11-2014,85.4,3645.0,74.9,1267.0,34.76,0.0,82.0,0.0
21-11-2014,85.4,3645.0,74.86,1260.0,34.57,0.0,80.0,0.0
22-11-2014,85.4,3645.0,74.81,1253.0,34.38,0.0,82.0,0.0
23-11-2014,85.4,3645.0,74.77,1246.0,34.18,0.0,82.0,0.0
24-11-2014,85.4,3645.0,74.73,1239.0,33.99,0.0,78.0,0.0
25-11-2014,85.4,3645.0,74.68,1231.0,33.77,0.0,92.0,0.0
26-11-2014,85.4,3645.0,74.64,1224.0,33.58,0.0,88.0,0.0
27-11-2014,85.4,3645.0,74.59,1217.0,33.39,0.0,82.0,0.0
28-11-2014,85.4,3645.0,74.55,1210.0,33.2,0.0,88.0,0.0
29-11-2014,85.4,3645.0,74.51,1203.0,33.0,0.0,88.0,0.0
30-11-2014,85.4,3645.0,74.48,1196.0,32.81,0.0,82.0,0.0
01-12-2014,85.4,3645.0,74.42,1189.0,32.62,0.0,88.0,3.0
02-12-2014,85.4,3645.0,74.37,1181.0,32.4,0.0,92.0,0.0
03-12-2014,85.4,3645.0,74.32,1173.0,32.18,0.0,92.0,0.0
04-12-2014,85.4,3645.0,74.27,1165.0,31.96,0.0,92.0,0.0
05-12-2014,85.4,3645.0,74.23,1158.0,31.77,0.0,82.0,0.0
06-12-2014,85.4,3645.0,44.18,1151.0,31.58,0.0,78.0,0.0
07-12-2014,85.4,3645.0,74.15,1145.0,31.41,0.0,74.0,0.0
08-12-2014,85.4,3645.0,74.11,1139.0,31.25,0.0,74.0,0.0
09-12-2014,85.4,3645.0,74.07,1133.0,31.08,0.0,70.0,0.0
10-12-2014,85.4,3645.0,74.01,1123.0,30.81,0.0,113.0,0.0
11-12-2014,85.4,3645.0,73.96,1115.0,30.59,0.0,92.0,10.0
12-12-2014,85.4,3645.0,73.91,1107.0,30.37,0.0,92.0,12.0
13-12-2014,85.4,3645.0,73.86,1100.0,30.18,0.0,78.0,0.0
14-12-2014,85.4,3645.0,73.82,1094.0,30.01,0.0,74.0,15.0
15-12-2014,85.4,3645.0,73.78,1088.0,29.85,0.0,74.0,0.0
16-12-2014,85.4,3645.0,73.74,1082.0,29.68,0.0,70.0,0.0
17-12-2014,85.4,3645.0,73.7,1076.0,29.52,0.0,70.0,0.0
18-12-2014,85.4,3645.0,73.67,1070.0,29.36,0.0,70.0,0.0
19-12-2014,85.4,3645.0,73.62,1063.0,29.16,0.0,86.0,0.0
20-12-2014,85.4,3645.0,73.57,1056.0,28.97,0.0,86.0,0.0
21-12-2014,85.4,3645.0,73.52,1048.0,28.75,0.0,92.0,0.0
22-12-2014,85.4,3645.0,73.47,1040.0,28.53,0.0,92.0,0.0
23-12-2014,85.4,3645.0,73.42,1032.0,28.31,0.0,92.0,0.0
24-12-2014,85.4,3645.0,73.36,1024.0,28.09,0.0,92.0,0.0
25-12-2014,85.4,3645.0,73.31,1016.0,27.87,0.0,92.0,0.0
26-12-2014,85.4,3645.0,73.25,1008.0,27.65,0.0,92.0,0.0
27-12-2014,85.4,3645.0,73.2,1000.0,27.43,0.0,92.0,0.0
28-12-2014,85.4,3645.0,73.15,992.0,27.22,0.0,92.0,0.0
29-12-2014,85.4,3645.0,73.09,984.0,27.0,0.0,92.0,10.0
30-12-2014,85.4,3645.0,73.09,984.0,27.0,92.0,92.0,45.0
31-12-2014,85.4,3645.0,73.04,976.0,26.78,0.0,92.0,0.0
01-01-2015,85.4,3645.0,72.98,968.0,26.56,0.0,92.0,0.0
02-01-2015,85.4,3645.0,72.93,960.0,26.34,0.0,92.0,0.0
03-01-2015,85.4,3645.0,72.87,952.0,26.12,0.0,92.0,0.0
04-01-2015,85.4,3645.0,72.82,944.0,25.9,0.0,92.0,0.0
05-01-2015,85.4,3645.0,72.78,938.0,25.73,0.0,68.0,0.0
06-01-2015,85.4,3645.0,72.73,932.0,25.57,0.0,70.0,0.0
07-01-2015,85.4,3645.0,72.68,924.0,25.35,0.0,92.0,0.0
08-01-2015,85.4,3645.0,72.63,917.0,25.16,0.0,82.0,0.0
09-01-2015,85.4,3645.0,72.58,910.0,24.97,0.0,78.0,0.0
10-01-2015,85.4,3645.0,72.54,904.0,24.8,0.0,74.0,0.0
11-01-2015,85.4,3645.0,72.5,898.0,24.64,0.0,72.0,0.0
12-01-2015,85.4,3645.0,72.45,892.0,24.47,0.0,70.0,0.0
13-01-2015,85.4,3645.0,72.41,886.0,24.31,0.0,70.0,0.0
14-01-2015,85.4,3645.0,72.37,880.0,24.14,0.0,74.0,0.0
15-01-2015,85.4,3645.0,72.32,873.0,23.95,0.0,82.0,0.0
16-01-2015,85.4,3645.0,72.27,866.0,23.76,0.0,82.0,0.0
17-01-2015,85.4,3645.0,83.01,3015.0,82.72,0.0,115.0,0.0
18-01-2015,85.4,3645.0,72.16,851.0,23.35,0.0,92.0,0.0
19-01-2015,85.4,3645.0,72.11,844.0,23.16,0.0,86.0,0.0
20-01-2015,85.4,3645.0,72.06,837.0,22.96,0.0,78.0,0.0
21-01-2015,85.4,3645.0,72.01,831.0,22.8,0.0,70.0,0.0
22-01-2015,85.4,3645.0,71.97,825.0,22.63,0.0,70.0,0.0
23-01-2015,85.4,3645.0,71.92,819.0,22.47,0.0,70.0,0.0
24-01-2015,85.4,3645.0,71.84,807.0,22.14,0.0,92.0,0.0
25-01-2015,85.4,3645.0,71.76,797.0,21.87,0.0,92.0,0.0
26-01-2015,85.4,3645.0,71.68,786.0,21.56,0.0,92.0,0.0
27-01-2015,85.4,3645.0,71.63,779.0,21.37,0.0,88.0,0.0
28-01-2015,85.4,3645.0,71.56,771.0,21.15,0.0,78.0,0.0
29-01-2015,85.4,3645.0,71.52,765.0,20.99,0.0,74.0,0.0
30-01-2015,85.4,3645.0,71.47,759.0,20.82,0.0,74.0,0.0
31-01-2015,85.4,3645.0,71.43,753.0,20.66,0.0,74.0,0.0
01-02-2015,85.4,3645.0,71.38,747.0,20.49,0.0,74.0,0.0
02-02-2015,85.4,3645.0,71.33,741.0,20.33,0.0,74.0,0.0
03-02-2015,85.4,3645.0,71.29,735.0,20.16,0.0,74.0,0.0
04-02-2015,85.4,3645.0,71.24,729.0,20.0,0.0,74.0,0.0
05-02-2015,85.4,3645.0,71.19,723.0,19.84,0.0,74.0,0.0
06-02-2015,85.4,3645.0,71.15,717.0,19.67,0.0,74.0,0.0
07-02-2015,85.4,3645.0,71.1,711.0,19.51,0.0,74.0,0.0
08-02-2015,85.4,3645.0,71.05,705.0,19.34,0.0,74.0,0.0
09-02-2015,85.4,3645.0,71.01,699.0,19.18,0.0,74.0,0.0
10-02-2015,85.4,3645.0,70.94,691.0,18.96,0.0,92.0,0.0
11-02-2015,85.4,3645.0,70.88,683.0,18.74,0.0,92.0,0.0
12-02-2015,85.4,3645.0,70.83,677.0,18.57,0.0,74.0,0.0
13-02-2015,85.4,3645.0,70.78,670.0,18.38,0.0,78.0,0.0
14-02-2015,85.4,3645.0,70.73,664.0,18.22,0.0,74.0,0.0
15-02-2015,85.4,3645.0,70.68,658.0,18.05,0.0,74.0,0.0
16-02-2015,85.4,3645.0,70.63,652.0,17.89,0.0,74.0,0.0
17-02-2015,85.4,3645.0,70.58,646.0,17.72,0.0,74.0,0.0
18-02-2015,85.4,3645.0,70.61,649.0,17.81,113.0,78.0,0.0
19-02-2015,85.4,3645.0,70.65,655.0,17.97,143.0,74.0,0.0
20-02-2015,85.4,3645.0,70.7,661.0,18.13,178.0,74.0,0.0
21-02-2015,85.4,3645.0,70.75,667.0,18.3,178.0,74.0,0.0
22-02-2015,85.4,3645.0,70.81,674.0,18.49,178.0,74.0,0.0
23-02-2015,85.4,3645.0,70.87,681.0,18.68,178.0,74.0,0.0
24-02-2015,85.4,3645.0,70.92,688.0,18.88,178.0,74.0,0.0
25-02-2015,85.4,3645.0,70.97,694.0,19.04,178.0,74.0,0.0
26-02-2015,85.4,3645.0,71.01,700.0,19.2,180.0,115.0,0.0
27-02-2015,85.4,3645.0,71.09,709.0,19.45,180.0,74.0,0.0
28-02-2015,85.4,3645.0,71.16,718.0,19.7,180.0,74.0,0.0
01-03-2015,85.4,3645.0,71.23,728.0,19.97,180.0,74.0,0.0
02-03-2015,85.4,3645.0,71.32,739.0,20.27,180.0,74.0,0.0
03-03-2015,85.4,3645.0,71.39,748.0,20.52,180.0,78.0,0.0
04-03-2015,85.4,3645.0,71.46,757.0,20.77,180.0,78.0,0.0
05-03-2015,85.4,3645.0,71.53,767.0,21.04,180.0,74.0,0.0
06-03-2015,85.4,3645.0,71.6,776.0,21.29,180.0,74.0,0.0
07-03-2015,85.4,3645.0,71.67,785.0,21.54,180.0,74.0,0.0
08-03-2015,85.4,3645.0,71.73,793.0,21.76,180.0,86.0,0.0
09-03-2015,85.4,3645.0,71.8,802.0,22.0,180.0,74.0,0.0
10-03-2015,85.4,3645.0,71.86,811.0,22.25,180.0,78.0,0.0
11-03-2015,85.4,3645.0,71.98,826.0,22.66,253.0,74.0,0.0
12-03-2015,85.4,3645.0,72.08,841.0,23.07,253.0,78.0,0.0
13-03-2015,85.4,3645.0,72.11,845.0,23.18,139.0,92.0,0.0
14-03-2015,85.4,3645.0,72.16,851.0,23.35,139.0,74.0,0.0
15-03-2015,85.4,3645.0,72.19,856.0,23.48,139.0,86.0,0.0
16-03-2015,85.4,3645.0,72.24,862.0,23.65,139.0,74.0,0.0
17-03-2015,85.4,3645.0,72.28,868.0,23.81,139.0,74.0,0.0
18-03-2015,85.4,3645.0,72.32,874.0,23.98,139.0,74.0,0.0
19-03-2015,85.4,3645.0,72.36,879.0,24.12,139.0,78.0,0.0
20-03-2015,85.4,3645.0,72.4,885.0,24.28,139.0,74.0,0.0
21-03-2015,85.4,3645.0,72.44,890.0,24.42,139.0,82.0,0.0
22-03-2015,85.4,3645.0,72.48,896.0,24.58,139.0,74.0,0.0
23-03-2015,85.4,3645.0,72.52,906.0,24.86,139.0,74.0,0.0
24-03-2015,85.4,3645.0,72.54,904.0,24.8,98.0,74.0,0.0
25-03-2015,85.4,3645.0,72.54,904.0,24.8,74.0,74.0,0.0
26-03-2015,85.4,3645.0,72.52,902.0,24.75,50.0,74.0,0.0
27-03-2015,85.4,3645.0,72.48,896.0,24.58,0.0,74.0,0.0
28-03-2015,85.4,3645.0,72.44,890.0,24.42,0.0,74.0,0.0
29-03-2015,85.4,3645.0,72.4,884.0,24.25,0.0,74.0,0.0
30-03-2015,85.4,3645.0,72.34,876.0,24.03,0.0,74.0,0.0
31-03-2015,85.4,3645.0,72.29,870.0,23.87,0.0,74.0,0.0
01-04-2015,85.4,3645.0,72.25,864.0,23.7,0.0,74.0,0.0
02-04-2015,85.4,3645.0,72.21,858.0,23.54,0.0,74.0,0.0
03-04-2015,85.4,3645.0,72.16,852.0,23.37,0.0,74.0,0.0
04-04-2015,85.4,3645.0,72.12,846.0,23.21,0.0,74.0,0.0
05-04-2015,85.4,3645.0,72.08,840.0,23.05,0.0,74.0,0.0
06-04-2015,85.4,3645.0,72.03,834.0,22.88,0.0,74.0,0.0
07-04-2015,85.4,3645.0,71.98,827.0,22.69,0.0,81.0,0.0
08-04-2015,85.4,3645.0,71.93,820.0,22.5,0.0,81.0,0.0
09-04-2015,85.4,3645.0,71.88,813.0,22.3,0.0,81.0,0.0
10-04-2015,85.4,3645.0,71.83,806.0,22.11,0.0,81.0,0.0
11-04-2015,85.4,3645.0,71.78,799.0,21.92,0.0,81.0,0.0
12-04-2015,85.4,3645.0,71.72,792.0,21.73,0.0,81.0,0.0
13-04-2015,85.4,3645.0,71.67,785.0,21.54,0.0,81.0,0.0
14-04-2015,85.4,3645.0,71.62,778.0,21.34,0.0,81.0,0.0
15-04-2015,85.4,3645.0,71.56,771.0,21.15,0.0,81.0,0.0
16-04-2015,85.4,3645.0,71.5,763.0,20.93,0.0,93.0,35.0
17-04-2015,85.4,3645.0,71.45,756.0,20.74,0.0,81.0,0.0
18-04-2015,85.4,3645.0,71.4,749.0,20.55,0.0,81.0,0.0
19-04-2015,85.4,3645.0,71.33,740.0,20.3,0.0,81.0,0.0
20-04-2015,85.4,3645.0,71.26,731.0,20.05,0.0,81.0,0.0
21-04-2015,85.4,3645.0,71.2,724.0,19.86,0.0,81.0,0.0
22-04-2015,85.4,3645.0,71.26,732.0,20.08,173.0,85.0,0.0
23-04-2015,85.4,3645.0,71.33,740.0,20.3,173.0,81.0,0.0
24-04-2015,85.4,3645.0,71.4,749.0,20.55,185.0,81.0,0.0
25-04-2015,85.4,3645.0,71.47,758.0,20.8,185.0,81.0,32.0
26-04-2015,85.4,3645.0,71.54,768.0,21.07,231.0,120.0,0.0
27-04-2015,85.4,3645.0,71.62,778.0,21.34,231.0,116.0,0.0
28-04-2015,85.4,3645.0,71.67,785.0,21.54,190.0,109.0,0.0
29-04-2015,85.4,3645.0,71.72,792.0,21.73,190.0,109.0,0.0
30-04-2015,85.4,3645.0,71.74,794.0,21.78,140.0,114.0,0.0
01-05-2015,85.4,3645.0,71.77,799.0,21.92,175.0,119.0,0.0
02-05-2015,85.4,3645.0,71.77,799.0,21.92,81.0,81.0,0.0
03-05-2015,85.4,3645.0,71.72,792.0,21.73,0.0,81.0,0.0
04-05-2015,85.4,3645.0,71.67,785.0,21.54,0.0,81.0,0.0
05-05-2015,85.4,3645.0,71.62,778.0,21.34,0.0,81.0,0.0
06-05-2015,85.4,3645.0,71.56,771.0,21.15,0.0,81.0,0.0
07-05-2015,85.4,3645.0,71.51,764.0,20.96,0.0,81.0,0.0
08-05-2015,85.4,3645.0,71.44,755.0,20.71,0.0,105.0,0.0
09-05-2015,85.4,3645.0,71.38,747.0,20.49,0.0,93.0,0.0
10-05-2015,85.4,3645.0,71.33,740.0,20.3,0.0,81.0,0.0
11-05-2015,85.4,3645.0,71.27,733.0,20.11,0.0,81.0,0.0
12-05-2015,85.4,3645.0,71.22,726.0,19.92,0.0,81.0,0.0
13-05-2015,85.4,3645.0,71.15,717.0,19.67,0.0,104.0,0.0
14-05-2015,85.4,3645.0,71.09,709.0,19.45,0.0,93.0,5.0
15-05-2015,85.4,3645.0,71.02,701.0,19.23,0.0,92.0,2.0
16-05-2015,85.4,3645.0,70.97,694.0,19.04,0.0,81.0,0.0
17-05-2015,85.4,3645.0,70.91,687.0,18.85,0.0,81.0,0.0
18-05-2015,85.4,3645.0,70.86,680.0,18.66,0.0,81.0,2.0
19-05-2015,85.4,3645.0,70.8,673.0,18.46,0.0,81.0,0.0
20-05-2015,85.4,3645.0,70.74,666.0,18.27,0.0,81.0,0.0
21-05-2015,85.4,3645.0,70.69,659.0,18.08,0.0,81.0,0.0
22-05-2015,85.4,3645.0,70.61,650.0,17.83,0.0,108.0,0.0
23-05-2015,85.4,3645.0,70.55,642.0,17.61,0.0,95.0,0.0
24-05-2015,85.4,3645.0,70.48,634.0,17.39,0.0,95.0,0.0
25-05-2015,85.4,3645.0,70.41,625.0,17.15,0.0,104.0,0.0
26-05-2015,85.4,3645.0,70.34,617.0,16.93,0.0,93.0,0.0
27-05-2015,85.4,3645.0,70.29,610.0,16.74,0.0,81.0,0.0
28-05-2015,85.4,3645.0,70.22,602.0,16.52,0.0,93.0,0.0
29-05-2015,85.4,3645.0,70.15,594.0,16.3,0.0,93.0,0.0
30-05-2015,85.4,3645.0,70.09,587.0,16.1,0.0,81.0,0.0
31-05-2015,85.4,3645.0,70.03,580.0,15.91,0.0,81.0,0.0
01-06-2015,85.4,3645.0,69.97,572.0,15.69,0.0,92.0,0.0
02-06-2015,85.4,3645.0,69.89,565.0,15.5,0.0,81.0,0.0
03-06-2015,85.4,3645.0,69.85,558.0,15.31,0.0,81.0,0.0
04-06-2015,85.4,3645.0,69.78,551.0,15.12,0.0,83.0,0.0
05-06-2015,85.4,3645.0,69.72,544.0,14.92,0.0,81.0,0.0
06-06-2015,85.4,3645.0,69.66,537.0,14.73,0.0,81.0,0.0
07-06-2015,85.4,3645.0,69.6,530.0,14.54,0.0,81.0,0.0
08-06-2015,85.4,3645.0,69.54,523.0,14.35,0.0,81.0,0.0
09-06-2015,85.4,3645.0,69.48,516.0,14.16,0.0,81.0,0.0
10-06-2015,85.4,3645.0,60.42,509.0,13.96,0.0,81.0,3.0
11-06-2015,85.4,3645.0,60.34,500.0,13.72,0.0,104.0,0.0
12-06-2015,85.4,3645.0,69.27,493.0,13.53,0.0,81.0,2.0
13-06-2015,85.4,3645.0,69.31,497.0,13.64,150.0,104.0,0.0
14-06-2015,85.4,3645.0,69.36,502.0,13.77,150.0,93.0,0.0
15-06-2015,85.4,3645.0,69.4,507.0,13.91,150.0,93.0,0.0
16-06-2015,85.4,3645.0,69.44,512.0,14.05,150.0,93.0,0.0
17-06-2015,85.4,3645.0,69.48,516.0,14.16,150.0,104.0,3.0
18-06-2015,85.4,3645.0,69.53,522.0,14.32,150.0,81.0,2.0
19-06-2015,85.4,3645.0,69.58,528.0,14.49,150.0,80.0,2.0
20-06-2015,85.4,3645.0,69.63,533.0,14.62,135.0,81.0,0.0
21-06-2015,85.4,3645.0,69.67,538.0,14.76,135.0,86.0,0.0
22-06-2015,85.4,3645.0,69.72,543.0,14.9,135.0,86.0,0.0
23-06-2015,85.4,3645.0,69.7,541.0,14.84,115.0,81.0,0.0
24-06-2015,85.4,3645.0,69.76,548.0,15.03,115.0,93.0,0.0
25-06-2015,85.4,3645.0,69.78,550.0,15.09,115.0,93.0,0.0
26-06-2015,85.4,3645.0,69.77,549.0,15.06,81.0,93.0,0.0
27-06-2015,85.4,3645.0,69.7,541.0,14.84,0.0,93.0,0.0
28-06-2015,85.4,3645.0,69.65,535.0,14.68,0.0,81.0,3.0
29-06-2015,85.4,3645.0,69.58,527.0,14.46,0.0,112.0,0.0
30-06-2015,85.4,3645.0,69.51,519.0,14.24,0.0,93.0,0.0
01-07-2015,85.4,3645.0,69.44,511.0,14.02,0.0,93.0,0.0
02-07-2015,85.4,3645.0,69.36,503.0,13.8,0.0,93.0,0.0
03-07-2015,85.4,3645.0,69.29,495.0,13.58,0.0,93.0,0.0
04-07-2015,85.4,3645.0,69.22,487.0,13.36,0.0,93.0,0.0
05-07-2015,85.4,3645.0,69.15,479.0,13.14,0.0,93.0,0.0
06-07-2015,85.4,3645.0,69.07,471.0,12.92,0.0,93.0,0.0
07-07-2015,85.4,3645.0,69.01,464.0,12.73,0.0,81.0,0.0
08-07-2015,85.4,3645.0,68.96,458.0,12.57,0.0,81.0,0.0
09-07-2015,85.4,3645.0,68.89,451.0,12.37,0.0,81.0,0.0
10-07-2015,85.4,3645.0,68.82,444.0,12.18,0.0,81.0,0.0
11-07-2015,85.4,3645.0,68.74,436.0,11.96,0.0,93.0,15.0
12-07-2015,85.4,3645.0,68.68,429.0,11.77,0.0,81.0,0.0
13-07-2015,85.4,3645.0,68.61,422.0,11.58,0.0,81.0,0.0
14-07-2015,85.4,3645.0,68.54,415.0,11.39,0.0,81.0,0.0
15-07-2015,85.4,3645.0,68.48,408.0,11.19,0.0,81.0,0.0
16-07-2015,85.4,3645.0,68.41,401.0,11.0,0.0,81.0,0.0
17-07-2015,85.4,3645.0,68.33,394.0,10.81,0.0,81.0,0.0
18-07-2015,85.4,3645.0,68.26,387.0,10.62,0.0,81.0,18.0
19-07-2015,85.4,3645.0,68.26,387.0,10.62,69.0,69.0,45.0
20-07-2015,85.4,3645.0,58.2,381.0,10.45,0.0,69.0,0.0
21-07-2015,85.4,3645.0,68.14,375.0,10.29,0.0,69.0,0.0
22-07-2015,85.4,3645.0,68.08,369.0,10.12,0.0,69.0,0.0
23-07-2015,85.4,3645.0,68.1,371.0,10.18,97.0,74.0,33.0
24-07-2015,85.4,3645.0,68.04,365.0,10.01,0.0,66.0,2.0
25-07-2015,85.4,3645.0,67.98,359.0,9.85,0.0,64.0,0.0
26-07-2015,85.4,3645.0,67.92,353.0,9.68,0.0,64.0,2.0
27-07-2015,85.4,3645.0,67.85,347.0,9.52,0.0,70.0,17.0
28-07-2015,85.4,3645.0,67.79,341.0,9.36,0.0,70.0,0.0
29-07-2015,85.4,3645.0,67.72,335.0,9.19,0.0,68.0,12.0
30-07-2015,85.4,3645.0,67.66,329.0,9.03,0.0,70.0,0.0
31-07-2015,85.4,3645.0,67.59,323.0,8.86,0.0,70.0,0.0
01-08-2015,85.4,3645.0,67.59,323.0,8.86,61.0,61.0,45.0
02-08-2015,85.4,3645.0,67.53,317.0,8.7,0.0,69.0,1.0
03-08-2015,85.4,3645.0,67.46,311.0,8.53,0.0,69.0,0.0
04-08-2015,85.4,3645.0,67.38,304.0,8.34,0.0,81.0,0.0
05-08-2015,85.4,3645.0,67.46,311.0,8.53,146.0,65.0,88.0
06-08-2015,85.4,3645.0,67.49,314.0,8.61,108.0,73.0,2.0
07-08-2015,85.4,3645.0,67.43,308.0,8.45,0.0,135.0,0.0
08-08-2015,85.4,3645.0,67.35,301.0,8.26,0.0,91.0,0.0
09-08-2015,85.4,3645.0,67.28,295.0,8.09,0.0,69.0,0.0
10-08-2015,85.4,3645.0,67.21,289.0,7.93,0.0,69.0,0.0
11-08-2015,85.4,3645.0,67.14,283.0,7.76,0.0,69.0,0.0
12-08-2015,85.4,3645.0,67.07,277.0,7.6,0.0,69.0,0.0
13-08-2015,85.4,3645.0,67.0,271.0,7.43,0.0,69.0,0.0
14-08-2015,85.4,3645.0,66.93,265.0,7.27,0.0,74.0,0.0
15-08-2015,85.4,3645.0,66.84,257.0,7.05,0.0,88.0,0.0
16-08-2015,85.4,3645.0,66.74,249.0,6.83,0.0,93.0,0.0
17-08-2015,85.4,3645.0,66.64,241.0,6.61,0.0,93.0,0.0
18-08-2015,85.4,3645.0,66.55,233.0,6.39,0.0,93.0,0.0
19-08-2015,85.4,3645.0,66.42,223.0,6.12,0.0,116.0,0.0
20-08-2015,85.4,3645.0,66.32,215.0,5.9,0.0,93.0,0.0
21-08-2015,85.4,3645.0,66.22,208.0,5.71,0.0,81.0,2.0
22-08-2015,85.4,3645.0,66.14,202.0,5.54,0.0,69.0,2.0
23-08-2015,85.4,3645.0,66.14,202.0,5.54,58.0,58.0,5.0
24-08-2015,85.4,3645.0,66.08,197.0,5.4,0.0,59.0,0.0
25-08-2015,85.4,3645.0,66.01,192.0,5.27,0.0,58.0,0.0
26-08-2015,85.4,3645.0,66.94,187.0,5.13,0.0,58.0,0.0
27-08-2015,85.4,3645.0,65.89,183.0,5.02,0.0,46.0,0.0
28-08-2015,85.4,3645.0,65.82,178.0,4.88,0.0,46.0,0.0
29-08-2015,85.4,3645.0,65.76,174.0,4.77,0.0,46.0,0.0
30-08-2015,85.4,3645.0,65.67,168.0,4.61,0.0,69.0,0.0
31-08-2015,85.4,3645.0,65.72,171.0,4.69,104.0,69.0,35.0
01-09-2015,85.4,3645.0,65.64,165.0,4.53,0.0,69.0,0.0
02-09-2015,85.4,3645.0,65.55,159.0,4.36,0.0,69.0,0.0
03-09-2015,85.4,3645.0,65.47,153.0,4.2,0.0,69.0,0.0
04-09-2015,85.4,3645.0,65.38,147.0,4.03,0.0,69.0,0.0
05-09-2015,85.4,3645.0,65.28,141.0,3.87,0.0,69.0,0.0
06-09-2015,85.4,3645.0,65.22,137.0,3.76,0.0,49.0,0.0
07-09-2015,85.4,3645.0,65.16,133.0,3.65,0.0,46.0,0.0
08-09-2015,85.4,3645.0,65.21,136.0,3.73,69.0,35.0,2.0
09-09-2015,85.4,3645.0,65.15,132.0,3.62,0.0,46.0,0.0
10-09-2015,85.4,3645.0,66.08,197.0,5.4,800.0,46.0,80.0
11-09-2015,85.4,3645.0,66.38,220.0,6.04,312.0,46.0,0.0
12-09-2015,85.4,3645.0,66.38,220.0,6.04,46.0,46.0,0.0
13-09-2015,85.4,3645.0,66.33,216.0,5.93,0.0,50.0,0.0
14-09-2015,85.4,3645.0,66.28,212.0,5.82,0.0,48.0,0.0
15-09-2015,85.4,3645.0,66.22,208.0,5.71,0.0,46.0,0.0
16-09-2015,85.4,3645.0,66.17,204.0,5.6,0.0,48.0,0.0
17-09-2015,85.4,3645.0,66.12,200.0,5.49,0.0,50.0,0.0
18-09-2015,85.4,3645.0,66.06,196.0,5.38,0.0,50.0,0.0
19-09-2015,85.4,3645.0,66.01,192.0,5.27,0.0,48.0,0.0
20-09-2015,85.4,3645.0,65.96,188.0,5.16,0.0,50.0,0.0
21-09-2015,85.4,3645.0,65.96,188.0,5.16,48.0,48.0,8.0
22-09-2015,85.4,3645.0,65.88,182.0,4.99,0.0,74.0,0.0
23-09-2015,85.4,3645.0,65.82,178.0,4.88,0.0,48.0,0.0
24-09-2015,85.4,3645.0,65.75,173.0,4.75,0.0,54.0,0.0
25-09-2015,85.4,3645.0,65.69,169.0,4.64,0.0,52.0,0.0
26-09-2015,85.4,3645.0,65.63,165.0,4.53,0.0,50.0,0.0
27-09-2015,85.4,3645.0,65.57,161.0,4.42,0.0,50.0,0.0
28-09-2015,85.4,3645.0,65.51,156.0,4.28,0.0,50.0,0.0
29-09-2015,85.4,3645.0,65.45,152.0,4.17,0.0,48.0,0.0
30-09-2015,85.4,3645.0,65.45,152.0,4.17,50.0,50.0,4.0
01-10-2015,85.4,3645.0,65.39,148.0,4.06,0.0,48.0,0.0
02-10-2015,85.4,3645.0,65.33,144.0,3.95,0.0,50.0,0.0
03-10-2015,85.4,3645.0,65.73,172.0,4.72,374.0,50.0,22.0
04-10-2015,85.4,3645.0,65.89,183.0,5.02,127.0,46.0,5.0
05-10-2015,85.4,3645.0,66.0,191.0,5.24,150.0,52.0,15.0
06-10-2015,85.4,3645.0,65.94,187.0,5.13,0.0,50.0,0.0
07-10-2015,85.4,3645.0,65.89,183.0,5.02,0.0,48.0,0.0
08-10-2015,85.4,3645.0,66.44,225.0,6.17,525.0,35.0,40.0
09-10-2015,85.4,3645.0,66.52,231.0,6.34,117.0,48.0,0.0
10-10-2015,85.4,3645.0,66.52,231.0,6.34,48.0,48.0,0.0
11-10-2015,85.4,3645.0,66.74,249.0,6.83,260.0,50.0,26.0
12-10-2015,85.4,3645.0,66.74,249.0,6.83,46.0,46.0,0.0
13-10-2015,85.4,3645.0,66.69,245.0,6.72,0.0,46.0,0.0
14-10-2015,85.4,3645.0,66.65,241.0,6.61,0.0,48.0,0.0
15-10-2015,85.4,3645.0,66.6,237.0,6.5,0.0,52.0,0.0
16-10-2015,85.4,3645.0,66.56,233.0,6.39,0.0,46.0,2.0
17-10-2015,85.4,3645.0,66.5,229.0,6.28,0.0,46.0,0.0
18-10-2015,85.4,3645.0,66.45,225.0,6.17,0.0,46.0,0.0
19-10-2015,85.4,3645.0,66.4,221.0,6.06,0.0,48.0,0.0
20-10-2015,85.4,3645.0,66.35,217.0,5.95,0.0,46.0,1.0
21-10-2015,85.4,3645.0,66.3,213.0,5.84,0.0,46.0,0.0
22-10-2015,85.4,3645.0,66.24,209.0,5.73,0.0,46.0,0.0
23-10-2015,85.4,3645.0,66.19,205.0,5.62,0.0,48.0,0.0
24-10-2015,85.4,3645.0,66.19,205.0,5.62,46.0,46.0,4.0
25-10-2015,85.4,3645.0,66.13,201.0,5.51,0.0,48.0,0.0
26-10-2015,85.4,3645.0,66.08,197.0,5.4,0.0,46.0,0.0
27-10-2015,85.4,3645.0,66.03,193.0,5.29,0.0,46.0,0.0
28-10-2015,85.4,3645.0,66.2,206.0,5.65,200.0,48.0,50.0
29-10-2015,85.4,3645.0,66.25,210.0,5.76,92.0,48.0,10.0
30-10-2015,85.4,3645.0,66.25,210.0,5.76,46.0,46.0,3.0
31-10-2015,85.4,3645.0,66.4,221.0,6.06,180.0,48.0,41.0
01-11-2015,85.4,3645.0,66.48,228.0,6.26,127.0,46.0,27.0
02-11-2015,85.4,3645.0,66.62,239.0,6.56,180.0,46.0,22.0
03-11-2015,85.4,3645.0,66.7,245.0,6.72,115.0,48.0,2.0
04-11-2015,85.4,3645.0,66.8,254.0,6.97,150.0,50.0,5.0
05-11-2015,85.4,3645.0,66.8,254.0,6.97,46.0,46.0,0.0
06-11-2015,85.4,3645.0,66.78,252.0,6.91,24.0,48.0,0.0
07-11-2015,85.4,3645.0,66.73,248.0,6.8,0.0,48.0,0.0
08-11-2015,85.4,3645.0,66.96,267.0,7.33,276.0,50.0,34.0
09-11-2015,85.4,3645.0,69.41,508.0,13.94,2839.0,50.0,188.0
10-11-2015,85.4,3645.0,71.72,791.0,21.7,3330.0,54.0,92.0
11-11-2015,85.4,3645.0,72.4,885.0,24.28,1159.0,71.0,5.0
12-11-2015,85.4,3645.0,73.23,1004.0,27.54,1448.0,71.0,44.0
13-11-2015,85.4,3645.0,74.75,1243.0,34.1,2837.0,71.0,75.0
14-11-2015,85.4,3645.0,76.95,1634.0,44.83,4589.0,74.0,26.0
15-11-2015,85.4,3645.0,78.15,1869.0,51.28,2784.0,64.0,3.0
16-11-2015,85.4,3645.0,81.8,2703.0,74.16,9717.0,64.0,282.0
17-11-2015,85.4,3645.0,83.7,3197.0,87.71,12031.0,18000.0,25.0
18-11-2015,85.4,3645.0,83.1,3040.0,83.4,4247.0,800.0,0.0
19-11-2015,85.4,3645.0,83.45,3132.0,85.93,1624.0,500.0,3.0
20-11-2015,85.4,3645.0,83.97,3268.0,89.66,3798.0,4000.0,55.0
21-11-2015,85.4,3645.0,83.7,3197.0,87.71,2178.0,2000.0,15.0
22-11-2015,85.4,3645.0,83.6,3172.0,87.02,1460.0,1500.0,22.0
23-11-2015,85.4,3645.0,83.8,3223.0,88.42,3649.0,4000.0,44.0
24-11-2015,85.4,3645.0,83.8,3223.0,88.42,5842.0,6000.0,109.0
25-11-2015,85.4,3645.0,83.68,3191.0,87.54,5629.0,5000.0,0.0
26-11-2015,85.4,3645.0,83.48,3140.0,86.15,2165.0,2500.0,0.0
27-11-2015,85.4,3645.0,83.4,3120.0,85.6,1100.0,1000.0,0.0
28-11-2015,85.4,3645.0,83.41,3125.0,85.73,610.0,500.0,0.0
29-11-2015,85.4,3645.0,83.45,3132.0,85.93,510.0,570.0,3.0
30-11-2015,85.4,3645.0,83.42,3126.0,85.76,500.0,600.0,17.0
01-12-2015,85.4,3645.0,83.48,3141.0,86.17,960.0,900.0,17.0
02-12-2015,85.4,3645.0,84.47,3396.0,93.17,26000.0,29000.0,475.0
03-12-2015,85.4,3645.0,83.3,3094.0,84.88,10200.0,11000.0,35.0
04-12-2015,85.4,3645.0,83.45,3132.0,85.93,4900.0,5000.0,12.0
05-12-2015,85.4,3645.0,83.35,3108.0,85.27,3493.0,3500.0,40.0
06-12-2015,85.4,3645.0,83.15,3053.0,83.76,2363.0,3000.0,14.0
07-12-2015,85.4,3645.0,83.08,3035.0,83.26,3167.0,4000.0,38.0
08-12-2015,85.4,3645.0,82.9,2986.0,81.92,200.0,178.0,0.0
09-12-2015,85.4,3645.0,82.96,3002.0,82.36,685.0,790.0,2.0
10-12-2015,85.4,3645.0,82.89,2984.0,81.87,896.0,900.0,4.0
11-12-2015,85.4,3645.0,82.9,2986.0,81.92,107.0,84.0,0.0
12-12-2015,85.4,3645.0,82.98,2991.0,82.06,147.0,89.0,0.0
13-12-2015,85.4,3645.0,83.05,3028.0,83.07,520.0,92.0,0.0
14-12-2015,85.4,3645.0,83.23,3075.0,84.36,647.0,93.0,0.0
15-12-2015,85.4,3645.0,83.41,3123.0,85.68,645.0,89.0,0.0
16-12-2015,85.4,3645.0,83.59,3169.0,86.94,617.0,85.0,0.0
17-12-2015,85.4,3645.0,83.77,3215.0,88.2,617.0,93.0,0.0
18-12-2015,85.4,3645.0,83.74,3208.0,88.01,433.0,101.0,0.0
19-12-2015,85.4,3645.0,83.74,3208.0,88.01,101.0,101.0,0.0
20-12-2015,85.4,3645.0,83.74,3208.0,88.01,101.0,101.0,0.0
21-12-2015,85.4,3645.0,83.74,3208.0,88.01,101.0,101.0,0.0
22-12-2015,85.4,3645.0,83.74,3208.0,88.01,101.0,101.0,0.0
23-12-2015,85.4,3645.0,83.74,3208.0,88.01,94.0,94.0,0.0
24-12-2015,85.4,3645.0,83.74,3208.0,88.01,64.0,64.0,0.0
25-12-2015,85.4,3645.0,83.74,3208.0,88.01,56.0,56.0,0.0
26-12-2015,85.4,3645.0,83.73,3205.0,87.93,40.0,56.0,0.0
27-12-2015,85.4,3645.0,83.71,3199.0,87.76,30.0,99.0,0.0
28-12-2015,85.4,3645.0,83.66,3187.0,87.43,0.0,100.0,0.0
29-12-2015,85.4,3645.0,83.63,3179.0,87.22,0.0,99.0,0.0
30-12-2015,85.4,3645.0,83.6,3171.0,87.0,0.0,92.0,0.0
31-12-2015,85.4,3645.0,83.56,3162.0,86.75,0.0,109.0,0.0
01-01-2016,85.4,3645.0,83.53,3153.0,86.5,0.0,115.0,0.0
02-01-2016,85.4,3645.0,83.49,3143.0,86.23,0.0,117.0,0.0
03-01-2016,85.4,3645.0,83.45,3133.0,85.95,0.0,117.0,0.0
04-01-2016,85.4,3645.0,83.41,3123.0,85.68,0.0,117.0,0.0
05-01-2016,85.4,3645.0,83.37,3113.0,85.4,0.0,117.0,0.0
06-01-2016,85.4,3645.0,83.34,3105.0,85.19,0.0,105.0,0.0
07-01-2016,85.4,3645.0,83.32,3099.0,85.02,0.0,87.0,0.0
08-01-2016,85.4,3645.0,83.29,3091.0,84.8,0.0,85.0,0.0
09-01-2016,85.4,3645.0,83.26,3083.0,84.58,0.0,72.0,0.0
10-01-2016,85.4,3645.0,83.23,3075.0,84.36,0.0,90.0,0.0
11-01-2016,85.4,3645.0,83.21,3069.0,84.2,0.0,90.0,0.0
12-01-2016,85.4,3645.0,83.18,3061.0,83.98,0.0,96.0,0.0
13-01-2016,85.4,3645.0,83.15,3053.0,83.76,0.0,99.0,0.0
14-01-2016,85.4,3645.0,83.12,3045.0,83.54,0.0,99.0,0.0
15-01-2016,85.4,3645.0,83.04,3025.0,82.99,0.0,115.0,0.0
16-01-2016,85.4,3645.0,83.04,3025.0,82.99,0.0,115.0,0.0
17-01-2016,85.4,3645.0,83.01,3015.0,82.72,0.0,115.0,0.0
18-01-2016,85.4,3645.0,82.97,3005.0,82.44,0.0,107.0,0.0
19-01-2016,85.4,3645.0,82.94,2996.0,82.19,0.0,107.0,0.0
20-01-2016,85.4,3645.0,82.9,2986.0,81.92,0.0,117.0,0.0
21-01-2016,85.4,3645.0,82.86,2976.0,81.65,0.0,117.0,0.0
22-01-2016,85.4,3645.0,82.82,2966.0,81.37,0.0,121.0,0.0
23-01-2016,85.4,3645.0,82.78,2955.0,81.07,0.0,121.0,3.0
24-01-2016,85.4,3645.0,82.74,2945.0,80.8,0.0,116.0,2.0
25-01-2016,85.4,3645.0,82.74,2945.0,80.8,113.0,113.0,0.0
26-01-2016,85.4,3645.0,82.7,2935.0,80.52,0.0,117.0,0.0
27-01-2016,85.4,3645.0,82.7,2935.0,80.52,117.0,117.0,0.0
28-01-2016,85.4,3645.0,82.72,2939.0,80.63,162.0,121.0,0.0
29-01-2016,85.4,3645.0,82.74,2944.0,80.77,174.0,117.0,0.0
30-01-2016,85.4,3645.0,82.82,2965.0,81.34,360.0,117.0,0.0
31-01-2016,85.4,3645.0,82.89,2983.0,81.84,329.0,121.0,0.0
01-02-2016,85.4,3645.0,83.02,3018.0,82.8,526.0,121.0,0.0
02-02-2016,85.4,3645.0,83.11,3042.0,83.46,398.0,121.0,0.0
03-02-2016,85.4,3645.0,83.18,3061.0,83.98,340.0,121.0,0.0
04-02-2016,85.4,3645.0,83.24,3077.0,84.42,306.0,121.0,0.0
05-02-2016,85.4,3645.0,83.31,3096.0,84.94,340.0,121.0,0.0
06-02-2016,85.4,3645.0,83.38,3115.0,85.46,340.0,121.0,0.0
07-02-2016,85.4,3645.0,83.46,3135.0,86.01,352.0,121.0,0.0
08-02-2016,85.4,3645.0,83.53,3154.0,86.53,338.0,119.0,0.0
09-02-2016,85.4,3645.0,83.55,3158.0,86.64,161.0,115.0,0.0
10-02-2016,85.4,3645.0,83.51,3148.0,86.36,0.0,117.0,0.0
11-02-2016,85.4,3645.0,83.47,3138.0,86.09,0.0,117.0,0.0
12-02-2016,85.4,3645.0,83.43,3127.0,85.79,0.0,117.0,0.0
13-02-2016,85.4,3645.0,83.37,3112.0,85.38,0.0,173.0,0.0
15-02-2016,85.4,3645.0,83.25,3080.0,84.5,0.0,173.0,0.0
16-02-2016,85.4,3645.0,83.19,3064.0,84.06,0.0,187.0,0.0
17-02-2016,85.4,3645.0,83.14,3050.0,83.68,0.0,162.0,0.0
18-02-2016,85.4,3645.0,83.09,3037.0,83.32,0.0,150.0,0.0
19-02-2016,85.4,3645.0,83.04,3024.0,82.96,0.0,150.0,0.0
20-02-2016,85.4,3645.0,83.0,3011.0,82.61,0.0,150.0,0.0
21-02-2016,85.4,3645.0,82.95,2998.0,82.25,0.0,150.0,0.0
22-02-2016,85.4,3645.0,82.9,2986.0,81.92,0.0,135.0,0.0
23-02-2016,85.4,3645.0,82.84,2970.0,81.48,0.0,185.0,0.0
24-02-2016,85.4,3645.0,82.79,2956.0,81.1,0.0,162.0,0.0
25-02-2016,85.4,3645.0,82.73,2941.0,80.69,0.0,173.0,0.0
26-02-2016,85.4,3645.0,82.67,2926.0,80.27,0.0,173.0,0.0
27-02-2016,85.4,3645.0,82.61,2910.0,79.84,0.0,185.0,0.0
28-02-2016,85.4,3645.0,82.54,2892.0,79.34,0.0,208.0,0.0
29-02-2016,85.4,3645.0,82.48,2874.0,78.85,0.0,208.0,0.0
01-03-2016,85.4,3645.0,82.4,2855.0,78.33,0.0,219.0,0.0
02-03-2016,85.4,3645.0,82.34,2840.0,77.91,0.0,173.0,0.0
03-03-2016,85.4,3645.0,82.28,2825.0,77.5,0.0,174.0,0.0
04-03-2016,85.4,3645.0,82.22,2810.0,77.09,0.0,174.0,0.0
05-03-2016,85.4,3645.0,82.17,2795.0,76.68,0.0,174.0,0.0
06-03-2016,85.4,3645.0,82.11,2780.0,76.27,0.0,174.0,0.0
07-03-2016,85.4,3645.0,82.05,2765.0,75.86,0.0,174.0,0.0
08-03-2016,85.4,3645.0,81.99,2750.0,75.45,0.0,174.0,0.0
09-03-2016,85.4,3645.0,81.93,2735.0,75.03,0.0,174.0,0.0
10-03-2016,85.4,3645.0,81.87,2720.0,74.62,0.0,174.0,0.0
11-03-2016,85.4,3645.0,81.81,2705.0,74.21,0.0,174.0,0.0
12-03-2016,85.4,3645.0,81.75,2690.0,73.8,0.0,174.0,0.0
13-03-2016,85.4,3645.0,81.69,2675.0,73.39,0.0,174.0,0.0
14-03-2016,85.4,3645.0,81.63,2660.0,72.98,0.0,174.0,0.0
15-03-2016,85.4,3645.0,81.57,2645.0,72.57,0.0,174.0,0.0
16-03-2016,85.4,3645.0,81.51,2630.0,72.15,0.0,174.0,0.0
17-03-2016,85.4,3645.0,81.45,2615.0,71.74,0.0,174.0,0.0
18-03-2016,85.4,3645.0,81.39,2600.0,71.33,0.0,173.0,0.0
19-03-2016,85.4,3645.0,81.32,2584.0,70.89,0.0,184.0,0.0
20-03-2016,85.4,3645.0,81.2,2568.0,70.45,0.0,184.0,0.0
21-03-2016,85.4,3645.0,81.19,2552.0,70.01,0.0,184.0,0.0
22-03-2016,85.4,3645.0,81.13,2536.0,69.57,0.0,184.0,0.0
23-03-2016,85.4,3645.0,81.06,2520.0,69.14,0.0,184.0,0.0
24-03-2016,85.4,3645.0,81.0,2505.0,68.72,0.0,176.0,0.0
26-03-2016,85.4,3645.0,80.87,2474.0,67.87,0.0,185.0,0.0
27-03-2016,85.4,3645.0,80.8,2458.0,67.43,0.0,185.0,0.0
28-03-2016,85.4,3645.0,80.74,2442.0,67.0,0.0,185.0,0.0
29-03-2016,85.4,3645.0,80.67,2426.0,66.56,0.0,185.0,0.0
30-03-2016,85.4,3645.0,80.6,2410.0,66.12,0.0,185.0,0.0
31-03-2016,85.4,3645.0,80.53,2394.0,65.68,0.0,185.0,0.0
01-04-2016,85.4,3645.0,80.46,2378.0,65.24,0.0,185.0,0.0
02-04-2016,85.4,3645.0,80.4,2362.0,64.8,0.0,185.0,0.0
03-04-2016,85.4,3645.0,80.33,2346.0,64.36,0.0,185.0,0.0
04-04-2016,85.4,3645.0,80.26,2330.0,63.92,0.0,185.0,0.0
05-04-2016,85.4,3645.0,80.19,2314.0,63.48,0.0,185.0,0.0
06-04-2016,85.4,3645.0,80.17,2298.0,63.05,0.0,185.0,0.0
07-04-2016,85.4,3645.0,80.05,2282.0,62.61,0.0,185.0,0.0
08-04-2016,85.4,3645.0,79.98,2266.0,62.17,0.0,185.0,0.0
09-04-2016,85.4,3645.0,79.91,2250.0,61.73,0.0,185.0,0.0
10-04-2016,85.4,3645.0,79.84,2234.0,61.29,0.0,185.0,0.0
11-04-2016,85.4,3645.0,79.77,2218.0,60.85,0.0,185.0,0.0
12-04-2016,85.4,3645.0,79.7,2202.0,60.41,0.0,185.0,0.0
13-04-2016,85.4,3645.0,79.63,2186.0,59.97,0.0,185.0,0.0
15-04-2016,85.4,3645.0,79.49,2154.0,59.09,0.0,185.0,0.0
16-04-2016,85.4,3645.0,79.42,2138.0,58.66,0.0,185.0,0.0
18-04-2016,85.4,3645.0,79.27,2106.0,57.78,0.0,185.0,0.0
20-04-2016,85.4,3645.0,79.37,2128.0,58.38,416.0,185.0,0.0
21-04-2016,85.4,3645.0,79.45,2145.0,58.85,381.0,185.0,0.0
22-04-2016,85.4,3645.0,79.47,2150.0,58.98,242.0,185.0,0.0
24-04-2016,85.4,3645.0,79.64,2189.0,60.05,405.0,185.0,0.0
25-04-2016,85.4,3645.0,79.73,2208.0,60.58,405.0,185.0,0.0
26-04-2016,85.4,3645.0,79.73,2208.0,60.58,185.0,185.0,0.0
27-04-2016,85.4,3645.0,79.81,2227.0,61.1,404.0,185.0,0.0
28-04-2016,85.4,3645.0,79.9,2247.0,61.65,416.0,185.0,0.0
29-04-2016,85.4,3645.0,79.98,2266.0,62.17,405.0,185.0,0.0
30-04-2016,85.4,3645.0,80.07,2286.0,62.72,416.0,185.0,0.0
01-05-2016,85.4,3645.0,80.16,2307.0,63.29,428.0,185.0,0.0
02-05-2016,85.4,3645.0,80.25,2328.0,63.87,428.0,185.0,0.0
03-05-2016,85.4,3645.0,80.34,2348.0,64.42,416.0,185.0,0.0
04-05-2016,85.4,3645.0,80.42,2368.0,64.97,416.0,185.0,0.0
05-05-2016,85.4,3645.0,80.51,2388.0,65.51,416.0,185.0,0.0
06-05-2016,85.4,3645.0,80.59,2407.0,66.04,405.0,185.0,0.0
07-05-2016,85.4,3645.0,80.67,2426.0,66.56,405.0,185.0,0.0
08-05-2016,85.4,3645.0,80.75,2445.0,67.08,405.0,185.0,0.0
09-05-2016,85.4,3645.0,80.68,2429.0,66.64,0.0,185.0,0.0
10-05-2016,85.4,3645.0,80.61,2413.0,66.2,0.0,185.0,0.0
11-05-2016,85.4,3645.0,80.55,2398.0,65.79,0.0,174.0,0.0
12-05-2016,85.4,3645.0,80.49,2384.0,65.4,0.0,160.0,0.0
13-05-2016,85.4,3645.0,80.43,2370.0,65.02,0.0,160.0,0.0
14-05-2016,85.4,3645.0,80.37,2356.0,64.64,0.0,160.0,0.0
15-05-2016,85.4,3645.0,80.37,2356.0,64.64,0.0,160.0,0.0
16-05-2016,85.4,3645.0,80.25,2328.0,63.87,0.0,160.0,0.0
17-05-2016,85.4,3645.0,80.45,2374.0,65.13,692.0,160.0,120.0
18-05-2016,85.4,3645.0,80.83,2464.0,67.6,1190.0,160.0,122.0
19-05-2016,85.4,3645.0,80.95,2493.0,68.4,485.0,150.0,39.0
20-05-2016,85.4,3645.0,80.91,2483.0,68.12,35.0,150.0,0.0
21-05-2016,85.4,3645.0,80.85,2470.0,67.76,0.0,150.0,0.0
22-05-2016,85.4,3645.0,80.8,2457.0,67.41,0.0,150.0,0.0
23-05-2016,85.4,3645.0,80.74,2443.0,67.02,0.0,150.0,0.0
24-05-2016,85.4,3645.0,80.68,2430.0,66.67,0.0,150.0,0.0
25-05-2016,85.4,3645.0,80.63,2417.0,66.31,0.0,150.0,0.0
26-05-2016,85.4,3645.0,80.57,2404.0,65.95,0.0,150.0,0.0
27-05-2016,85.4,3645.0,80.52,2391.0,65.6,0.0,150.0,0.0
28-05-2016,85.4,3645.0,80.45,2375.0,65.16,0.0,185.0,0.0
29-05-2016,85.4,3645.0,80.38,2358.0,64.69,0.0,185.0,0.0
30-05-2016,85.4,3645.0,80.31,2342.0,64.25,0.0,185.0,0.0
31-05-2016,85.4,3645.0,80.24,2326.0,63.81,0.0,185.0,0.0
01-06-2016,85.4,3645.0,80.17,2310.0,63.37,0.0,185.0,0.0
02-06-2016,85.4,3645.0,80.1,2294.0,62.94,0.0,185.0,0.0
03-06-2016,85.4,3645.0,80.03,2278.0,62.5,0.0,185.0,0.0
04-06-2016,85.4,3645.0,79.97,2262.0,62.06,0.0,185.0,0.0
05-06-2016,85.4,3645.0,79.9,2246.0,61.62,0.0,185.0,0.0
06-06-2016,85.4,3645.0,79.83,2230.0,61.18,0.0,185.0,0.0
07-06-2016,85.4,3645.0,79.75,2214.0,60.74,0.0,183.0,45.0
08-06-2016,85.4,3645.0,79.85,2236.0,61.34,435.0,183.0,12.0
09-06-2016,85.4,3645.0,79.9,2247.0,61.65,312.0,185.0,19.0
10-06-2016,85.4,3645.0,79.85,2236.0,61.34,55.0,185.0,0.0
11-06-2016,85.4,3645.0,79.78,2220.0,60.91,0.0,185.0,0.0
12-06-2016,85.4,3645.0,79.71,2204.0,60.47,0.0,185.0,0.0
13-06-2016,85.4,3645.0,79.64,2188.0,60.03,0.0,185.0,0.0
14-06-2016,85.4,3645.0,79.57,2172.0,59.59,0.0,185.0,0.0
15-06-2016,85.4,3645.0,79.5,2156.0,59.15,0.0,185.0,0.0
16-06-2016,85.4,3645.0,79.42,2140.0,58.71,0.0,185.0,0.0
17-06-2016,85.4,3645.0,79.35,2124.0,58.27,0.0,185.0,0.0
18-06-2016,85.4,3645.0,79.28,2108.0,57.83,0.0,185.0,0.0
19-06-2016,85.4,3645.0,79.21,2092.0,57.39,0.0,185.0,0.0
20-06-2016,85.4,3645.0,79.13,2076.0,56.95,0.0,185.0,10.0
21-06-2016,85.4,3645.0,79.06,2060.0,56.52,0.0,185.0,0.0
22-06-2016,85.4,3645.0,78.99,2044.0,56.08,0.0,185.0,5.0
23-06-2016,85.4,3645.0,78.91,2028.0,55.64,0.0,185.0,0.0
24-06-2016,85.4,3645.0,78.84,2012.0,55.2,0.0,185.0,0.0
25-06-2016,85.4,3645.0,78.76,1996.0,54.76,0.0,185.0,0.0
26-06-2016,85.4,3645.0,78.76,1996.0,54.76,185.0,185.0,10.0
27-06-2016,85.4,3645.0,78.76,1996.0,54.76,185.0,185.0,10.0
28-06-2016,85.4,3645.0,78.69,1980.0,54.32,0.0,185.0,0.0
29-06-2016,85.4,3645.0,78.79,2002.0,54.92,440.0,185.0,25.0
30-06-2016,85.4,3645.0,78.75,1993.0,54.68,81.0,185.0,5.0
01-07-2016,85.4,3645.0,78.67,1977.0,54.24,0.0,185.0,0.0
02-07-2016,85.4,3645.0,78.6,1961.0,53.8,0.0,185.0,0.0
03-07-2016,85.4,3645.0,78.52,1945.0,53.36,0.0,182.0,0.0
04-07-2016,85.4,3645.0,78.44,1929.0,52.92,0.0,185.0,0.0
05-07-2016,85.4,3645.0,78.38,1915.0,52.54,0.0,162.0,0.0
06-07-2016,85.4,3645.0,78.31,1901.0,52.15,0.0,160.0,0.0
07-07-2016,85.4,3645.0,78.31,1901.0,52.15,160.0,160.0,15.0
08-07-2016,85.4,3645.0,78.28,1895.0,51.99,160.0,142.0,5.0
09-07-2016,85.4,3645.0,78.22,1882.0,51.63,160.0,156.0,5.0
10-07-2016,85.4,3645.0,78.15,1869.0,51.28,0.0,156.0,5.0
11-07-2016,85.4,3645.0,78.09,1856.0,50.92,0.0,156.0,0.0
12-07-2016,85.4,3645.0,78.02,1843.0,50.56,0.0,156.0,0.0
13-07-2016,85.4,3645.0,77.96,1830.0,50.21,0.0,156.0,0.0
14-07-2016,85.4,3645.0,77.7,1817.0,49.85,0.0,156.0,0.0
15-07-2016,85.4,3645.0,77.83,1804.0,49.49,0.0,156.0,0.0
16-07-2016,85.4,3645.0,77.76,1791.0,49.14,0.0,156.0,0.0
17-07-2016,85.4,3645.0,77.7,1778.0,48.78,0.0,156.0,0.0
18-07-2016,85.4,3645.0,77.63,1765.0,48.42,0.0,156.0,0.0
19-07-2016,85.4,3645.0,77.54,1752.0,48.07,0.0,156.0,10.0
20-07-2016,85.4,3645.0,77.5,1739.0,47.71,0.0,156.0,3.0
21-07-2016,85.4,3645.0,77.43,1726.0,47.35,0.0,153.0,0.0
22-07-2016,85.4,3645.0,77.36,1711.0,46.94,0.0,172.0,0.0
23-07-2016,85.4,3645.0,77.28,1696.0,46.53,0.0,172.0,0.0
24-07-2016,85.4,3645.0,77.2,1681.0,46.12,0.0,172.0,0.0
25-07-2016,85.4,3645.0,77.12,1666.0,45.71,0.0,172.0,0.0
26-07-2016,85.4,3645.0,77.04,1651.0,45.29,0.0,172.0,0.0
27-07-2016,85.4,3645.0,76.96,1636.0,44.88,0.0,172.0,0.0
28-07-2016,85.4,3645.0,76.88,1621.0,44.47,0.0,172.0,0.0
29-07-2016,85.4,3645.0,76.8,1606.0,44.06,0.0,172.0,2.0
30-07-2016,85.4,3645.0,76.72,1591.0,43.65,0.0,172.0,0.0
31-07-2016,85.4,3645.0,76.64,1576.0,43.24,0.0,172.0,0.0
01-08-2016,85.4,3645.0,76.56,1561.0,42.83,0.0,172.0,0.0
02-08-2016,85.4,3645.0,76.48,1546.0,42.41,0.0,172.0,0.0
03-08-2016,85.4,3645.0,76.4,1531.0,42.0,0.0,172.0,0.0
04-08-2016,85.4,3645.0,76.32,1516.0,41.59,0.0,172.0,0.0
05-08-2016,85.4,3645.0,76.23,1501.0,41.18,0.0,172.0,0.0
06-08-2016,85.4,3645.0,76.15,1486.0,40.77,0.0,172.0,0.0
07-08-2016,85.4,3645.0,76.07,1471.0,40.36,0.0,172.0,0.0
08-08-2016,85.4,3645.0,75.99,1456.0,39.95,0.0,172.0,0.0
09-08-2016,85.4,3645.0,75.9,1441.0,39.53,0.0,172.0,0.0
10-08-2016,85.4,3645.0,75.82,1426.0,39.12,0.0,172.0,0.0
11-08-2016,85.4,3645.0,75.83,1428.0,39.18,195.0,172.0,6.0
12-08-2016,85.4,3645.0,75.76,1416.0,38.85,35.0,172.0,0.0
13-08-2016,85.4,3645.0,75.67,1401.0,38.44,0.0,172.0,0.0
14-08-2016,85.4,3645.0,75.59,1386.0,38.02,0.0,172.0,4.0
15-08-2016,85.4,3645.0,75.5,1371.0,37.61,0.0,172.0,0.0
16-08-2016,85.4,3645.0,75.42,1356.0,37.2,0.0,172.0,0.0
17-08-2016,85.4,3645.0,75.33,1341.0,36.79,0.0,172.0,0.0
18-08-2016,85.4,3645.0,75.24,1326.0,36.38,0.0,172.0,0.0
19-08-2016,85.4,3645.0,75.16,1311.0,35.97,0.0,172.0,0.0
20-08-2016,85.4,3645.0,75.07,1296.0,35.56,0.0,172.0,0.0
21-08-2016,85.4,3645.0,74.98,1281.0,35.14,0.0,172.0,0.0
22-08-2016,85.4,3645.0,74.89,1266.0,34.73,0.0,172.0,0.0
23-08-2016,85.4,3645.0,74.8,1251.0,34.32,0.0,172.0,0.0
24-08-2016,85.4,3645.0,74.71,1236.0,33.91,0.0,172.0,0.0
25-08-2016,85.4,3645.0,74.62,1221.0,33.5,0.0,172.0,0.0
26-08-2016,85.4,3645.0,74.53,1206.0,33.09,0.0,172.0,0.0
27-08-2016,85.4,3645.0,74.44,1191.0,32.67,0.0,172.0,1.0
28-08-2016,85.4,3645.0,74.34,1176.0,32.26,0.0,172.0,0.0
29-08-2016,85.4,3645.0,74.25,1161.0,31.85,0.0,172.0,0.0
30-08-2016,85.4,3645.0,74.2,1153.0,31.63,81.0,172.0,10.0
31-08-2016,85.4,3645.0,74.2,1153.0,31.63,172.0,172.0,31.0
01-09-2016,85.4,3645.0,74.15,1145.0,31.41,81.0,172.0,0.0
02-09-2016,85.4,3645.0,74.24,1159.0,31.8,334.0,172.0,40.0
03-09-2016,85.4,3645.0,74.2,1153.0,31.63,104.0,172.0,0.0
04-09-2016,85.4,3645.0,74.2,1153.0,31.63,172.0,172.0,34.0
05-09-2016,85.4,3645.0,74.13,1142.0,31.33,46.0,172.0,0.0
06-09-2016,85.4,3645.0,74.03,1127.0,30.92,0.0,172.0,0.0
07-09-2016,85.4,3645.0,74.94,1112.0,30.51,0.0,172.0,0.0
08-09-2016,85.4,3645.0,73.84,1097.0,30.1,0.0,172.0,0.0
09-09-2016,85.4,3645.0,73.74,1082.0,29.68,0.0,172.0,1.0
10-09-2016,85.4,3645.0,73.65,1067.0,29.27,0.0,172.0,6.0
11-09-2016,85.4,3645.0,70.75,1083.0,29.71,0.0,151.0,53.0
12-09-2016,85.4,3645.0,73.76,1084.0,29.74,0.0,151.0,0.0
13-09-2016,85.4,3645.0,73.67,1071.0,29.38,0.0,151.0,0.0
14-09-2016,85.4,3645.0,73.59,1058.0,29.03,0.0,151.0,0.0
15-09-2016,85.4,3645.0,73.5,1045.0,28.67,0.0,151.0,0.0
16-09-2016,85.4,3645.0,73.5,1045.0,28.67,151.0,0.0,33.0
17-09-2016,85.4,3645.0,73.67,1070.0,29.36,440.0,0.0,57.0
18-09-2016,85.4,3645.0,73.69,1073.0,29.44,181.0,0.0,0.0
19-09-2016,85.4,3645.0,73.6,1060.0,29.08,0.0,0.0,0.0
20-09-2016,85.4,3645.0,73.52,1047.0,28.72,0.0,0.0,0.0
21-09-2016,85.4,3645.0,73.43,1034.0,28.37,0.0,0.0,6.0
22-09-2016,85.4,3645.0,73.34,1021.0,28.01,0.0,0.0,0.0
23-09-2016,85.4,3645.0,73.26,1008.0,27.65,0.0,0.0,0.0
24-09-2016,85.4,3645.0,73.17,995.0,27.3,0.0,0.0,0.0
25-09-2016,85.4,3645.0,73.08,982.0,26.94,0.0,0.0,0.0
26-09-2016,85.4,3645.0,72.99,969.0,26.58,0.0,0.0,0.0
27-09-2016,85.4,3645.0,72.9,956.0,26.23,0.0,0.0,0.0
28-09-2016,85.4,3645.0,72.83,945.0,25.93,0.0,0.0,0.0
29-09-2016,85.4,3645.0,73.03,975.0,26.75,498.0,0.0,77.0
30-09-2016,85.4,3645.0,73.07,981.0,26.91,228.0,151.0,0.0
01-10-2016,85.4,3645.0,73.07,972.0,26.67,46.0,151.0,0.0
02-10-2016,85.4,3645.0,72.92,959.0,26.31,0.0,151.0,0.0
03-10-2016,85.4,3645.0,72.83,946.0,25.95,0.0,151.0,0.0
04-10-2016,85.4,3645.0,72.74,933.0,25.6,0.0,151.0,0.0
05-10-2016,85.4,3645.0,72.65,920.0,25.24,0.0,151.0,0.0
06-10-2016,85.4,3645.0,72.56,907.0,24.88,0.0,151.0,0.0
07-10-2016,85.4,3645.0,72.38,881.0,24.17,0.0,151.0,0.0
08-10-2016,85.4,3645.0,72.38,881.0,24.17,0.0,151.0,0.0
09-10-2016,85.4,3645.0,72.28,868.0,23.81,0.0,151.0,0.0
10-10-2016,85.4,3645.0,72.19,855.0,23.46,0.0,151.0,0.0
11-10-2016,85.4,3645.0,72.07,842.0,23.1,0.0,151.0,0.0
12-10-2016,85.4,3645.0,72.0,829.0,22.74,0.0,151.0,0.0
13-10-2016,85.4,3645.0,71.9,816.0,22.39,0.0,151.0,0.0
14-10-2016,85.4,3645.0,71.81,803.0,22.03,0.0,151.0,0.0
15-10-2016,85.4,3645.0,71.71,790.0,21.67,0.0,151.0,0.0
16-10-2016,85.4,3645.0,71.61,777.0,21.32,0.0,151.0,0.0
17-10-2016,85.4,3645.0,71.51,764.0,20.96,0.0,151.0,0.0
18-10-2016,85.4,3645.0,71.41,751.0,20.6,0.0,151.0,0.0
19-10-2016,85.4,3645.0,71.31,738.0,20.25,0.0,151.0,0.0
20-10-2016,85.4,3645.0,71.21,725.0,19.89,0.0,151.0,0.0
21-10-2016,85.4,3645.0,71.11,712.0,19.53,0.0,151.0,0.0
22-10-2016,85.4,3645.0,71.01,699.0,19.18,0.0,151.0,0.0
23-10-2016,85.4,3645.0,70.91,686.0,18.82,0.0,151.0,0.0
24-10-2016,85.4,3645.0,70.8,673.0,18.46,0.0,151.0,0.0
25-10-2016,85.4,3645.0,70.7,660.0,18.11,0.0,151.0,0.0
26-10-2016,85.4,3645.0,70.59,647.0,17.75,0.0,151.0,0.0
27-10-2016,85.4,3645.0,70.49,634.0,17.39,0.0,151.0,0.0
28-10-2016,85.4,3645.0,70.38,621.0,17.04,0.0,151.0,0.0
29-10-2016,85.4,3645.0,70.27,608.0,16.68,0.0,151.0,0.0
30-10-2016,85.4,3645.0,70.16,595.0,16.32,0.0,151.0,0.0
31-10-2016,85.4,3645.0,70.05,582.0,15.97,0.0,151.0,0.0
01-11-2016,85.4,3645.0,69.94,569.0,15.61,0.0,151.0,0.0
02-11-2016,85.4,3645.0,69.83,556.0,15.25,0.0,151.0,0.0
03-11-2016,85.4,3645.0,69.72,543.0,14.9,0.0,149.0,14.0
04-11-2016,85.4,3645.0,69.6,530.0,14.54,0.0,151.0,2.0
05-11-2016,85.4,3645.0,69.49,517.0,14.18,0.0,151.0,0.0
06-11-2016,85.4,3645.0,69.38,504.0,13.83,0.0,147.0,0.0
07-11-2016,85.4,3645.0,69.26,491.0,13.47,153.0,151.0,0.0
08-11-2016,85.4,3645.0,69.14,478.0,13.11,0.0,151.0,0.0
09-11-2016,85.4,3645.0,69.02,465.0,12.76,0.0,150.0,0.0
10-11-2016,85.4,3645.0,68.9,452.0,12.4,0.0,151.0,0.0
11-11-2016,85.4,3645.0,68.78,439.0,12.04,0.0,149.0,0.0
12-11-2016,85.4,3645.0,68.66,426.0,11.69,0.0,151.0,0.0
13-11-2016,85.4,3645.0,68.53,413.0,11.33,0.0,151.0,0.0
14-11-2016,85.4,3645.0,68.48,408.0,11.19,0.0,55.0,7.0
15-11-2016,85.4,3645.0,68.43,403.0,11.06,0.0,56.0,0.0
16-11-2016,85.4,3645.0,68.33,393.0,10.78,0.0,120.0,3.0
17-11-2016,85.4,3645.0,68.2,380.0,10.43,0.0,151.0,5.0
18-11-2016,85.4,3645.0,68.06,367.0,10.07,0.0,151.0,0.0
19-11-2016,85.4,3645.0,67.93,354.0,9.71,0.0,151.0,0.0
20-11-2016,85.4,3645.0,67.79,341.0,9.36,0.0,151.0,0.0
21-11-2016,85.4,3645.0,67.65,328.0,9.0,0.0,151.0,0.0
22-11-2016,85.4,3645.0,67.53,317.0,8.7,0.0,131.0,0.0
23-11-2016,85.4,3645.0,67.44,309.0,8.48,0.0,92.0,0.0
24-11-2016,85.4,3645.0,66.33,299.0,8.2,0.0,115.0,0.0
25-11-2016,85.4,3645.0,67.23,290.0,7.96,0.0,108.0,0.0
26-11-2016,85.4,3645.0,67.1,279.0,7.65,0.0,127.0,0.0
27-11-2016,85.4,3645.0,67.1,271.0,7.43,0.0,92.0,0.0
28-11-2016,85.4,3645.0,66.92,263.0,7.22,0.0,92.0,0.0
29-11-2016,85.4,3645.0,66.82,255.0,7.0,0.0,92.0,0.0
30-11-2016,85.4,3645.0,66.72,247.0,6.78,0.0,92.0,0.0
01-12-2016,85.4,3645.0,66.64,240.0,6.58,0.0,82.0,0.0
02-12-2016,85.4,3645.0,66.7,245.0,6.72,140.0,82.0,27.0
03-12-2016,85.4,3645.0,66.98,268.0,7.35,377.0,111.0,59.0
04-12-2016,85.4,3645.0,67.0,270.0,7.41,121.0,98.0,10.0
05-12-2016,85.4,3645.0,67.02,272.0,7.46,105.0,82.0,8.0
06-12-2016,85.4,3645.0,67.02,272.0,7.46,82.0,82.0,0.0
07-12-2016,85.4,3645.0,66.94,265.0,7.27,0.0,82.0,0.0
08-12-2016,85.4,3645.0,66.86,258.0,7.08,0.0,78.0,0.0
09-12-2016,85.4,3645.0,66.77,251.0,6.89,0.0,82.0,0.0
10-12-2016,85.4,3645.0,66.68,244.0,6.69,0.0,82.0,0.0
11-12-2016,85.4,3645.0,66.6,237.0,6.5,0.0,82.0,0.0
12-12-2016,85.4,3645.0,66.7,245.0,6.72,0.0,102.0,26.0
13-12-2016,85.4,3645.0,69.5,518.0,14.21,3291.0,132.0,214.0
14-12-2016,85.4,3645.0,70.6,648.0,17.78,1558.0,54.0,0.0
15-12-2016,85.4,3645.0,70.8,673.0,18.46,395.0,106.0,0.0
16-12-2016,85.4,3645.0,70.8,673.0,18.46,99.0,99.0,4.0
18-12-2016,85.4,3645.0,70.7,660.0,18.11,0.0,110.0,0.0
19-12-2016,85.4,3645.0,70.62,651.0,17.86,0.0,107.0,0.0
20-12-2016,85.4,3645.0,70.54,641.0,17.59,0.0,119.0,0.0
21-12-2016,85.4,3645.0,70.46,631.0,17.31,0.0,120.0,0.0
22-12-2016,85.4,3645.0,70.37,620.0,17.01,0.0,128.0,0.0
23-12-2016,85.4,3645.0,90.28,609.0,16.71,0.0,126.0,0.0
24-12-2016,85.4,3645.0,70.2,599.0,16.43,0.0,117.0,0.0
25-12-2016,85.4,3645.0,70.11,589.0,16.16,0.0,117.0,0.0
26-12-2016,85.4,3645.0,70.03,580.0,15.91,0.0,102.0,0.0
27-12-2016,85.4,3645.0,69.98,573.0,15.72,0.0,82.0,0.0
28-12-2016,85.4,3645.0,69.9,566.0,15.53,0.0,82.0,0.0
29-12-2016,85.4,3645.0,69.85,559.0,15.34,0.0,82.0,0.0
30-12-2016,85.4,3645.0,69.8,552.0,15.14,0.0,82.0,0.0
31-12-2016,85.4,3645.0,69.72,544.0,14.92,0.0,90.0,0.0
01-01-2017,85.4,3645.0,69.66,537.0,14.73,0.0,82.0,0.0
02-01-2017,85.4,3645.0,69.6,530.0,14.54,0.0,82.0,0.0
03-01-2017,85.4,3645.0,69.54,523.0,14.35,0.0,82.0,0.0
04-01-2017,85.4,3645.0,69.48,516.0,14.16,0.0,76.0,0.0
05-01-2017,85.4,3645.0,77.92,1822.0,49.99,0.0,55.0,0.0
06-01-2017,85.4,3645.0,69.36,503.0,13.8,0.0,72.0,0.0
07-01-2017,85.4,3645.0,69.31,497.0,13.64,0.0,72.0,0.0
08-01-2017,85.4,3645.0,69.26,491.0,13.47,0.0,72.0,0.0
09-01-2017,85.4,3645.0,69.2,485.0,13.31,0.0,72.0,0.0
10-01-2017,85.4,3645.0,69.15,479.0,13.14,0.0,72.0,0.0
11-01-2017,85.4,3645.0,69.07,471.0,12.92,0.0,91.0,0.0
12-01-2017,85.4,3645.0,69.02,465.0,12.76,0.0,72.0,0.0
13-01-2017,85.4,3645.0,68.96,459.0,12.59,0.0,74.0,0.0
14-01-2017,85.4,3645.0,68.9,452.0,12.4,0.0,84.0,0.0
15-01-2017,85.4,3645.0,68.84,446.0,12.24,0.0,72.0,0.0
16-01-2017,85.4,3645.0,68.78,440.0,12.07,0.0,72.0,0.0
17-01-2017,85.4,3645.0,68.73,434.0,11.91,0.0,72.0,0.0
18-01-2017,85.4,3645.0,68.66,427.0,11.71,0.0,76.0,0.0
19-01-2017,85.4,3645.0,68.6,421.0,11.55,0.0,72.0,0.0
20-01-2017,85.4,3645.0,68.54,415.0,11.39,0.0,74.0,0.0
21-01-2017,85.4,3645.0,68.48,408.0,11.19,0.0,78.0,0.0
22-01-2017,85.4,3645.0,68.41,401.0,11.0,0.0,69.0,0.0
23-01-2017,85.4,3645.0,68.34,394.0,10.81,0.0,78.0,0.0
24-01-2017,85.4,3645.0,68.26,387.0,10.62,0.0,82.0,0.0
25-01-2017,85.4,3645.0,68.2,381.0,10.45,0.0,74.0,0.0
26-01-2017,85.4,3645.0,68.14,375.0,10.29,0.0,74.0,0.0
27-01-2017,85.4,3645.0,68.05,369.0,10.12,0.0,74.0,2.0
28-01-2017,85.4,3645.0,68.02,363.0,9.96,0.0,74.0,0.0
29-01-2017,85.4,3645.0,67.96,357.0,9.79,0.0,74.0,0.0
30-01-2017,85.4,3645.0,67.9,351.0,9.63,0.0,74.0,0.0
31-01-2017,85.4,3645.0,67.84,345.0,9.47,0.0,74.0,0.0
01-02-2017,85.4,3645.0,67.77,339.0,9.3,0.0,74.0,0.0
02-02-2017,85.4,3645.0,67.7,333.0,9.14,0.0,72.0,0.0
03-02-2017,85.4,3645.0,67.62,326.0,8.94,0.0,80.0,0.0
06-02-2017,85.4,3645.0,67.43,308.0,8.45,0.0,72.0,0.0
07-02-2017,85.4,3645.0,67.36,302.0,8.29,0.0,74.0,0.0
08-02-2017,85.4,3645.0,67.3,296.0,8.12,0.0,74.0,0.0
09-02-2017,85.4,3645.0,67.23,290.0,7.96,0.0,76.0,0.0
10-02-2017,85.4,3645.0,67.15,283.0,7.76,80.0,80.0,0.0
11-02-2017,85.4,3645.0,67.07,276.0,7.57,0.0,80.0,0.0
12-02-2017,85.4,3645.0,66.99,269.0,7.38,0.0,80.0,0.0
13-02-2017,85.4,3645.0,66.92,263.0,7.22,0.0,74.0,0.0
14-02-2017,85.4,3645.0,66.83,256.0,7.02,0.0,82.0,0.0
15-02-2017,85.4,3645.0,66.73,248.0,6.8,0.0,92.0,0.0
16-02-2017,85.4,3645.0,66.63,240.0,6.58,0.0,93.0,0.0
17-02-2017,85.4,3645.0,66.55,232.0,6.36,0.0,97.0,0.0
19-02-2017,85.4,3645.0,66.35,217.0,5.95,0.0,97.0,0.0
20-02-2017,85.4,3645.0,66.23,208.0,5.71,0.0,101.0,0.0
21-02-2017,85.4,3645.0,66.11,199.0,5.46,0.0,101.0,0.0
22-02-2017,85.4,3645.0,66.03,193.0,5.29,0.0,75.0,0.0
23-02-2017,85.4,3645.0,65.93,186.0,5.1,0.0,80.0,0.0
24-02-2017,85.4,3645.0,65.84,179.0,4.91,0.0,80.0,0.0
25-02-2017,85.4,3645.0,65.75,173.0,4.75,0.0,70.0,0.0
27-02-2017,85.4,3645.0,65.58,161.0,4.42,0.0,76.0,0.0
28-02-2017,85.4,3645.0,65.5,155.0,4.25,0.0,76.0,0.0
01-03-2017,85.4,3645.0,65.6,162.0,4.44,155.0,74.0,0.0
02-03-2017,85.4,3645.0,65.81,177.0,4.86,245.0,72.0,0.0
03-03-2017,85.4,3645.0,66.0,191.0,5.24,236.0,74.0,0.0
04-03-2017,85.4,3645.0,66.2,206.0,5.65,247.0,74.0,0.0
05-03-2017,85.4,3645.0,66.38,220.0,6.04,236.0,74.0,0.0
06-03-2017,85.4,3645.0,66.56,234.0,6.42,236.0,74.0,0.0
07-03-2017,85.4,3645.0,66.73,248.0,6.8,236.0,74.0,0.0
08-03-2017,85.4,3645.0,66.9,262.0,7.19,236.0,74.0,0.0
09-03-2017,85.4,3645.0,67.08,277.0,7.6,247.0,74.0,0.0
10-03-2017,85.4,3645.0,67.28,295.0,8.09,282.0,74.0,0.0
11-03-2017,85.4,3645.0,67.49,313.0,8.59,282.0,74.0,0.0
12-03-2017,85.4,3645.0,67.68,331.0,9.08,282.0,89.0,0.0
13-03-2017,85.4,3645.0,67.88,350.0,9.6,282.0,74.0,0.0
14-03-2017,85.4,3645.0,68.07,368.0,10.1,0.0,74.0,0.0
15-03-2017,85.4,3645.0,68.25,386.0,10.59,282.0,74.0,0.0
16-03-2017,85.4,3645.0,68.44,404.0,11.08,282.0,74.0,0.0
17-03-2017,85.4,3645.0,68.61,422.0,11.58,282.0,74.0,0.0
18-03-2017,85.4,3645.0,68.79,440.0,12.07,282.0,74.0,0.0
19-03-2017,85.4,3645.0,68.95,458.0,12.57,282.0,74.0,0.0
20-03-2017,85.4,3645.0,69.12,476.0,13.06,282.0,74.0,0.0
21-03-2017,85.4,3645.0,69.28,494.0,13.55,282.0,74.0,0.0
22-03-2017,85.4,3645.0,69.45,512.0,14.05,284.0,76.0,0.0
23-03-2017,85.4,3645.0,69.45,512.0,14.05,68.0,68.0,0.0
24-03-2017,85.4,3645.0,69.4,506.0,13.88,0.0,67.0,0.0
25-03-2017,85.4,3645.0,69.35,501.0,13.74,0.0,62.0,0.0
26-03-2017,85.4,3645.0,69.29,495.0,13.58,0.0,66.0,0.0
27-03-2017,85.4,3645.0,69.25,490.0,13.44,0.0,59.0,0.0
28-03-2017,85.4,3645.0,69.2,485.0,13.31,0.0,62.0,0.0
29-03-2017,85.4,3645.0,69.16,480.0,13.17,0.0,61.0,0.0
30-03-2017,85.4,3645.0,69.11,475.0,13.03,0.0,62.0,0.0
31-03-2017,85.4,3645.0,69.05,469.0,12.87,0.0,64.0,0.0
01-04-2017,85.4,3645.0,69.0,463.0,12.7,0.0,71.0,0.0
02-04-2017,85.4,3645.0,68.95,457.0,12.54,0.0,66.0,0.0
03-04-2017,85.4,3645.0,68.89,451.0,12.37,0.0,65.0,0.0
04-04-2017,85.4,3645.0,68.84,446.0,12.24,0.0,61.0,0.0
05-04-2017,85.4,3645.0,68.79,441.0,12.1,0.0,60.0,0.0
06-04-2017,85.4,3645.0,68.74,436.0,11.96,0.0,58.0,0.0
07-04-2017,85.4,3645.0,68.7,431.0,11.82,0.0,62.0,0.0
08-04-2017,85.4,3645.0,68.65,426.0,11.69,0.0,58.0,0.0
09-04-2017,85.4,3645.0,68.59,420.0,11.52,0.0,72.0,0.0
10-04-2017,85.4,3645.0,68.54,415.0,11.39,0.0,60.0,0.0
11-04-2017,85.4,3645.0,68.48,408.0,11.19,0.0,76.0,0.0
12-04-2017,85.4,3645.0,68.43,403.0,11.06,0.0,62.0,0.0
13-04-2017,85.4,3645.0,68.37,397.0,10.89,0.0,68.0,0.0
14-04-2017,85.4,3645.0,68.32,392.0,10.75,0.0,59.0,0.0
15-04-2017,85.4,3645.0,68.27,387.0,10.62,0.0,54.0,0.0
16-04-2017,85.4,3645.0,68.2,381.0,10.45,0.0,66.0,0.0
17-04-2017,85.4,3645.0,68.14,375.0,10.29,0.0,71.0,0.0
18-04-2017,85.4,3645.0,68.07,368.0,10.1,0.0,76.0,0.0
19-04-2017,85.4,3645.0,67.99,360.0,9.88,0.0,91.0,0.0
20-04-2017,85.4,3645.0,67.93,354.0,9.71,0.0,74.0,0.0
21-04-2017,85.4,3645.0,67.87,348.0,9.55,0.0,74.0,0.0
22-04-2017,85.4,3645.0,67.8,342.0,9.38,0.0,74.0,0.0
23-04-2017,85.4,3645.0,67.74,336.0,9.22,0.0,74.0,0.0
24-04-2017,85.4,3645.0,67.67,330.0,9.05,0.0,66.0,0.0
25-04-2017,85.4,3645.0,67.62,325.0,8.92,0.0,62.0,0.0
26-04-2017,85.4,3645.0,67.56,320.0,8.78,0.0,62.0,0.0
27-04-2017,85.4,3645.0,67.51,315.0,8.64,0.0,60.0,0.0
28-04-2017,85.4,3645.0,67.45,310.0,8.5,0.0,59.0,0.0
29-04-2017,85.4,3645.0,67.38,303.0,8.31,0.0,79.0,0.0
30-04-2017,85.4,3645.0,67.28,295.0,8.09,0.0,91.0,0.0
01-05-2017,85.4,3645.0,67.19,287.0,7.87,0.0,91.0,0.0
02-05-2017,85.4,3645.0,67.11,280.0,7.68,0.0,82.0,0.0
03-05-2017,85.4,3645.0,67.03,273.0,7.49,0.0,82.0,0.0
04-05-2017,85.4,3645.0,66.95,266.0,7.3,0.0,80.0,0.0
05-05-2017,85.4,3645.0,66.87,259.0,7.11,0.0,79.0,0.0
06-05-2017,85.4,3645.0,66.78,252.0,6.91,0.0,83.0,0.0
07-05-2017,85.4,3645.0,66.71,246.0,6.75,0.0,72.0,0.0
08-05-2017,85.4,3645.0,66.63,240.0,6.58,0.0,74.0,0.0
09-05-2017,85.4,3645.0,66.54,232.0,6.36,0.0,95.0,0.0
10-05-2017,85.4,3645.0,66.45,225.0,6.17,0.0,84.0,0.0
11-05-2017,85.4,3645.0,66.37,219.0,6.01,0.0,73.0,0.0
12-05-2017,85.4,3645.0,66.29,213.0,5.84,0.0,68.0,0.0
13-05-2017,85.4,3645.0,66.21,207.0,5.68,0.0,64.0,0.0
14-05-2017,85.4,3645.0,66.12,200.0,5.49,0.0,79.0,0.0
15-05-2017,85.4,3645.0,66.04,194.0,5.32,0.0,72.0,0.0
16-05-2017,85.4,3645.0,65.96,188.0,5.16,0.0,66.0,0.0
17-05-2017,85.4,3645.0,65.89,183.0,5.02,0.0,62.0,0.0
18-05-2017,85.4,3645.0,65.8,177.0,4.86,0.0,64.0,0.0
19-05-2017,85.4,3645.0,65.72,171.0,4.69,0.0,72.0,0.0
20-05-2017,85.4,3645.0,65.63,165.0,4.53,0.0,66.0,0.0
21-05-2017,85.4,3645.0,65.55,159.0,4.36,0.0,74.0,0.0
22-05-2017,85.4,3645.0,65.43,151.0,4.14,0.0,89.0,0.0
23-05-2017,85.4,3645.0,65.31,143.0,3.92,0.0,89.0,0.0
24-05-2017,85.4,3645.0,65.21,136.0,3.73,0.0,75.0,0.0
25-05-2017,85.4,3645.0,65.11,130.0,3.57,0.0,70.0,0.0
26-05-2017,85.4,3645.0,65.02,124.0,3.4,0.0,71.0,0.0
27-05-2017,85.4,3645.0,64.95,119.0,3.26,0.0,58.0,0.0
28-05-2017,85.4,3645.0,64.87,114.0,3.13,0.0,56.0,0.0
29-05-2017,85.4,3645.0,64.78,109.0,2.99,0.0,56.0,0.0
30-05-2017,85.4,3645.0,64.7,104.0,2.85,0.0,56.0,0.0
31-05-2017,85.4,3645.0,64.62,99.0,2.72,0.0,59.0,0.0
01-06-2017,85.4,3645.0,64.52,93.0,2.55,0.0,65.0,0.0
02-06-2017,85.4,3645.0,64.43,88.0,2.41,0.0,55.0,0.0
03-06-2017,85.4,3645.0,64.35,83.0,2.28,0.0,57.0,0.0
04-06-2017,85.4,3645.0,64.27,79.0,2.17,0.0,48.0,0.0
05-06-2017,85.4,3645.0,64.2,75.0,2.06,0.0,51.0,0.0
06-06-2017,85.4,3645.0,64.13,71.0,1.95,0.0,51.0,0.0
07-06-2017,85.4,3645.0,64.06,67.0,1.84,0.0,46.0,13.0
08-06-2017,85.4,3645.0,63.99,63.0,1.73,0.0,45.0,0.0
09-06-2017,85.4,3645.0,63.91,59.0,1.62,0.0,50.0,0.0
10-06-2017,85.4,3645.0,63.83,55.0,1.51,0.0,42.0,0.0
11-06-2017,85.4,3645.0,63.77,52.0,1.43,0.0,39.0,0.0
12-06-2017,85.4,3645.0,63.72,49.0,1.34,0.0,36.0,0.0
13-06-2017,85.4,3645.0,63.66,46.0,1.26,0.0,34.0,0.0
14-06-2017,85.4,3645.0,63.62,44.0,1.21,0.0,22.0,0.0
15-06-2017,85.4,3645.0,63.56,41.0,1.12,0.0,34.0,2.0
16-06-2017,85.4,3645.0,63.52,39.0,1.07,0.0,24.0,0.0
17-06-2017,85.4,3645.0,63.5,38.0,1.04,0.0,14.0,2.0
18-06-2017,85.4,3645.0,63.48,37.0,1.02,0.0,14.0,0.0
19-06-2017,85.4,3645.0,63.46,36.0,0.99,0.0,14.0,0.0
20-06-2017,85.4,3645.0,63.8,53.0,1.45,217.0,9.0,36.4
21-06-2017,85.4,3645.0,63.8,53.0,1.45,0.0,9.0,0.0
22-06-2017,85.4,3645.0,63.78,52.0,1.43,0.0,10.0,0.0
23-06-2017,85.4,3645.0,63.76,51.0,1.4,0.0,10.0,0.0
24-06-2017,85.4,3645.0,63.83,55.0,1.51,56.0,10.0,35.0
25-06-2017,85.4,3645.0,63.83,55.0,1.51,10.0,10.0,5.0
26-06-2017,85.4,3645.0,63.81,54.0,1.48,0.0,10.0,0.0
27-06-2017,85.4,3645.0,63.79,53.0,1.45,0.0,10.0,0.0
28-06-2017,85.4,3645.0,63.77,52.0,1.43,0.0,10.0,0.0
29-06-2017,85.4,3645.0,63.75,51.0,1.4,0.0,10.0,0.0
30-06-2017,85.4,3645.0,63.23,50.0,1.37,0.0,10.0,0.0
01-07-2017,85.4,3645.0,63.71,49.0,1.34,0.0,10.0,0.0
02-07-2017,85.4,3645.0,63.69,48.0,1.32,0.0,10.0,0.0
03-07-2017,85.4,3645.0,63.67,47.0,1.29,0.0,10.0,0.0
04-07-2017,85.4,3645.0,63.65,46.0,1.26,0.0,10.0,12.0
05-07-2017,85.4,3645.0,63.63,45.0,1.23,0.0,10.0,0.0
06-07-2017,85.4,3645.0,63.61,44.0,1.21,0.0,10.0,0.0
07-07-2017,85.4,3645.0,63.7,48.0,1.32,56.0,10.0,31.0
08-07-2017,85.4,3645.0,63.7,48.0,1.32,10.0,10.0,0.0
09-07-2017,85.4,3645.0,63.68,47.0,1.29,0.0,10.0,0.0
10-07-2017,85.4,3645.0,63.85,56.0,1.54,114.0,10.0,62.0
11-07-2017,85.4,3645.0,63.87,57.0,1.56,21.0,10.0,0.0
12-07-2017,85.4,3645.0,64.25,78.0,2.14,253.0,10.0,90.0
13-07-2017,85.4,3645.0,64.4,86.0,2.36,102.0,10.0,0.0
14-07-2017,85.4,3645.0,64.45,89.0,2.44,45.0,10.0,0.0
15-07-2017,85.4,3645.0,64.45,89.0,2.44,10.0,10.0,0.0
16-07-2017,85.4,3645.0,64.43,88.0,2.41,0.0,10.0,0.0
17-07-2017,85.4,3645.0,64.41,87.0,2.39,0.0,10.0,0.0
18-07-2017,85.4,3645.0,64.39,86.0,2.36,0.0,10.0,0.0
19-07-2017,85.4,3645.0,64.38,85.0,2.33,0.0,10.0,0.0
20-07-2017,85.4,3645.0,64.41,87.0,2.39,33.0,10.0,5.0
21-07-2017,85.4,3645.0,64.39,86.0,2.36,0.0,10.0,0.0
22-07-2017,85.4,3645.0,64.39,86.0,2.36,0.0,10.0,0.0
23-07-2017,85.4,3645.0,64.36,84.0,2.3,0.0,10.0,0.0
24-07-2017,85.4,3645.0,64.34,83.0,2.28,0.0,10.0,0.0
25-07-2017,85.4,3645.0,64.32,82.0,2.25,0.0,10.0,0.0
26-07-2017,85.4,3645.0,64.3,81.0,2.22,0.0,10.0,0.0
27-07-2017,85.4,3645.0,64.39,86.0,2.36,68.0,10.0,31.0
28-07-2017,85.4,3645.0,64.38,85.0,2.33,0.0,10.0,0.0
29-07-2017,85.4,3645.0,64.41,87.0,2.39,42.0,19.0,11.0
30-07-2017,85.4,3645.0,64.41,87.0,2.39,17.0,17.0,5.0
31-07-2017,85.4,3645.0,64.38,85.0,2.33,0.0,19.0,0.0
01-08-2017,85.4,3645.0,64.34,83.0,2.28,0.0,17.0,0.0
02-08-2017,85.4,3645.0,64.38,85.0,2.33,42.0,19.0,12.0
03-08-2017,85.4,3645.0,64.34,83.0,2.28,0.0,19.0,2.0
04-08-2017,85.4,3645.0,64.3,81.0,2.22,0.0,19.0,0.0
05-08-2017,85.4,3645.0,64.27,79.0,2.17,0.0,19.0,0.0
06-08-2017,85.4,3645.0,64.24,77.0,2.11,0.0,20.0,0.0
07-08-2017,85.4,3645.0,64.2,75.0,2.06,0.0,23.0,0.0
08-08-2017,85.4,3645.0,64.2,75.0,2.06,21.0,21.0,8.0
09-08-2017,85.4,3645.0,64.16,73.0,2.0,0.0,19.0,0.0
10-08-2017,85.4,3645.0,64.2,75.0,2.06,39.0,16.0,1.0
11-08-2017,85.4,3645.0,64.16,73.0,2.0,0.0,19.0,0.0
12-08-2017,85.4,3645.0,64.22,76.0,2.09,51.0,16.0,19.0
13-08-2017,85.4,3645.0,64.29,80.0,2.19,59.0,13.0,23.0
14-08-2017,85.4,3645.0,64.34,83.0,2.28,48.0,13.0,18.0
15-08-2017,85.4,3645.0,64.32,82.0,2.25,0.0,12.0,1.0
16-08-2017,85.4,3645.0,64.3,81.0,2.22,0.0,12.0,0.0
17-08-2017,85.4,3645.0,64.4,86.0,2.36,68.0,11.0,5.0
18-08-2017,85.4,3645.0,64.65,101.0,2.77,186.0,12.0,50.0
19-08-2017,85.4,3645.0,64.85,113.0,3.1,152.0,13.0,19.0
20-08-2017,85.4,3645.0,65.01,123.0,3.37,130.0,14.0,4.0
21-08-2017,85.4,3645.0,65.07,127.0,3.48,60.0,14.0,4.0
22-08-2017,85.4,3645.0,65.25,139.0,3.81,160.0,22.0,11.0
23-08-2017,85.4,3645.0,65.27,140.0,3.84,47.0,36.0,0.0
24-08-2017,85.4,3645.0,65.29,142.0,3.9,61.0,38.0,10.0
25-08-2017,85.4,3645.0,65.39,148.0,4.06,101.0,32.0,13.0
26-08-2017,85.4,3645.0,65.42,150.0,4.12,55.0,32.0,0.0
27-08-2017,85.4,3645.0,65.49,155.0,4.25,90.0,32.0,6.0
28-08-2017,85.4,3645.0,65.56,160.0,4.39,83.0,25.0,9.0
29-08-2017,85.4,3645.0,65.59,162.0,4.44,42.0,19.0,0.0
30-08-2017,85.4,3645.0,65.59,162.0,4.44,17.0,17.0,0.0
31-08-2017,85.4,3645.0,65.8,177.0,4.86,193.0,20.0,29.0
01-09-2017,85.4,3645.0,65.85,180.0,4.94,53.0,18.0,0.0
02-09-2017,85.4,3645.0,66.05,195.0,5.35,193.0,20.0,35.0
03-09-2017,85.4,3645.0,66.18,205.0,5.62,136.0,20.0,19.0
04-09-2017,85.4,3645.0,66.21,207.0,5.68,61.0,38.0,0.0
05-09-2017,85.4,3645.0,66.54,232.0,6.36,82.0,24.0,12.0
06-09-2017,85.4,3645.0,66.47,227.0,6.23,256.0,25.0,50.0
07-09-2017,85.4,3645.0,66.54,232.0,6.36,82.0,24.0,12.0
08-09-2017,85.4,3645.0,66.54,232.0,6.36,32.0,32.0,0.0
09-09-2017,85.4,3645.0,66.54,232.0,6.36,32.0,32.0,0.0
10-09-2017,85.4,3645.0,66.54,232.0,6.36,35.0,35.0,0.0
11-09-2017,85.4,3645.0,66.51,230.0,6.31,0.0,28.0,0.0
12-09-2017,85.4,3645.0,66.48,228.0,6.26,0.0,28.0,0.0
13-09-2017,85.4,3645.0,66.45,225.0,6.17,0.0,36.0,3.8
14-09-2017,85.4,3645.0,66.41,222.0,6.09,0.0,35.0,0.0
15-09-2017,85.4,3645.0,66.37,219.0,6.01,0.0,34.0,0.0
16-09-2017,85.4,3645.0,66.33,216.0,5.93,0.0,32.0,0.0
17-09-2017,85.4,3645.0,66.28,212.0,5.82,0.0,46.0,0.0
18-09-2017,85.4,3645.0,66.23,208.0,5.71,0.0,44.0,0.0
19-09-2017,85.4,3645.0,66.29,213.0,5.84,102.0,44.0,12.0
20-09-2017,85.4,3645.0,66.29,213.0,5.84,40.0,40.0,0.0
21-09-2017,85.4,3645.0,66.25,210.0,5.76,0.0,40.0,0.0
22-09-2017,85.4,3645.0,66.21,207.0,5.68,0.0,31.0,0.0
23-09-2017,85.4,3645.0,66.17,204.0,5.6,0.0,36.0,0.0
24-09-2017,85.4,3645.0,66.13,201.0,5.51,0.0,38.0,0.0
25-09-2017,85.4,3645.0,66.24,209.0,5.73,120.0,27.0,21.0
26-09-2017,85.4,3645.0,66.28,212.0,5.82,62.0,27.0,6.0
27-09-2017,85.4,3645.0,66.25,210.0,5.76,0.0,27.0,0.0
28-09-2017,85.4,3645.0,66.22,208.0,5.71,0.0,24.0,0.0
29-09-2017,85.4,3645.0,66.18,205.0,5.62,0.0,38.0,0.0
30-09-2017,85.4,3645.0,66.13,201.0,5.51,0.0,43.0,0.0
01-10-2017,85.4,3645.0,66.4,221.0,6.06,271.0,40.0,47.0
02-10-2017,85.4,3645.0,66.67,243.0,6.67,290.0,36.0,15.0
03-10-2017,85.4,3645.0,66.85,258.0,7.08,216.0,42.0,0.0
04-10-2017,85.4,3645.0,67.17,279.0,7.65,283.0,40.0,33.0
05-10-2017,85.4,3645.0,67.32,298.0,8.18,213.0,40.0,2.0
06-10-2017,85.4,3645.0,67.45,310.0,8.5,177.0,38.0,6.0
07-10-2017,85.4,3645.0,67.55,319.0,8.75,142.0,38.0,0.0
08-10-2017,85.4,3645.0,67.6,323.0,8.86,79.0,33.0,0.0
09-10-2017,85.4,3645.0,67.6,323.0,8.86,30.0,30.0,0.0
10-10-2017,85.4,3645.0,67.56,320.0,8.78,0.0,36.0,0.0
11-10-2017,85.4,3645.0,67.54,318.0,8.72,0.0,23.0,0.0
12-10-2017,85.4,3645.0,67.54,318.0,8.72,32.0,32.0,8.0
13-10-2017,85.4,3645.0,67.51,315.0,8.64,0.0,40.0,0.0
14-10-2017,85.4,3645.0,67.47,311.0,8.53,0.0,52.0,3.0
15-10-2017,85.4,3645.0,67.42,307.0,8.42,0.0,54.0,3.0
16-10-2017,85.4,3645.0,67.38,303.0,8.31,0.0,48.0,0.0
17-10-2017,85.4,3645.0,67.44,309.0,8.48,117.0,48.0,13.0
18-10-2017,85.4,3645.0,67.44,309.0,8.48,52.0,52.0,0.0
19-10-2017,85.4,3645.0,67.44,309.0,8.48,52.0,52.0,0.0
20-10-2017,85.4,3645.0,67.4,305.0,8.37,0.0,48.0,0.0
21-10-2017,85.4,3645.0,67.35,301.0,8.26,0.0,50.0,0.0
22-10-2017,85.4,3645.0,67.31,297.0,8.15,0.0,52.0,0.0
23-10-2017,85.4,3645.0,67.26,293.0,8.04,0.0,52.0,0.0
24-10-2017,85.4,3645.0,67.21,289.0,7.93,0.0,52.0,0.0
25-10-2017,85.4,3645.0,67.17,285.0,7.82,0.0,47.0,1.0
26-10-2017,85.4,3645.0,67.24,291.0,7.98,120.0,51.0,15.0
27-10-2017,85.4,3645.0,67.26,293.0,8.04,75.0,52.0,3.0
28-10-2017,85.4,3645.0,67.34,300.0,8.23,133.0,52.0,16.0
29-10-2017,85.4,3645.0,67.4,305.0,8.37,109.0,51.0,11.0
30-10-2017,85.4,3645.0,67.43,308.0,8.45,87.0,52.0,6.0
31-10-2017,85.4,3645.0,68.9,452.0,12.4,1719.0,52.0,176.0
01-11-2017,85.4,3645.0,70.35,617.0,16.93,1970.0,60.0,34.0
02-11-2017,85.4,3645.0,70.85,679.0,18.63,778.0,60.0,16.0
03-11-2017,85.4,3645.0,71.4,749.0,20.55,876.0,66.0,69.0
04-11-2017,85.4,3645.0,72.45,891.0,24.44,1716.0,73.0,49.0
05-11-2017,85.4,3645.0,73.45,1037.0,28.45,1763.0,73.0,15.0
06-11-2017,85.4,3645.0,74.0,1121.0,30.75,1045.0,73.0,21.0
07-11-2017,85.4,3645.0,74.56,1211.0,33.22,1110.0,68.0,22.0
08-11-2017,85.4,3645.0,74.99,1282.0,35.17,850.0,28.0,16.0
09-11-2017,85.4,3645.0,75.25,1327.0,36.41,559.0,38.0,0.0
10-11-2017,85.4,3645.0,75.35,1344.0,36.87,245.0,48.0,0.0
11-11-2017,85.4,3645.0,75.41,1354.0,37.15,164.0,48.0,3.0
12-11-2017,85.4,3645.0,75.41,1354.0,37.15,48.0,48.0,3.0
13-11-2017,85.4,3645.0,75.5,1370.0,37.59,233.0,48.0,15.0
14-11-2017,85.4,3645.0,75.6,1388.0,38.08,256.0,48.0,10.0
15-11-2017,85.4,3645.0,75.64,1395.0,38.27,130.0,49.0,3.0
16-11-2017,85.4,3645.0,75.65,1397.0,38.33,75.0,52.0,0.0
17-11-2017,85.4,3645.0,75.66,1399.0,38.38,75.0,52.0,0.0
18-11-2017,85.4,3645.0,75.67,1400.0,38.41,65.0,53.0,0.0
19-11-2017,85.4,3645.0,75.68,1402.0,38.46,75.0,52.0,0.0
20-11-2017,85.4,3645.0,75.68,1402.0,38.46,52.0,52.0,0.0
21-11-2017,85.4,3645.0,75.68,1402.0,38.46,53.0,53.0,6.0
22-11-2017,85.4,3645.0,75.67,1400.0,38.41,18.0,41.0,0.0
23-11-2017,85.4,3645.0,75.65,1396.0,38.3,0.0,50.0,0.0
24-11-2017,85.4,3645.0,75.62,1392.0,38.19,0.0,52.0,0.0
25-11-2017,85.4,3645.0,75.6,1388.0,38.08,0.0,52.0,0.0
26-11-2017,85.4,3645.0,75.58,1384.0,37.97,0.0,52.0,0.0
27-11-2017,85.4,3645.0,75.99,1457.0,39.97,897.0,52.0,116.0
28-11-2017,85.4,3645.0,76.68,1583.0,43.43,1510.0,52.0,0.0
29-11-2017,85.4,3645.0,76.94,1632.0,44.77,619.0,52.0,0.0
30-11-2017,85.4,3645.0,77.11,1664.0,45.65,423.0,53.0,16.0
01-12-2017,85.4,3645.0,77.6,1759.0,48.26,1151.0,52.0,76.0
02-12-2017,85.4,3645.0,78.06,1850.0,50.75,1101.0,48.0,10.0
03-12-2017,85.4,3645.0,78.26,1891.0,51.88,524.0,49.0,0.0
04-12-2017,85.4,3645.0,78.32,1903.0,52.21,188.0,49.0,0.0
05-12-2017,85.4,3645.0,78.32,1904.0,52.24,76.0,64.0,0.0
06-12-2017,85.4,3645.0,78.32,1904.0,52.24,48.0,48.0,0.0
07-12-2017,85.4,3645.0,78.32,1904.0,52.24,48.0,48.0,0.0
08-12-2017,85.4,3645.0,78.32,1904.0,52.24,48.0,48.0,0.0
09-12-2017,85.4,3645.0,78.32,1904.0,52.24,48.0,48.0,0.0
10-12-2017,85.4,3645.0,78.32,1904.0,52.24,48.0,48.0,0.0
11-12-2017,85.4,3645.0,78.32,1904.0,52.24,48.0,48.0,0.0
12-12-2017,85.4,3645.0,78.32,1904.0,52.24,48.0,48.0,0.0
13-12-2017,85.4,3645.0,78.32,1904.0,52.24,48.0,48.0,0.0
14-12-2017,85.4,3645.0,78.32,1904.0,52.24,49.0,49.0,0.0
15-12-2017,85.4,3645.0,78.32,1904.0,52.24,49.0,49.0,0.0
16-12-2017,85.4,3645.0,78.32,1904.0,52.24,49.0,49.0,0.0
17-12-2017,85.4,3645.0,78.32,1904.0,52.24,49.0,49.0,0.0
18-12-2017,85.4,3645.0,78.3,1900.0,52.13,0.0,49.0,0.0
19-12-2017,85.4,3645.0,78.28,1896.0,52.02,0.0,49.0,0.0
20-12-2017,85.4,3645.0,78.26,1892.0,51.91,0.0,49.0,0.0
21-12-2017,85.4,3645.0,78.24,1887.0,51.77,0.0,60.0,0.0
22-12-2017,85.4,3645.0,78.22,1883.0,51.66,0.0,49.0,1.0
23-12-2017,85.4,3645.0,78.2,1879.0,51.55,0.0,49.0,2.0
24-12-2017,85.4,3645.0,78.18,1875.0,51.44,0.0,48.0,0.0
25-12-2017,85.4,3645.0,78.16,1871.0,51.33,0.0,54.0,0.0
26-12-2017,85.4,3645.0,78.14,1867.0,51.22,0.0,49.0,0.0
27-12-2017,85.4,3645.0,78.12,1863.0,51.11,0.0,49.0,0.0
28-12-2017,85.4,3645.0,78.1,1859.0,51.0,0.0,49.0,0.0
29-12-2017,85.4,3645.0,78.08,1855.0,50.89,0.0,49.0,0.0
30-12-2017,85.4,3645.0,78.06,1851.0,50.78,0.0,49.0,0.0
31-12-2017,85.4,3645.0,78.04,1847.0,50.67,0.0,49.0,0.0
01-01-2018,85.4,3645.0,78.02,1842.0,50.53,0.0,57.0,0.0
02-01-2018,85.4,3645.0,78.0,1837.0,50.4,0.0,56.0,0.0
03-01-2018,85.4,3645.0,77.97,1832.0,50.26,0.0,56.0,0.0
04-01-2018,85.4,3645.0,77.95,1827.0,50.12,0.0,56.0,0.0
05-01-2018,85.4,3645.0,77.92,1822.0,49.99,0.0,55.0,0.0
06-01-2018,85.4,3645.0,77.91,1820.0,49.93,0.0,19.0,0.0
07-01-2018,85.4,3645.0,77.9,1818.0,49.88,0.0,19.0,0.0
08-01-2018,85.4,3645.0,77.89,1816.0,49.82,0.0,25.0,0.0
09-01-2018,85.4,3645.0,77.87,1814.0,49.77,0.0,19.0,0.0
10-01-2018,85.4,3645.0,77.86,1810.0,49.66,0.0,43.0,0.0
11-01-2018,85.4,3645.0,77.83,1804.0,49.49,0.0,74.0,0.0
12-01-2018,85.4,3645.0,77.8,1799.0,49.36,0.0,57.0,0.0
13-01-2018,85.4,3645.0,77.77,1793.0,49.19,0.0,68.0,0.0
14-01-2018,85.4,3645.0,77.75,1787.0,49.03,0.0,69.0,0.0
15-01-2018,85.4,3645.0,77.71,1781.0,48.86,0.0,68.0,0.0
16-01-2018,85.4,3645.0,77.68,1775.0,48.7,0.0,68.0,0.0
17-01-2018,85.4,3645.0,77.65,1769.0,48.53,0.0,65.0,0.0
18-01-2018,85.4,3645.0,77.63,1764.0,48.4,0.0,57.0,0.0
19-01-2018,85.4,3645.0,77.6,1759.0,48.26,0.0,57.0,0.0
20-01-2018,85.4,3645.0,77.57,1753.0,48.09,0.0,71.0,0.0
21-01-2018,85.4,3645.0,77.55,1748.0,47.96,0.0,58.0,0.0
22-01-2018,85.4,3645.0,77.52,1743.0,47.82,0.0,57.0,0.0
23-01-2018,85.4,3645.0,77.49,1738.0,47.68,0.0,56.0,0.0
24-01-2018,85.4,3645.0,77.47,1733.0,47.54,0.0,57.0,0.0
25-01-2018,85.4,3645.0,77.44,1728.0,47.41,0.0,57.0,0.0
26-01-2018,85.4,3645.0,77.42,1723.0,47.27,0.0,54.0,0.0
27-01-2018,85.4,3645.0,77.4,1718.0,47.13,0.0,57.0,0.0
28-01-2018,85.4,3645.0,77.37,1713.0,47.0,0.0,57.0,0.0
29-01-2018,85.4,3645.0,77.54,1708.0,46.86,0.0,57.0,0.0
30-01-2018,85.4,3645.0,77.31,1703.0,46.72,0.0,56.0,0.0
31-01-2018,85.4,3645.0,77.29,1698.0,46.58,0.0,61.0,0.0
01-02-2018,85.4,3645.0,77.26,1693.0,46.45,0.0,60.0,0.0
02-02-2018,85.4,3645.0,77.23,1688.0,46.31,0.0,61.0,0.0
03-02-2018,85.4,3645.0,77.21,1683.0,46.17,0.0,61.0,0.0
04-02-2018,85.4,3645.0,77.17,1676.0,45.98,0.0,78.0,0.0
05-02-2018,85.4,3645.0,77.14,1669.0,45.79,0.0,78.0,0.0
06-02-2018,85.4,3645.0,77.1,1662.0,45.6,0.0,78.0,0.0
07-02-2018,85.4,3645.0,77.07,1656.0,45.43,0.0,73.0,0.0
08-02-2018,85.4,3645.0,77.04,1650.0,45.27,0.0,73.0,13.0
09-02-2018,85.4,3645.0,77.01,1645.0,45.13,0.0,74.0,0.0
10-02-2018,85.4,3645.0,76.98,1639.0,44.97,0.0,74.0,0.0
11-02-2018,85.4,3645.0,76.95,1632.0,44.77,0.0,84.0,0.0
12-02-2018,85.4,3645.0,76.91,1625.0,44.58,0.0,84.0,0.0
13-02-2018,85.4,3645.0,76.87,1618.0,44.39,0.0,84.0,0.0
14-02-2018,85.4,3645.0,76.83,1611.0,44.2,0.0,79.0,0.0
15-02-2018,85.4,3645.0,76.79,1604.0,44.01,0.0,79.0,0.0
16-02-2018,85.4,3645.0,76.75,1597.0,43.81,0.0,79.0,0.0
17-02-2018,85.4,3645.0,76.71,1590.0,43.62,0.0,80.0,0.0
18-02-2018,85.4,3645.0,76.68,1583.0,43.43,0.0,79.0,0.0
19-02-2018,85.4,3645.0,76.64,1576.0,43.24,0.0,80.0,0.0
20-02-2018,85.4,3645.0,76.61,1570.0,43.07,0.0,79.0,0.0
21-02-2018,85.4,3645.0,76.57,1563.0,42.88,0.0,80.0,0.0
22-02-2018,85.4,3645.0,76.53,1556.0,42.69,0.0,80.0,0.0
23-02-2018,85.4,3645.0,76.49,1549.0,42.5,0.0,80.0,0.0
24-02-2018,85.4,3645.0,76.46,1542.0,42.3,0.0,80.0,0.0
25-02-2018,85.4,3645.0,76.42,1535.0,42.11,0.0,80.0,0.0
26-02-2018,85.4,3645.0,76.38,1528.0,41.92,0.0,79.0,0.0
27-02-2018,85.4,3645.0,76.34,1521.0,41.73,0.0,79.0,0.0
28-02-2018,85.4,3645.0,76.3,1514.0,41.54,0.0,79.0,0.0
01-03-2018,85.4,3645.0,76.27,1507.0,41.34,0.0,80.0,0.0
02-03-2018,85.4,3645.0,76.23,1500.0,41.15,0.0,85.0,0.0
03-03-2018,85.4,3645.0,76.18,1492.0,40.93,0.0,90.0,0.0
04-03-2018,85.4,3645.0,76.14,1484.0,40.71,0.0,90.0,0.0
05-03-2018,85.4,3645.0,76.09,1475.0,40.47,0.0,90.0,0.0
06-03-2018,85.4,3645.0,76.04,1467.0,40.25,0.0,90.0,0.0
07-03-2018,85.4,3645.0,76.0,1459.0,40.03,0.0,98.0,0.0
08-03-2018,85.4,3645.0,75.96,1451.0,39.81,0.0,95.0,0.0
09-03-2018,85.4,3645.0,75.91,1443.0,39.59,0.0,95.0,0.0
10-03-2018,85.4,3645.0,75.87,1435.0,39.37,0.0,94.0,0.0
11-03-2018,85.4,3645.0,75.82,1427.0,39.15,0.0,95.0,0.0
12-03-2018,85.4,3645.0,75.77,1418.0,38.9,0.0,102.0,0.0
13-03-2018,85.4,3645.0,75.72,1409.0,38.66,0.0,102.0,0.0
14-03-2018,85.4,3645.0,75.66,1399.0,38.38,0.0,109.0,0.0
15-03-2018,85.4,3645.0,75.61,1389.0,38.11,0.0,111.0,0.0
16-03-2018,85.4,3645.0,75.55,1379.0,37.83,0.0,119.0,0.0
17-03-2018,85.4,3645.0,75.49,1369.0,37.56,0.0,117.0,0.0
18-03-2018,85.4,3645.0,75.44,1359.0,37.28,0.0,117.0,2.0
19-03-2018,85.4,3645.0,75.37,1348.0,36.98,0.0,119.0,0.0
20-03-2018,85.4,3645.0,75.31,1338.0,36.71,0.0,119.0,0.0
21-03-2018,85.4,3645.0,75.25,1328.0,36.43,0.0,119.0,0.0
22-03-2018,85.4,3645.0,75.19,1317.0,36.13,0.0,121.0,0.0
23-03-2018,85.4,3645.0,75.13,1306.0,35.83,0.0,121.0,0.0
24-03-2018,85.4,3645.0,75.07,1296.0,35.56,0.0,121.0,0.0
25-03-2018,85.4,3645.0,75.01,1285.0,35.25,0.0,126.0,0.0
26-03-2018,85.4,3645.0,74.94,1274.0,34.95,0.0,125.0,0.0
27-03-2018,85.4,3645.0,74.87,1262.0,34.62,0.0,132.0,0.0
28-03-2018,85.4,3645.0,74.8,1251.0,34.32,0.0,132.0,0.0
29-03-2018,85.4,3645.0,74.73,1239.0,33.99,0.0,131.0,0.0
30-03-2018,85.4,3645.0,74.66,1228.0,33.69,0.0,124.0,0.0
31-03-2018,85.4,3645.0,74.61,1220.0,33.47,0.0,86.0,0.0
01-04-2018,85.4,3645.0,74.58,1215.0,33.33,0.0,57.0,0.0
02-04-2018,85.4,3645.0,74.53,1206.0,33.09,0.0,102.0,0.0
03-04-2018,85.4,3645.0,74.47,1196.0,32.81,0.0,113.0,0.0
04-04-2018,85.4,3645.0,74.4,1186.0,32.54,0.0,113.0,0.0
05-04-2018,85.4,3645.0,74.34,1176.0,32.26,0.0,111.0,0.0
06-04-2018,85.4,3645.0,74.28,1166.0,31.99,0.0,117.0,0.0
07-04-2018,85.4,3645.0,74.21,1155.0,31.69,0.0,124.0,0.0
08-04-2018,85.4,3645.0,74.14,1144.0,31.39,0.0,131.0,0.0
09-04-2018,85.4,3645.0,74.07,1133.0,31.08,0.0,131.0,0.0
10-04-2018,85.4,3645.0,74.0,1122.0,30.78,0.0,131.0,0.0
11-04-2018,85.4,3645.0,73.93,1111.0,30.48,0.0,131.0,0.0
12-04-2018,85.4,3645.0,73.86,1100.0,30.18,0.0,127.0,0.0
13-04-2018,85.4,3645.0,73.79,1089.0,29.88,0.0,123.0,0.0
14-04-2018,85.4,3645.0,73.72,1078.0,29.57,0.0,123.0,0.0
15-04-2018,85.4,3645.0,73.65,1067.0,29.27,0.0,123.0,0.0
16-04-2018,85.4,3645.0,73.57,1056.0,28.97,0.0,124.0,0.0
17-04-2018,85.4,3645.0,73.5,1045.0,28.67,0.0,123.0,0.0
18-04-2018,85.4,3645.0,73.43,1034.0,28.37,0.0,123.0,0.0
19-04-2018,85.4,3645.0,73.43,1023.0,28.07,0.0,134.0,0.0
20-04-2018,85.4,3645.0,73.28,1012.0,27.76,0.0,124.0,0.0
21-04-2018,85.4,3645.0,73.35,1022.0,28.04,240.0,124.0,0.0
22-04-2018,85.4,3645.0,73.47,1040.0,28.53,331.0,123.0,0.0
23-04-2018,85.4,3645.0,73.61,1062.0,29.14,379.0,124.0,0.0
24-04-2018,85.4,3645.0,73.81,1092.0,29.96,461.0,113.0,0.0
25-04-2018,85.4,3645.0,74.0,1122.0,30.78,461.0,114.0,0.0
26-04-2018,85.4,3645.0,74.16,1147.0,31.47,403.0,114.0,0.0
27-04-2018,85.4,3645.0,74.25,1162.0,31.88,286.0,113.0,0.0
28-04-2018,85.4,3645.0,74.31,1171.0,32.13,215.0,111.0,0.0
29-04-2018,85.4,3645.0,74.37,1180.0,32.37,215.0,111.0,0.0
30-04-2018,85.4,3645.0,74.42,1189.0,32.62,215.0,111.0,0.0
01-05-2018,85.4,3645.0,74.48,1198.0,32.87,215.0,111.0,0.0
02-05-2018,85.4,3645.0,74.53,1207.0,33.11,215.0,111.0,0.0
03-05-2018,85.4,3645.0,74.59,1217.0,33.39,226.0,111.0,0.0
04-05-2018,85.4,3645.0,74.65,1226.0,33.64,226.0,121.0,0.0
05-05-2018,85.4,3645.0,74.7,1235.0,33.88,226.0,121.0,0.0
06-05-2018,85.4,3645.0,74.76,1245.0,34.16,235.0,119.0,0.0
07-05-2018,85.4,3645.0,74.82,1254.0,34.4,222.0,118.0,0.0
08-05-2018,85.4,3645.0,74.87,1262.0,34.62,210.0,117.0,0.0
09-05-2018,85.4,3645.0,74.91,1269.0,34.81,198.0,117.0,0.0
10-05-2018,85.4,3645.0,74.94,1275.0,34.98,193.0,124.0,0.0
11-05-2018,85.4,3645.0,74.98,1281.0,35.14,174.0,105.0,0.0
12-05-2018,85.4,3645.0,75.02,1287.0,35.31,182.0,113.0,0.0
13-05-2018,85.4,3645.0,75.05,1293.0,35.47,183.0,114.0,0.0
14-05-2018,85.4,3645.0,75.08,1299.0,35.64,182.0,113.0,0.0
15-05-2018,85.4,3645.0,75.12,1305.0,35.8,183.0,114.0,0.0
16-05-2018,85.4,3645.0,75.16,1311.0,35.97,182.0,113.0,0.0
17-05-2018,85.4,3645.0,75.19,1317.0,36.13,182.0,114.0,0.0
18-05-2018,85.4,3645.0,75.22,1322.0,36.27,177.0,119.0,0.0
19-05-2018,85.4,3645.0,75.25,1327.0,36.41,180.0,122.0,0.0
20-05-2018,85.4,3645.0,75.28,1332.0,36.54,181.0,123.0,0.0
21-05-2018,85.4,3645.0,75.28,1332.0,36.54,122.0,122.0,0.0
22-05-2018,85.4,3645.0,75.22,1322.0,36.27,0.0,123.0,0.0
23-05-2018,85.4,3645.0,75.16,1311.0,35.97,0.0,130.0,0.0
24-05-2018,85.4,3645.0,75.1,1301.0,35.69,0.0,122.0,0.0
25-05-2018,85.4,3645.0,75.04,1291.0,35.42,0.0,123.0,0.0
26-05-2018,85.4,3645.0,74.98,1280.0,35.12,0.0,126.0,0.0
27-05-2018,85.4,3645.0,74.91,1269.0,34.81,0.0,126.0,0.0
28-05-2018,85.4,3645.0,74.84,1258.0,34.51,0.0,126.0,0.0
29-05-2018,85.4,3645.0,74.78,1247.0,34.21,0.0,126.0,0.0
30-05-2018,85.4,3645.0,74.71,1236.0,33.91,0.0,126.0,0.0
31-05-2018,85.4,3645.0,74.64,1225.0,33.61,0.0,127.0,0.0
01-06-2018,85.4,3645.0,74.58,1214.0,33.31,0.0,126.0,0.0
02-06-2018,85.4,3645.0,74.51,1203.0,33.0,0.0,126.0,0.0
03-06-2018,85.4,3645.0,74.44,1192.0,32.7,0.0,127.0,0.0
04-06-2018,85.4,3645.0,74.37,1181.0,32.4,0.0,127.0,0.0
05-06-2018,85.4,3645.0,74.3,1170.0,32.1,0.0,127.0,0.0
06-06-2018,85.4,3645.0,74.24,1160.0,31.82,0.0,126.0,0.0
07-06-2018,85.4,3645.0,74.17,1148.0,31.5,0.0,138.0,45.0
08-06-2018,85.4,3645.0,74.1,1138.0,31.22,0.0,118.0,0.0
09-06-2018,85.4,3645.0,74.04,1128.0,30.95,0.0,118.0,0.0
10-06-2018,85.4,3645.0,73.98,1118.0,30.67,0.0,118.0,0.0
11-06-2018,85.4,3645.0,73.91,1108.0,30.4,0.0,119.0,0.0
12-06-2018,85.4,3645.0,73.85,1098.0,30.12,0.0,118.0,0.0
13-06-2018,85.4,3645.0,73.78,1088.0,29.85,0.0,118.0,0.0
14-06-2018,85.4,3645.0,73.72,1078.0,29.57,0.0,119.0,0.0
15-06-2018,85.4,3645.0,73.65,1068.0,29.3,0.0,118.0,0.0
16-06-2018,85.4,3645.0,73.58,1057.0,29.0,0.0,126.0,4.0
17-06-2018,85.4,3645.0,73.52,1047.0,28.72,0.0,118.0,0.0
18-06-2018,85.4,3645.0,73.45,1037.0,28.45,0.0,119.0,0.0
19-06-2018,85.4,3645.0,73.38,1027.0,28.18,0.0,119.0,0.0
20-06-2018,85.4,3645.0,73.32,1017.0,27.9,0.0,118.0,0.0
21-06-2018,85.4,3645.0,73.25,1007.0,27.63,0.0,118.0,0.0
22-06-2018,85.4,3645.0,73.18,997.0,27.35,0.0,119.0,0.0
23-06-2018,85.4,3645.0,73.11,987.0,27.08,0.0,118.0,0.0
24-06-2018,85.4,3645.0,73.04,977.0,26.8,0.0,119.0,0.0
25-06-2018,85.4,3645.0,72.98,967.0,26.53,0.0,118.0,0.0
26-06-2018,85.4,3645.0,72.91,957.0,26.26,0.0,119.0,0.0
27-06-2018,85.4,3645.0,72.84,947.0,25.98,0.0,122.0,0.0
28-06-2018,85.4,3645.0,72.76,936.0,25.68,0.0,122.0,0.0
29-06-2018,85.4,3645.0,72.69,926.0,25.4,0.0,117.0,0.0
30-06-2018,85.4,3645.0,72.62,916.0,25.13,0.0,118.0,0.0
01-07-2018,85.4,3645.0,72.55,906.0,24.86,0.0,118.0,0.0
02-07-2018,85.4,3645.0,72.48,896.0,24.58,0.0,119.0,16.0
03-07-2018,85.4,3645.0,72.48,896.0,24.58,119.0,119.0,47.0
04-07-2018,85.4,3645.0,72.41,886.0,24.31,0.0,118.0,0.0
05-07-2018,85.4,3645.0,72.34,876.0,24.03,0.0,118.0,0.0
06-07-2018,85.4,3645.0,72.27,866.0,23.76,0.0,119.0,0.0
07-07-2018,85.4,3645.0,72.19,856.0,23.48,0.0,117.0,0.0
08-07-2018,85.4,3645.0,72.13,847.0,23.24,0.0,109.0,0.0
09-07-2018,85.4,3645.0,72.06,837.0,22.96,0.0,119.0,0.0
10-07-2018,85.4,3645.0,71.98,827.0,22.69,0.0,117.0,0.0
11-07-2018,85.4,3645.0,71.9,816.0,22.39,0.0,123.0,0.0
12-07-2018,85.4,3645.0,71.86,810.0,22.22,46.0,115.0,30.0
13-07-2018,85.4,3645.0,71.78,800.0,21.95,0.0,113.0,2.0
14-07-2018,85.4,3645.0,71.71,791.0,21.7,0.0,102.0,12.0
15-07-2018,85.4,3645.0,71.65,782.0,21.45,0.0,106.0,0.0
16-07-2018,85.4,3645.0,71.59,774.0,21.23,0.0,99.0,0.0
17-07-2018,85.4,3645.0,71.51,764.0,20.96,0.0,105.0,0.0
18-07-2018,85.4,3645.0,71.45,756.0,20.74,0.0,102.0,0.0
19-07-2018,85.4,3645.0,71.38,747.0,20.49,0.0,101.0,0.0
20-07-2018,85.4,3645.0,71.31,738.0,20.25,0.0,101.0,0.0
21-07-2018,85.4,3645.0,71.24,729.0,20.0,0.0,109.0,0.0
22-07-2018,85.4,3645.0,71.17,720.0,19.75,0.0,101.0,0.0
23-07-2018,85.4,3645.0,71.09,710.0,19.48,0.0,105.0,0.0
24-07-2018,85.4,3645.0,71.02,701.0,19.23,0.0,109.0,0.0
25-07-2018,85.4,3645.0,70.95,692.0,18.98,0.0,111.0,5.0
26-07-2018,85.4,3645.0,70.87,682.0,18.71,0.0,109.0,0.0
27-07-2018,85.4,3645.0,70.8,673.0,18.46,0.0,109.0,0.0
28-07-2018,85.4,3645.0,70.73,664.0,18.22,0.0,109.0,0.0
29-07-2018,85.4,3645.0,70.65,655.0,17.97,0.0,103.0,0.0
30-07-2018,85.4,3645.0,70.58,646.0,17.72,0.0,101.0,0.0
31-07-2018,85.4,3645.0,70.51,637.0,17.48,0.0,103.0,0.0
01-08-2018,85.4,3645.0,70.44,628.0,17.23,0.0,103.0,12.0
02-08-2018,85.4,3645.0,70.36,619.0,16.98,0.0,103.0,0.0
03-08-2018,85.4,3645.0,70.29,610.0,16.74,0.0,103.0,0.0
04-08-2018,85.4,3645.0,70.2,600.0,16.46,0.0,124.0,12.0
05-08-2018,85.4,3645.0,70.12,590.0,16.19,0.0,121.0,5.0
06-08-2018,85.4,3645.0,70.03,579.0,15.88,0.0,125.0,0.0
07-08-2018,85.4,3645.0,69.97,572.0,15.69,0.0,86.0,0.0
08-08-2018,85.4,3645.0,69.89,565.0,15.5,0.0,85.0,4.0
09-08-2018,85.4,3645.0,69.83,556.0,15.25,0.0,99.0,7.0
10-08-2018,85.4,3645.0,69.76,548.0,15.03,0.0,94.0,2.0
11-08-2018,85.4,3645.0,69.7,541.0,14.84,0.0,79.0,4.0
12-08-2018,85.4,3645.0,69.65,536.0,14.71,0.0,61.0,1.0
13-08-2018,85.4,3645.0,69.61,531.0,14.57,0.0,61.0,0.0
14-08-2018,85.4,3645.0,69.57,526.0,14.43,0.0,61.0,6.0
15-08-2018,85.4,3645.0,69.57,526.0,14.43,61.0,61.0,53.0
16-08-2018,85.4,3645.0,69.52,521.0,14.29,0.0,57.0,3.0
17-08-2018,85.4,3645.0,69.48,516.0,14.16,0.0,57.0,0.0
18-08-2018,85.4,3645.0,69.44,511.0,14.02,0.0,57.0,0.0
19-08-2018,85.4,3645.0,69.4,506.0,13.88,0.0,57.0,0.0
20-08-2018,85.4,3645.0,69.35,501.0,13.74,0.0,57.0,0.0
21-08-2018,85.4,3645.0,69.3,496.0,13.61,0.0,58.0,0.0
22-08-2018,85.4,3645.0,69.26,491.0,13.47,0.0,58.0,0.0
23-08-2018,85.4,3645.0,69.21,486.0,13.33,0.0,57.0,0.0
24-08-2018,85.4,3645.0,69.17,481.0,13.2,0.0,65.0,0.0
25-08-2018,85.4,3645.0,69.12,476.0,13.06,0.0,57.0,0.0
26-08-2018,85.4,3645.0,69.08,472.0,12.95,0.0,52.0,0.0
27-08-2018,85.4,3645.0,69.04,467.0,12.81,0.0,52.0,0.0
28-08-2018,85.4,3645.0,69.0,463.0,12.7,0.0,52.0,11.0
29-08-2018,85.4,3645.0,68.96,458.0,12.57,0.0,52.0,0.0
30-08-2018,85.4,3645.0,68.91,454.0,12.46,0.0,52.0,0.0
31-08-2018,85.4,3645.0,68.88,450.0,12.35,0.0,52.0,7.0
01-09-2018,85.4,3645.0,68.83,445.0,12.21,0.0,52.0,0.0
02-09-2018,85.4,3645.0,68.79,441.0,12.1,0.0,52.0,4.0
03-09-2018,85.4,3645.0,68.76,437.0,11.99,0.0,52.0,0.0
04-09-2018,85.4,3645.0,68.71,432.0,11.85,0.0,53.0,0.0
05-09-2018,85.4,3645.0,68.67,428.0,11.74,0.0,52.0,0.0
06-09-2018,85.4,3645.0,68.62,423.0,11.6,0.0,60.0,0.0
07-09-2018,85.4,3645.0,68.57,418.0,11.47,0.0,52.0,0.0
08-09-2018,85.4,3645.0,68.52,412.0,11.3,0.0,68.0,0.0
09-09-2018,85.4,3645.0,68.48,408.0,11.19,0.0,52.0,0.0
10-09-2018,85.4,3645.0,68.43,403.0,11.06,0.0,52.0,0.0
11-09-2018,85.4,3645.0,68.38,398.0,10.92,0.0,52.0,0.0
12-09-2018,85.4,3645.0,68.34,394.0,10.81,0.0,52.0,0.0
13-09-2018,85.4,3645.0,68.3,390.0,10.7,0.0,53.0,0.0
14-09-2018,85.4,3645.0,68.24,385.0,10.56,0.0,53.0,14.0
15-09-2018,85.4,3645.0,68.2,381.0,10.45,0.0,53.0,0.0
16-09-2018,85.4,3645.0,68.13,374.0,10.26,0.0,81.0,2.0
17-09-2018,85.4,3645.0,68.19,380.0,10.43,122.0,53.0,37.0
18-09-2018,85.4,3645.0,68.25,386.0,10.59,122.0,53.0,35.0
19-09-2018,85.4,3645.0,68.25,394.0,10.81,144.0,52.0,43.0
20-09-2018,85.4,3645.0,68.29,389.0,10.67,0.0,60.0,2.0
21-09-2018,85.4,3645.0,68.24,385.0,10.56,0.0,53.0,0.0
22-09-2018,85.4,3645.0,68.19,380.0,10.43,0.0,53.0,0.0
23-09-2018,85.4,3645.0,68.15,376.0,10.32,0.0,53.0,0.0
24-09-2018,85.4,3645.0,68.1,371.0,10.18,0.0,53.0,0.0
25-09-2018,85.4,3645.0,68.05,366.0,10.04,0.0,60.0,0.0
26-09-2018,85.4,3645.0,68.01,362.0,9.93,0.0,52.0,0.0
27-09-2018,85.4,3645.0,67.96,357.0,9.79,0.0,52.0,0.0
28-09-2018,85.4,3645.0,67.92,353.0,9.68,0.0,52.0,0.0
29-09-2018,85.4,3645.0,67.86,348.0,9.55,0.0,60.0,0.0
30-09-2018,85.4,3645.0,67.81,343.0,9.41,0.0,60.0,0.0
01-10-2018,85.4,3645.0,67.76,338.0,9.27,0.0,60.0,0.0
02-10-2018,85.4,3645.0,67.7,333.0,9.14,0.0,60.0,0.0
03-10-2018,85.4,3645.0,67.65,328.0,9.0,0.0,60.0,0.0
04-10-2018,85.4,3645.0,67.59,323.0,8.86,0.0,61.0,3.0
05-10-2018,85.4,3645.0,67.65,328.0,9.0,119.0,60.0,45.0
06-10-2018,85.4,3645.0,67.71,334.0,9.16,111.0,42.0,22.0
07-10-2018,85.4,3645.0,67.67,330.0,9.05,0.0,42.0,0.0
08-10-2018,85.4,3645.0,67.64,327.0,8.97,0.0,42.0,0.0
09-10-2018,85.4,3645.0,67.59,323.0,8.86,0.0,42.0,0.0
10-10-2018,85.4,3645.0,67.56,320.0,8.78,0.0,42.0,0.0
11-10-2018,85.4,3645.0,67.52,316.0,8.67,0.0,42.0,0.0
12-10-2018,85.4,3645.0,67.48,313.0,8.59,0.0,42.0,0.0
13-10-2018,85.4,3645.0,67.42,307.0,8.42,0.0,67.0,0.0
14-10-2018,85.4,3645.0,67.37,303.0,8.31,0.0,47.0,0.0
15-10-2018,85.4,3645.0,67.33,299.0,8.2,0.0,47.0,0.0
16-10-2018,85.4,3645.0,67.28,295.0,8.09,0.0,47.0,0.0
17-10-2018,85.4,3645.0,67.23,290.0,7.96,0.0,55.0,0.0
18-10-2018,85.4,3645.0,67.18,286.0,7.85,0.0,50.0,5.0
19-10-2018,85.4,3645.0,67.13,282.0,7.74,0.0,50.0,1.0
20-10-2018,85.4,3645.0,67.09,278.0,7.63,0.0,50.0,3.0
21-10-2018,85.4,3645.0,67.04,274.0,7.52,0.0,50.0,9.0
22-10-2018,85.4,3645.0,66.99,270.0,7.41,0.0,50.0,0.0
23-10-2018,85.4,3645.0,66.95,266.0,7.3,0.0,50.0,0.0
24-10-2018,85.4,3645.0,66.9,262.0,7.19,0.0,46.0,0.0
25-10-2018,85.4,3645.0,66.85,258.0,7.08,0.0,42.0,0.0
26-10-2018,85.4,3645.0,66.8,254.0,6.97,0.0,42.0,0.0
27-10-2018,85.4,3645.0,66.74,249.0,6.83,0.0,54.0,0.0
28-10-2018,85.4,3645.0,66.69,245.0,6.72,0.0,42.0,0.0
29-10-2018,85.4,3645.0,66.64,241.0,6.61,0.0,42.0,0.0
30-10-2018,85.4,3645.0,66.61,238.0,6.53,0.0,42.0,0.0
31-10-2018,85.4,3645.0,66.58,235.0,6.45,0.0,42.0,13.0
01-11-2018,85.4,3645.0,66.54,232.0,6.36,0.0,37.0,35.0
02-11-2018,85.4,3645.0,66.5,229.0,6.28,0.0,37.0,7.0
03-11-2018,85.4,3645.0,66.45,225.0,6.17,0.0,43.0,0.0
04-11-2018,85.4,3645.0,66.4,221.0,6.06,0.0,45.0,0.0
05-11-2018,85.4,3645.0,66.34,217.0,5.95,0.0,45.0,3.0
06-11-2018,85.4,3645.0,66.29,213.0,5.84,0.0,45.0,5.0
07-11-2018,85.4,3645.0,66.24,209.0,5.73,0.0,45.0,0.0
08-11-2018,85.4,3645.0,66.2,206.0,5.65,0.0,41.0,0.0
09-11-2018,85.4,3645.0,66.15,202.0,5.54,0.0,41.0,0.0
10-11-2018,85.4,3645.0,66.1,198.0,5.43,0.0,41.0,0.0
11-11-2018,85.4,3645.0,66.05,195.0,5.35,0.0,41.0,0.0
12-11-2018,85.4,3645.0,66.0,191.0,5.24,0.0,41.0,0.0
13-11-2018,85.4,3645.0,65.96,188.0,5.16,0.0,41.0,0.0
14-11-2018,85.4,3645.0,65.91,184.0,5.05,0.0,41.0,0.0
15-11-2018,85.4,3645.0,65.85,180.0,4.94,0.0,41.0,1.0
16-11-2018,85.4,3645.0,65.81,177.0,4.86,0.0,41.0,4.0
17-11-2018,85.4,3645.0,65.75,173.0,4.75,0.0,41.0,3.0
18-11-2018,85.4,3645.0,65.71,170.0,4.66,0.0,41.0,11.0
19-11-2018,85.4,3645.0,65.65,166.0,4.55,0.0,41.0,0.0
20-11-2018,85.4,3645.0,65.61,163.0,4.47,0.0,41.0,0.0
21-11-2018,85.4,3645.0,65.82,178.0,4.88,218.0,45.0,45.0
22-11-2018,85.4,3645.0,66.04,194.0,5.32,230.0,45.0,31.0
23-11-2018,85.4,3645.0,66.2,206.0,5.65,179.0,41.0,21.0
24-11-2018,85.4,3645.0,66.2,206.0,5.65,41.0,41.0,0.0
25-11-2018,85.4,3645.0,66.16,203.0,5.57,0.0,37.0,0.0
26-11-2018,85.4,3645.0,66.12,200.0,5.49,0.0,37.0,0.0
27-11-2018,85.4,3645.0,66.08,197.0,5.4,0.0,37.0,0.0
28-11-2018,85.4,3645.0,66.04,194.0,5.32,0.0,37.0,0.0
29-11-2018,85.4,3645.0,66.0,191.0,5.24,0.0,37.0,0.0
30-11-2018,85.4,3645.0,65.96,188.0,5.16,0.0,37.0,0.0
01-12-2018,85.4,3645.0,65.92,185.0,5.08,0.0,37.0,0.0
02-12-2018,85.4,3645.0,65.86,181.0,4.97,0.0,53.0,0.0
03-12-2018,85.4,3645.0,65.82,178.0,4.88,0.0,37.0,0.0
04-12-2018,85.4,3645.0,65.78,175.0,4.8,0.0,37.0,5.0
05-12-2018,85.4,3645.0,65.74,172.0,4.72,0.0,37.0,13.0
06-12-2018,85.4,3645.0,65.69,169.0,4.64,0.0,37.0,7.0
07-12-2018,85.4,3645.0,65.65,166.0,4.55,0.0,37.0,0.0
08-12-2018,85.4,3645.0,65.61,163.0,4.47,0.0,37.0,0.0
09-12-2018,85.4,3645.0,65.57,160.0,4.39,0.0,37.0,0.0
10-12-2018,85.4,3645.0,65.52,157.0,4.31,0.0,37.0,0.0
11-12-2018,85.4,3645.0,65.48,154.0,4.22,0.0,37.0,0.0
12-12-2018,85.4,3645.0,65.44,151.0,4.14,0.0,37.0,0.0
13-12-2018,85.4,3645.0,65.4,148.0,4.06,0.0,37.0,0.0
14-12-2018,85.4,3645.0,65.35,145.0,3.98,0.0,37.0,0.0
15-12-2018,85.4,3645.0,65.28,141.0,3.87,0.0,45.0,0.0
16-12-2018,85.4,3645.0,65.24,138.0,3.79,0.0,37.0,0.0
17-12-2018,85.4,3645.0,65.2,135.0,3.7,0.0,33.0,0.0
18-12-2018,85.4,3645.0,65.16,133.0,3.65,0.0,25.0,0.0
19-12-2018,85.4,3645.0,65.12,130.0,3.57,0.0,33.0,0.0
20-12-2018,85.4,3645.0,65.09,128.0,3.51,0.0,25.0,0.0
21-12-2018,85.4,3645.0,65.06,126.0,3.46,0.0,25.0,0.0
22-12-2018,85.4,3645.0,65.03,124.0,3.4,0.0,26.0,0.0
23-12-2018,85.4,3645.0,64.99,122.0,3.35,0.0,24.0,6.0
24-12-2018,85.4,3645.0,64.96,120.0,3.29,0.0,24.0,0.0
25-12-2018,85.4,3645.0,64.9,116.0,3.18,0.0,43.0,0.0
26-12-2018,85.4,3645.0,64.87,114.0,3.13,0.0,25.0,0.0
27-12-2018,85.4,3645.0,64.84,112.0,3.07,0.0,25.0,0.0
28-12-2018,85.4,3645.0,64.8,110.0,3.02,0.0,25.0,0.0
29-12-2018,85.4,3645.0,64.76,108.0,2.96,0.0,27.0,0.0
30-12-2018,85.4,3645.0,64.74,106.0,2.91,0.0,24.0,0.0
31-12-2018,85.4,3645.0,64.71,104.0,2.85,0.0,24.0,0.0
01-01-2019,85.4,3645.0,64.71,102.0,2.8,0.0,0.0,0.0
02-01-2019,85.4,3645.0,64.64,100.0,2.74,0.0,25.0,0.0
03-01-2019,85.4,3645.0,64.61,98.0,2.69,0.0,25.0,0.0
04-01-2019,85.4,3645.0,64.57,96.0,2.63,0.0,25.0,0.0
05-01-2019,85.4,3645.0,64.54,94.0,2.58,0.0,25.0,0.0
06-01-2019,85.4,3645.0,64.51,92.0,2.52,0.0,25.0,0.0
07-01-2019,85.4,3645.0,64.47,90.0,2.47,0.0,25.0,0.0
08-01-2019,85.4,3645.0,64.44,88.0,2.41,0.0,25.0,0.0
09-01-2019,85.4,3645.0,64.39,85.0,2.33,0.0,32.0,0.0
10-01-2019,85.4,3645.0,64.35,83.0,2.28,0.0,25.0,0.0
11-01-2019,85.4,3645.0,64.31,81.0,2.22,0.0,25.0,0.0
12-01-2019,85.4,3645.0,64.28,79.0,2.17,0.0,25.0,0.0
13-01-2019,85.4,3645.0,64.25,77.0,2.11,0.0,25.0,0.0
14-01-2019,85.4,3645.0,64.21,75.0,2.06,0.0,29.0,0.0
15-01-2019,85.4,3645.0,64.17,73.0,2.0,0.0,28.0,0.0
16-01-2019,85.4,3645.0,64.14,71.0,1.95,0.0,28.0,0.0
17-01-2019,85.4,3645.0,64.1,69.0,1.89,0.0,29.0,0.0
18-01-2019,85.4,3645.0,64.07,67.0,1.84,0.0,24.0,0.0
19-01-2019,85.4,3645.0,64.03,65.0,1.78,0.0,25.0,0.0
20-01-2019,85.4,3645.0,63.99,63.0,1.73,0.0,25.0,0.0
21-01-2019,85.4,3645.0,63.96,61.0,1.67,0.0,25.0,0.0
22-01-2019,85.4,3645.0,63.94,60.0,1.65,0.0,13.0,0.0
23-01-2019,85.4,3645.0,63.92,59.0,1.62,0.0,13.0,0.0
24-01-2019,85.4,3645.0,63.9,58.0,1.59,0.0,13.0,0.0
25-01-2019,85.4,3645.0,63.88,57.0,1.56,0.0,13.0,0.0
26-01-2019,85.4,3645.0,63.86,56.0,1.54,0.0,13.0,0.0
27-01-2019,85.4,3645.0,63.84,55.0,1.51,0.0,13.0,0.0
28-01-2019,85.4,3645.0,63.82,54.0,1.48,0.0,13.0,0.0
29-01-2019,85.4,3645.0,63.8,53.0,1.45,0.0,13.0,0.0
30-01-2019,85.4,3645.0,63.78,52.0,1.43,0.0,13.0,0.0
31-01-2019,85.4,3645.0,63.76,51.0,1.4,0.0,13.0,0.0
01-02-2019,85.4,3645.0,63.74,50.0,1.37,0.0,13.0,0.0
02-02-2019,85.4,3645.0,63.72,49.0,1.34,0.0,13.0,0.0
03-02-2019,85.4,3645.0,63.7,48.0,1.32,0.0,13.0,0.0
04-02-2019,85.4,3645.0,63.68,47.0,1.29,0.0,13.0,0.0
05-02-2019,85.4,3645.0,63.66,46.0,1.26,0.0,13.0,0.0
06-02-2019,85.4,3645.0,63.64,45.0,1.23,0.0,13.0,0.0
07-02-2019,85.4,3645.0,63.62,44.0,1.21,0.0,13.0,0.0
08-02-2019,85.4,3645.0,63.6,43.0,1.18,0.0,13.0,0.0
09-02-2019,85.4,3645.0,63.58,42.0,1.15,0.0,13.0,0.0
10-02-2019,85.4,3645.0,63.56,41.0,1.12,0.0,13.0,0.0
11-02-2019,85.4,3645.0,63.54,40.0,1.1,0.0,13.0,0.0
12-02-2019,85.4,3645.0,63.52,39.0,1.07,0.0,13.0,0.0
13-02-2019,85.4,3645.0,63.5,38.0,1.04,0.0,13.0,0.0
14-02-2019,85.4,3645.0,63.48,37.0,1.02,0.0,13.0,0.0
15-02-2019,85.4,3645.0,63.46,36.0,0.99,0.0,13.0,0.0
16-02-2019,85.4,3645.0,63.44,35.0,0.96,0.0,13.0,0.0
17-02-2019,85.4,3645.0,63.42,34.0,0.93,0.0,13.0,0.0
18-02-2019,85.4,3645.0,63.4,33.0,0.91,0.0,13.0,0.0
19-02-2019,85.4,3645.0,63.38,32.0,0.88,0.0,13.0,0.0
20-02-2019,85.4,3645.0,63.36,31.0,0.85,0.0,13.0,0.0
21-02-2019,85.4,3645.0,63.34,30.0,0.82,0.0,13.0,0.0
22-02-2019,85.4,3645.0,63.32,29.0,0.8,0.0,13.0,0.0
23-02-2019,85.4,3645.0,63.3,28.0,0.77,0.0,13.0,0.0
24-02-2019,85.4,3645.0,63.21,27.0,0.74,0.0,13.0,0.0
25-02-2019,85.4,3645.0,63.12,26.0,0.71,0.0,13.0,0.0
26-02-2019,85.4,3645.0,63.01,25.0,0.69,0.0,13.0,0.0
27-02-2019,85.4,3645.0,62.88,24.0,0.66,0.0,13.0,0.0
28-02-2019,85.4,3645.0,62.81,23.0,0.63,0.0,13.0,0.0
01-03-2019,85.4,3645.0,62.76,22.0,0.6,0.0,13.0,0.0
02-03-2019,85.4,3645.0,62.69,21.0,0.58,0.0,13.0,0.0
03-03-2019,85.4,3645.0,62.63,20.0,0.55,0.0,13.0,0.0
04-03-2019,85.4,3645.0,62.57,19.0,0.52,0.0,13.0,0.0
05-03-2019,85.4,3645.0,62.51,18.0,0.49,0.0,13.0,0.0
06-03-2019,85.4,3645.0,62.51,18.0,0.49,0.0,13.0,0.0
07-03-2019,85.4,3645.0,62.51,18.0,0.49,0.0,13.0,0.0
08-03-2019,85.4,3645.0,62.51,18.0,0.49,0.0,13.0,0.0
09-03-2019,85.4,3645.0,62.45,17.0,0.47,0.0,13.0,0.0
10-03-2019,85.4,3645.0,62.45,17.0,0.47,0.0,13.0,0.0
11-03-2019,85.4,3645.0,62.45,17.0,0.47,0.0,13.0,0.0
12-03-2019,85.4,3645.0,62.45,17.0,0.47,0.0,13.0,0.0
13-03-2019,85.4,3645.0,62.4,16.0,0.44,0.0,13.0,0.0
14-03-2019,85.4,3645.0,62.4,16.0,0.44,0.0,13.0,0.0
15-03-2019,85.4,3645.0,62.34,15.0,0.41,0.0,13.0,0.0
16-03-2019,85.4,3645.0,62.34,15.0,0.41,0.0,13.0,0.0
17-03-2019,85.4,3645.0,62.34,15.0,0.41,0.0,13.0,0.0
18-03-2019,85.4,3645.0,62.28,14.0,0.38,0.0,13.0,0.0
19-03-2019,85.4,3645.0,62.28,14.0,0.38,0.0,13.0,0.0
21-03-2019,85.4,3645.0,62.22,13.0,0.36,0.0,13.0,0.0
22-03-2019,85.4,3645.0,62.22,13.0,0.36,0.0,13.0,0.0
23-03-2019,85.4,3645.0,62.22,13.0,0.36,0.0,13.0,0.0
24-03-2019,85.4,3645.0,62.16,12.0,0.33,0.0,13.0,0.0
25-03-2019,85.4,3645.0,62.16,12.0,0.33,0.0,13.0,0.0
26-03-2019,85.4,3645.0,62.22,13.0,0.36,0.0,13.0,0.0
27-03-2019,85.4,3645.0,62.1,11.0,0.3,0.0,13.0,0.0
28-03-2019,85.4,3645.0,62.1,11.0,0.3,0.0,13.0,0.0
29-03-2019,85.4,3645.0,62.1,11.0,0.3,0.0,13.0,0.0
30-03-2019,85.4,3645.0,62.03,10.0,0.27,0.0,13.0,0.0
01-04-2019,85.4,3645.0,62.03,10.0,0.27,0.0,13.0,0.0
02-04-2019,85.4,3645.0,61.97,9.0,0.25,0.0,13.0,0.0
03-04-2019,85.4,3645.0,61.97,9.0,0.25,0.0,6.0,0.0
04-04-2019,85.4,3645.0,61.97,9.0,0.25,0.0,6.0,0.0
05-04-2019,85.4,3645.0,61.92,8.0,0.22,0.0,6.0,0.0
06-04-2019,85.4,3645.0,61.92,8.0,0.22,0.0,6.0,0.0
07-04-2019,85.4,3645.0,61.92,8.0,0.22,0.0,6.0,0.0
08-04-2019,85.4,3645.0,61.84,7.0,0.19,0.0,6.0,0.0
09-04-2019,85.4,3645.0,61.92,7.0,0.19,0.0,6.0,0.0
10-04-2019,85.4,3645.0,61.84,7.0,0.19,0.0,6.0,0.0
11-04-2019,85.4,3645.0,61.79,6.0,0.16,0.0,6.0,0.0
12-04-2019,85.4,3645.0,61.79,6.0,0.16,0.0,6.0,0.0
13-04-2019,85.4,3645.0,61.79,6.0,0.16,0.0,6.0,0.0
14-04-2019,85.4,3645.0,61.79,6.0,0.16,0.0,6.0,0.0
15-04-2019,85.4,3645.0,61.74,5.0,0.14,0.0,6.0,0.0
16-04-2019,85.4,3645.0,61.74,5.0,0.14,0.0,6.0,0.0
17-04-2019,85.4,3645.0,61.74,5.0,0.14,0.0,6.0,0.0
18-04-2019,85.4,3645.0,61.74,5.0,0.14,0.0,6.0,0.0
19-04-2019,85.4,3645.0,61.74,5.0,0.14,0.0,6.0,0.0
20-04-2019,85.4,3645.0,61.68,4.0,0.11,0.0,6.0,0.0
21-04-2019,85.4,3645.0,61.68,4.0,0.11,0.0,6.0,0.0
22-04-2019,85.4,3645.0,61.68,4.0,0.11,0.0,6.0,0.0
23-04-2019,85.4,3645.0,61.68,4.0,0.11,0.0,6.0,0.0
24-04-2019,85.4,3645.0,61.68,4.0,0.11,0.0,6.0,0.0
25-04-2019,85.4,3645.0,61.61,3.0,0.08,0.0,6.0,0.0
26-04-2019,85.4,3645.0,61.61,3.0,0.08,0.0,6.0,0.0
27-04-2019,85.4,3645.0,61.61,3.0,0.08,0.0,6.0,0.0
28-04-2019,85.4,3645.0,61.61,3.0,0.08,0.0,6.0,0.0
29-04-2019,85.4,3645.0,61.61,3.0,0.08,0.0,6.0,0.0
30-04-2019,85.4,3645.0,61.61,3.0,0.08,0.0,6.0,0.0
01-05-2019,85.4,3645.0,61.55,2.0,0.05,0.0,6.0,0.0
02-05-2019,85.4,3645.0,61.55,2.0,0.05,0.0,6.0,0.0
03-05-2019,85.4,3645.0,61.55,2.0,0.05,0.0,6.0,0.0
04-05-2019,85.4,3645.0,61.55,2.0,0.05,0.0,6.0,0.0
05-05-2019,85.4,3645.0,61.55,2.0,0.05,0.0,6.0,0.0
06-05-2019,85.4,3645.0,61.55,2.0,0.05,0.0,6.0,0.0
07-05-2019,85.4,3645.0,61.48,1.0,0.03,0.0,6.0,0.0
08-05-2019,85.4,3645.0,61.48,1.0,0.03,0.0,6.0,0.0
09-05-2019,85.4,3645.0,61.48,1.0,0.03,0.0,0.0,0.0
10-05-2019,85.4,3645.0,61.48,1.0,0.03,0.0,0.0,0.0
11-05-2019,85.4,3645.0,61.48,1.0,0.03,0.0,0.0,0.0
12-05-2019,85.4,3645.0,61.48,1.0,0.03,0.0,0.0,0.0
13-05-2019,85.4,3645.0,61.48,1.0,0.03,0.0,0.0,0.0
14-05-2019,85.4,3645.0,61.48,1.0,0.03,0.0,0.0,0.0
15-05-2019,85.4,3645.0,61.48,1.0,0.03,0.0,0.0,0.0
16-05-2019,85.4,3645.0,61.48,1.0,0.03,0.0,0.0,0.0
17-05-2019,85.4,3645.0,61.48,1.0,0.03,0.0,0.0,0.0
18-05-2019,85.4,3645.0,61.48,1.0,0.03,0.0,0.0,0.0
19-05-2019,85.4,3645.0,61.48,1.0,0.03,0.0,0.0,0.0
20-05-2019,85.4,3645.0,61.48,1.0,0.03,0.0,0.0,0.0
21-05-2019,85.4,3645.0,61.48,1.0,0.03,0.0,0.0,0.0
22-05-2019,85.4,3645.0,61.48,1.0,0.03,0.0,0.0,0.0
23-05-2019,85.4,3645.0,61.48,1.0,0.03,0.0,0.0,0.0
24-05-2019,85.4,3645.0,61.48,1.0,0.03,0.0,0.0,0.0
25-05-2019,85.4,3645.0,61.48,1.0,0.03,0.0,0.0,0.0
26-05-2019,85.4,3645.0,61.48,1.0,0.03,0.0,0.0,0.0
27-05-2019,85.4,3645.0,61.48,1.0,0.03,0.0,0.0,0.0
28-05-2019,85.4,3645.0,61.48,1.0,0.03,0.0,0.0,0.0
29-05-2019,85.4,3645.0,61.48,1.0,0.03,0.0,0.0,0.0
30-05-2019,85.4,3645.0,61.48,1.0,0.03,0.0,0.0,0.0
31-05-2019,85.4,3645.0,61.48,1.0,0.03,0.0,0.0,0.0
01-06-2019,85.4,3645.0,61.48,1.0,0.03,0.0,0.0,0.0
02-06-2019,85.4,3645.0,61.48,1.0,0.03,0.0,0.0,0.0
03-06-2019,85.4,3645.0,61.48,1.0,0.03,0.0,0.0,0.0
04-06-2019,85.4,3645.0,61.48,1.0,0.03,0.0,0.0,0.0
05-06-2019,85.4,3645.0,61.48,1.0,0.03,0.0,0.0,0.0
06-06-2019,85.4,3645.0,61.48,1.0,0.03,0.0,0.0,0.0
07-06-2019,85.4,3645.0,61.48,1.0,0.03,0.0,0.0,0.0
08-06-2019,85.4,3645.0,61.48,1.0,0.03,0.0,0.0,0.0
09-06-2019,85.4,3645.0,61.48,1.0,0.03,0.0,0.0,0.0
10-06-2019,85.4,3645.0,61.48,1.0,0.03,0.0,0.0,0.0
11-06-2019,85.4,3645.0,61.48,1.0,0.03,0.0,0.0,0.0
12-06-2019,85.4,3645.0,61.48,1.0,0.03,0.0,0.0,0.0
13-06-2019,85.4,3645.0,61.48,1.0,0.03,0.0,0.0,0.0
14-06-2019,85.4,3645.0,61.48,1.0,0.03,0.0,0.0,0.0
15-06-2019,85.4,3645.0,61.48,1.0,0.03,0.0,0.0,0.0
16-06-2019,85.4,3645.0,61.48,1.0,0.03,0.0,0.0,0.0
17-06-2019,85.4,3645.0,61.48,1.0,0.03,0.0,0.0,0.0
18-06-2019,85.4,3645.0,61.48,1.0,0.03,0.0,0.0,0.0
19-06-2019,85.4,3645.0,61.48,1.0,0.03,0.0,0.0,0.0
20-06-2019,85.4,3645.0,61.48,1.0,0.03,0.0,0.0,0.0
21-06-2019,85.4,3645.0,61.48,1.0,0.03,0.0,0.0,5.0
22-06-2019,85.4,3645.0,61.48,1.0,0.03,0.0,0.0,0.0
23-06-2019,85.4,3645.0,61.48,1.0,0.03,0.0,0.0,5.0
24-06-2019,85.4,3645.0,61.48,1.0,0.03,0.0,0.0,0.0
25-06-2019,85.4,3645.0,61.48,1.0,0.03,0.0,0.0,20.0
26-06-2019,85.4,3645.0,0.0,0.0,0.0,0.0,0.0,0.0
27-06-2019,85.4,3645.0,0.0,0.0,0.0,0.0,0.0,39.0
28-06-2019,85.4,3645.0,0.0,0.0,0.0,0.0,0.0,0.0
29-06-2019,85.4,3645.0,0.0,0.0,0.0,0.0,0.0,0.0
30-06-2019,85.4,3645.0,0.0,0.0,0.0,0.0,0.0,0.0
01-07-2019,85.4,3645.0,0.0,0.0,0.0,0.0,0.0,0.0
02-07-2019,85.4,3645.0,0.0,0.0,0.0,0.0,0.0,0.0
03-07-2019,85.4,3645.0,0.0,0.0,0.0,0.0,0.0,0.0
04-07-2019,85.4,3645.0,61.4,0.0,0.0,0.0,0.0,0.0
05-07-2019,85.4,3645.0,61.4,0.0,0.0,0.0,0.0,0.0
06-07-2019,85.4,3645.0,61.4,0.0,0.0,0.0,0.0,0.0
07-07-2019,85.4,3645.0,61.4,0.0,0.0,0.0,0.0,0.0
08-07-2019,85.4,3645.0,61.4,0.0,0.0,0.0,0.0,0.0
09-07-2019,85.4,3645.0,61.4,0.0,0.0,0.0,0.0,0.0
10-07-2019,85.4,3645.0,61.4,0.0,0.0,0.0,0.0,10.0
11-07-2019,85.4,3645.0,61.4,0.0,0.0,0.0,0.0,0.0
12-07-2019,85.4,3645.0,61.4,0.0,0.0,0.0,0.0,0.0
13-07-2019,85.4,3645.0,61.4,0.0,0.0,0.0,0.0,0.0
14-07-2019,85.4,3645.0,61.4,0.0,0.0,0.0,0.0,0.0
15-07-2019,85.4,3645.0,61.4,0.0,0.0,0.0,0.0,0.0
16-07-2019,85.4,3645.0,61.4,0.0,0.0,0.0,0.0,25.0
17-07-2019,85.4,3645.0,61.4,0.0,0.0,0.0,0.0,0.0
18-07-2019,85.4,3645.0,61.4,0.0,0.0,0.0,0.0,0.0
19-07-2019,85.4,3645.0,61.4,0.0,0.0,0.0,0.0,0.0
20-07-2019,85.4,3645.0,61.4,0.0,0.0,0.0,0.0,4.0
21-07-2019,85.4,3645.0,61.4,0.0,0.0,0.0,0.0,0.0
22-07-2019,85.4,3645.0,61.4,0.0,0.0,0.0,0.0,3.0
23-07-2019,85.4,3645.0,61.4,0.0,0.0,0.0,0.0,2.0
24-07-2019,85.4,3645.0,61.4,0.0,0.0,0.0,0.0,14.0
25-07-2019,85.4,3645.0,61.4,0.0,0.0,0.0,0.0,41.0
26-07-2019,85.4,3645.0,61.4,0.0,0.0,0.0,0.0,15.0
27-07-2019,85.4,3645.0,61.4,0.0,0.0,0.0,0.0,0.0
28-07-2019,85.4,3645.0,61.4,0.0,0.0,0.0,0.0,0.0
29-07-2019,85.4,3645.0,61.4,0.0,0.0,0.0,0.0,0.0
30-07-2019,85.4,3645.0,61.4,0.0,0.0,0.0,0.0,0.0
31-07-2019,85.4,3645.0,61.4,0.0,0.0,0.0,0.0,0.0
01-08-2019,85.4,3645.0,61.4,0.0,0.0,0.0,0.0,0.0
02-08-2019,85.4,3645.0,61.4,0.0,0.0,0.0,0.0,0.0
03-08-2019,85.4,3645.0,61.4,0.0,0.0,0.0,0.0,0.0
04-08-2019,85.4,3645.0,61.4,0.0,0.0,0.0,0.0,0.0
05-08-2019,85.4,3645.0,61.4,0.0,0.0,0.0,0.0,0.0
06-08-2019,85.4,3645.0,61.4,0.0,0.0,0.0,0.0,0.0
07-08-2019,85.4,3645.0,61.4,0.0,0.0,0.0,0.0,0.0
08-08-2019,85.4,3645.0,61.4,0.0,0.0,0.0,0.0,0.0
09-08-2019,85.4,3645.0,61.4,0.0,0.0,0.0,0.0,0.0
10-08-2019,85.4,3645.0,61.4,0.0,0.0,0.0,0.0,0.0
11-08-2019,85.4,3645.0,61.4,0.0,0.0,0.0,0.0,0.0
12-08-2019,85.4,3645.0,61.4,0.0,0.0,0.0,0.0,0.0
13-08-2019,85.4,3645.0,61.4,0.0,0.0,0.0,0.0,0.0
14-08-2019,85.4,3645.0,61.4,0.0,0.0,0.0,0.0,0.0
15-08-2019,85.4,3645.0,61.4,0.0,0.0,0.0,0.0,19.0
16-08-2019,85.4,3645.0,61.4,0.0,0.0,0.0,0.0,2.0
17-08-2019,85.4,3645.0,61.4,0.0,0.0,0.0,0.0,16.0
18-08-2019,85.4,3645.0,61.4,0.0,0.0,0.0,0.0,40.0
19-08-2019,85.4,3645.0,61.4,0.0,0.0,0.0,0.0,32.0
20-08-2019,85.4,3645.0,61.4,0.0,0.0,0.0,0.0,35.0
21-08-2019,85.4,3645.0,61.4,0.0,0.0,0.0,0.0,6.0
22-08-2019,85.4,3645.0,61.4,0.0,0.0,0.0,0.0,0.0
23-08-2019,85.4,3645.0,61.4,0.0,0.0,0.0,0.0,0.0
24-08-2019,85.4,3645.0,61.4,0.0,0.0,0.0,0.0,0.0
25-08-2019,85.4,3645.0,61.4,0.0,0.0,0.0,0.0,5.0
26-08-2019,85.4,3645.0,61.4,0.0,0.0,0.0,0.0,0.0
27-08-2019,85.4,3645.0,61.4,0.0,0.0,0.0,0.0,0.0
28-08-2019,85.4,3645.0,61.4,0.0,0.0,0.0,0.0,0.0
29-08-2019,85.4,3645.0,61.4,0.0,0.0,0.0,0.0,29.0
30-08-2019,85.4,3645.0,61.4,0.0,0.0,0.0,0.0,0.0
31-08-2019,85.4,3645.0,61.4,0.0,0.0,0.0,0.0,5.0
01-09-2019,85.4,3645.0,61.4,0.0,0.0,0.0,0.0,0.0
02-09-2019,85.4,3645.0,61.4,0.0,0.0,0.0,0.0,0.0
03-09-2019,85.4,3645.0,61.4,0.0,0.0,0.0,0.0,0.0
04-09-2019,85.4,3645.0,61.4,0.0,0.0,0.0,0.0,4.0
05-09-2019,85.4,3645.0,61.4,0.0,0.0,0.0,0.0,5.0
06-09-2019,85.4,3645.0,61.4,0.0,0.0,0.0,0.0,0.0
07-09-2019,85.4,3645.0,61.4,0.0,0.0,0.0,0.0,0.0
08-09-2019,85.4,3645.0,61.4,0.0,0.0,0.0,0.0,0.0
09-09-2019,85.4,3645.0,61.4,0.0,0.0,0.0,0.0,0.0
10-09-2019,85.4,3645.0,61.4,0.0,0.0,0.0,0.0,0.0
11-09-2019,85.4,3645.0,61.4,0.0,0.0,0.0,0.0,0.0
12-09-2019,85.4,3645.0,61.4,0.0,0.0,0.0,0.0,24.0
13-09-2019,85.4,3645.0,61.4,0.0,0.0,0.0,0.0,11.0
14-09-2019,85.4,3645.0,61.4,0.0,0.0,0.0,0.0,0.0
15-09-2019,85.4,3645.0,61.4,0.0,0.0,0.0,0.0,0.0
16-09-2019,85.4,3645.0,61.4,0.0,0.0,0.0,0.0,0.0
17-09-2019,85.4,3645.0,61.4,0.0,0.0,0.0,0.0,2.0
18-09-2019,85.4,3645.0,61.4,0.0,0.0,0.0,0.0,0.0
19-09-2019,85.4,3645.0,61.4,0.0,0.0,0.0,0.0,29.0
20-09-2019,85.4,3645.0,61.9,8.0,0.22,93.0,0.0,7.0
21-09-2019,85.4,3645.0,61.9,8.0,0.22,0.0,0.0,0.0
22-09-2019,85.4,3645.0,61.9,8.0,0.22,0.0,0.0,22.0
23-09-2019,85.4,3645.0,62.01,10.0,0.27,20.0,0.0,3.0
24-09-2019,85.4,3645.0,62.01,10.0,0.27,0.0,0.0,3.0
25-09-2019,85.4,3645.0,62.01,10.0,0.27,0.0,0.0,0.0
26-09-2019,85.4,3645.0,62.01,10.0,0.27,0.0,0.0,31.0
27-09-2019,85.4,3645.0,62.13,12.0,0.33,23.0,0.0,0.0
28-09-2019,85.4,3645.0,62.13,12.0,0.33,0.0,0.0,0.0
29-09-2019,85.4,3645.0,62.13,12.0,0.33,0.0,0.0,0.0
30-09-2019,85.4,3645.0,62.13,12.0,0.33,0.0,0.0,0.0
01-10-2019,85.4,3645.0,62.13,12.0,0.33,0.0,0.0,5.0
02-10-2019,85.4,3645.0,62.13,12.0,0.33,0.0,0.0,0.0
03-10-2019,85.4,3645.0,62.13,12.0,0.33,0.0,0.0,0.0
04-10-2019,85.4,3645.0,62.13,12.0,0.33,0.0,0.0,0.0
05-10-2019,85.4,3645.0,62.13,12.0,0.33,0.0,0.0,0.0
06-10-2019,85.4,3645.0,62.13,12.0,0.33,0.0,0.0,0.0
07-10-2019,85.4,3645.0,62.07,11.0,0.3,0.0,0.0,0.0
08-10-2019,85.4,3645.0,62.07,11.0,0.3,0.0,0.0,0.0
09-10-2019,85.4,3645.0,62.07,11.0,0.3,0.0,0.0,1.0
10-10-2019,85.4,3645.0,62.07,11.0,0.3,0.0,0.0,0.0
11-10-2019,85.4,3645.0,62.07,11.0,0.3,0.0,0.0,0.0
12-10-2019,85.4,3645.0,62.07,11.0,0.3,0.0,0.0,0.0
13-10-2019,85.4,3645.0,62.07,11.0,0.3,0.0,0.0,0.0
14-10-2019,85.4,3645.0,62.07,11.0,0.3,0.0,0.0,0.0
15-10-2019,85.4,3645.0,62.07,11.0,0.3,0.0,0.0,39.0
16-10-2019,85.4,3645.0,62.3,15.0,0.41,46.0,0.0,29.0
17-10-2019,85.4,3645.0,62.61,20.0,0.55,58.0,0.0,29.0
18-10-2019,85.4,3645.0,62.73,22.0,0.6,20.0,0.0,16.0
19-10-2019,85.4,3645.0,62.73,22.0,0.6,0.0,0.0,0.0
20-10-2019,85.4,3645.0,62.73,22.0,0.6,0.0,0.0,5.0
21-10-2019,85.4,3645.0,62.97,26.0,0.71,46.0,0.0,33.0
22-10-2019,85.4,3645.0,63.09,28.0,0.77,23.0,0.0,19.0
23-10-2019,85.4,3645.0,63.09,28.0,0.77,0.0,0.0,1.0
24-10-2019,85.4,3645.0,63.15,29.0,0.8,13.0,0.0,9.0
25-10-2019,85.4,3645.0,63.15,29.0,0.8,0.0,0.0,0.0
26-10-2019,85.4,3645.0,63.44,35.0,0.96,69.0,0.0,34.0
27-10-2019,85.4,3645.0,63.44,35.0,0.96,0.0,0.0,0.0
28-10-2019,85.4,3645.0,63.44,35.0,0.96,0.0,0.0,16.0
29-10-2019,85.4,3645.0,63.48,37.0,1.02,23.0,0.0,19.0
30-10-2019,85.4,3645.0,63.62,44.0,1.21,81.0,3.0,70.0
31-10-2019,85.4,3645.0,63.74,50.0,1.37,69.0,3.0,48.0
01-11-2019,85.4,3645.0,64.2,75.0,2.06,292.0,3.0,0.0
02-11-2019,85.4,3645.0,64.58,97.0,2.66,257.0,3.0,0.0
03-11-2019,85.4,3645.0,64.98,121.0,3.32,280.0,3.0,0.0
04-11-2019,85.4,3645.0,65.35,145.0,3.98,280.0,3.0,0.0
05-11-2019,85.4,3645.0,65.69,169.0,4.64,280.0,3.0,0.0
06-11-2019,85.4,3645.0,66.03,193.0,5.29,280.0,3.0,0.0
07-11-2019,85.4,3645.0,66.34,217.0,5.95,280.0,3.0,0.0
08-11-2019,85.4,3645.0,66.74,249.0,6.83,378.0,8.0,0.0
09-11-2019,85.4,3645.0,67.12,281.0,7.71,382.0,12.0,0.0
10-11-2019,85.4,3645.0,67.48,313.0,8.59,382.0,12.0,0.0
11-11-2019,85.4,3645.0,67.71,334.0,9.16,280.0,15.0,0.0
12-11-2019,85.4,3645.0,67.95,356.0,9.77,270.0,16.0,0.0
13-11-2019,85.4,3645.0,68.18,378.0,10.37,270.0,16.0,0.0
14-11-2019,85.4,3645.0,68.4,400.0,10.97,270.0,16.0,2.0
15-11-2019,85.4,3645.0,68.61,422.0,11.58,270.0,16.0,3.0
16-11-2019,85.4,3645.0,68.81,442.0,12.13,255.0,24.0,0.0
17-11-2019,85.4,3645.0,68.97,460.0,12.62,237.0,29.0,0.0
18-11-2019,85.4,3645.0,68.14,478.0,13.11,237.0,29.0,0.0
19-11-2019,85.4,3645.0,69.3,496.0,13.61,237.0,29.0,0.0
20-11-2019,85.4,3645.0,69.54,523.0,14.35,237.0,29.0,6.0
21-11-2019,85.4,3645.0,69.7,541.0,14.84,237.0,29.0,1.0
22-11-2019,85.4,3645.0,69.87,561.0,15.39,260.0,29.0,49.0
23-11-2019,85.4,3645.0,70.03,579.0,15.88,237.0,29.0,0.0
24-11-2019,85.4,3645.0,70.18,597.0,16.38,237.0,29.0,2.0
25-11-2019,85.4,3645.0,70.33,615.0,16.87,237.0,29.0,0.0
26-11-2019,85.4,3645.0,70.48,633.0,17.37,237.0,29.0,0.0
27-11-2019,85.4,3645.0,70.62,651.0,17.86,237.0,29.0,1.0
28-11-2019,85.4,3645.0,70.62,651.0,17.86,29.0,29.0,38.0
29-11-2019,85.4,3645.0,70.62,651.0,17.86,38.0,38.0,16.0
30-11-2019,85.4,3645.0,70.61,649.0,17.81,0.0,25.0,8.0
01-12-2019,85.4,3645.0,71.4,749.0,20.55,1182.0,25.0,90.0
02-12-2019,85.4,3645.0,72.6,913.0,25.05,1923.0,25.0,93.0
03-12-2019,85.4,3645.0,73.55,1052.0,28.86,1634.0,25.0,43.0
04-12-2019,85.4,3645.0,73.88,1103.0,30.26,615.0,25.0,0.0
05-12-2019,85.4,3645.0,74.04,1128.0,30.95,319.0,30.0,0.0
06-12-2019,85.4,3645.0,74.13,1142.0,31.33,192.0,30.0,0.0
07-12-2019,85.4,3645.0,74.2,1154.0,31.66,168.0,30.0,0.0
08-12-2019,85.4,3645.0,74.28,1166.0,31.99,168.0,30.0,2.0
09-12-2019,85.4,3645.0,74.36,1178.0,32.32,172.0,34.0,0.0
10-12-2019,85.4,3645.0,74.43,1190.0,32.65,172.0,34.0,0.0
11-12-2019,85.4,3645.0,74.52,1205.0,33.06,207.0,34.0,0.0
12-12-2019,85.4,3645.0,74.61,1220.0,33.47,204.0,31.0,0.0
13-12-2019,85.4,3645.0,74.7,1235.0,33.88,204.0,31.0,0.0
14-12-2019,85.4,3645.0,74.83,1256.0,34.46,276.0,33.0,5.0
15-12-2019,85.4,3645.0,74.96,1277.0,35.03,276.0,33.0,7.0
16-12-2019,85.4,3645.0,75.08,1298.0,35.61,276.0,33.0,0.0
17-12-2019,85.4,3645.0,75.21,1320.0,36.21,286.0,33.0,8.0
18-12-2019,85.4,3645.0,75.44,1359.0,37.28,483.0,32.0,0.0
19-12-2019,85.4,3645.0,75.65,1397.0,38.33,473.0,33.0,0.0
20-12-2019,85.4,3645.0,75.87,1435.0,39.37,475.0,36.0,0.0
21-12-2019,85.4,3645.0,76.08,1473.0,40.41,473.0,33.0,0.0
22-12-2019,85.4,3645.0,76.28,1510.0,41.43,471.0,43.0,0.0
23-12-2019,85.4,3645.0,76.49,1548.0,42.47,492.0,52.0,0.0
24-12-2019,85.4,3645.0,76.7,1586.0,43.51,492.0,52.0,0.0
25-12-2019,85.4,3645.0,76.94,1631.0,44.75,572.0,52.0,7.0
26-12-2019,85.4,3645.0,77.09,1660.0,45.54,402.0,67.0,0.0
27-12-2019,85.4,3645.0,77.24,1689.0,46.34,402.0,67.0,0.0
28-12-2019,85.4,3645.0,77.39,1718.0,47.13,402.0,67.0,0.0
29-12-2019,85.4,3645.0,77.36,1712.0,46.97,0.0,67.0,0.0
30-12-2019,85.4,3645.0,77.33,1706.0,46.8,0.0,67.0,0.0
31-12-2019,85.4,3645.0,77.3,1700.0,46.64,0.0,67.0,13.0
01-01-2020,85.4,3645.0,77.27,1694.0,46.47,0.0,67.0,3.0
02-01-2020,85.4,3645.0,77.27,1694.0,46.47,50.0,50.0,28.0
03-01-2020,85.4,3645.0,77.27,1694.0,46.47,50.0,50.0,0.0
04-01-2020,85.4,3645.0,77.24,1689.0,46.34,0.0,54.0,0.0
05-01-2020,85.4,3645.0,77.22,1685.0,46.23,0.0,50.0,0.0
06-01-2020,85.4,3645.0,77.2,1681.0,46.12,0.0,50.0,1.0
07-01-2020,85.4,3645.0,77.18,1677.0,46.01,0.0,50.0,0.0
08-01-2020,85.4,3645.0,77.15,1672.0,45.87,0.0,50.0,0.0
09-01-2020,85.4,3645.0,77.13,1668.0,45.76,0.0,50.0,0.0
10-01-2020,85.4,3645.0,77.11,1664.0,45.65,0.0,50.0,0.0
11-01-2020,85.4,3645.0,77.09,1660.0,45.54,0.0,50.0,0.0
12-01-2020,85.4,3645.0,77.07,1656.0,45.43,0.0,50.0,0.0
13-01-2020,85.4,3645.0,77.04,1651.0,45.29,0.0,50.0,0.0
14-01-2020,85.4,3645.0,77.02,1647.0,45.19,0.0,50.0,0.0
15-01-2020,85.4,3645.0,77.0,1643.0,45.08,0.0,50.0,0.0
16-01-2020,85.4,3645.0,76.97,1638.0,44.94,0.0,55.0,0.0
17-01-2020,85.4,3645.0,76.95,1633.0,44.8,0.0,55.0,0.0
18-01-2020,85.4,3645.0,76.92,1628.0,44.66,0.0,55.0,1.0
19-01-2020,85.4,3645.0,76.89,1623.0,44.53,0.0,55.0,0.0
20-01-2020,85.4,3645.0,76.87,1618.0,44.39,0.0,55.0,0.0
21-01-2020,85.4,3645.0,76.84,1613.0,44.25,0.0,55.0,0.0
22-01-2020,85.4,3645.0,76.82,1609.0,44.14,0.0,51.0,0.0
23-01-2020,85.4,3645.0,76.8,1605.0,44.03,0.0,51.0,0.0
24-01-2020,85.4,3645.0,76.77,1600.0,43.9,0.0,55.0,0.0
25-01-2020,85.4,3645.0,76.74,1595.0,43.76,0.0,57.0,0.0
26-01-2020,85.4,3645.0,76.72,1591.0,43.65,0.0,48.0,0.0
27-01-2020,85.4,3645.0,76.7,1587.0,43.54,0.0,48.0,0.0
28-01-2020,85.4,3645.0,76.67,1582.0,43.4,0.0,57.0,0.0
29-01-2020,85.4,3645.0,76.63,1573.0,43.16,0.0,105.0,0.0
30-01-2020,85.4,3645.0,76.57,1563.0,42.88,0.0,114.0,0.0
31-01-2020,85.4,3645.0,76.52,1553.0,42.61,0.0,110.0,0.0
01-02-2020,85.4,3645.0,76.49,1547.0,42.44,0.0,72.0,0.0
02-02-2020,85.4,3645.0,76.46,1542.0,42.3,0.0,56.0,0.0
03-02-2020,85.4,3645.0,76.43,1537.0,42.17,0.0,56.0,0.0
04-02-2020,85.4,3645.0,76.4,1532.0,42.03,0.0,56.0,0.0
05-02-2020,85.4,3645.0,76.38,1528.0,41.92,0.0,50.0,0.0
06-02-2020,85.4,3645.0,76.36,1524.0,41.81,0.0,49.0,0.0
07-02-2020,85.4,3645.0,76.33,1519.0,41.67,0.0,55.0,0.0
08-02-2020,85.4,3645.0,76.31,1515.0,41.56,0.0,49.0,0.0
09-02-2020,85.4,3645.0,76.29,1511.0,41.45,0.0,49.0,0.0
10-02-2020,85.4,3645.0,76.29,1511.0,41.45,50.0,52.0,0.0
11-02-2020,85.4,3645.0,76.4,1531.0,42.0,297.0,66.0,0.0
12-02-2020,85.4,3645.0,83.42,3125.0,85.73,140.0,119.0,0.0
13-02-2020,85.4,3645.0,76.61,1571.0,43.1,297.0,66.0,0.0
14-02-2020,85.4,3645.0,76.72,1591.0,43.65,297.0,66.0,0.0
15-02-2020,85.4,3645.0,76.86,1617.0,44.36,367.0,66.0,0.0
16-02-2020,85.4,3645.0,77.0,1643.0,45.08,367.0,59.0,0.0
17-02-2020,85.4,3645.0,77.14,1669.0,45.79,367.0,61.0,0.0
18-02-2020,85.4,3645.0,77.27,1695.0,46.5,367.0,63.0,0.0
19-02-2020,85.4,3645.0,77.41,1721.0,47.22,367.0,63.0,0.0
20-02-2020,85.4,3645.0,77.54,1747.0,47.93,367.0,68.0,0.0
21-02-2020,85.4,3645.0,77.67,1773.0,48.64,367.0,97.0,0.0
22-02-2020,85.4,3645.0,77.8,1799.0,49.36,367.0,68.0,0.0
23-02-2020,85.4,3645.0,77.93,1825.0,50.07,367.0,68.0,0.0
24-02-2020,85.4,3645.0,78.06,1851.0,50.78,367.0,68.0,0.0
25-02-2020,85.4,3645.0,78.14,1877.0,51.5,367.0,68.0,0.0
26-02-2020,85.4,3645.0,78.32,1903.0,52.21,367.0,68.0,0.0
27-02-2020,85.4,3645.0,78.41,1922.0,52.73,367.0,141.0,0.0
28-02-2020,85.4,3645.0,78.51,1943.0,53.31,367.0,125.0,0.0
29-02-2020,85.4,3645.0,78.61,1964.0,53.88,367.0,128.0,0.0
01-03-2020,85.4,3645.0,78.7,1984.0,54.43,367.0,137.0,0.0
02-03-2020,85.4,3645.0,78.81,2006.0,55.03,367.0,118.0,0.0
03-03-2020,85.4,3645.0,78.9,2025.0,55.56,292.0,72.0,0.0
04-03-2020,85.4,3645.0,78.98,2043.0,56.05,292.0,83.0,0.0
05-03-2020,85.4,3645.0,79.03,2054.0,56.35,197.0,69.0,0.0
06-03-2020,85.4,3645.0,79.04,2056.0,56.41,23.0,69.0,0.0
07-03-2020,85.4,3645.0,79.01,2049.0,56.21,0.0,84.0,0.0
08-03-2020,85.4,3645.0,78.98,2042.0,56.02,0.0,77.0,0.0
09-03-2020,85.4,3645.0,78.95,2036.0,55.86,0.0,69.0,0.0
10-03-2020,85.4,3645.0,78.91,2028.0,55.64,0.0,85.0,0.0
11-03-2020,85.4,3645.0,78.88,2021.0,55.45,0.0,74.0,0.0
12-03-2020,85.4,3645.0,78.85,2014.0,55.25,0.0,74.0,0.0
13-03-2020,85.4,3645.0,78.81,2007.0,55.06,0.0,74.0,0.0
14-03-2020,85.4,3645.0,78.78,2000.0,54.87,0.0,74.0,0.0
15-03-2020,85.4,3645.0,78.75,1993.0,54.68,0.0,74.0,0.0
16-03-2020,85.4,3645.0,78.72,1987.0,54.51,0.0,69.0,0.0
17-03-2020,85.4,3645.0,78.69,1981.0,54.35,0.0,73.0,0.0
18-03-2020,85.4,3645.0,78.73,1990.0,54.6,220.0,115.0,0.0
19-03-2020,85.4,3645.0,78.77,1998.0,54.81,220.0,122.0,0.0
21-03-2020,85.4,3645.0,78.84,2013.0,55.23,210.0,126.0,0.0
22-03-2020,85.4,3645.0,78.87,2020.0,55.42,210.0,123.0,0.0
23-03-2020,85.4,3645.0,78.9,2026.0,55.58,205.0,128.0,0.0
24-03-2020,85.4,3645.0,78.93,2032.0,55.75,205.0,130.0,0.0
25-03-2020,85.4,3645.0,78.92,2029.0,55.67,100.0,132.0,0.0
26-03-2020,85.4,3645.0,78.93,2032.0,55.75,180.0,135.0,0.0
27-03-2020,85.4,3645.0,78.96,2039.0,55.94,205.0,116.0,0.0
28-03-2020,85.4,3645.0,78.99,2046.0,56.13,220.0,116.0,0.0
29-03-2020,85.4,3645.0,79.03,2054.0,56.35,210.0,116.0,0.0
30-03-2020,85.4,3645.0,79.07,2062.0,56.57,210.0,116.0,0.0
31-03-2020,85.4,3645.0,79.1,2070.0,56.79,210.0,116.0,0.0
01-04-2020,85.4,3645.0,79.14,2078.0,57.01,210.0,116.0,0.0
02-04-2020,85.4,3645.0,79.19,2089.0,57.31,210.0,77.0,0.0
03-04-2020,85.4,3645.0,79.24,2100.0,57.61,210.0,79.0,0.0
04-04-2020,85.4,3645.0,79.23,2097.0,57.53,40.0,71.0,0.0
05-04-2020,85.4,3645.0,79.2,2091.0,57.37,0.0,71.0,0.0
06-04-2020,85.4,3645.0,79.17,2085.0,57.2,0.0,69.0,0.0
07-04-2020,85.4,3645.0,79.14,2078.0,57.01,0.0,69.0,0.0
08-04-2020,85.4,3645.0,79.11,2072.0,56.84,0.0,69.0,0.0
09-04-2020,85.4,3645.0,79.08,2065.0,56.65,0.0,69.0,0.0
10-04-2020,85.4,3645.0,79.09,2067.0,56.71,85.0,59.0,29.0
11-04-2020,85.4,3645.0,79.06,2061.0,56.54,0.0,69.0,0.0
12-04-2020,85.4,3645.0,79.03,2055.0,56.38,0.0,69.0,0.0
13-04-2020,85.4,3645.0,79.01,2049.0,56.21,0.0,69.0,0.0
14-04-2020,85.4,3645.0,78.98,2043.0,56.05,0.0,70.0,0.0
15-04-2020,85.4,3645.0,78.95,2037.0,55.88,0.0,69.0,0.0
16-04-2020,85.4,3645.0,78.92,2031.0,55.72,0.0,69.0,0.0
17-04-2020,85.4,3645.0,78.89,2024.0,55.53,0.0,71.0,0.0
18-04-2020,85.4,3645.0,78.86,2017.0,55.34,0.0,71.0,0.0
19-04-2020,85.4,3645.0,78.83,2010.0,55.14,0.0,71.0,0.0
20-04-2020,85.4,3645.0,78.79,2003.0,54.95,0.0,71.0,0.0
21-04-2020,85.4,3645.0,78.76,1996.0,54.76,0.0,81.0,0.0
22-04-2020,85.4,3645.0,78.73,1989.0,54.57,0.0,81.0,0.0
23-04-2020,85.4,3645.0,78.7,1983.0,54.4,0.0,71.0,0.0
24-04-2020,85.4,3645.0,78.67,1977.0,54.24,0.0,71.0,0.0
25-04-2020,85.4,3645.0,78.63,1969.0,54.02,0.0,87.0,0.0
26-04-2020,85.4,3645.0,78.6,1963.0,53.85,0.0,71.0,0.0
27-04-2020,85.4,3645.0,78.57,1956.0,53.66,0.0,78.0,10.0
28-04-2020,85.4,3645.0,78.54,1949.0,53.47,0.0,78.0,0.0
29-04-2020,85.4,3645.0,78.51,1943.0,53.31,0.0,71.0,0.0
30-04-2020,85.4,3645.0,78.48,1937.0,53.14,0.0,73.0,0.0
01-05-2020,85.4,3645.0,78.45,1930.0,52.95,0.0,71.0,0.0
02-05-2020,85.4,3645.0,78.42,1924.0,52.78,0.0,71.0,0.0
03-05-2020,85.4,3645.0,78.39,1917.0,52.59,0.0,75.0,0.0
04-05-2020,85.4,3645.0,78.35,1910.0,52.4,0.0,72.0,0.0
05-05-2020,85.4,3645.0,78.32,1903.0,52.21,0.0,72.0,0.0
06-05-2020,85.4,3645.0,78.28,1896.0,52.02,0.0,76.0,0.0
07-05-2020,85.4,3645.0,78.25,1889.0,51.82,0.0,72.0,0.0
08-05-2020,85.4,3645.0,78.21,1882.0,51.63,0.0,74.0,0.0
09-05-2020,85.4,3645.0,78.18,1875.0,51.44,0.0,74.0,0.0
10-05-2020,85.4,3645.0,78.15,1868.0,51.25,0.0,74.0,0.0
11-05-2020,85.4,3645.0,78.11,1861.0,51.06,0.0,74.0,0.0
12-05-2020,85.4,3645.0,78.08,1854.0,50.86,0.0,75.0,0.0
13-05-2020,85.4,3645.0,78.04,1847.0,50.67,0.0,74.0,0.0
14-05-2020,85.4,3645.0,78.01,1840.0,50.48,0.0,74.0,0.0
15-05-2020,85.4,3645.0,77.97,1833.0,50.29,0.0,51.0,0.0
16-05-2020,85.4,3645.0,77.94,1826.0,50.1,0.0,76.0,0.0
17-05-2020,85.4,3645.0,77.91,1819.0,49.9,0.0,78.0,0.0
18-05-2020,85.4,3645.0,77.92,1823.0,50.01,125.0,75.0,0.0
19-05-2020,85.4,3645.0,77.99,1837.0,50.4,242.0,79.0,0.0
20-05-2020,85.4,3645.0,78.06,1851.0,50.78,242.0,78.0,0.0
21-05-2020,85.4,3645.0,78.13,1865.0,51.17,242.0,76.0,0.0
22-05-2020,85.4,3645.0,78.2,1879.0,51.55,242.0,78.0,0.0
23-05-2020,85.4,3645.0,78.27,1893.0,51.93,242.0,75.0,0.0
24-05-2020,85.4,3645.0,78.34,1907.0,52.32,242.0,76.0,0.0
25-05-2020,85.4,3645.0,78.4,1920.0,52.67,234.0,77.0,0.0
26-05-2020,85.4,3645.0,78.46,1932.0,53.0,234.0,95.0,0.0
27-05-2020,85.4,3645.0,78.52,1945.0,53.36,234.0,80.0,0.0
28-05-2020,85.4,3645.0,78.58,1958.0,53.72,234.0,77.0,0.0
29-05-2020,85.4,3645.0,78.64,1971.0,54.07,234.0,79.0,0.0
30-05-2020,85.4,3645.0,78.7,1984.0,54.43,234.0,77.0,0.0
31-05-2020,85.4,3645.0,78.77,1998.0,54.81,234.0,78.0,0.0
01-06-2020,85.4,3645.0,78.83,2011.0,55.17,234.0,77.0,0.0
02-06-2020,85.4,3645.0,78.9,2025.0,55.56,234.0,77.0,0.0
03-06-2020,85.4,3645.0,78.96,2039.0,55.94,234.0,77.0,0.0
04-06-2020,85.4,3645.0,79.02,2052.0,56.3,234.0,79.0,0.0
05-06-2020,85.4,3645.0,79.09,2066.0,56.68,234.0,80.0,5.0
06-06-2020,85.4,3645.0,79.15,2080.0,57.06,234.0,76.0,0.0
07-06-2020,85.4,3645.0,76.96,1635.0,44.86,0.0,66.0,0.0
08-06-2020,85.4,3645.0,79.29,2111.0,57.91,234.0,58.0,0.0
09-06-2020,85.4,3645.0,79.37,2128.0,58.38,234.0,58.0,0.0
10-06-2020,85.4,3645.0,79.44,2144.0,58.82,234.0,58.0,0.0
11-06-2020,85.4,3645.0,79.44,2144.0,58.82,72.0,72.0,0.0
12-06-2020,85.4,3645.0,79.42,2139.0,58.68,0.0,58.0,0.0
13-06-2020,85.4,3645.0,79.4,2134.0,58.55,0.0,63.0,0.0
14-06-2020,85.4,3645.0,79.37,2128.0,58.38,0.0,68.0,0.0
15-06-2020,85.4,3645.0,79.35,2123.0,58.24,0.0,63.0,0.0
16-06-2020,85.4,3645.0,79.32,2117.0,58.08,0.0,67.0,0.0
17-06-2020,85.4,3645.0,79.29,2111.0,57.91,0.0,68.0,0.0
18-06-2020,85.4,3645.0,79.27,2106.0,57.78,0.0,62.0,0.0
19-06-2020,85.4,3645.0,79.25,2101.0,57.64,0.0,62.0,0.0
20-06-2020,85.4,3645.0,79.22,2095.0,57.48,0.0,68.0,0.0
21-06-2020,85.4,3645.0,79.19,2088.0,57.28,0.0,79.0,0.0
22-06-2020,85.4,3645.0,79.16,2082.0,57.12,0.0,74.0,5.0
23-06-2020,85.4,3645.0,79.13,2076.0,56.95,0.0,75.0,15.0
24-06-2020,85.4,3645.0,79.1,2069.0,56.76,0.0,77.0,0.0
25-06-2020,85.4,3645.0,79.07,2062.0,56.57,0.0,79.0,0.0
26-06-2020,85.4,3645.0,79.04,2055.0,56.38,0.0,77.0,0.0
27-06-2020,85.4,3645.0,79.0,2048.0,56.19,0.0,77.0,0.0
28-06-2020,85.4,3645.0,78.97,2040.0,55.97,0.0,77.0,6.0
29-06-2020,85.4,3645.0,78.94,2033.0,55.78,0.0,78.0,1.0
30-06-2020,85.4,3645.0,78.9,2026.0,55.58,0.0,78.0,0.0
01-07-2020,85.4,3645.0,78.87,2019.0,55.39,0.0,85.0,0.0
02-07-2020,85.4,3645.0,78.84,2012.0,55.2,0.0,78.0,7.0
03-07-2020,85.4,3645.0,78.8,2005.0,55.01,0.0,82.0,0.0
04-07-2020,85.4,3645.0,78.77,1998.0,54.81,0.0,81.0,12.0
05-07-2020,85.4,3645.0,78.74,1991.0,54.62,0.0,77.0,0.0
06-07-2020,85.4,3645.0,78.7,1984.0,54.43,0.0,77.0,0.0
07-07-2020,85.4,3645.0,78.67,1977.0,54.24,0.0,77.0,0.0
08-07-2020,85.4,3645.0,78.64,1970.0,54.05,0.0,77.0,4.0
09-07-2020,85.4,3645.0,78.6,1963.0,53.85,0.0,79.0,0.0
10-07-2020,85.4,3645.0,78.65,1972.0,54.1,196.0,92.0,91.0
11-07-2020,85.4,3645.0,78.65,1972.0,54.1,65.0,65.0,39.0
12-07-2020,85.4,3645.0,78.62,1966.0,53.94,0.0,72.0,0.0
13-07-2020,85.4,3645.0,78.59,1960.0,53.77,0.0,73.0,11.0
14-07-2020,85.4,3645.0,78.56,1953.0,53.58,0.0,81.0,0.0
15-07-2020,85.4,3645.0,78.53,1947.0,53.42,0.0,70.0,0.0
16-07-2020,85.4,3645.0,78.5,1941.0,53.25,0.0,68.0,12.0
17-07-2020,85.4,3645.0,78.47,1935.0,53.09,0.0,69.0,1.0
18-07-2020,85.4,3645.0,78.44,1929.0,52.92,0.0,69.0,0.0
19-07-2020,85.4,3645.0,78.42,1924.0,52.78,0.0,67.0,0.0
20-07-2020,85.4,3645.0,78.39,1918.0,52.62,0.0,67.0,0.0
21-07-2020,85.4,3645.0,78.39,1912.0,52.46,0.0,69.0,0.0
22-07-2020,85.4,3645.0,78.33,1906.0,52.29,0.0,67.0,0.0
23-07-2020,85.4,3645.0,78.3,1900.0,52.13,0.0,68.0,0.0
24-07-2020,85.4,3645.0,78.27,1894.0,51.96,0.0,71.0,0.0
25-07-2020,85.4,3645.0,78.24,1888.0,51.8,0.0,67.0,0.0
26-07-2020,85.4,3645.0,78.21,1881.0,51.6,0.0,73.0,0.0
27-07-2020,85.4,3645.0,78.18,1875.0,51.44,0.0,67.0,0.0
28-07-2020,85.4,3645.0,78.15,1869.0,51.28,0.0,67.0,0.0
29-07-2020,85.4,3645.0,78.13,1865.0,51.17,23.0,68.0,39.0
30-07-2020,85.4,3645.0,78.11,1860.0,51.03,0.0,62.0,8.0
31-07-2020,85.4,3645.0,78.08,1855.0,50.89,0.0,62.0,29.0
01-08-2020,85.4,3645.0,78.05,1849.0,50.73,0.0,67.0,0.0
02-08-2020,85.4,3645.0,78.02,1843.0,50.56,0.0,67.0,0.0
03-08-2020,85.4,3645.0,77.99,1837.0,50.4,0.0,68.0,15.0
04-08-2020,85.4,3645.0,77.96,1830.0,50.21,0.0,73.0,0.0
05-08-2020,85.4,3645.0,77.93,1824.0,50.04,0.0,73.0,0.0
06-08-2020,85.4,3645.0,77.9,1817.0,49.85,0.0,84.0,0.0
07-08-2020,85.4,3645.0,77.86,1810.0,49.66,0.0,87.0,0.0
08-08-2020,85.4,3645.0,77.83,1804.0,49.49,0.0,67.0,0.0
09-08-2020,85.4,3645.0,77.79,1797.0,49.3,0.0,81.0,21.0
10-08-2020,85.4,3645.0,77.76,1791.0,49.14,0.0,68.0,0.0
11-08-2020,85.4,3645.0,77.73,1785.0,48.97,0.0,68.0,0.0
12-08-2020,85.4,3645.0,77.7,1779.0,48.81,0.0,71.0,13.0
13-08-2020,85.4,3645.0,77.67,1773.0,48.64,0.0,71.0,0.0
14-08-2020,85.4,3645.0,77.64,1767.0,48.48,0.0,71.0,0.0
15-08-2020,85.4,3645.0,77.61,1761.0,48.31,0.0,76.0,0.0
16-08-2020,85.4,3645.0,77.58,1755.0,48.15,0.0,71.0,0.0
17-08-2020,85.4,3645.0,77.55,1749.0,47.98,0.0,69.0,0.0
18-08-2020,85.4,3645.0,77.52,1743.0,47.82,0.0,71.0,0.0
19-08-2020,85.4,3645.0,77.49,1737.0,47.65,0.0,67.0,0.0
20-08-2020,85.4,3645.0,77.46,1731.0,47.49,0.0,66.0,0.0
21-08-2020,85.4,3645.0,77.43,1726.0,47.35,0.0,62.0,0.0
22-08-2020,85.4,3645.0,77.4,1720.0,47.19,0.0,66.0,0.0
23-08-2020,85.4,3645.0,77.38,1715.0,47.05,0.0,57.0,0.0
24-08-2020,85.4,3645.0,77.35,1710.0,46.91,0.0,61.0,0.0
25-08-2020,85.4,3645.0,77.32,1705.0,46.78,0.0,62.0,0.0
26-08-2020,85.4,3645.0,77.29,1698.0,46.58,0.0,80.0,0.0
27-08-2020,85.4,3645.0,77.26,1692.0,46.42,0.0,62.0,8.0
28-08-2020,85.4,3645.0,77.26,1692.0,46.42,66.0,66.0,10.0
29-08-2020,85.4,3645.0,77.23,1687.0,46.28,0.0,66.0,0.0
30-08-2020,85.4,3645.0,77.2,1681.0,46.12,0.0,65.0,0.0
31-08-2020,85.4,3645.0,77.17,1676.0,45.98,0.0,60.0,0.0
01-09-2020,85.4,3645.0,77.15,1671.0,45.84,0.0,60.0,0.0
02-09-2020,85.4,3645.0,77.11,1665.0,45.68,0.0,61.0,2.0
03-09-2020,85.4,3645.0,77.08,1659.0,45.51,0.0,65.0,0.0
04-09-2020,85.4,3645.0,77.05,1653.0,45.35,0.0,67.0,0.0
05-09-2020,85.4,3645.0,77.02,1647.0,45.19,0.0,62.0,0.0
06-09-2020,85.4,3645.0,76.9,1641.0,45.02,0.0,67.0,0.0
07-09-2020,85.4,3645.0,76.96,1635.0,44.86,0.0,66.0,0.0
08-09-2020,85.4,3645.0,76.93,1630.0,44.72,0.0,60.0,0.0
09-09-2020,85.4,3645.0,76.89,1622.0,44.5,0.0,98.0,0.0
10-09-2020,85.4,3645.0,76.86,1617.0,44.36,0.0,62.0,10.0
11-09-2020,85.4,3645.0,76.83,1611.0,44.2,0.0,60.0,0.0
12-09-2020,85.4,3645.0,76.8,1606.0,44.06,0.0,61.0,0.0
13-09-2020,85.4,3645.0,76.77,1600.0,43.9,0.0,65.0,2.0
14-09-2020,85.4,3645.0,76.81,1608.0,44.12,150.0,56.0,30.0
15-09-2020,85.4,3645.0,76.81,1608.0,44.12,55.0,55.0,0.0
16-09-2020,85.4,3645.0,76.79,1603.0,43.98,0.0,56.0,0.0
17-09-2020,85.4,3645.0,76.81,1607.0,44.09,100.0,55.0,26.0
18-09-2020,85.4,3645.0,76.78,1602.0,43.95,0.0,56.0,0.0
19-09-2020,85.4,3645.0,76.89,1622.0,44.5,300.0,66.0,82.0
20-09-2020,85.4,3645.0,76.94,1631.0,44.75,150.0,56.0,0.0
21-09-2020,85.4,3645.0,76.96,1635.0,44.86,100.0,53.0,0.0
22-09-2020,85.4,3645.0,76.93,1630.0,44.72,0.0,53.0,0.0
23-09-2020,85.4,3645.0,76.91,1625.0,44.58,0.0,56.0,0.0
24-09-2020,85.4,3645.0,76.85,1615.0,44.31,0.0,126.0,0.0
25-09-2020,85.4,3645.0,76.8,1605.0,44.03,0.0,124.0,0.0
26-09-2020,85.4,3645.0,76.77,1600.0,43.9,0.0,65.0,0.0
27-09-2020,85.4,3645.0,76.74,1595.0,43.76,0.0,56.0,0.0
28-09-2020,85.4,3645.0,76.72,1590.0,43.62,0.0,54.0,0.0
29-09-2020,85.4,3645.0,76.69,1585.0,43.48,0.0,62.0,0.0
30-09-2020,85.4,3645.0,76.69,1585.0,43.48,60.0,58.0,5.4
01-10-2020,85.4,3645.0,76.69,1585.0,43.48,60.0,60.0,0.0
02-10-2020,85.4,3645.0,76.69,1585.0,43.48,60.0,58.0,0.0
03-10-2020,85.4,3645.0,76.66,1580.0,43.35,0.0,63.0,0.0
04-10-2020,85.4,3645.0,76.63,1574.0,43.18,0.0,61.0,0.0
05-10-2020,85.4,3645.0,76.6,1569.0,43.05,0.0,60.0,0.0
06-10-2020,85.4,3645.0,76.57,1563.0,42.88,0.0,65.0,0.0
07-10-2020,85.4,3645.0,76.54,1557.0,42.72,0.0,65.0,0.0
08-10-2020,85.4,3645.0,76.51,1551.0,42.55,0.0,64.0,0.0
09-10-2020,85.4,3645.0,76.48,1546.0,42.41,0.0,67.0,0.0
10-10-2020,85.4,3645.0,76.45,1540.0,42.25,0.0,65.0,0.0
11-10-2020,85.4,3645.0,76.54,1559.0,42.77,260.0,60.0,5.4
12-10-2020,85.4,3645.0,76.65,1577.0,43.26,260.0,60.0,0.0
13-10-2020,85.4,3645.0,76.77,1600.0,43.9,315.0,58.0,11.8
14-10-2020,85.4,3645.0,76.87,1619.0,44.42,295.0,64.0,0.0
15-10-2020,85.4,3645.0,76.97,1637.0,44.91,270.0,62.0,0.0
16-10-2020,85.4,3645.0,77.15,1672.0,45.87,480.0,59.0,0.0
17-10-2020,85.4,3645.0,77.34,1708.0,46.86,480.0,60.0,0.0
18-10-2020,85.4,3645.0,77.52,1744.0,47.85,480.0,62.0,1.4
19-10-2020,85.4,3645.0,77.74,1780.0,48.83,480.0,59.0,10.0
20-10-2020,85.4,3645.0,77.89,1814.0,49.77,480.0,62.0,0.0
21-10-2020,85.4,3645.0,78.07,1852.0,50.81,480.0,68.0,0.0
22-10-2020,85.4,3645.0,78.24,1887.0,51.77,480.0,82.0,9.0
23-10-2020,85.4,3645.0,78.6,1962.0,53.83,930.0,59.0,39.0
24-10-2020,85.4,3645.0,78.81,2007.0,55.06,580.0,60.0,0.0
25-10-2020,85.4,3645.0,78.98,2043.0,56.05,480.0,60.0,0.0
26-10-2020,85.4,3645.0,79.14,2078.0,57.01,480.0,58.0,0.0
27-10-2020,85.4,3645.0,79.3,2113.0,57.97,480.0,58.0,0.0
28-10-2020,85.4,3645.0,79.45,2147.0,58.9,460.0,58.0,0.0
29-10-2020,85.4,3645.0,79.61,2182.0,59.86,460.0,60.0,14.0
30-10-2020,85.4,3645.0,79.87,2241.0,61.48,760.0,66.0,13.0
31-10-2020,85.4,3645.0,79.99,2269.0,62.25,390.0,64.0,0.0
01-11-2020,85.4,3645.0,80.11,2297.0,63.02,390.0,63.0,0.0
02-11-2020,85.4,3645.0,80.23,2324.0,63.76,390.0,58.0,0.0
03-11-2020,85.4,3645.0,80.35,2352.0,64.53,390.0,58.0,0.0
04-11-2020,85.4,3645.0,80.36,2354.0,64.58,0.0,64.0,0.0
05-11-2020,85.4,3645.0,80.44,2373.0,65.1,290.0,61.0,5.0
06-11-2020,85.4,3645.0,80.56,2401.0,65.87,390.0,61.0,0.0
07-11-2020,85.4,3645.0,80.68,2429.0,66.64,390.0,61.0,5.0
08-11-2020,85.4,3645.0,80.8,2457.0,67.41,390.0,85.0,8.4
09-11-2020,85.4,3645.0,80.92,2486.0,68.2,390.0,61.0,0.0
10-11-2020,85.4,3645.0,81.01,2508.0,68.81,310.0,57.0,0.0
11-11-2020,85.4,3645.0,81.07,2523.0,69.22,235.0,59.0,0.0
12-11-2020,85.4,3645.0,81.13,2538.0,69.63,235.0,58.0,0.0
13-11-2020,85.4,3645.0,81.28,2576.0,70.67,485.0,62.0,12.0
14-11-2020,85.4,3645.0,81.42,2608.0,71.55,435.0,57.0,5.0
15-11-2020,85.4,3645.0,81.53,2636.0,72.32,390.0,57.0,19.4
16-11-2020,85.4,3645.0,82.1,2781.0,76.3,1720.0,58.0,72.2
17-11-2020,85.4,3645.0,82.53,2889.0,79.26,1086.0,68.0,20.2
18-11-2020,85.4,3645.0,82.67,2926.0,80.27,505.0,77.0,8.2
19-11-2020,85.4,3645.0,82.71,2936.0,80.55,196.0,81.0,0.0
20-11-2020,85.4,3645.0,82.68,2929.0,80.36,0.0,82.0,0.0
21-11-2020,85.4,3645.0,82.65,2921.0,80.14,100.0,84.0,0.0
23-11-2020,85.4,3645.0,82.65,2921.0,80.14,100.0,84.0,0.0
24-11-2020,85.4,3645.0,82.62,2913.0,79.92,220.0,106.0,19.0
25-11-2020,85.4,3645.0,82.95,2999.0,82.28,1096.0,101.0,101.2
26-11-2020,85.4,3645.0,83.25,3080.0,84.5,4371.0,5016.0,132.4
27-11-2020,85.4,3645.0,83.62,3176.0,87.13,1730.0,1074.0,6.0
28-11-2020,85.4,3645.0,83.52,3151.0,86.45,469.25,621.0,0.0
29-11-2020,85.4,3645.0,83.04,3120.0,85.6,350.0,349.0,0.0
30-11-2020,85.4,3645.0,83.4,3120.0,85.6,319.0,319.0,0.0
01-12-2020,85.4,3645.0,83.41,3123.0,85.68,130.0,119.0,0.0
02-12-2020,85.4,3645.0,83.42,3125.0,85.73,140.0,119.0,0.0
03-12-2020,85.4,3645.0,83.47,3137.0,86.06,258.0,119.0,26.0
04-12-2020,85.4,3645.0,83.66,3187.0,87.43,1120.0,573.0,26.0
05-12-2020,85.4,3645.0,83.8,3223.0,88.42,2040.0,1625.0,78.0
06-12-2020,85.4,3645.0,83.77,3215.0,88.2,1080.0,1002.0,19.0
07-12-2020,85.4,3645.0,83.75,3210.0,88.07,1760.0,1625.0,30.5
08-12-2020,85.4,3645.0,83.9,3248.0,89.11,1400.0,1427.0,33.0
09-12-2020,85.4,3645.0,83.8,3223.0,88.42,1160.0,861.0,1.0
10-12-2020,85.4,3645.0,83.89,3246.0,89.05,760.0,492.0,0.0
11-12-2020,85.4,3645.0,83.93,3256.0,89.33,200.0,107.0,0.0
12-12-2020,85.4,3645.0,83.95,3261.0,89.47,166.0,108.0,0.0
13-12-2020,85.4,3645.0,83.92,3254.0,89.27,0.0,108.0,0.0
14-12-2020,85.4,3645.0,83.89,3245.0,89.03,0.0,108.0,0.0
15-12-2020,85.4,3645.0,83.85,3236.0,88.78,0.0,108.0,0.0
16-12-2020,85.4,3645.0,83.85,3236.0,88.78,108.0,108.0,2.0
17-12-2020,85.4,3645.0,83.88,3246.0,89.05,218.0,108.0,11.0
18-12-2020,85.4,3645.0,83.88,3246.0,89.05,116.0,116.0,1.0
19-12-2020,85.4,3645.0,83.88,3246.0,89.05,116.0,116.0,0.0
20-12-2020,85.4,3645.0,83.9,3249.0,89.14,165.0,119.0,0.0
21-12-2020,85.4,3645.0,83.92,3253.0,89.25,165.0,120.0,0.0
22-12-2020,85.4,3645.0,83.93,3257.0,89.36,165.0,125.0,0.0
23-12-2020,85.4,3645.0,83.97,3267.0,89.63,260.0,125.0,0.0
24-12-2020,85.4,3645.0,84.01,3277.0,89.9,260.0,125.0,0.0
25-12-2020,85.4,3645.0,84.05,3287.0,90.18,260.0,125.0,0.0
26-12-2020,85.4,3645.0,84.09,3297.0,90.45,260.0,125.0,0.0
27-12-2020,85.4,3645.0,84.13,3307.0,90.73,260.0,125.0,0.0
28-12-2020,85.4,3645.0,84.17,3318.0,91.03,260.0,125.0,0.0
29-12-2020,85.4,3645.0,84.2,3325.0,91.22,225.0,126.0,0.0
30-12-2020,85.4,3645.0,84.22,3329.0,91.33,180.0,127.0,0.0
31-12-2020,85.4,3645.0,84.29,3347.0,91.82,385.0,125.0,10.0
01-01-2021,85.4,3645.0,84.29,3347.0,91.82,127.0,127.0,2.0
02-01-2021,85.4,3645.0,84.29,3347.0,91.82,127.0,127.0,0.0
03-01-2021,85.4,3645.0,84.29,3347.0,91.82,127.0,127.0,6.0
04-01-2021,85.4,3645.0,84.29,3347.0,91.82,127.0,127.0,0.0
05-01-2021,85.4,3645.0,84.37,3364.0,92.29,312.0,127.0,17.0
06-01-2021,85.4,3645.0,84.58,3426.0,93.99,1530.0,1676.0,135.4
07-01-2021,85.4,3645.0,84.62,3437.0,94.29,2083.0,1933.0,54.0
08-01-2021,85.4,3645.0,84.48,3396.0,93.17,1150.0,1147.0,17.0
09-01-2021,85.4,3645.0,84.45,3387.0,92.92,905.0,905.0,0.0
10-01-2021,85.4,3645.0,84.45,3387.0,92.92,429.0,429.0,0.0
11-01-2021,85.4,3645.0,84.48,3396.0,93.17,382.0,279.0,0.0
12-01-2021,85.4,3645.0,84.48,3396.0,93.17,382.0,382.0,0.0
13-01-2021,85.4,3645.0,84.45,3387.0,92.92,242.0,279.0,0.0
14-01-2021,85.4,3645.0,84.43,3380.0,92.73,142.0,279.0,0.0
15-01-2021,85.4,3645.0,84.41,3373.0,92.54,142.0,279.0,0.0
16-01-2021,85.4,3645.0,84.38,3366.0,92.35,47.0,127.0,0.0
17-01-2021,85.4,3645.0,84.33,3355.0,92.04,0.0,127.0,0.0
18-01-2021,85.4,3645.0,84.28,3344.0,91.74,0.0,127.0,0.0
19-01-2021,85.4,3645.0,84.23,3333.0,91.44,0.0,127.0,0.0
20-01-2021,85.4,3645.0,84.19,3322.0,91.14,0.0,127.0,0.0
21-01-2021,85.4,3645.0,84.24,3336.0,91.52,280.0,127.0,0.0
22-01-2021,85.4,3645.0,84.3,3349.0,91.88,280.0,127.0,0.0
23-01-2021,85.4,3645.0,84.38,3365.0,92.32,290.0,127.0,0.0
24-01-2021,85.4,3645.0,84.43,3380.0,92.73,300.0,127.0,0.0
25-01-2021,85.4,3645.0,84.48,3398.0,93.22,310.0,122.0,0.0
26-01-2021,85.4,3645.0,84.54,3416.0,93.72,310.0,127.0,0.0
27-01-2021,85.4,3645.0,84.6,3432.0,94.16,310.0,128.0,0.0
28-01-2021,85.4,3645.0,84.66,3448.0,94.6,310.0,127.0,0.0
29-01-2021,85.4,3645.0,84.68,3453.0,94.73,170.0,127.0,0.0
30-01-2021,85.4,3645.0,84.7,3459.0,94.9,180.0,122.0,0.0
31-01-2021,85.4,3645.0,84.72,3464.0,95.03,180.0,122.0,0.0
01-02-2021,85.4,3645.0,84.74,3470.0,95.2,180.0,122.0,0.0
02-02-2021,85.4,3645.0,84.76,3476.0,95.36,180.0,123.0,0.0
03-02-2021,85.4,3645.0,84.79,3484.0,95.58,180.0,122.0,0.0
04-02-2021,85.4,3645.0,84.81,3490.0,95.75,180.0,122.0,0.0
05-02-2021,85.4,3645.0,84.8,3487.0,95.67,100.0,127.0,0.0
06-02-2021,85.4,3645.0,84.78,3482.0,95.53,85.0,133.0,0.0
07-02-2021,85.4,3645.0,84.76,3476.0,95.36,80.0,137.0,0.0
08-02-2021,85.4,3645.0,84.74,3470.0,95.2,80.0,137.0,0.0
09-02-2021,85.4,3645.0,84.71,3462.0,94.98,50.0,142.0,0.0
10-02-2021,85.4,3645.0,84.67,3451.0,94.68,20.0,142.0,0.0
11-02-2021,85.4,3645.0,84.62,3438.0,94.32,0.0,142.0,0.0
12-02-2021,85.4,3645.0,84.57,3424.0,93.94,0.0,152.0,0.0
13-02-2021,85.4,3645.0,84.52,3410.0,93.55,0.0,157.0,0.0
14-02-2021,85.4,3645.0,84.47,3396.0,93.17,0.0,158.0,0.0
15-02-2021,85.4,3645.0,84.43,3381.0,92.76,0.0,163.0,0.0
16-02-2021,85.4,3645.0,84.38,3366.0,92.35,0.0,163.0,0.0
17-02-2021,85.4,3645.0,84.31,3351.0,91.93,0.0,162.0,0.0
18-02-2021,85.4,3645.0,84.24,3336.0,91.52,0.0,162.0,0.0
19-02-2021,85.4,3645.0,84.18,3325.0,91.22,0.0,163.0,0.0
20-02-2021,85.4,3645.0,84.12,3305.0,90.67,0.0,162.0,0.0
21-02-2021,85.4,3645.0,84.06,3290.0,90.26,0.0,162.0,4.0
22-02-2021,85.4,3645.0,84.01,3276.0,89.88,0.0,163.0,0.0
23-02-2021,85.4,3645.0,83.95,3261.0,89.47,0.0,163.0,0.0
24-02-2021,85.4,3645.0,83.89,3245.0,89.03,0.0,162.0,0.0
25-02-2021,85.4,3645.0,83.83,3233.0,88.7,0.0,147.0,0.0
26-02-2021,85.4,3645.0,83.78,3220.0,88.34,0.0,148.0,0.0
27-02-2021,85.4,3645.0,83.74,3207.0,87.98,0.0,147.0,0.0
28-02-2021,85.4,3645.0,83.68,3192.0,87.57,0.0,163.0,0.0
01-03-2021,85.4,3645.0,83.62,3177.0,87.16,0.0,163.0,0.0
02-03-2021,85.4,3645.0,83.56,3162.0,86.75,0.0,163.0,0.0
03-03-2021,85.4,3645.0,83.5,3146.0,86.31,0.0,163.0,0.0
04-03-2021,85.4,3645.0,83.45,3132.0,85.93,0.0,163.0,0.0
05-03-2021,85.4,3645.0,83.39,3118.0,85.54,0.0,162.0,0.0
06-03-2021,85.4,3645.0,83.34,3104.0,85.16,0.0,162.0,0.0
07-03-2021,85.4,3645.0,83.3,3094.0,84.88,50.0,162.0,0.0
08-03-2021,85.4,3645.0,83.3,3094.0,84.88,150.0,162.0,0.0
09-03-2021,85.4,3645.0,83.29,3091.0,84.8,150.0,162.0,0.0
10-03-2021,85.4,3645.0,83.29,3091.0,84.8,150.0,163.0,0.0
11-03-2021,85.4,3645.0,83.28,3088.0,84.72,150.0,162.0,0.0
12-03-2021,85.4,3645.0,83.27,3086.0,84.66,150.0,163.0,0.0
13-03-2021,85.4,3645.0,83.26,3083.0,84.58,150.0,163.0,0.0
14-03-2021,85.4,3645.0,83.25,3081.0,84.53,150.0,163.0,0.0
15-03-2021,85.4,3645.0,83.24,3078.0,84.44,150.0,168.0,0.0
16-03-2021,85.4,3645.0,83.23,3075.0,84.36,150.0,170.0,0.0
17-03-2021,85.4,3645.0,83.22,3072.0,84.28,150.0,175.0,0.0
18-03-2021,85.4,3645.0,83.21,3069.0,84.2,150.0,175.0,0.0
19-03-2021,85.4,3645.0,83.2,3066.0,84.12,150.0,175.0,0.0
20-03-2021,85.4,3645.0,83.18,3062.0,84.01,150.0,176.0,0.0
21-03-2021,85.4,3645.0,83.17,3058.0,83.9,150.0,169.0,0.0
22-03-2021,85.4,3645.0,83.16,3056.0,83.84,150.0,168.0,0.0
23-03-2021,85.4,3645.0,83.15,3053.0,83.76,150.0,170.0,0.0
24-03-2021,85.4,3645.0,83.14,3050.0,83.68,150.0,170.0,0.0
25-03-2021,85.4,3645.0,83.13,3048.0,83.62,150.0,170.0,0.0
26-03-2021,85.4,3645.0,83.12,3045.0,83.54,150.0,170.0,0.0
27-03-2021,85.4,3645.0,83.11,3042.0,83.46,150.0,174.0,0.0
28-03-2021,85.4,3645.0,83.1,3039.0,83.37,150.0,176.0,0.0
29-03-2021,85.4,3645.0,83.09,3037.0,83.32,150.0,174.0,0.0
30-03-2021,85.4,3645.0,83.08,3035.0,83.26,150.0,174.0,0.0
31-03-2021,85.4,3645.0,83.07,3032.0,83.18,150.0,174.0,0.0
01-04-2021,85.4,3645.0,83.06,3030.0,83.13,150.0,174.0,0.0
02-04-2021,85.4,3645.0,83.05,3027.0,83.05,150.0,176.0,0.0
03-04-2021,85.4,3645.0,83.04,3024.0,82.96,150.0,176.0,0.0
04-04-2021,85.4,3645.0,83.03,3021.0,82.88,150.0,176.0,0.0
05-04-2021,85.4,3645.0,83.02,3018.0,82.8,150.0,178.0,0.0
06-04-2021,85.4,3645.0,83.01,3015.0,82.72,150.0,178.0,0.0
07-04-2021,85.4,3645.0,83.0,3012.0,82.63,150.0,178.0,0.0
08-04-2021,85.4,3645.0,82.99,3009.0,82.55,150.0,178.0,0.0
09-04-2021,85.4,3645.0,82.98,3007.0,82.5,150.0,178.0,0.0
10-04-2021,85.4,3645.0,82.97,3004.0,82.41,150.0,178.0,0.0
11-04-2021,85.4,3645.0,82.96,3001.0,82.33,150.0,178.0,0.0
12-04-2021,85.4,3645.0,82.95,2999.0,82.28,150.0,178.0,0.0
13-04-2021,85.4,3645.0,82.94,2996.0,82.19,150.0,178.0,0.0
14-04-2021,85.4,3645.0,82.93,2994.0,82.14,150.0,178.0,0.0
15-04-2021,85.4,3645.0,82.93,2994.0,82.14,150.0,153.0,4.0
16-04-2021,85.4,3645.0,82.92,2992.0,82.09,150.0,168.0,0.0
17-04-2021,85.4,3645.0,82.91,2989.0,82.0,150.0,173.0,0.0
18-04-2021,85.4,3645.0,82.9,2986.0,81.92,150.0,173.0,0.0
19-04-2021,85.4,3645.0,82.89,2983.0,81.84,150.0,173.0,0.0
20-04-2021,85.4,3645.0,82.88,2981.0,81.78,150.0,178.0,0.0
21-04-2021,85.4,3645.0,82.87,2978.0,81.7,150.0,178.0,0.0
22-04-2021,85.4,3645.0,82.86,2975.0,81.62,150.0,178.0,0.0
23-04-2021,85.4,3645.0,82.85,2973.0,81.56,150.0,168.0,0.0
24-04-2021,85.4,3645.0,82.85,2973.0,81.56,150.0,153.0,0.0
25-04-2021,85.4,3645.0,82.85,2973.0,81.56,150.0,153.0,0.0
26-04-2021,85.4,3645.0,82.85,2973.0,81.56,150.0,153.0,0.0
27-04-2021,85.4,3645.0,82.85,2973.0,81.56,150.0,153.0,0.0
28-04-2021,85.4,3645.0,82.84,2971.0,81.51,150.0,153.0,0.0
29-04-2021,85.4,3645.0,82.82,2965.0,81.34,150.0,153.0,0.0
30-04-2021,85.4,3645.0,82.82,2965.0,81.34,150.0,153.0,0.0
01-05-2021,85.4,3645.0,82.82,2965.0,81.34,150.0,153.0,0.0
02-05-2021,85.4,3645.0,82.82,2965.0,81.34,150.0,153.0,0.0
03-05-2021,85.4,3645.0,82.81,2963.0,81.29,150.0,153.0,0.0
04-05-2021,85.4,3645.0,82.81,2963.0,81.29,150.0,153.0,0.0
05-05-2021,85.4,3645.0,82.81,2963.0,81.29,150.0,158.0,0.0
06-05-2021,85.4,3645.0,82.8,2960.0,81.21,150.0,158.0,0.0
07-05-2021,85.4,3645.0,82.8,2960.0,81.21,150.0,158.0,0.0
08-05-2021,85.4,3645.0,82.8,2960.0,81.21,160.0,158.0,0.0
09-05-2021,85.4,3645.0,82.8,2960.0,81.21,160.0,158.0,0.0
10-05-2021,85.4,3645.0,82.8,2960.0,81.21,160.0,158.0,0.0
11-05-2021,85.4,3645.0,82.79,2958.0,81.15,155.0,158.0,0.0
12-05-2021,85.4,3645.0,82.79,2958.0,81.15,160.0,162.0,0.0
13-05-2021,85.4,3645.0,82.78,2955.0,81.07,160.0,175.0,0.0
14-05-2021,85.4,3645.0,82.77,2953.0,81.02,160.0,180.0,0.0
15-05-2021,85.4,3645.0,82.76,2950.0,80.93,160.0,180.0,0.0
16-05-2021,85.4,3645.0,82.75,2947.0,80.85,160.0,185.0,0.0
17-05-2021,85.4,3645.0,82.74,2944.0,80.77,160.0,185.0,0.0
18-05-2021,85.4,3645.0,82.75,2947.0,80.85,220.0,185.0,0.0
19-05-2021,85.4,3645.0,82.78,2955.0,81.07,300.0,197.0,0.0
20-05-2021,85.4,3645.0,82.81,2963.0,81.29,300.0,198.0,0.0
21-05-2021,85.4,3645.0,82.86,2976.0,81.65,330.0,183.0,14.0
22-05-2021,85.4,3645.0,83.05,3028.0,83.07,765.0,158.0,30.0
23-05-2021,85.4,3645.0,83.04,3024.0,82.96,115.0,163.0,0.0
24-05-2021,85.4,3645.0,83.03,3021.0,82.88,115.0,163.0,0.0
25-05-2021,85.4,3645.0,83.02,3019.0,82.83,115.0,145.0,0.0
26-05-2021,85.4,3645.0,83.01,3016.0,82.74,115.0,145.0,0.0
27-05-2021,85.4,3645.0,83.0,3013.0,82.66,115.0,143.0,0.0
28-05-2021,85.4,3645.0,82.97,3004.0,82.41,45.0,145.0,0.0
29-05-2021,85.4,3645.0,82.92,2992.0,82.09,0.0,145.0,0.0
30-05-2021,85.4,3645.0,82.87,2979.0,81.73,0.0,145.0,0.0
31-05-2021,85.4,3645.0,82.82,2966.0,81.37,0.0,148.0,0.0
01-06-2021,85.4,3645.0,82.77,2952.0,80.99,0.0,158.0,0.0
02-06-2021,85.4,3645.0,82.71,2937.0,80.58,0.0,168.0,0.0
03-06-2021,85.4,3645.0,82.66,2923.0,80.19,0.0,171.0,0.0
04-06-2021,85.4,3645.0,82.6,2908.0,79.78,0.0,176.0,0.0
05-06-2021,85.4,3645.0,82.54,2892.0,79.34,0.0,176.0,0.0
06-06-2021,85.4,3645.0,82.48,2876.0,78.9,0.0,176.0,0.0
07-06-2021,85.4,3645.0,82.42,2860.0,78.46,0.0,173.0,0.0
08-06-2021,85.4,3645.0,82.42,2860.0,78.46,175.0,176.0,17.4
09-06-2021,85.4,3645.0,82.34,2843.0,78.0,0.0,176.0,0.0
10-06-2021,85.4,3645.0,82.3,2829.0,77.61,56.0,176.0,0.0
11-06-2021,85.4,3645.0,82.25,2818.0,77.31,56.0,181.0,0.0
12-06-2021,85.4,3645.0,82.21,2807.0,77.01,56.0,181.0,0.0
13-06-2021,85.4,3645.0,82.17,2796.0,76.71,80.0,191.0,0.0
14-06-2021,85.4,3645.0,82.12,2786.0,76.43,80.0,196.0,0.0
15-06-2021,85.4,3645.0,82.07,2772.0,76.05,40.0,198.0,0.0
16-06-2021,85.4,3645.0,82.01,2756.0,75.61,30.0,198.0,0.0
17-06-2021,85.4,3645.0,81.95,2740.0,75.17,30.0,198.0,0.0
18-06-2021,85.4,3645.0,81.88,2723.0,74.71,30.0,198.0,0.0
19-06-2021,85.4,3645.0,81.83,2710.0,74.35,45.0,196.0,0.0
20-06-2021,85.4,3645.0,81.77,2695.0,73.94,45.0,198.0,0.0
21-06-2021,85.4,3645.0,81.71,2680.0,73.53,35.0,198.0,0.0
22-06-2021,85.4,3645.0,81.65,2666.0,73.14,35.0,193.0,0.0
23-06-2021,85.4,3645.0,81.6,2652.0,72.76,35.0,193.0,0.0
24-06-2021,85.4,3645.0,81.54,2638.0,72.37,35.0,193.0,6.0
25-06-2021,85.4,3645.0,81.49,2625.0,72.02,35.0,198.0,0.0
26-06-2021,85.4,3645.0,81.44,2613.0,71.69,35.0,178.0,0.0
27-06-2021,85.4,3645.0,81.4,2603.0,71.41,35.0,156.0,0.0
28-06-2021,85.4,3645.0,81.59,2650.0,72.7,495.0,153.0,38.0
29-06-2021,85.4,3645.0,81.65,2665.0,73.11,335.0,158.0,0.0
30-06-2021,85.4,3645.0,81.61,2655.0,72.84,35.0,158.0,0.0
01-07-2021,85.4,3645.0,81.55,2641.0,72.46,0.0,156.0,0.0
02-07-2021,85.4,3645.0,81.5,2627.0,72.07,0.0,156.0,0.0
03-07-2021,85.4,3645.0,81.5,2627.0,72.07,150.0,156.0,9.4
04-07-2021,85.4,3645.0,81.44,2613.0,71.69,0.0,156.0,0.0
05-07-2021,85.4,3645.0,81.39,2600.0,71.33,0.0,148.0,0.0
06-07-2021,85.4,3645.0,81.33,2586.0,70.95,0.0,156.0,0.0
07-07-2021,85.4,3645.0,81.28,2573.0,70.59,0.0,156.0,0.0
08-07-2021,85.4,3645.0,81.22,2560.0,70.23,0.0,151.0,0.0
09-07-2021,85.4,3645.0,81.51,2630.0,72.15,955.0,151.0,34.0
10-07-2021,85.4,3645.0,81.51,2630.0,72.15,155.0,151.0,4.0
11-07-2021,85.4,3645.0,81.46,2618.0,71.82,0.0,151.0,0.0
12-07-2021,85.4,3645.0,81.41,2605.0,71.47,0.0,148.0,3.0
13-07-2021,85.4,3645.0,81.35,2592.0,71.11,0.0,151.0,0.0
14-07-2021,85.4,3645.0,81.3,2579.0,70.75,0.0,151.0,0.0
15-07-2021,85.4,3645.0,81.3,2579.0,70.75,150.0,151.0,8.0
16-07-2021,85.4,3645.0,81.25,2566.0,70.4,0.0,151.0,0.0
17-07-2021,85.4,3645.0,81.39,2600.0,71.33,520.0,151.0,26.0
18-07-2021,85.4,3645.0,81.52,2632.0,72.21,520.0,151.0,16.0
19-07-2021,85.4,3645.0,81.52,2632.0,72.21,150.0,148.0,3.0
20-07-2021,85.4,3645.0,81.52,2632.0,72.21,150.0,151.0,3.0
21-07-2021,85.4,3645.0,81.46,2618.0,71.82,0.0,151.0,2.0
22-07-2021,85.4,3645.0,81.41,2605.0,71.47,0.0,151.0,0.0
23-07-2021,85.4,3645.0,81.36,2593.0,71.14,0.0,151.0,2.0
24-07-2021,85.4,3645.0,81.31,2581.0,70.81,0.0,148.0,0.0
25-07-2021,85.4,3645.0,81.26,2568.0,70.45,0.0,151.0,0.0
26-07-2021,85.4,3645.0,81.2,2555.0,70.1,0.0,148.0,0.0
27-07-2021,85.4,3645.0,81.15,2542.0,69.74,0.0,151.0,2.0
28-07-2021,85.4,3645.0,81.09,2528.0,69.36,0.0,151.0,0.0
29-07-2021,85.4,3645.0,81.04,2515.0,69.0,0.0,151.0,0.0
30-07-2021,85.4,3645.0,80.98,2501.0,68.61,0.0,151.0,0.0
31-07-2021,85.4,3645.0,80.93,2488.0,68.26,0.0,151.0,0.0
01-08-2021,85.4,3645.0,80.87,2475.0,67.9,0.0,148.0,13.0
02-08-2021,85.4,3645.0,80.81,2461.0,67.52,0.0,161.0,0.0
03-08-2021,85.4,3645.0,80.76,2448.0,67.16,0.0,161.0,0.0
04-08-2021,85.4,3645.0,80.7,2434.0,66.78,0.0,161.0,0.0
05-08-2021,85.4,3645.0,80.64,2420.0,66.39,0.0,161.0,0.0
06-08-2021,85.4,3645.0,80.58,2406.0,66.01,0.0,161.0,0.0
07-08-2021,85.4,3645.0,80.52,2392.0,65.62,0.0,161.0,0.0
08-08-2021,85.4,3645.0,80.51,2384.0,65.4,160.0,181.0,0.0
09-08-2021,85.4,3645.0,80.48,2382.0,65.35,160.0,186.0,0.0
10-08-2021,85.4,3645.0,80.68,2429.0,66.64,725.0,186.0,36.0
11-08-2021,85.4,3645.0,80.74,2443.0,67.02,320.0,161.0,0.0
12-08-2021,85.4,3645.0,80.79,2455.0,67.35,300.0,161.0,0.0
13-08-2021,85.4,3645.0,80.79,2455.0,67.35,160.0,161.0,0.0
14-08-2021,85.4,3645.0,80.79,2455.0,67.35,160.0,160.0,0.0
15-08-2021,85.4,3645.0,80.79,2455.0,67.35,160.0,163.0,0.0
16-08-2021,85.4,3645.0,80.79,2455.0,67.35,160.0,162.0,0.0
17-08-2021,85.4,3645.0,80.85,2469.0,67.74,320.0,160.0,17.0
18-08-2021,85.4,3645.0,80.91,2483.0,68.12,320.0,163.0,0.0
19-08-2021,85.4,3645.0,80.91,2483.0,68.12,160.0,158.0,0.0
20-08-2021,85.4,3645.0,80.94,2491.0,68.34,250.0,160.0,0.0
21-08-2021,85.4,3645.0,80.94,2491.0,68.34,160.0,159.0,0.0
22-08-2021,85.4,3645.0,80.94,2491.0,68.34,160.0,161.0,0.0
23-08-2021,85.4,3645.0,80.94,2491.0,68.34,160.0,162.0,0.0
24-08-2021,85.4,3645.0,80.94,2491.0,68.34,160.0,163.0,0.0
25-08-2021,85.4,3645.0,80.94,2491.0,68.34,160.0,161.0,0.0
26-08-2021,85.4,3645.0,80.94,2491.0,68.34,160.0,163.0,0.0
27-08-2021,85.4,3645.0,81.07,2522.0,69.19,520.0,161.0,19.2
28-08-2021,85.4,3645.0,81.15,2542.0,69.74,380.0,163.0,14.0
29-08-2021,85.4,3645.0,81.19,2552.0,70.01,280.0,163.0,10.0
30-08-2021,85.4,3645.0,81.19,2552.0,70.01,160.0,158.0,4.0
31-08-2021,85.4,3645.0,81.23,2562.0,70.29,260.0,158.0,0.0
01-09-2021,85.4,3645.0,81.35,2591.0,71.08,500.0,158.0,0.0
02-09-2021,85.4,3645.0,81.45,2616.0,71.77,450.0,155.0,0.0
03-09-2021,85.4,3645.0,81.5,2628.0,72.1,300.0,158.0,0.0
04-09-2021,85.4,3645.0,81.56,2643.0,72.51,335.0,161.0,4.0
05-09-2021,85.4,3645.0,81.6,2652.0,72.76,250.0,150.0,0.0
06-09-2021,85.4,3645.0,81.67,2673.0,73.33,400.0,150.0,9.0
07-09-2021,85.4,3645.0,81.79,2700.0,74.07,465.0,148.0,7.0
08-09-2021,85.4,3645.0,81.87,2720.0,74.62,375.0,150.0,0.0
09-09-2021,85.4,3645.0,81.92,2733.0,74.98,300.0,150.0,0.0
10-09-2021,85.4,3645.0,81.94,2738.0,75.12,200.0,150.0,0.0
11-09-2021,85.4,3645.0,81.96,2743.0,75.25,200.0,151.0,0.0
12-09-2021,85.4,3645.0,81.97,2746.0,75.34,215.0,171.0,0.0
13-09-2021,85.4,3645.0,81.99,2751.0,75.47,215.0,147.0,0.0
14-09-2021,85.4,3645.0,82.02,2758.0,75.67,215.0,151.0,0.0
15-09-2021,85.4,3645.0,82.05,2766.0,75.88,215.0,151.0,0.0
16-09-2021,85.4,3645.0,82.08,2773.0,76.08,215.0,151.0,0.0
17-09-2021,85.4,3645.0,82.1,2781.0,76.3,215.0,151.0,0.0
18-09-2021,85.4,3645.0,82.13,2789.0,76.52,215.0,149.0,0.0
19-09-2021,85.4,3645.0,82.16,2794.0,76.65,215.0,151.0,0.0
20-09-2021,85.4,3645.0,82.19,2802.0,76.87,215.0,149.0,0.0
21-09-2021,85.4,3645.0,82.22,2810.0,77.09,215.0,150.0,0.0
22-09-2021,85.4,3645.0,82.43,2861.0,78.49,740.0,149.0,14.0
23-09-2021,85.4,3645.0,82.49,2879.0,78.98,360.0,148.0,0.0
24-09-2021,85.4,3645.0,82.56,2897.0,79.48,350.0,148.0,0.0
25-09-2021,85.4,3645.0,82.65,2920.0,80.11,400.0,150.0,0.0
26-09-2021,85.4,3645.0,82.7,2934.0,80.49,315.0,151.0,2.0
27-09-2021,85.4,3645.0,82.69,2931.0,80.41,100.0,151.0,0.0
28-09-2021,85.4,3645.0,82.64,2918.0,80.05,0.0,150.0,0.0
29-09-2021,85.4,3645.0,82.59,2905.0,79.7,0.0,151.0,0.0
30-09-2021,85.4,3645.0,82.54,2892.0,79.34,0.0,151.0,0.0
01-10-2021,85.4,3645.0,82.49,2879.0,78.98,0.0,151.0,0.0
02-10-2021,85.4,3645.0,82.45,2866.0,78.63,0.0,151.0,6.0
03-10-2021,85.4,3645.0,82.45,2866.0,78.63,140.0,140.0,21.2
04-10-2021,85.4,3645.0,82.39,2853.0,78.27,0.0,148.0,0.0
05-10-2021,85.4,3645.0,82.35,2845.0,78.05,50.0,151.0,2.0
06-10-2021,85.4,3645.0,82.55,2894.0,79.4,715.0,151.0,48.0
07-10-2021,85.4,3645.0,82.55,2894.0,79.4,150.0,150.0,2.0
08-10-2021,85.4,3645.0,82.5,2881.0,79.04,0.0,144.0,0.0
09-10-2021,85.4,3645.0,82.46,2869.0,78.71,0.0,151.0,0.0
10-10-2021,85.4,3645.0,82.4,2856.0,78.35,0.0,150.0,0.0
11-10-2021,85.4,3645.0,82.37,2850.0,78.19,75.0,149.0,5.2
12-10-2021,85.4,3645.0,82.32,2837.0,77.83,0.0,147.0,0.0
13-10-2021,85.4,3645.0,82.28,2824.0,77.48,0.0,151.0,1.0
14-10-2021,85.4,3645.0,82.36,2847.0,78.11,410.0,151.0,13.0
15-10-2021,85.4,3645.0,82.36,2847.0,78.11,145.0,142.0,0.0
16-10-2021,85.4,3645.0,82.33,2840.0,77.91,75.0,143.0,0.0
17-10-2021,85.4,3645.0,82.29,2828.0,77.59,0.0,147.0,0.0
18-10-2021,85.4,3645.0,82.24,2815.0,77.23,0.0,150.0,0.0
19-10-2021,85.4,3645.0,82.19,2802.0,76.87,0.0,150.0,0.0
20-10-2021,85.4,3645.0,82.14,2789.0,76.52,0.0,148.0,0.0
21-10-2021,85.4,3645.0,82.09,2776.0,76.16,0.0,150.0,0.0
22-10-2021,85.4,3645.0,82.12,2786.0,76.43,260.0,147.0,6.0
23-10-2021,85.4,3645.0,82.08,2773.0,76.08,0.0,150.0,2.0
24-10-2021,85.4,3645.0,82.03,2760.0,75.72,0.0,147.0,0.0
25-10-2021,85.4,3645.0,82.15,2791.0,76.57,505.0,147.0,22.0
26-10-2021,85.4,3645.0,82.1,2782.0,76.32,50.0,147.0,0.0
27-10-2021,85.4,3645.0,82.06,2769.0,75.97,0.0,147.0,0.0
28-10-2021,85.4,3645.0,82.02,2756.0,75.61,0.0,148.0,0.0
29-10-2021,85.4,3645.0,81.96,2743.0,75.25,0.0,151.0,0.0
30-10-2021,85.4,3645.0,82.07,2771.0,76.02,475.0,149.0,40.0
31-10-2021,85.4,3645.0,82.12,2786.0,76.43,325.0,151.0,5.0
01-11-2021,85.4,3645.0,82.2,2804.0,76.93,345.0,150.0,12.0
02-11-2021,85.4,3645.0,82.23,2812.0,77.15,245.0,151.0,12.0
03-11-2021,85.4,3645.0,83.44,3130.0,85.87,750.0,650.0,0.0
04-11-2021,85.4,3645.0,82.52,2887.0,79.2,635.0,151.0,10.0
05-11-2021,85.4,3645.0,82.58,2903.0,79.64,335.0,148.0,6.0
06-11-2021,85.4,3645.0,82.55,2895.0,79.42,60.0,149.0,1.0
07-11-2021,85.4,3645.0,82.7,2934.0,80.49,600.0,149.0,52.0
08-11-2021,85.4,3645.0,82.73,2942.0,80.71,710.0,2144.0,46.4
09-11-2021,85.4,3645.0,82.39,2852.0,78.24,100.0,2144.0,27.8
10-11-2021,85.4,3645.0,81.77,2695.0,73.94,0.0,2151.0,4.0
11-11-2021,85.4,3645.0,81.88,2722.0,74.68,5240.0,2151.0,124.0
12-11-2021,85.4,3645.0,82.57,2900.0,79.56,4050.0,2146.0,44.3
13-11-2021,85.4,3645.0,82.74,2944.0,80.77,1600.0,1150.0,0.0
14-11-2021,85.4,3645.0,82.83,2968.0,81.43,400.0,400.0,0.0
15-11-2021,85.4,3645.0,82.91,2988.0,81.98,620.0,399.0,0.0
16-11-2021,85.4,3645.0,82.95,2999.0,82.28,525.0,401.0,0.0
17-11-2021,85.4,3645.0,82.7,2934.0,80.49,405.0,1151.0,0.0
18-11-2021,85.4,3645.0,82.2,2804.0,76.93,1040.0,2151.0,36.2
19-11-2021,85.4,3645.0,81.86,2717.0,74.54,2700.0,651.0,49.0
20-11-2021,85.4,3645.0,82.4,2855.0,78.33,2000.0,401.0,14.0
21-11-2021,85.4,3645.0,82.8,2960.0,81.21,1615.0,399.0,6.0
22-11-2021,85.4,3645.0,83.13,3048.0,83.62,1415.0,401.0,7.0
23-11-2021,85.4,3645.0,83.19,3064.0,84.06,780.0,1151.0,3.0
24-11-2021,85.4,3645.0,82.74,2944.0,80.77,750.0,2149.0,0.0
25-11-2021,85.4,3645.0,82.23,2812.0,77.15,600.0,2147.0,4.0
26-11-2021,85.4,3645.0,82.13,2787.0,76.46,3050.0,2147.0,90.6
27-11-2021,85.4,3645.0,82.53,2890.0,79.29,5900.0,2151.0,120.4
28-11-2021,85.4,3645.0,83.02,3019.0,82.83,3200.0,3151.0,27.2
29-11-2021,85.4,3645.0,83.55,3159.0,86.67,4770.0,3151.0,54.0
30-11-2021,85.4,3645.0,83.88,3243.0,88.97,3200.0,3150.0,40.0
01-12-2021,85.4,3645.0,83.66,3187.0,87.43,1025.0,3150.0,4.4
02-12-2021,85.4,3645.0,83.53,3154.0,86.53,1250.0,1150.0,0.0
03-12-2021,85.4,3645.0,83.44,3130.0,85.87,750.0,650.0,0.0
04-12-2021,85.4,3645.0,83.48,3135.0,86.01,550.0,651.0,0.0
05-12-2021,85.4,3645.0,83.52,3151.0,86.45,550.0,266.0,0.0
06-12-2021,85.4,3645.0,83.67,3189.0,87.49,810.0,276.0,0.0
07-12-2021,85.4,3645.0,83.83,3233.0,88.7,785.0,276.0,0.0
08-12-2021,85.4,3645.0,83.92,3254.0,89.27,520.0,276.0,0.0
09-12-2021,85.4,3645.0,84.0,3274.0,89.82,520.0,275.0,0.0
10-12-2021,85.4,3645.0,84.04,3284.0,90.1,325.0,276.0,0.0
11-12-2021,85.4,3645.0,84.08,3294.0,90.37,425.0,270.0,0.0
12-12-2021,85.4,3645.0,84.17,3318.0,91.03,555.0,275.0,4.6
13-12-2021,85.4,3645.0,84.37,3364.0,92.29,805.0,274.0,22.6
14-12-2021,85.4,3645.0,84.45,3387.0,92.92,540.0,276.0,0.0
15-12-2021,85.4,3645.0,84.44,3383.0,92.81,235.0,276.0,0.0
16-12-2021,85.4,3645.0,84.41,3374.0,92.57,195.0,276.0,0.0
17-12-2021,85.4,3645.0,84.4,3372.0,92.51,275.0,275.0,0.0
18-12-2021,85.4,3645.0,84.42,3377.0,92.65,325.0,274.0,0.0
19-12-2021,85.4,3645.0,84.42,3377.0,92.65,275.0,275.0,0.0
20-12-2021,85.4,3645.0,84.39,3368.0,92.4,175.0,257.0,0.0
21-12-2021,85.4,3645.0,84.38,3365.0,92.32,275.0,274.0,0.0
22-12-2021,85.4,3645.0,84.38,3365.0,92.32,275.0,274.0,0.0
23-12-2021,85.4,3645.0,84.39,3368.0,92.4,275.0,261.0,0.0
24-12-2021,85.4,3645.0,84.4,3370.0,92.46,275.0,262.0,0.0
25-12-2021,85.4,3645.0,84.44,3383.0,92.81,375.0,276.0,0.0
26-12-2021,85.4,3645.0,84.48,3398.0,93.22,375.0,275.0,0.0
27-12-2021,85.4,3645.0,84.52,3409.0,93.53,375.0,271.0,0.0
28-12-2021,85.4,3645.0,84.57,3423.0,93.91,300.0,148.0,0.0
29-12-2021,85.4,3645.0,84.62,3437.0,94.29,300.0,149.0,0.0
30-12-2021,85.4,3645.0,84.67,3451.0,94.68,300.0,150.0,0.0
31-12-2021,85.4,3645.0,85.15,3580.0,98.22,2195.0,2150.0,189.0
01-01-2022,85.4,3645.0,84.85,3500.0,96.02,895.0,1150.0,7.2
02-01-2022,85.4,3645.0,84.74,3465.0,95.06,900.0,1147.0,4.4
03-01-2022,85.4,3645.0,84.59,3429.0,94.07,495.0,646.0,0.0
04-01-2022,85.4,3645.0,84.58,3426.0,93.99,300.0,299.0,0.0
05-01-2022,85.4,3645.0,84.58,3426.0,93.99,300.0,298.0,0.0
06-01-2022,85.4,3645.0,84.58,3426.0,93.99,300.0,300.0,0.0
07-01-2022,85.4,3645.0,84.58,3426.0,93.99,300.0,299.0,0.0
08-01-2022,85.4,3645.0,84.51,3407.0,93.47,95.0,299.0,0.0
09-01-2022,85.4,3645.0,84.47,3396.0,93.17,185.0,297.0,0.0
10-01-2022,85.4,3645.0,84.45,3387.0,92.92,185.0,299.0,0.0
11-01-2022,85.4,3645.0,84.4,3371.0,92.48,145.0,297.0,0.0
12-01-2022,85.4,3645.0,84.36,3361.0,92.21,145.0,300.0,0.0
13-01-2022,85.4,3645.0,84.36,3361.0,92.21,145.0,300.0,0.0
14-01-2022,85.4,3645.0,84.31,3351.0,91.93,145.0,145.0,0.0
15-01-2022,85.4,3645.0,84.28,3344.0,91.74,65.0,146.0,0.0
16-01-2022,85.4,3645.0,84.25,3337.0,91.55,65.0,147.0,0.0
17-01-2022,85.4,3645.0,84.2,3325.0,91.22,0.0,150.0,3.0
18-01-2022,85.4,3645.0,84.2,3325.0,91.22,150.0,149.0,15.0
19-01-2022,85.4,3645.0,84.15,3312.0,90.86,0.0,148.0,0.0
20-01-2022,85.4,3645.0,84.15,3312.0,90.86,160.0,150.0,0.0
21-01-2022,85.4,3645.0,84.16,3315.0,90.95,170.0,149.0,0.0
22-01-2022,85.4,3645.0,84.16,3315.0,90.95,160.0,150.0,0.0
23-01-2022,85.4,3645.0,84.18,3320.0,91.08,160.0,149.0,0.0
24-01-2022,85.4,3645.0,84.25,3338.0,91.58,310.0,150.0,11.0
25-01-2022,85.4,3645.0,84.26,3340.0,91.63,160.0,151.0,0.0
26-01-2022,85.4,3645.0,84.28,3345.0,91.77,160.0,151.0,0.0
27-01-2022,85.4,3645.0,84.29,3347.0,91.82,160.0,151.0,1.0
28-01-2022,85.4,3645.0,84.31,3351.0,91.93,170.0,151.0,0.0
29-01-2022,85.4,3645.0,84.33,3355.0,92.04,170.0,151.0,0.0
30-01-2022,85.4,3645.0,84.35,3359.0,92.15,170.0,146.0,0.0
31-01-2022,85.4,3645.0,84.38,3366.0,92.35,170.0,150.0,0.0
01-02-2022,85.4,3645.0,84.38,3366.0,92.35,170.0,150.0,0.0
02-02-2022,85.4,3645.0,84.4,3370.0,92.46,170.0,150.0,0.0
03-02-2022,85.4,3645.0,84.41,3374.0,92.57,170.0,151.0,0.0
04-02-2022,85.4,3645.0,84.42,3377.0,92.65,170.0,150.0,0.0
05-02-2022,85.4,3645.0,84.44,3383.0,92.81,170.0,150.0,0.0
06-02-2022,85.4,3645.0,84.46,3390.0,93.0,170.0,147.0,0.0
07-02-2022,85.4,3645.0,84.47,3396.0,93.17,170.0,149.0,0.0
08-02-2022,85.4,3645.0,84.49,3402.0,93.33,170.0,151.0,0.0
09-02-2022,85.4,3645.0,84.5,3408.0,93.5,170.0,151.0,0.0
10-02-2022,85.4,3645.0,84.53,3412.0,93.61,170.0,151.0,0.0
11-02-2022,85.4,3645.0,84.55,3418.0,93.77,170.0,151.0,0.0
12-02-2022,85.4,3645.0,84.56,3420.0,93.83,170.0,157.0,0.0
13-02-2022,85.4,3645.0,84.57,3423.0,93.91,170.0,161.0,0.0
14-02-2022,85.4,3645.0,84.58,3426.0,93.99,170.0,161.0,0.0
15-02-2022,85.4,3645.0,84.58,3426.0,93.99,170.0,166.0,0.0
16-02-2022,85.4,3645.0,84.58,3426.0,93.99,170.0,166.0,0.0
17-02-2022,85.4,3645.0,84.58,3426.0,93.99,170.0,166.0,0.0
18-02-2022,85.4,3645.0,84.58,3426.0,93.99,170.0,171.0,0.0
19-02-2022,85.4,3645.0,84.58,3426.0,93.99,170.0,171.0,0.0
20-02-2022,85.4,3645.0,84.58,3426.0,93.99,170.0,171.0,0.0
21-02-2022,85.4,3645.0,84.58,3426.0,93.99,170.0,168.0,0.0
22-02-2022,85.4,3645.0,84.58,3426.0,93.99,170.0,171.0,0.0
23-02-2022,85.4,3645.0,84.58,3426.0,93.99,170.0,171.0,0.0
24-02-2022,85.4,3645.0,84.53,3412.0,93.61,0.0,171.0,0.0
25-02-2022,85.4,3645.0,84.48,3398.0,93.22,0.0,171.0,0.0
26-02-2022,85.4,3645.0,84.44,3383.0,92.81,0.0,171.0,0.0
27-02-2022,85.4,3645.0,84.39,3368.0,92.4,0.0,170.0,0.0
28-02-2022,85.4,3645.0,84.32,3353.0,91.99,0.0,171.0,0.0
01-03-2022,85.4,3645.0,84.25,3338.0,91.58,0.0,171.0,0.0
02-03-2022,85.4,3645.0,84.19,3323.0,91.17,0.0,170.0,0.0
03-03-2022,85.4,3645.0,84.13,3308.0,90.75,0.0,171.0,0.0
04-03-2022,85.4,3645.0,84.07,3292.0,90.32,0.0,175.0,0.0
05-03-2022,85.4,3645.0,84.01,3277.0,89.9,0.0,175.0,0.0
06-03-2022,85.4,3645.0,83.93,3259.0,89.41,0.0,186.0,0.0
07-03-2022,85.4,3645.0,83.87,3241.0,88.92,0.0,183.0,0.0
08-03-2022,85.4,3645.0,83.79,3223.0,88.42,0.0,185.0,0.0
09-03-2022,85.4,3645.0,83.73,3205.0,87.93,0.0,184.0,0.0
10-03-2022,85.4,3645.0,83.67,3189.0,87.49,0.0,183.0,0.0
11-03-2022,85.4,3645.0,83.6,3172.0,87.02,0.0,183.0,0.0
12-03-2022,85.4,3645.0,83.53,3154.0,86.53,0.0,183.0,0.0
13-03-2022,85.4,3645.0,83.46,3135.0,86.01,0.0,183.0,0.0
14-03-2022,85.4,3645.0,83.39,3117.0,85.51,0.0,183.0,0.0
15-03-2022,85.4,3645.0,83.32,3099.0,85.02,0.0,182.0,0.0
16-03-2022,85.4,3645.0,83.25,3081.0,84.53,0.0,186.0,0.0
17-03-2022,85.4,3645.0,83.19,3064.0,84.06,0.0,185.0,0.0
18-03-2022,85.4,3645.0,83.12,3046.0,83.57,0.0,185.0,0.0
19-03-2022,85.4,3645.0,83.05,3027.0,83.05,0.0,185.0,0.0
20-03-2022,85.4,3645.0,82.99,3010.0,82.58,0.0,184.0,0.0
21-03-2022,85.4,3645.0,82.93,2994.0,82.14,0.0,185.0,0.0
22-03-2022,85.4,3645.0,82.86,2976.0,81.65,0.0,185.0,0.0
23-03-2022,85.4,3645.0,82.79,2958.0,81.15,0.0,186.0,0.0
24-03-2022,85.4,3645.0,82.73,2941.0,80.69,0.0,185.0,0.0
25-03-2022,85.4,3645.0,82.66,2924.0,80.22,0.0,184.0,0.0
26-03-2022,85.4,3645.0,82.6,2908.0,79.78,0.0,173.0,0.0
27-03-2022,85.4,3645.0,82.54,2892.0,79.34,0.0,184.0,0.0
28-03-2022,85.4,3645.0,82.48,2875.0,78.88,0.0,184.0,0.0
29-03-2022,85.4,3645.0,82.42,2859.0,78.44,0.0,182.0,0.0
30-03-2022,85.4,3645.0,82.35,2845.0,78.05,0.0,185.0,0.0
31-03-2022,85.4,3645.0,82.3,2829.0,77.61,0.0,185.0,0.0
01-04-2022,85.4,3645.0,82.24,2814.0,77.2,0.0,182.0,0.0
02-04-2022,85.4,3645.0,82.17,2797.0,76.74,0.0,185.0,0.0
03-04-2022,85.4,3645.0,82.11,2782.0,76.32,0.0,170.0,0.0
04-04-2022,85.4,3645.0,82.06,2768.0,75.94,0.0,169.0,0.0
05-04-2022,85.4,3645.0,82.0,2754.0,75.56,0.0,160.0,0.0
06-04-2022,85.4,3645.0,81.95,2740.0,75.17,0.0,158.0,0.0
07-04-2022,85.4,3645.0,81.9,2726.0,74.79,0.0,160.0,0.0
08-04-2022,85.4,3645.0,81.84,2712.0,74.4,0.0,159.0,0.0
09-04-2022,85.4,3645.0,81.78,2699.0,74.05,0.0,149.0,0.0
10-04-2022,85.4,3645.0,81.73,2685.0,73.66,0.0,153.0,0.0
11-04-2022,85.4,3645.0,81.67,2671.0,73.28,0.0,152.0,0.0
12-04-2022,85.4,3645.0,81.62,2657.0,72.89,0.0,155.0,0.0
13-04-2022,85.4,3645.0,81.56,2643.0,72.51,0.0,156.0,0.0
14-04-2022,85.4,3645.0,81.5,2628.0,72.1,0.0,156.0,0.0
15-04-2022,85.4,3645.0,81.44,2613.0,71.69,0.0,156.0,0.0
16-04-2022,85.4,3645.0,81.38,2598.0,71.28,0.0,155.0,0.0
17-04-2022,85.4,3645.0,81.32,2583.0,70.86,0.0,155.0,0.0
18-04-2022,85.4,3645.0,81.26,2568.0,70.45,0.0,154.0,0.0
19-04-2022,85.4,3645.0,81.21,2556.0,70.12,0.0,123.0,0.0
20-04-2022,85.4,3645.0,81.15,2542.0,69.74,0.0,153.0,0.0
21-04-2022,85.4,3645.0,81.09,2527.0,69.33,0.0,151.0,0.0
22-04-2022,85.4,3645.0,81.02,2511.0,68.89,0.0,154.0,0.0
23-04-2022,85.4,3645.0,80.96,2496.0,68.48,0.0,154.0,0.0
24-04-2022,85.4,3645.0,80.9,2481.0,68.07,0.0,154.0,0.0
25-04-2022,85.4,3645.0,80.83,2465.0,67.63,0.0,153.0,0.0
26-04-2022,85.4,3645.0,80.76,2450.0,67.22,0.0,153.0,0.0
27-04-2022,85.4,3645.0,80.7,2435.0,66.8,0.0,155.0,0.0
28-04-2022,85.4,3645.0,80.64,2420.0,66.39,0.0,155.0,0.0
29-04-2022,85.4,3645.0,80.66,2424.0,66.5,240.0,184.0,0.0
30-04-2022,85.4,3645.0,80.68,2429.0,66.64,240.0,177.0,0.0
01-05-2022,85.4,3645.0,80.7,2434.0,66.78,240.0,174.0,0.0
02-05-2022,85.4,3645.0,80.73,2441.0,66.97,240.0,156.0,0.0
03-05-2022,85.4,3645.0,80.75,2445.0,67.08,240.0,184.0,0.0
04-05-2022,85.4,3645.0,80.77,2450.0,67.22,240.0,185.0,0.0
05-05-2022,85.4,3645.0,80.79,2455.0,67.35,240.0,185.0,0.0
06-05-2022,85.4,3645.0,80.81,2459.0,67.46,240.0,185.0,0.0
07-05-2022,85.4,3645.0,80.82,2463.0,67.57,240.0,186.0,0.0
08-05-2022,85.4,3645.0,80.84,2467.0,67.68,240.0,185.0,0.0
09-05-2022,85.4,3645.0,80.86,2471.0,67.79,240.0,184.0,0.0
10-05-2022,85.4,3645.0,80.88,2475.0,67.9,240.0,186.0,2.0
11-05-2022,85.4,3645.0,81.09,2527.0,69.33,760.0,156.0,18.0
12-05-2022,85.4,3645.0,81.12,2534.0,69.52,240.0,155.0,0.0
13-05-2022,85.4,3645.0,81.16,2544.0,69.79,240.0,154.0,8.0
14-05-2022,85.4,3645.0,81.18,2549.0,69.93,240.0,180.0,0.0
15-05-2022,85.4,3645.0,81.2,2554.0,70.07,240.0,180.0,0.0
16-05-2022,85.4,3645.0,81.24,2564.0,70.34,240.0,155.0,0.0
17-05-2022,85.4,3645.0,81.33,2586.0,70.95,390.0,155.0,0.0
18-05-2022,85.4,3645.0,81.42,2608.0,71.55,390.0,156.0,14.0
19-05-2022,85.4,3645.0,81.46,2618.0,71.82,315.0,153.0,0.0
20-05-2022,85.4,3645.0,81.51,2630.0,72.15,315.0,153.0,0.0
21-05-2022,85.4,3645.0,81.61,2656.0,72.87,460.0,153.0,2.0
22-05-2022,85.4,3645.0,81.72,2682.0,73.58,460.0,155.0,0.0
23-05-2022,85.4,3645.0,81.82,2708.0,74.29,460.0,155.0,0.0
24-05-2022,85.4,3645.0,81.92,2733.0,74.98,460.0,170.0,0.0
25-05-2022,85.4,3645.0,82.02,2758.0,75.67,460.0,172.0,0.0
26-05-2022,85.4,3645.0,82.17,2796.0,76.71,610.0,175.0,0.0
27-05-2022,85.4,3645.0,82.27,2820.0,77.37,460.0,172.0,0.0
28-05-2022,85.4,3645.0,82.35,2846.0,78.08,460.0,176.0,0.0
29-05-2022,85.4,3645.0,82.47,2872.0,78.79,460.0,175.0,0.0
30-05-2022,85.4,3645.0,82.56,2897.0,79.48,460.0,175.0,0.0
31-05-2022,85.4,3645.0,82.66,2923.0,80.19,460.0,175.0,0.0
01-06-2022,85.4,3645.0,82.76,2948.0,80.88,460.0,175.0,0.0
02-06-2022,85.4,3645.0,82.85,2973.0,81.56,460.0,176.0,0.0
03-06-2022,85.4,3645.0,82.95,2999.0,82.28,460.0,176.0,0.0
04-06-2022,85.4,3645.0,83.04,3024.0,82.96,460.0,176.0,0.0
05-06-2022,85.4,3645.0,83.14,3050.0,83.68,460.0,175.0,0.0
06-06-2022,85.4,3645.0,83.23,3075.0,84.36,460.0,176.0,0.0
07-06-2022,85.4,3645.0,83.31,3097.0,84.97,460.0,181.0,0.0
08-06-2022,85.4,3645.0,83.4,3120.0,85.6,460.0,185.0,0.0
09-06-2022,85.4,3645.0,83.49,3143.0,86.23,460.0,178.0,0.0
10-06-2022,85.4,3645.0,83.58,3166.0,86.86,460.0,186.0,0.0
11-06-2022,85.4,3645.0,83.67,3190.0,87.52,460.0,191.0,0.0
12-06-2022,85.4,3645.0,83.76,3212.0,88.12,460.0,195.0,0.0
13-06-2022,85.4,3645.0,83.83,3233.0,88.7,460.0,196.0,0.0
14-06-2022,85.4,3645.0,83.92,3254.0,89.27,460.0,205.0,0.0
15-06-2022,85.4,3645.0,84.01,3276.0,89.88,460.0,206.0,0.0
16-06-2022,85.4,3645.0,84.08,3295.0,90.4,460.0,203.0,0.0
17-06-2022,85.4,3645.0,84.16,3315.0,90.95,460.0,203.0,0.0
18-06-2022,85.4,3645.0,84.24,3335.0,91.5,460.0,206.0,0.0
19-06-2022,85.4,3645.0,84.32,3353.0,91.99,460.0,206.0,0.0
20-06-2022,85.4,3645.0,84.76,3475.0,95.34,1700.0,55.0,92.0
21-06-2022,85.4,3645.0,84.88,3509.0,96.27,550.0,207.0,12.0
22-06-2022,85.4,3645.0,85.0,3540.0,97.12,775.0,457.0,28.0
23-06-2022,85.4,3645.0,84.9,3514.0,96.41,510.0,707.0,0.0
24-06-2022,85.4,3645.0,84.7,3459.0,94.9,0.0,707.0,0.0
25-06-2022,85.4,3645.0,84.57,3423.0,93.91,0.0,377.0,0.0
26-06-2022,85.4,3645.0,84.46,3390.0,93.0,0.0,377.0,0.0
27-06-2022,85.4,3645.0,84.38,3365.0,92.32,0.0,297.0,0.0
28-06-2022,85.4,3645.0,84.35,3359.0,92.15,225.0,297.0,8.2
29-06-2022,85.4,3645.0,84.24,3335.0,91.5,0.0,297.0,0.0
30-06-2022,85.4,3645.0,84.18,3320.0,91.08,110.0,297.0,2.0
01-07-2022,85.4,3645.0,84.12,3305.0,90.67,110.0,297.0,4.0
02-07-2022,85.4,3645.0,84.02,3279.0,89.96,0.0,297.0,0.0
03-07-2022,85.4,3645.0,83.92,3254.0,89.27,0.0,297.0,0.0
04-07-2022,85.4,3645.0,83.88,3243.0,88.97,100.0,292.0,0.0
05-07-2022,85.4,3645.0,83.78,3220.0,88.34,0.0,297.0,0.0
06-07-2022,85.4,3645.0,83.74,3207.0,87.98,100.0,295.0,3.0
07-07-2022,85.4,3645.0,83.7,3197.0,87.71,100.0,294.0,12.4
08-07-2022,85.4,3645.0,83.6,3172.0,87.02,0.0,297.0,0.0
09-07-2022,85.4,3645.0,83.51,3148.0,86.36,0.0,297.0,0.0
10-07-2022,85.4,3645.0,83.41,3123.0,85.68,0.0,295.0,0.0
11-07-2022,85.4,3645.0,83.32,3099.0,85.02,0.0,297.0,0.0
12-07-2022,85.4,3645.0,83.27,3085.0,84.64,0.0,297.0,4.2
13-07-2022,85.4,3645.0,83.24,3077.0,84.42,200.0,297.0,6.0
14-07-2022,85.4,3645.0,83.24,3077.0,84.42,200.0,297.0,0.0
15-07-2022,85.4,3645.0,83.15,3053.0,83.76,0.0,278.0,0.0
16-07-2022,85.4,3645.0,83.07,3033.0,83.21,0.0,234.0,0.0
17-07-2022,85.4,3645.0,83.09,3038.0,83.35,228.0,172.0,7.0
18-07-2022,85.4,3645.0,83.17,394.0,10.81,146.0,146.0,19.0
19-07-2022,85.4,3645.0,83.19,3064.0,84.06,202.0,144.0,0.0
20-07-2022,85.4,3645.0,83.2,3067.0,84.14,182.0,147.0,0.0
21-07-2022,85.4,3645.0,83.32,3099.0,85.02,517.0,147.0,11.0
22-07-2022,85.4,3645.0,83.39,3118.0,85.54,168.0,149.0,6.0
23-07-2022,85.4,3645.0,83.46,3135.0,86.01,347.0,150.0,2.0
24-07-2022,85.4,3645.0,83.51,3149.0,86.39,310.0,148.0,8.0
25-07-2022,85.4,3645.0,83.52,3151.0,86.45,173.0,150.0,0.0
26-07-2022,85.4,3645.0,83.53,3154.0,86.53,185.0,150.0,0.0
27-07-2022,85.4,3645.0,83.53,3154.0,86.53,160.0,160.0,0.0
28-07-2022,85.4,3645.0,83.54,3156.0,86.58,160.0,137.0,0.0
29-07-2022,85.4,3645.0,83.57,3164.0,86.8,230.0,137.0,0.0
30-07-2022,85.4,3645.0,83.57,3164.0,86.8,160.0,160.0,0.0
31-07-2022,85.4,3645.0,83.59,3168.0,86.91,201.0,155.0,0.0
01-08-2022,85.4,3645.0,83.59,3168.0,86.91,160.0,160.0,0.0
02-08-2022,85.4,3645.0,83.59,3168.0,86.91,160.0,160.0,0.0
03-08-2022,85.4,3645.0,83.59,3168.0,86.91,160.0,0.0,0.0
04-08-2022,85.4,3645.0,83.59,3168.0,86.91,160.0,160.0,2.0
05-08-2022,85.4,3645.0,83.59,3168.0,86.91,160.0,160.0,3.8
06-08-2022,85.4,3645.0,83.6,3172.0,87.02,204.0,158.0,0.0
07-08-2022,85.4,3645.0,83.61,3174.0,87.08,182.0,159.0,0.0
08-08-2022,85.4,3645.0,83.62,3177.0,87.16,195.0,160.0,0.0
09-08-2022,85.4,3645.0,83.63,3179.0,87.22,183.0,160.0,0.0
10-08-2022,85.4,3645.0,83.63,3179.0,87.22,160.0,160.0,0.0
11-08-2022,85.4,3645.0,83.63,3179.0,87.22,160.0,160.0,0.0
12-08-2022,85.4,3645.0,83.64,3182.0,87.3,190.0,155.0,0.0
13-08-2022,85.4,3645.0,83.71,3200.0,87.79,369.0,161.0,0.0
14-08-2022,85.4,3645.0,83.71,3200.0,87.79,160.0,160.0,0.0
15-08-2022,85.4,3645.0,83.71,3200.0,87.79,160.0,160.0,0.0
16-08-2022,85.4,3645.0,83.71,3200.0,87.79,160.0,160.0,0.0
17-08-2022,85.4,3645.0,83.8,3225.0,88.48,447.0,158.0,27.2
18-08-2022,85.4,3645.0,83.89,3246.0,89.05,403.0,160.0,34.8
19-08-2022,85.4,3645.0,83.91,3251.0,89.19,215.0,157.0,0.0
20-08-2022,85.4,3645.0,83.93,3256.0,89.33,193.0,135.0,0.0
21-08-2022,85.4,3645.0,83.95,83.95,2.3,218.0,160.0,2.2
22-08-2022,85.4,3645.0,84.1,3300.0,90.53,608.0,608.0,45.0
23-08-2022,85.4,3645.0,84.1,3300.0,90.53,161.0,161.0,3.0
24-08-2022,85.4,3645.0,84.03,3282.0,90.04,0.0,208.0,0.0
25-08-2022,85.4,3645.0,83.97,3266.0,89.6,0.0,185.0,0.0
26-08-2022,85.4,3645.0,84.07,3292.0,90.32,485.0,184.0,64.2
27-08-2022,85.4,3645.0,84.05,3289.0,90.23,149.0,184.0,31.0
28-08-2022,85.4,3645.0,84.1,3300.0,90.53,312.0,185.0,32.2
29-08-2022,85.4,3645.0,84.09,3297.0,90.45,151.0,186.0,7.0
30-08-2022,85.4,3645.0,84.07,3292.0,90.32,127.0,185.0,6.0
31-08-2022,85.4,3645.0,84.02,3279.0,89.96,36.0,186.0,0.0
01-09-2022,85.4,3645.0,83.98,3269.0,89.68,60.0,176.0,0.0
02-09-2022,85.4,3645.0,84.02,3279.0,89.96,290.0,174.0,20.0
03-09-2022,85.4,3645.0,83.98,3269.0,89.68,64.0,180.0,0.0
04-09-2022,85.4,3645.0,83.93,3256.0,89.33,30.0,180.0,0.0
05-09-2022,85.4,3645.0,83.88,3243.0,88.97,0.0,150.0,0.0
06-09-2022,85.4,3645.0,83.82,3231.0,88.64,0.0,139.0,0.0
07-09-2022,85.4,3645.0,83.76,3213.0,88.15,0.0,208.0,0.0
08-09-2022,85.4,3645.0,83.71,3200.0,87.79,0.0,150.0,0.0
09-09-2022,85.4,3645.0,83.65,3184.0,87.35,0.0,185.0,0.0
10-09-2022,85.4,3645.0,83.6,3172.0,87.02,0.0,139.0,0.0
11-09-2022,85.4,3645.0,83.54,3156.0,86.58,0.0,185.0,0.0
12-09-2022,85.4,3645.0,83.48,3141.0,86.17,0.0,174.0,0.0
13-09-2022,85.4,3645.0,83.41,3123.0,85.68,0.0,208.0,0.0
14-09-2022,85.4,3645.0,83.35,3108.0,85.27,0.0,174.0,0.0
15-09-2022,85.4,3645.0,83.3,3094.0,84.88,0.0,0.0,0.0
16-09-2022,85.4,3645.0,83.24,3078.0,84.44,0.0,185.0,0.0
17-09-2022,85.4,3645.0,83.18,3061.0,83.98,0.0,197.0,0.0
18-09-2022,85.4,3645.0,83.13,3048.0,83.62,0.0,150.0,0.0
19-09-2022,85.4,3645.0,83.07,3033.0,83.21,0.0,174.0,0.0
20-09-2022,85.4,3645.0,83.03,3022.0,82.91,0.0,127.0,0.0
21-09-2022,85.4,3645.0,82.96,3002.0,82.36,0.0,231.0,0.0
22-09-2022,85.4,3645.0,82.91,2989.0,82.0,0.0,150.0,0.0
23-09-2022,85.4,3645.0,82.84,2971.0,81.51,0.0,208.0,0.0
24-09-2022,85.4,3645.0,82.78,2955.0,81.07,0.0,185.0,0.0
25-09-2022,85.4,3645.0,82.72,2939.0,80.63,0.0,0.0,0.0
26-09-2022,85.4,3645.0,82.67,2926.0,80.27,0.0,0.0,0.0
27-09-2022,85.4,3645.0,82.62,2913.0,79.92,0.0,150.0,0.0
28-09-2022,85.4,3645.0,82.57,2900.0,79.56,0.0,150.0,0.0
29-09-2022,85.4,3645.0,82.61,2910.0,79.84,266.0,150.0,36.2
30-09-2022,85.4,3645.0,82.62,2913.0,79.92,186.0,151.0,1.2
01-10-2022,85.4,3645.0,82.59,2905.0,79.7,34.0,127.0,2.0
02-10-2022,85.4,3645.0,82.54,2892.0,79.34,0.0,139.0,0.0
03-10-2022,85.4,3645.0,82.49,2878.0,78.96,0.0,0.0,0.0
04-10-2022,85.4,3645.0,82.43,2862.0,78.52,0.0,194.0,0.0
05-10-2022,85.4,3645.0,82.36,2848.0,78.13,0.0,139.0,0.0
06-10-2022,85.4,3645.0,82.35,2845.0,78.05,108.0,143.0,3.0
07-10-2022,85.4,3645.0,82.37,2850.0,78.19,203.0,145.0,22.0
08-10-2022,85.4,3645.0,82.35,2845.0,78.05,87.0,145.0,2.6
09-10-2022,85.4,3645.0,82.3,2830.0,77.64,14.0,188.0,4.6
10-10-2022,85.4,3645.0,82.44,2864.0,78.57,539.0,145.0,66.0
11-10-2022,85.4,3645.0,82.44,2864.0,78.57,146.0,146.0,0.0
12-10-2022,85.4,3645.0,82.42,2860.0,78.46,100.0,146.0,4.0
13-10-2022,85.4,3645.0,82.42,2860.0,78.46,145.0,145.0,12.0
14-10-2022,85.4,3645.0,82.38,2852.0,78.24,71.0,164.0,0.0
15-10-2022,85.4,3645.0,82.34,2840.0,77.91,0.0,139.0,0.0
17-10-2022,85.4,3645.0,82.25,2817.0,77.28,0.0,150.0,2.0
18-10-2022,85.4,3645.0,82.2,2804.0,76.93,0.0,150.0,0.0
19-10-2022,85.4,3645.0,82.16,2794.0,76.65,30.0,146.0,11.6
20-10-2022,85.4,3645.0,82.15,2791.0,76.57,110.0,145.0,29.4
21-10-2022,85.4,3645.0,82.17,2797.0,76.74,208.0,139.0,23.4
22-10-2022,85.4,3645.0,82.12,2784.0,76.38,0.0,150.0,1.8
23-10-2022,85.4,3645.0,82.07,2771.0,76.02,0.0,150.0,0.0
24-10-2022,85.4,3645.0,82.02,2758.0,75.67,0.0,150.0,0.0
25-10-2022,85.4,3645.0,81.96,2743.0,75.25,0.0,174.0,0.0
26-10-2022,85.4,3645.0,81.9,2728.0,74.84,0.0,174.0,0.0
27-10-2022,85.4,3645.0,81.83,2710.0,74.35,0.0,208.0,0.0
28-10-2022,85.4,3645.0,81.83,2710.0,74.35,139.0,139.0,11.6
29-10-2022,85.4,3645.0,81.78,2700.0,74.07,0.0,116.0,0.0
30-10-2022,85.4,3645.0,81.74,2688.0,73.74,0.0,139.0,0.0
31-10-2022,85.4,3645.0,81.69,2675.0,73.39,0.0,150.0,0.0
01-11-2022,85.4,3645.0,81.69,2675.0,73.39,150.0,150.0,19.0
02-11-2022,85.4,3645.0,82.04,2764.0,75.83,1180.0,150.0,95.2
03-11-2022,85.4,3645.0,82.25,2817.0,77.28,811.0,198.0,13.6
04-11-2022,85.4,3645.0,82.38,2850.0,78.19,642.0,260.0,32.6
05-11-2022,85.4,3645.0,82.43,2862.0,78.52,400.0,261.0,0.0
06-11-2022,85.4,3645.0,82.29,2827.0,77.56,310.0,715.0,1.0
07-11-2022,85.4,3645.0,82.06,2769.0,75.97,42.0,713.0,0.0
08-11-2022,85.4,3645.0,81.83,2710.0,74.35,33.0,716.0,1.0
09-11-2022,85.4,3645.0,81.66,2668.0,73.2,219.0,705.0,22.6
10-11-2022,85.4,3645.0,81.4,2603.0,71.41,0.0,752.0,0.0
11-11-2022,85.4,3645.0,85.4,2571.0,70.53,330.0,700.0,31.2
12-11-2022,85.4,3645.0,81.55,2641.0,72.46,1510.0,700.0,71.4
13-11-2022,85.4,3645.0,81.9,2728.0,74.84,2187.0,1180.0,61.0
14-11-2022,85.4,3645.0,85.4,2830.0,77.64,2131.0,950.0,32.2
15-11-2022,85.4,3645.0,82.31,2835.0,77.78,1003.0,945.0,17.4
16-11-2022,85.4,3645.0,82.18,2799.0,76.79,533.0,950.0,0.0
17-11-2022,85.4,3645.0,81.98,2748.0,75.39,360.0,950.0,0.0
18-11-2022,85.4,3645.0,81.76,2695.0,73.94,313.0,950.0,0.0
19-11-2022,85.4,3645.0,81.53,2635.0,72.29,256.0,950.0,0.0
20-11-2022,85.4,3645.0,81.29,2576.0,70.67,267.0,950.0,0.0
21-11-2022,85.4,3645.0,81.01,2508.0,68.81,163.0,950.0,0.0
22-11-2022,85.4,3645.0,80.94,2491.0,68.34,111.0,250.0,1.6
23-11-2022,85.4,3645.0,80.91,2484.0,68.15,58.0,139.0,0.0
24-11-2022,85.4,3645.0,80.91,2484.0,68.15,139.0,139.0,0.0
25-11-2022,85.4,3645.0,80.91,2484.0,68.15,140.0,140.0,0.0
26-11-2022,85.4,3645.0,80.9,2481.0,68.07,105.0,140.0,0.0
27-11-2022,85.4,3645.0,80.88,2477.0,67.96,104.0,150.0,0.0
28-11-2022,85.4,3645.0,80.86,2472.0,67.82,92.0,150.0,0.0
29-11-2022,85.4,3645.0,80.84,2467.0,67.68,92.0,150.0,0.0
30-11-2022,85.4,3645.0,80.81,2461.0,67.52,69.0,150.0,0.0
01-12-2022,85.4,3645.0,80.79,2455.0,67.35,249.0,150.0,2.0
02-12-2022,85.4,3645.0,80.84,2467.0,67.68,289.0,150.0,0.0
03-12-2022,85.4,3645.0,80.93,2489.0,68.29,405.0,150.0,0.0
04-12-2022,85.4,3645.0,81.05,2518.0,69.08,476.0,140.0,0.0
05-12-2022,85.4,3645.0,81.18,2550.0,69.96,534.0,140.0,0.0
06-12-2022,85.4,3645.0,81.31,2581.0,70.81,509.0,140.0,0.0
07-12-2022,85.4,3645.0,81.44,2613.0,71.69,512.0,130.0,0.0
08-12-2022,85.4,3645.0,81.57,2645.0,72.57,500.0,130.0,0.0
09-12-2022,85.4,3645.0,81.77,2695.0,73.94,709.0,130.0,25.1
10-12-2022,85.4,3645.0,82.44,2864.0,78.57,2177.0,221.0,107.2
11-12-2022,85.4,3645.0,83.05,3028.0,83.07,2134.0,234.0,13.0
12-12-2022,85.4,3645.0,83.65,3184.0,87.35,2046.0,240.0,30.6
13-12-2022,85.4,3645.0,83.71,3200.0,87.79,3382.0,3197.0,35.0
14-12-2022,85.4,3645.0,83.82,3228.0,88.56,1924.0,1600.0,0.0
15-12-2022,85.4,3645.0,83.77,3215.0,88.2,1450.0,1600.0,0.0
16-12-2022,85.4,3645.0,83.67,3190.0,87.52,611.0,900.0,0.0
17-12-2022,85.4,3645.0,83.57,3164.0,86.8,599.0,900.0,0.0
18-12-2022,85.4,3645.0,83.5,3146.0,86.31,692.0,900.0,0.0
19-12-2022,85.4,3645.0,83.42,3125.0,85.73,657.0,900.0,0.0
20-12-2022,85.4,3645.0,83.37,3113.0,85.4,304.0,381.0,0.0
21-12-2022,85.4,3645.0,83.36,3110.0,85.32,102.0,130.0,0.0
22-12-2022,85.4,3645.0,83.4,3120.0,85.6,246.0,130.0,0.0
23-12-2022,85.4,3645.0,83.46,3135.0,86.01,304.0,130.0,0.0
24-12-2022,85.4,3645.0,83.53,3154.0,86.53,350.0,130.0,0.0
25-12-2022,85.4,3645.0,83.71,3200.0,87.79,662.0,130.0,8.4
26-12-2022,85.4,3645.0,83.81,3225.0,88.48,419.0,130.0,7.8
27-12-2022,85.4,3645.0,83.83,3230.0,88.61,189.0,130.0,0.0
28-12-2022,85.4,3645.0,83.86,3238.0,88.83,245.0,130.0,0.0
29-12-2022,85.4,3645.0,83.9,3248.0,89.11,246.0,130.0,0.0
30-12-2022,85.4,3645.0,83.94,3259.0,89.41,246.0,130.0,0.0
31-12-2022,85.4,3645.0,83.99,3271.0,89.74,246.0,130.0,0.0
01-01-2023,85.4,3645.0,84.04,3287.0,90.18,246.0,130.0,0.0
02-01-2023,85.4,3645.0,84.08,3295.0,90.4,246.0,130.0,0.0
03-01-2023,85.4,3645.0,84.13,3307.0,90.73,246.0,130.0,0.0
04-01-2023,85.4,3645.0,84.16,3315.0,90.95,246.0,130.0,0.0
05-01-2023,85.4,3645.0,84.2,3325.0,91.22,246.0,130.0,0.0
06-01-2023,85.4,3645.0,84.25,3337.0,91.55,246.0,130.0,0.0
07-01-2023,85.4,3645.0,84.3,3350.0,91.91,246.0,130.0,0.0
08-01-2023,85.4,3645.0,84.34,3361.0,92.21,246.0,130.0,0.0
09-01-2023,85.4,3645.0,84.38,3371.0,92.48,246.0,130.0,0.0
10-01-2023,85.4,3645.0,84.41,3379.0,92.7,243.0,150.0,0.0
11-01-2023,85.4,3645.0,84.45,3389.0,92.98,246.0,130.0,0.0
12-01-2023,85.4,3645.0,84.49,3400.0,93.28,243.0,133.0,0.0
13-01-2023,85.4,3645.0,84.52,3408.0,93.5,231.0,138.0,0.0
14-01-2023,85.4,3645.0,84.56,3416.0,93.72,231.0,138.0,0.0
15-01-2023,85.4,3645.0,84.59,3426.0,93.99,231.0,138.0,0.0
16-01-2023,85.4,3645.0,84.62,3435.0,94.24,231.0,138.0,0.0
17-01-2023,85.4,3645.0,84.65,3443.0,94.46,231.0,138.0,0.0
18-01-2023,85.4,3645.0,84.69,3453.0,94.73,231.0,138.0,0.0
19-01-2023,85.4,3645.0,84.73,3465.0,95.06,231.0,140.0,0.0
20-01-2023,85.4,3645.0,84.77,3476.0,95.36,231.0,140.0,0.0
21-01-2023,85.4,3645.0,84.8,3485.0,95.61,231.0,140.0,0.0
22-01-2023,85.4,3645.0,84.83,3494.0,95.86,231.0,140.0,0.0
23-01-2023,85.4,3645.0,84.85,3499.0,95.99,198.0,140.0,0.0
24-01-2023,85.4,3645.0,84.82,3491.0,95.78,47.0,140.0,0.0
25-01-2023,85.4,3645.0,84.79,3482.0,95.53,36.0,140.0,0.0
26-01-2023,85.4,3645.0,84.75,3470.0,95.2,0.0,139.0,0.0
27-01-2023,85.4,3645.0,84.7,3456.0,94.81,0.0,162.0,0.0
28-01-2023,85.4,3645.0,84.64,3440.0,94.38,0.0,185.0,0.0
29-01-2023,85.4,3645.0,84.58,3424.0,93.94,0.0,185.0,0.0
30-01-2023,85.4,3645.0,84.53,3410.0,93.55,0.0,162.0,0.0
31-01-2023,85.4,3645.0,84.48,3397.0,93.2,0.0,150.0,0.0
01-02-2023,85.4,3645.0,84.43,3384.0,92.84,0.0,150.0,0.0
02-02-2023,85.4,3645.0,84.39,3371.0,92.48,0.0,150.0,2.4
03-02-2023,85.4,3645.0,84.33,3358.0,92.13,0.0,150.0,0.0
04-02-2023,85.4,3645.0,84.28,3345.0,91.77,0.0,150.0,0.0
05-02-2023,85.4,3645.0,84.23,3332.0,91.41,0.0,150.0,0.0
06-02-2023,85.4,3645.0,84.17,3318.0,91.03,0.0,162.0,0.0
07-02-2023,85.4,3645.0,84.12,3305.0,90.67,0.0,150.0,0.0
08-02-2023,85.4,3645.0,84.07,3292.0,90.32,0.0,150.0,0.0
09-02-2023,85.4,3645.0,84.07,3292.0,90.32,0.0,150.0,0.0
10-02-2023,85.4,3645.0,83.97,3266.0,89.6,0.0,150.0,0.0
11-02-2023,85.4,3645.0,83.92,3254.0,89.27,0.0,139.0,0.0
12-02-2023,85.4,3645.0,83.87,3241.0,88.92,0.0,150.0,0.0
13-02-2023,85.4,3645.0,83.82,3228.0,88.56,0.0,150.0,0.0
14-02-2023,85.4,3645.0,83.77,3215.0,88.2,0.0,150.0,0.0
15-02-2023,85.4,3645.0,83.74,3208.0,88.01,0.0,81.0,0.0
16-02-2023,85.4,3645.0,83.69,3195.0,87.65,0.0,150.0,0.0
17-02-2023,85.4,3645.0,83.64,3182.0,87.3,0.0,150.0,0.0
18-02-2023,85.4,3645.0,83.59,3169.0,86.94,0.0,150.0,0.0
19-02-2023,85.4,3645.0,83.54,3156.0,86.58,0.0,150.0,0.0
20-02-2023,85.4,3645.0,83.48,3141.0,86.17,0.0,174.0,0.0
21-02-2023,85.4,3645.0,83.42,3125.0,85.73,0.0,185.0,0.0
22-02-2023,85.4,3645.0,83.36,3110.0,85.32,0.0,174.0,0.0
23-02-2023,85.4,3645.0,83.31,3096.0,84.94,0.0,162.0,0.0
24-02-2023,85.4,3645.0,83.25,3080.0,84.5,0.0,185.0,0.0
25-02-2023,85.4,3645.0,83.2,3067.0,84.14,0.0,150.0,0.0
26-02-2023,85.4,3645.0,83.14,3051.0,83.7,0.0,185.0,0.0
27-02-2023,85.4,3645.0,83.08,3035.0,83.26,0.0,185.0,0.0
28-02-2023,85.4,3645.0,83.02,3019.0,82.83,0.0,185.0,0.0
01-03-2023,85.4,3645.0,82.97,3005.0,82.44,0.0,162.0,0.0
02-03-2023,85.4,3645.0,82.91,2989.0,82.0,0.0,185.0,0.0
03-03-2023,85.4,3645.0,82.85,2973.0,81.56,0.0,185.0,0.0
04-03-2023,85.4,3645.0,82.79,2957.0,81.12,0.0,185.0,0.0
05-03-2023,85.4,3645.0,82.73,2942.0,80.71,0.0,174.0,0.0
06-03-2023,85.4,3645.0,82.67,2926.0,80.27,0.0,185.0,0.0
07-03-2023,85.4,3645.0,82.64,2918.0,80.05,93.0,185.0,0.0
08-03-2023,85.4,3645.0,82.64,2918.0,80.05,130.0,159.0,0.0
09-03-2023,85.4,3645.0,82.62,2913.0,79.92,130.0,183.0,0.0
10-03-2023,85.4,3645.0,82.62,2913.0,79.92,185.0,186.0,0.0
11-03-2023,85.4,3645.0,82.63,2916.0,80.0,221.0,186.0,0.0
12-03-2023,85.4,3645.0,82.66,2924.0,80.22,225.0,167.0,0.0
13-03-2023,85.4,3645.0,82.68,2929.0,80.36,225.0,167.0,0.0
14-03-2023,85.4,3645.0,82.71,2937.0,80.58,225.0,167.0,0.0
15-03-2023,85.4,3645.0,82.73,2942.0,80.71,225.0,167.0,0.0
16-03-2023,85.4,3645.0,82.75,2947.0,80.85,226.0,168.0,0.0
17-03-2023,85.4,3645.0,82.77,2952.0,80.99,225.0,164.0,0.0
18-03-2023,85.4,3645.0,82.8,2960.0,81.21,259.0,166.0,26.0
19-03-2023,85.4,3645.0,82.93,2994.0,82.14,562.0,168.0,53.0
20-03-2023,85.4,3645.0,82.95,2999.0,82.28,225.0,167.0,1.0
21-03-2023,85.4,3645.0,83.0,3013.0,82.66,330.0,168.0,0.0
22-03-2023,85.4,3645.0,83.02,3019.0,82.83,237.0,168.0,0.0
23-03-2023,85.4,3645.0,83.04,3025.0,82.99,237.0,168.0,0.0
24-03-2023,85.4,3645.0,83.1,3040.0,83.4,340.0,166.0,5.0
25-03-2023,85.4,3645.0,83.13,3048.0,83.62,260.0,167.0,0.0
26-03-2023,85.4,3645.0,83.17,3059.0,83.92,260.0,163.0,0.0
27-03-2023,85.4,3645.0,83.2,3067.0,84.14,260.0,167.0,0.0
28-03-2023,85.4,3645.0,83.23,3075.0,84.36,260.0,167.0,0.0
29-03-2023,85.4,3645.0,83.26,3083.0,84.58,260.0,167.0,0.0
30-03-2023,85.4,3645.0,83.28,3088.0,84.72,225.0,167.0,0.0
31-03-2023,85.4,3645.0,83.3,3094.0,84.88,225.0,167.0,0.0
01-04-2023,85.4,3645.0,83.33,3102.0,85.1,225.0,167.0,0.0
02-04-2023,85.4,3645.0,83.35,3108.0,85.27,225.0,167.0,0.0
03-04-2023,85.4,3645.0,83.37,3113.0,85.4,225.0,167.0,0.0
04-04-2023,85.4,3645.0,83.39,3118.0,85.54,225.0,167.0,0.0
05-04-2023,85.4,3645.0,83.37,3113.0,85.4,108.0,167.0,0.0
06-04-2023,85.4,3645.0,83.32,3099.0,85.02,0.0,167.0,0.0
07-04-2023,85.4,3645.0,83.25,3080.0,84.5,0.0,220.0,0.0
08-04-2023,85.4,3645.0,83.19,3064.0,84.06,0.0,185.0,0.0
09-04-2023,85.4,3645.0,83.13,3048.0,83.62,0.0,185.0,0.0
10-04-2023,85.4,3645.0,83.07,3033.0,83.21,0.0,174.0,0.0
11-04-2023,85.4,3645.0,83.02,3019.0,82.83,0.0,162.0,0.0
12-04-2023,85.4,3645.0,82.96,3002.0,82.36,0.0,197.0,0.0
13-04-2023,85.4,3645.0,82.89,2984.0,81.87,0.0,208.0,0.0
14-04-2023,85.4,3645.0,82.83,2968.0,81.43,0.0,0.0,0.0
15-04-2023,85.4,3645.0,82.76,2950.0,80.93,0.0,208.0,0.0
16-04-2023,85.4,3645.0,82.7,2934.0,80.49,0.0,185.0,0.0
17-04-2023,85.4,3645.0,82.64,2918.0,80.05,0.0,185.0,0.0
18-04-2023,85.4,3645.0,82.57,2900.0,79.56,0.0,208.0,0.0
19-04-2023,85.4,3645.0,82.5,2882.0,79.07,0.0,208.0,0.0
20-04-2023,85.4,3645.0,82.44,2864.0,78.57,0.0,208.0,0.0
21-04-2023,85.4,3645.0,82.38,2850.0,78.19,0.0,162.0,0.0
22-04-2023,85.4,3645.0,82.32,2835.0,77.78,0.0,174.0,0.0
23-04-2023,85.4,3645.0,82.32,2835.0,77.78,173.0,173.0,9.8
24-04-2023,85.4,3645.0,82.28,2825.0,77.5,55.0,171.0,0.0
25-04-2023,85.4,3645.0,82.23,2812.0,77.15,22.0,172.0,0.0
26-04-2023,85.4,3645.0,82.18,2799.0,76.79,22.0,172.0,0.0
27-04-2023,85.4,3645.0,82.13,2786.0,76.43,22.0,172.0,0.0
28-04-2023,85.4,3645.0,82.07,2771.0,76.02,0.0,174.0,0.0
29-04-2023,85.4,3645.0,82.01,2756.0,75.61,0.0,174.0,0.0
30-04-2023,85.4,3645.0,81.95,2741.0,75.2,0.0,174.0,0.0
01-05-2023,85.4,3645.0,81.9,2725.0,74.76,0.0,185.0,0.0
02-05-2023,85.4,3645.0,81.86,2718.0,74.57,103.0,184.0,9.0
03-05-2023,85.4,3645.0,81.81,2705.0,74.21,35.0,185.0,0.0
04-05-2023,85.4,3645.0,81.75,2690.0,73.8,11.0,185.0,0.0
05-05-2023,85.4,3645.0,81.69,2675.0,73.39,0.0,174.0,0.0
06-05-2023,85.4,3645.0,81.66,2670.0,73.25,113.0,171.0,5.0
07-05-2023,85.4,3645.0,81.6,2653.0,72.78,0.0,197.0,0.0
08-05-2023,85.4,3645.0,81.55,2640.0,72.43,0.0,174.0,0.0
09-05-2023,85.4,3645.0,81.5,2628.0,72.1,0.0,139.0,0.0
10-05-2023,85.4,3645.0,81.44,2613.0,71.69,0.0,174.0,0.0
11-05-2023,85.4,3645.0,81.39,2601.0,71.36,0.0,139.0,0.0
12-05-2023,85.4,3645.0,81.34,2588.0,71.0,0.0,150.0,0.0
13-05-2023,85.4,3645.0,81.28,2574.0,70.62,0.0,162.0,0.0
14-05-2023,85.4,3645.0,81.23,2562.0,70.29,0.0,139.0,0.0
15-05-2023,85.4,3645.0,81.17,2547.0,69.88,0.0,174.0,0.0
16-05-2023,85.4,3645.0,81.11,2533.0,69.49,0.0,162.0,0.0
17-05-2023,85.4,3645.0,81.05,2518.0,69.08,0.0,174.0,0.0
18-05-2023,85.4,3645.0,80.99,2503.0,68.67,0.0,174.0,0.0
19-05-2023,85.4,3645.0,80.94,2491.0,68.34,0.0,139.0,0.0
20-05-2023,85.4,3645.0,80.87,2474.0,67.87,0.0,197.0,0.0
21-05-2023,85.4,3645.0,80.82,2462.0,67.54,0.0,139.0,0.0
22-05-2023,85.4,3645.0,80.77,2450.0,67.22,0.0,139.0,0.0
23-05-2023,85.4,3645.0,80.72,2438.0,66.89,0.0,139.0,0.0
24-05-2023,85.4,3645.0,80.65,2422.0,66.45,0.0,185.0,0.0
26-05-2023,85.4,3645.0,80.59,2408.0,66.06,162.0,162.0,20.0
27-05-2023,85.4,3645.0,80.53,2394.0,65.68,0.0,162.0,0.0
28-05-2023,85.4,3645.0,80.47,2379.0,65.27,0.0,174.0,0.0
29-05-2023,85.4,3645.0,80.42,2368.0,64.97,0.0,127.0,0.0
30-05-2023,85.4,3645.0,80.36,2354.0,64.58,0.0,162.0,0.0
31-05-2023,85.4,3645.0,80.32,2344.0,64.31,47.0,162.0,6.2
01-06-2023,85.4,3645.0,80.27,2333.0,64.01,35.0,162.0,0.0
02-06-2023,85.4,3645.0,80.2,2317.0,63.57,0.0,185.0,0.0
03-06-2023,85.4,3645.0,80.13,2300.0,63.1,0.0,197.0,0.0
05-06-2023,85.4,3645.0,79.99,2268.0,62.22,0.0,220.0,0.0
06-06-2023,85.4,3645.0,80.01,2273.0,62.36,237.0,179.0,11.0
07-06-2023,85.4,3645.0,80.02,2275.0,62.41,204.0,181.0,0.0
08-06-2023,85.4,3645.0,80.04,2280.0,62.55,225.0,166.0,0.0
09-06-2023,85.4,3645.0,80.04,2280.0,62.55,155.0,166.0,0.0
10-06-2023,85.4,3645.0,80.01,2273.0,62.36,86.0,167.0,0.0
11-06-2023,85.4,3645.0,80.05,2282.0,62.61,270.0,166.0,25.0
12-06-2023,85.4,3645.0,80.1,2294.0,62.94,272.0,133.0,8.0
13-06-2023,85.4,3645.0,80.08,2289.0,62.8,108.0,166.0,0.0
14-06-2023,85.4,3645.0,80.12,2298.0,63.05,270.0,166.0,4.0
15-06-2023,85.4,3645.0,80.16,2307.0,63.29,271.0,167.0,0.0
16-06-2023,85.4,3645.0,80.17,2310.0,63.37,225.0,177.0,0.0
17-06-2023,85.4,3645.0,80.19,2314.0,63.48,225.0,179.0,0.0
18-06-2023,85.4,3645.0,80.21,2319.0,63.62,225.0,151.0,0.0
19-06-2023,85.4,3645.0,80.57,2403.0,65.93,1146.0,174.0,107.0
20-06-2023,85.4,3645.0,81.1,2530.0,69.41,1649.0,179.0,64.2
21-06-2023,85.4,3645.0,81.23,2562.0,70.29,548.0,178.0,8.0
22-06-2023,85.4,3645.0,81.27,2571.0,70.53,284.0,180.0,0.0
23-06-2023,85.4,3645.0,81.32,2584.0,70.89,327.0,177.0,0.0
24-06-2023,85.4,3645.0,81.42,2608.0,71.55,455.0,177.0,9.2
25-06-2023,85.4,3645.0,81.42,2608.0,71.55,177.0,177.0,0.0
26-06-2023,85.4,3645.0,81.37,2596.0,71.22,36.0,175.0,0.0
27-06-2023,85.4,3645.0,81.32,2584.0,70.89,28.0,167.0,0.0
28-06-2023,85.4,3645.0,81.27,2571.0,70.53,28.0,178.0,0.0
29-06-2023,85.4,3645.0,81.22,2559.0,70.21,28.0,167.0,0.0
30-06-2023,85.4,3645.0,81.17,2547.0,69.88,28.0,167.0,1.0
01-07-2023,85.4,3645.0,81.13,2537.0,69.6,50.0,166.0,1.8
02-07-2023,85.4,3645.0,81.08,2525.0,69.27,27.0,166.0,0.0
03-07-2023,85.4,3645.0,81.04,2515.0,69.0,49.0,165.0,2.0
04-07-2023,85.4,3645.0,80.99,2503.0,68.67,28.0,167.0,0.0
05-07-2023,85.4,3645.0,80.94,2491.0,68.34,28.0,166.0,0.0
06-07-2023,85.4,3645.0,80.88,2477.0,67.96,0.0,162.0,0.0
07-07-2023,85.4,3645.0,80.82,2462.0,67.54,0.0,174.0,0.0
08-07-2023,85.4,3645.0,80.76,2448.0,67.16,0.0,162.0,0.0
09-07-2023,85.4,3645.0,80.7,2434.0,66.78,0.0,162.0,0.0
10-07-2023,85.4,3645.0,80.7,2434.0,66.78,161.0,161.0,11.0
11-07-2023,85.4,3645.0,80.65,2422.0,66.45,21.0,160.0,0.0
12-07-2023,85.4,3645.0,80.59,2408.0,66.06,0.0,162.0,0.0
13-07-2023,85.4,3645.0,80.56,2401.0,65.87,81.0,162.0,5.2
14-07-2023,85.4,3645.0,80.56,2401.0,65.87,161.0,161.0,9.6
15-07-2023,85.4,3645.0,80.51,2389.0,65.54,23.0,162.0,0.0
16-07-2023,85.4,3645.0,80.45,2375.0,65.16,0.0,162.0,0.0
17-07-2023,85.4,3645.0,80.39,2361.0,64.77,0.0,162.0,0.0
18-07-2023,85.4,3645.0,80.33,2347.0,64.39,0.0,162.0,0.0
19-07-2023,85.4,3645.0,80.26,2330.0,63.92,0.0,197.0,0.0
20-07-2023,85.4,3645.0,80.19,2314.0,63.48,0.0,185.0,0.0
21-07-2023,85.4,3645.0,80.17,2310.0,63.37,139.0,185.0,0.0
22-07-2023,85.4,3645.0,80.19,2314.0,63.48,231.0,185.0,0.0
23-07-2023,85.4,3645.0,80.23,2324.0,63.76,301.0,185.0,3.6
24-07-2023,85.4,3645.0,80.27,2333.0,64.01,334.0,184.0,1.2
25-07-2023,85.4,3645.0,80.4,2363.0,64.83,509.0,162.0,22.2
26-07-2023,85.4,3645.0,80.45,2375.0,65.16,302.0,163.0,4.2
27-07-2023,85.4,3645.0,80.51,2389.0,65.54,324.0,162.0,0.0
28-07-2023,85.4,3645.0,80.57,2403.0,65.93,324.0,162.0,0.0
29-07-2023,85.4,3645.0,80.63,2417.0,66.31,324.0,162.0,0.0
30-07-2023,85.4,3645.0,80.69,2431.0,66.69,323.0,161.0,0.0
31-07-2023,85.4,3645.0,80.75,2446.0,67.11,335.0,161.0,5.0
01-08-2023,85.4,3645.0,80.84,2467.0,67.68,373.0,130.0,0.0
02-08-2023,85.4,3645.0,80.91,2484.0,68.15,355.0,158.0,0.0
03-08-2023,85.4,3645.0,80.97,2498.0,68.53,323.0,161.0,0.0
04-08-2023,85.4,3645.0,81.01,2508.0,68.81,297.0,161.0,0.0
05-08-2023,85.4,3645.0,81.06,2520.0,69.14,297.0,158.0,0.0
06-08-2023,85.4,3645.0,81.11,2533.0,69.49,297.0,158.0,0.0
07-08-2023,85.4,3645.0,81.16,2545.0,69.82,297.0,158.0,0.0
08-08-2023,85.4,3645.0,81.21,2557.0,70.15,297.0,158.0,0.0
09-08-2023,85.4,3645.0,81.27,2571.0,70.53,297.0,159.0,0.0
10-08-2023,85.4,3645.0,81.32,2584.0,70.89,297.0,161.0,0.0
11-08-2023,85.4,3645.0,81.42,2608.0,71.55,439.0,161.0,30.0
12-08-2023,85.4,3645.0,81.48,2623.0,71.96,320.0,158.0,0.0
13-08-2023,85.4,3645.0,81.62,2658.0,72.92,565.0,160.0,64.4
14-08-2023,85.4,3645.0,81.78,2698.0,74.02,622.0,159.0,69.0
15-08-2023,85.4,3645.0,81.79,2700.0,74.07,182.0,159.0,10.6
16-08-2023,85.4,3645.0,81.73,2686.0,73.69,0.0,162.0,0.0
17-08-2023,85.4,3645.0,81.69,2675.0,73.39,0.0,148.0,0.0
18-08-2023,85.4,3645.0,81.67,2670.0,73.25,91.0,149.0,14.0
19-08-2023,85.4,3645.0,81.63,2660.0,72.98,35.0,151.0,0.0
20-08-2023,85.4,3645.0,81.58,2648.0,72.65,21.0,160.0,3.6
21-08-2023,85.4,3645.0,81.53,2635.0,72.29,0.0,159.0,0.0
22-08-2023,85.4,3645.0,81.48,2623.0,71.96,0.0,156.0,0.0
23-08-2023,85.4,3645.0,81.48,2623.0,71.96,156.0,156.0,6.0
24-08-2023,85.4,3645.0,81.87,2720.0,74.62,1280.0,157.0,56.4
25-08-2023,85.4,3645.0,82.0,2753.0,75.53,536.0,154.0,0.0
26-08-2023,85.4,3645.0,81.99,2751.0,75.47,130.0,153.0,0.0
27-08-2023,85.4,3645.0,82.02,2758.0,75.67,234.0,153.0,26.0
28-08-2023,85.4,3645.0,82.0,2753.0,75.53,96.0,154.0,0.0
29-08-2023,85.4,3645.0,81.96,2743.0,75.25,37.0,153.0,10.0
30-08-2023,85.4,3645.0,81.91,2730.0,74.9,0.0,150.0,0.0
31-08-2023,85.4,3645.0,81.86,2718.0,74.57,0.0,150.0,0.0
01-09-2023,85.4,3645.0,81.81,2705.0,74.21,0.0,150.0,0.0
02-09-2023,85.4,3645.0,81.76,2693.0,73.88,0.0,149.0,0.0
03-09-2023,85.4,3645.0,81.8,2703.0,74.16,266.0,150.0,29.4
04-09-2023,85.4,3645.0,81.79,2700.0,74.07,114.0,149.0,5.2
06-09-2023,85.4,3645.0,81.69,2675.0,73.39,0.0,150.0,0.0
07-09-2023,85.4,3645.0,81.64,2663.0,73.06,0.0,139.0,0.0
08-09-2023,85.4,3645.0,81.74,2688.0,73.74,429.0,140.0,22.0
09-09-2023,85.4,3645.0,81.73,2685.0,73.66,105.0,140.0,0.0
10-09-2023,85.4,3645.0,81.59,2675.0,73.39,19.0,135.0,0.0
11-09-2023,85.4,3645.0,81.54,2663.0,73.06,0.0,139.0,0.0
12-09-2023,85.4,3645.0,81.59,2650.0,72.7,0.0,150.0,0.0
13-09-2023,85.4,3645.0,81.54,2638.0,72.37,0.0,139.0,0.0
14-09-2023,85.4,3645.0,81.55,2640.0,72.43,0.0,138.0,8.0
15-09-2023,85.4,3645.0,81.53,2635.0,72.29,80.0,138.0,9.4
16-09-2023,85.4,3645.0,81.49,2625.0,72.02,22.0,138.0,0.0
17-09-2023,85.4,3645.0,81.61,2655.0,72.84,484.0,137.0,29.0
18-09-2023,85.4,3645.0,81.67,2670.0,73.25,312.0,138.0,2.0
19-09-2023,85.4,3645.0,81.65,2665.0,73.11,80.0,138.0,0.0
20-09-2023,85.4,3645.0,81.61,2655.0,72.84,22.0,138.0,0.0
26-09-2023,85.4,3645.0,82.18,2799.0,76.79,1284.0,138.0,0.0
27-09-2023,85.4,3645.0,82.42,2860.0,78.46,843.0,137.0,9.0
28-09-2023,85.4,3645.0,82.71,2937.0,80.58,1029.0,138.0,36.0
29-09-2023,85.4,3645.0,82.9,2986.0,81.92,705.0,138.0,16.0
30-09-2023,85.4,3645.0,83.05,3028.0,83.07,625.0,139.0,17.8
01-10-2023,85.4,3645.0,83.13,3048.0,83.62,368.0,137.0,0.0
02-10-2023,85.4,3645.0,83.19,3064.0,84.06,323.0,138.0,0.0
03-10-2023,85.4,3645.0,83.23,3075.0,84.36,264.0,137.0,0.0
04-10-2023,85.4,3645.0,83.27,3086.0,84.66,265.0,138.0,3.8
05-10-2023,85.4,3645.0,83.3,3094.0,84.88,230.0,137.0,1.2
06-10-2023,85.4,3645.0,83.33,3102.0,85.1,232.0,139.0,0.4
07-10-2023,85.4,3645.0,83.36,3110.0,85.32,231.0,138.0,0.0
08-10-2023,85.4,3645.0,83.45,3132.0,85.93,393.0,138.0,9.8
10-10-2023,85.4,3645.0,83.41,3123.0,85.68,156.0,237.0,0.0
11-10-2023,85.4,3645.0,83.4,3120.0,85.6,203.0,238.0,0.0
12-10-2023,85.4,3645.0,83.39,3118.0,85.54,215.0,238.0,5.4
13-10-2023,85.4,3645.0,83.39,3118.0,85.54,189.0,189.0,0.0
14-10-2023,85.4,3645.0,83.39,3118.0,85.54,188.0,188.0,0.0
15-10-2023,85.4,3645.0,83.4,3120.0,85.6,213.0,190.0,1.0
16-10-2023,85.4,3645.0,83.4,3120.0,85.6,188.0,188.0,0.0
17-10-2023,85.4,3645.0,83.5,3146.0,86.31,490.0,189.0,14.6
18-10-2023,85.4,3645.0,83.49,3143.0,86.23,151.0,186.0,0.0
19-10-2023,85.4,3645.0,89.48,3141.0,86.17,151.0,188.0,0.0
20-10-2023,85.4,3645.0,83.47,3138.0,86.09,154.0,189.0,0.0
21-10-2023,85.4,3645.0,83.47,3138.0,86.09,188.0,188.0,20.0
22-10-2023,85.4,3645.0,83.46,3135.0,86.01,153.0,188.0,1.0
23-10-2023,85.4,3645.0,83.45,3132.0,85.93,154.0,189.0,0.0
24-10-2023,85.4,3645.0,83.44,3130.0,85.87,163.0,186.0,0.0
25-10-2023,85.4,3645.0,83.43,3128.0,85.82,164.0,187.0,0.0
26-10-2023,85.4,3645.0,83.42,3125.0,85.73,153.0,188.0,0.0
27-10-2023,85.4,3645.0,83.41,3123.0,85.68,165.0,188.0,0.0
28-10-2023,85.4,3645.0,83.4,3120.0,85.6,157.0,188.0,0.0
29-10-2023,85.4,3645.0,83.39,3118.0,85.54,157.0,188.0,1.0
30-10-2023,85.4,3645.0,83.4,3120.0,85.6,211.0,188.0,5.6
31-10-2023,85.4,3645.0,83.46,3135.0,86.01,362.0,188.0,9.4
01-11-2023,85.4,3645.0,83.46,3135.0,86.01,188.0,188.0,14.0
02-11-2023,85.4,3645.0,83.42,3125.0,85.73,72.0,188.0,0.0
03-11-2023,85.4,3645.0,83.39,3118.0,85.54,108.0,189.0,14.0
04-11-2023,85.4,3645.0,83.46,3135.0,86.01,385.0,188.0,38.0
05-11-2023,85.4,3645.0,83.45,3132.0,85.93,153.0,188.0,1.0
06-11-2023,85.4,3645.0,83.45,3132.0,85.93,188.0,188.0,17.4
07-11-2023,85.4,3645.0,83.42,3125.0,85.73,107.0,188.0,0.0
08-11-2023,85.4,3645.0,83.4,3120.0,85.6,130.0,188.0,7.4
09-11-2023,85.4,3645.0,83.41,3123.0,85.68,198.0,161.0,15.0
10-11-2023,85.4,3645.0,83.48,3141.0,86.17,368.0,160.0,36.4
11-11-2023,85.4,3645.0,83.45,3132.0,85.93,57.0,161.0,0.0
12-11-2023,85.4,3645.0,83.4,3120.0,85.6,24.0,163.0,0.0
13-11-2023,85.4,3645.0,83.35,3108.0,85.27,22.0,161.0,0.0
14-11-2023,85.4,3645.0,83.39,3118.0,85.54,278.0,162.0,13.8
15-11-2023,85.4,3645.0,83.44,3130.0,85.87,301.0,162.0,30.2
16-11-2023,85.4,3645.0,83.45,3132.0,85.93,189.0,166.0,6.4
17-11-2023,85.4,3645.0,83.43,3128.0,85.82,116.0,162.0,0.0
18-11-2023,85.4,3645.0,83.41,3123.0,85.68,61.0,119.0,0.0
19-11-2023,85.4,3645.0,83.39,3118.0,85.54,69.0,127.0,0.0
20-11-2023,85.4,3645.0,83.38,3115.0,85.46,123.0,158.0,6.6
21-11-2023,85.4,3645.0,83.38,3115.0,85.46,162.0,162.0,10.2
22-11-2023,85.4,3645.0,83.37,3113.0,85.4,142.0,164.0,1.4
23-11-2023,85.4,3645.0,83.47,3138.0,86.09,451.0,162.0,23.2
24-11-2023,85.4,3645.0,83.48,3141.0,86.17,198.0,163.0,2.0
25-11-2023,85.4,3645.0,83.47,3138.0,86.09,128.0,163.0,1.4
26-11-2023,85.4,3645.0,83.47,3138.0,86.09,164.0,164.0,5.6
27-11-2023,85.4,3645.0,83.59,3170.0,86.97,532.0,162.0,37.2
28-11-2023,85.4,3645.0,83.69,3195.0,87.65,452.0,163.0,11.6
29-11-2023,85.4,3645.0,83.75,3210.0,88.07,514.0,340.0,10.8
30-11-2023,85.4,3645.0,83.93,3256.0,89.33,3098.0,2566.0,90.2
01-12-2023,85.4,3645.0,83.05,3028.0,83.07,1431.0,526.0,18.0
02-12-2023,85.4,3645.0,82.63,2916.0,80.0,609.0,3285.0,2.0
03-12-2023,85.4,3645.0,82.06,2769.0,75.97,450.0,1650.0,38.4
04-12-2023,85.4,3645.0,82.74,2944.0,80.77,5304.0,3279.0,162.0
05-12-2023,85.4,3645.0,84.3,3349.0,91.88,8514.0,3937.0,204.8
06-12-2023,85.4,3645.0,84.75,3473.0,95.28,4166.0,6110.0,0.0
07-12-2023,85.4,3645.0,84.68,3454.0,94.76,2606.0,2606.0,0.0
08-12-2023,85.4,3645.0,84.58,3426.0,93.99,2293.0,2622.0,0.0
09-12-2023,85.4,3645.0,84.22,3330.0,91.36,1511.0,2622.0,0.0
10-12-2023,85.4,3645.0,84.04,3284.0,90.1,1091.0,1623.0,0.0
11-12-2023,85.4,3645.0,83.99,3271.0,89.74,973.0,1123.0,0.0
12-12-2023,85.4,3645.0,83.99,3271.0,89.74,622.0,622.0,0.0
13-12-2023,85.4,3645.0,83.94,3259.0,89.41,485.0,624.0,0.0
14-12-2023,85.4,3645.0,83.91,3251.0,89.19,231.0,324.0,0.0
15-12-2023,85.4,3645.0,83.87,3241.0,88.92,207.0,323.0,0.0
16-12-2023,85.4,3645.0,83.88,3243.0,88.97,246.0,223.0,9.4
17-12-2023,85.4,3645.0,83.88,3243.0,88.97,223.0,223.0,0.0
18-12-2023,85.4,3645.0,83.88,3243.0,88.97,246.0,223.0,9.4
19-12-2023,85.4,3645.0,83.85,3238.0,88.83,188.0,223.0,0.0
20-12-2023,85.4,3645.0,83.83,3233.0,88.7,165.0,223.0,0.0
21-12-2023,85.4,3645.0,83.81,3228.0,88.56,114.0,172.0,0.0
22-12-2023,85.4,3645.0,83.8,3225.0,88.48,139.0,174.0,0.0
23-12-2023,85.4,3645.0,83.78,3220.0,88.34,115.0,173.0,0.0
24-12-2023,85.4,3645.0,83.75,3210.0,88.07,56.0,172.0,0.0
25-12-2023,85.4,3645.0,83.71,3200.0,87.79,56.0,172.0,0.0
26-12-2023,85.4,3645.0,83.67,3190.0,87.52,56.0,172.0,0.0
27-12-2023,85.4,3645.0,83.64,3182.0,87.3,56.0,126.0,0.0
28-12-2023,85.4,3645.0,83.61,3174.0,87.08,34.0,127.0,0.0
29-12-2023,85.4,3645.0,83.58,3167.0,86.89,34.0,126.0,0.0
30-12-2023,85.4,3645.0,83.55,3159.0,86.67,33.0,126.0,0.0
31-12-2023,85.4,3645.0,83.52,3151.0,86.45,33.0,126.0,0.0
01-01-2024,85.4,3645.0,83.49,3143.0,86.23,32.0,125.0,0.0
02-01-2024,85.4,3645.0,83.46,3135.0,86.01,32.0,126.0,0.0
03-01-2024,85.4,3645.0,83.43,3128.0,85.82,32.0,127.0,0.0
04-01-2024,85.4,3645.0,83.39,3118.0,85.54,32.0,127.0,0.0
05-01-2024,85.4,3645.0,83.39,3118.0,85.54,127.0,127.0,6.4
06-01-2024,85.4,3645.0,83.36,3110.0,85.32,33.0,126.0,0.0
07-01-2024,85.4,3645.0,83.33,3102.0,85.1,36.0,129.0,0.0
08-01-2024,85.4,3645.0,83.45,3132.0,85.93,497.0,150.0,46.6
09-01-2024,85.4,3645.0,83.63,3179.0,87.22,695.0,151.0,23.0
10-01-2024,85.4,3645.0,83.62,3177.0,87.16,102.0,125.0,0.0
11-01-2024,85.4,3645.0,83.6,3172.0,87.02,68.0,126.0,0.0
12-01-2024,85.4,3645.0,83.59,3169.0,86.94,68.0,107.0,0.0
13-01-2024,85.4,3645.0,83.57,3164.0,86.8,68.0,94.0,0.0
14-01-2024,85.4,3645.0,83.54,3156.0,86.58,37.0,130.0,0.0
15-01-2024,85.4,3645.0,83.51,3149.0,86.39,37.0,130.0,0.0
16-01-2024,85.4,3645.0,83.48,3141.0,86.17,37.0,129.0,0.0
17-01-2024,85.4,3645.0,83.44,3130.0,85.87,37.0,131.0,0.0
18-01-2024,85.4,3645.0,83.4,3120.0,85.6,14.0,130.0,0.0
19-01-2024,85.4,3645.0,83.36,3110.0,85.32,14.0,131.0,0.0
20-01-2024,85.4,3645.0,83.33,3102.0,85.1,14.0,131.0,0.0
21-01-2024,85.4,3645.0,83.29,3091.0,84.8,14.0,131.0,0.0
22-01-2024,85.4,3645.0,83.25,3080.0,84.5,14.0,130.0,0.0
23-01-2024,85.4,3645.0,83.21,3070.0,84.22,14.0,130.0,0.0
24-01-2024,85.4,3645.0,83.17,3059.0,83.92,14.0,130.0,0.0
25-01-2024,85.4,3645.0,83.13,3048.0,83.62,14.0,131.0,0.0
26-01-2024,85.4,3645.0,83.1,3040.0,83.4,38.0,131.0,0.0
27-01-2024,85.4,3645.0,83.11,3043.0,83.48,144.0,131.0,0.0
28-01-2024,85.4,3645.0,83.12,3045.0,83.54,144.0,130.0,0.0
29-01-2024,85.4,3645.0,83.13,3048.0,83.62,144.0,130.0,0.0
30-01-2024,85.4,3645.0,83.14,3051.0,83.7,144.0,131.0,0.0
31-01-2024,85.4,3645.0,83.15,3053.0,83.76,144.0,129.0,0.0
01-02-2024,85.4,3645.0,83.16,3056.0,83.84,144.0,131.0,0.0
02-02-2024,85.4,3645.0,83.17,3059.0,83.92,144.0,131.0,0.0
03-02-2024,85.4,3645.0,83.17,3059.0,83.92,144.0,140.0,0.0
04-02-2024,85.4,3645.0,83.17,3059.0,83.92,144.0,140.0,0.0
05-02-2024,85.4,3645.0,83.17,3059.0,83.92,140.0,140.0,0.0
06-02-2024,85.4,3645.0,83.17,3059.0,83.92,135.0,138.0,0.0
07-02-2024,85.4,3645.0,83.17,3059.0,83.92,130.0,138.0,0.0
08-02-2024,85.4,3645.0,83.17,3059.0,83.92,130.0,139.0,0.0
09-02-2024,85.4,3645.0,83.17,3059.0,83.92,130.0,140.0,0.0
10-02-2024,85.4,3645.0,83.17,3059.0,83.92,130.0,139.0,0.0
11-02-2024,85.4,3645.0,83.17,3059.0,83.92,130.0,140.0,0.0
12-02-2024,85.4,3645.0,83.17,3059.0,83.92,130.0,138.0,0.0
13-02-2024,85.4,3645.0,83.17,3059.0,83.92,130.0,140.0,0.0
14-02-2024,85.4,3645.0,83.17,3059.0,83.92,130.0,140.0,0.0
15-02-2024,85.4,3645.0,83.17,3059.0,83.92,130.0,139.0,0.0
16-02-2024,85.4,3645.0,83.17,3059.0,83.92,130.0,125.0,0.0
17-02-2024,85.4,3645.0,83.17,3059.0,83.92,130.0,139.0,0.0
18-02-2024,85.4,3645.0,83.17,3059.0,83.92,130.0,138.0,0.0
19-02-2024,85.4,3645.0,83.17,3059.0,83.92,130.0,136.0,0.0
20-02-2024,85.4,3645.0,83.17,3059.0,83.92,135.0,132.0,0.0
21-02-2024,85.4,3645.0,83.17,3059.0,83.92,135.0,132.0,0.0
22-02-2024,85.4,3645.0,83.18,3061.0,83.98,135.0,131.0,0.0
23-02-2024,85.4,3645.0,83.18,3061.0,83.98,135.0,131.0,0.0
24-02-2024,85.4,3645.0,83.18,3061.0,83.98,135.0,131.0,0.0
25-02-2024,85.4,3645.0,83.18,3061.0,83.98,135.0,130.0,0.0
26-02-2024,85.4,3645.0,83.19,3064.0,84.06,135.0,129.0,0.0
27-02-2024,85.4,3645.0,83.19,3064.0,84.06,135.0,130.0,0.0
28-02-2024,85.4,3645.0,83.19,3064.0,84.06,135.0,130.0,0.0
29-02-2024,85.4,3645.0,83.19,3064.0,84.06,135.0,130.0,0.0
01-03-2024,85.4,3645.0,83.19,3064.0,84.06,135.0,131.0,0.0
02-03-2024,85.4,3645.0,83.19,3064.0,84.06,135.0,131.0,0.0
03-03-2024,85.4,3645.0,83.19,3064.0,84.06,135.0,130.0,0.0
04-03-2024,85.4,3645.0,83.2,3067.0,84.14,135.0,131.0,0.0
05-03-2024,85.4,3645.0,83.22,3073.0,84.31,220.0,131.0,0.0
06-03-2024,85.4,3645.0,83.25,3080.0,84.5,220.0,132.0,0.0
07-03-2024,85.4,3645.0,83.26,3083.0,84.58,220.0,132.0,0.0
08-03-2024,85.4,3645.0,83.27,3086.0,84.66,220.0,133.0,0.0
09-03-2024,85.4,3645.0,83.25,3080.0,84.5,0.0,131.0,0.0
10-03-2024,85.4,3645.0,83.21,3070.0,84.22,0.0,130.0,0.0
11-03-2024,85.4,3645.0,83.18,3061.0,83.98,0.0,130.0,0.0
12-03-2024,85.4,3645.0,83.13,3048.0,83.62,0.0,137.0,0.0
13-03-2024,85.4,3645.0,83.08,3035.0,83.26,0.0,141.0,0.0
14-03-2024,85.4,3645.0,83.03,3022.0,82.91,0.0,141.0,0.0
15-03-2024,85.4,3645.0,82.98,3007.0,82.5,0.0,142.0,0.0
16-03-2024,85.4,3645.0,82.93,2994.0,82.14,0.0,142.0,0.0
17-03-2024,85.4,3645.0,82.88,2981.0,81.78,0.0,141.0,0.0
18-03-2024,85.4,3645.0,82.83,2968.0,81.43,0.0,142.0,0.0
19-03-2024,85.4,3645.0,82.78,2955.0,81.07,0.0,142.0,0.0
20-03-2024,85.4,3645.0,82.73,2942.0,80.71,0.0,140.0,0.0
21-03-2024,85.4,3645.0,82.68,2929.0,80.36,0.0,141.0,0.0
22-03-2024,85.4,3645.0,82.63,2916.0,80.0,0.0,141.0,0.0
23-03-2024,85.4,3645.0,82.58,2903.0,79.64,0.0,141.0,0.0
24-03-2024,85.4,3645.0,82.53,2890.0,79.29,0.0,141.0,0.0
25-03-2024,85.4,3645.0,82.48,2877.0,78.93,0.0,133.0,0.0
26-03-2024,85.4,3645.0,82.43,2864.0,78.57,0.0,143.0,0.0
27-03-2024,85.4,3645.0,82.38,2851.0,78.22,0.0,142.0,0.0
28-03-2024,85.4,3645.0,82.32,2838.0,77.86,0.0,142.0,0.0
29-03-2024,85.4,3645.0,82.28,2825.0,77.5,0.0,141.0,0.0
30-03-2024,85.4,3645.0,82.23,2812.0,77.15,0.0,139.0,0.0
31-03-2024,85.4,3645.0,82.18,2799.0,76.79,0.0,141.0,0.0
01-04-2024,85.4,3645.0,82.13,2786.0,76.43,0.0,142.0,0.0
02-04-2024,85.4,3645.0,82.08,2773.0,76.08,0.0,141.0,0.0
03-04-2024,85.4,3645.0,82.03,2760.0,75.72,0.0,142.0,0.0
04-04-2024,85.4,3645.0,81.97,2746.0,75.34,0.0,143.0,0.0
05-04-2024,85.4,3645.0,81.91,2730.0,74.9,0.0,158.0,0.0
06-04-2024,85.4,3645.0,81.85,2715.0,74.49,0.0,157.0,0.0
07-04-2024,85.4,3645.0,81.79,2700.0,74.07,0.0,157.0,0.0
08-04-2024,85.4,3645.0,81.73,2685.0,73.66,0.0,156.0,0.0
09-04-2024,85.4,3645.0,81.67,2670.0,73.25,0.0,157.0,0.0
10-04-2024,85.4,3645.0,81.61,2655.0,72.84,0.0,157.0,0.0
11-04-2024,85.4,3645.0,81.55,2640.0,72.43,0.0,156.0,0.0
12-04-2024,85.4,3645.0,81.49,2625.0,72.02,0.0,156.0,0.0
13-04-2024,85.4,3645.0,81.43,2610.0,71.6,0.0,157.0,0.0
14-04-2024,85.4,3645.0,81.37,2595.0,71.19,0.0,157.0,0.0
15-04-2024,85.4,3645.0,81.3,2578.0,70.73,0.0,157.0,0.0
16-04-2024,85.4,3645.0,81.23,2561.0,70.26,0.0,157.0,0.0
17-04-2024,85.4,3645.0,81.16,2544.0,69.79,0.0,157.0,0.0
18-04-2024,85.4,3645.0,81.08,2525.0,69.27,0.0,157.0,0.0
19-04-2024,85.4,3645.0,81.0,2506.0,68.75,0.0,159.0,0.0
20-04-2024,85.4,3645.0,80.93,2489.0,68.29,0.0,158.0,0.0
21-04-2024,85.4,3645.0,80.86,2472.0,67.82,0.0,159.0,0.0
22-04-2024,85.4,3645.0,80.79,2455.0,67.35,0.0,158.0,0.0
23-04-2024,85.4,3645.0,80.71,2436.0,66.83,0.0,161.0,0.0
24-04-2024,85.4,3645.0,80.63,2417.0,66.31,0.0,160.0,0.0
25-04-2024,85.4,3645.0,80.56,2401.0,65.87,0.0,155.0,0.0
26-04-2024,85.4,3645.0,80.51,2389.0,65.54,0.0,114.0,0.0
27-04-2024,85.4,3645.0,80.49,2384.0,65.4,0.0,46.0,0.0
28-04-2024,85.4,3645.0,80.44,2372.0,65.08,0.0,105.0,0.0
29-04-2024,85.4,3645.0,80.37,2356.0,64.64,0.0,155.0,0.0
30-04-2024,85.4,3645.0,80.29,2337.0,64.12,0.0,155.0,0.0
01-05-2024,85.4,3645.0,80.21,2319.0,63.62,0.0,159.0,0.0
02-05-2024,85.4,3645.0,80.13,2300.0,63.1,0.0,155.0,0.0
03-05-2024,85.4,3645.0,80.05,2282.0,62.61,0.0,159.0,0.0
04-05-2024,85.4,3645.0,79.97,2263.0,62.09,0.0,159.0,0.0
05-05-2024,85.4,3645.0,79.89,2245.0,61.59,0.0,159.0,0.0
06-05-2024,85.4,3645.0,79.81,2227.0,61.1,0.0,158.0,0.0
07-05-2024,85.4,3645.0,79.73,2209.0,60.6,0.0,159.0,0.0
08-05-2024,85.4,3645.0,79.65,2191.0,60.11,0.0,160.0,0.0
09-05-2024,85.4,3645.0,79.57,2173.0,59.62,0.0,159.0,0.0
10-05-2024,85.4,3645.0,79.49,2155.0,59.12,0.0,159.0,0.0
11-05-2024,85.4,3645.0,79.41,2137.0,58.63,0.0,160.0,0.0
12-05-2024,85.4,3645.0,79.33,2119.0,58.13,0.0,157.0,0.0
13-05-2024,85.4,3645.0,79.25,2101.0,57.64,0.0,158.0,0.0
14-05-2024,85.4,3645.0,79.17,2083.0,57.15,0.0,159.0,0.0
15-05-2024,85.4,3645.0,79.09,2065.0,56.65,0.0,160.0,0.0
16-05-2024,85.4,3645.0,79.01,2047.0,56.16,0.0,160.0,0.0
17-05-2024,85.4,3645.0,78.93,2029.0,55.67,0.0,159.0,5.0
18-05-2024,85.4,3645.0,78.85,2011.0,55.17,0.0,159.0,0.0
19-05-2024,85.4,3645.0,78.75,1994.0,54.71,0.0,160.0,0.0
20-05-2024,85.4,3645.0,78.67,1977.0,54.24,0.0,158.0,0.0
21-05-2024,85.4,3645.0,78.59,1960.0,53.77,0.0,160.0,0.0
22-05-2024,85.4,3645.0,78.51,1943.0,53.31,0.0,159.0,0.0
23-05-2024,85.4,3645.0,78.43,1926.0,52.84,0.0,160.0,7.6
24-05-2024,85.4,3645.0,78.34,1908.0,52.35,0.0,160.0,0.0
25-05-2024,85.4,3645.0,78.26,1891.0,51.88,0.0,159.0,0.0
26-05-2024,85.4,3645.0,78.17,1873.0,51.39,0.0,160.0,0.0
27-05-2024,85.4,3645.0,78.09,1857.0,50.95,0.0,156.0,0.0
28-05-2024,85.4,3645.0,78.02,1842.0,50.53,0.0,157.0,0.0
29-05-2024,85.4,3645.0,77.94,1826.0,50.1,0.0,157.0,0.0
30-05-2024,85.4,3645.0,77.85,1808.0,49.6,0.0,159.0,0.0
31-05-2024,85.4,3645.0,77.76,1790.0,49.11,0.0,158.0,0.0
01-06-2024,85.4,3645.0,77.68,1775.0,48.7,0.0,157.0,0.0
02-06-2024,85.4,3645.0,77.61,1760.0,48.29,0.0,157.0,0.0
03-06-2024,85.4,3645.0,77.53,1745.0,47.87,0.0,156.0,5.4
04-06-2024,85.4,3645.0,77.46,1731.0,47.49,0.0,156.0,0.0
05-06-2024,85.4,3645.0,77.47,1733.0,47.54,155.0,136.0,21.0
06-06-2024,85.4,3645.0,77.65,1769.0,48.53,545.0,132.0,80.0
07-06-2024,85.4,3645.0,77.65,1769.0,48.53,150.0,148.0,14.0
08-06-2024,85.4,3645.0,77.57,1753.0,48.09,0.0,156.0,0.0
09-06-2024,85.4,3645.0,77.49,1737.0,47.65,0.0,157.0,0.0
10-06-2024,85.4,3645.0,77.42,1723.0,47.27,0.0,156.0,0.0
11-06-2024,85.4,3645.0,77.35,1710.0,46.91,0.0,141.0,8.0
12-06-2024,85.4,3645.0,77.29,1698.0,46.58,0.0,142.0,4.0
13-06-2024,85.4,3645.0,77.21,1683.0,46.17,0.0,156.0,8.2
14-06-2024,85.4,3645.0,77.13,1668.0,45.76,0.0,157.0,0.0
15-06-2024,85.4,3645.0,77.05,1653.0,45.35,0.0,156.0,0.0
16-06-2024,85.4,3645.0,76.97,1637.0,44.91,0.0,157.0,0.0
17-06-2024,85.4,3645.0,76.89,1622.0,44.5,0.0,155.0,1.0
18-06-2024,85.4,3645.0,77.12,1666.0,45.71,645.0,136.0,73.0
19-06-2024,85.4,3645.0,77.15,1672.0,45.87,205.0,136.0,6.0
20-06-2024,85.4,3645.0,77.07,1657.0,45.46,0.0,156.0,0.0
21-06-2024,85.4,3645.0,77.03,1649.0,45.24,60.0,148.0,10.0
22-06-2024,85.4,3645.0,77.07,1657.0,45.46,229.0,136.0,7.2
23-06-2024,85.4,3645.0,76.99,1641.0,45.02,0.0,154.0,0.0
23-06-2024,85.4,3645.0,76.99,1641.0,45.02,0.0,154.0,0.0
23-06-2024,85.4,3645.0,76.99,1641.0,45.02,0.0,154.0,0.0
23-06-2024,85.4,3645.0,76.99,1641.0,45.02,0.0,154.0,0.0
23-06-2024,85.4,3645.0,76.99,1641.0,45.02,0.0,154.0,0.0
23-06-2024,85.4,3645.0,76.99,1641.0,45.02,0.0,154.0,0.0
24-06-2024,85.4,3645.0,76.91,1626.0,44.61,0.0,154.0,0.0
25-06-2024,85.4,3645.0,76.83,1611.0,44.2,0.0,155.0,0.0
26-06-2024,85.4,3645.0,76.75,1596.0,43.79,0.0,157.0,1.0
27-06-2024,85.4,3645.0,76.67,1581.0,43.37,0.0,157.0,0.0
28-06-2024,85.4,3645.0,76.59,1566.0,42.96,0.0,158.0,0.0
29-06-2024,85.4,3645.0,76.51,1552.0,42.58,0.0,157.0,0.0
30-06-2024,85.4,3645.0,76.43,1537.0,42.17,0.0,157.0,0.0
01-07-2024,85.4,3645.0,76.35,1522.0,41.76,0.0,156.0,1.0
02-07-2024,85.4,3645.0,76.27,1508.0,41.37,0.0,155.0,0.0
03-07-2024,85.4,3645.0,76.2,1495.0,41.02,0.0,150.0,0.0
04-07-2024,85.4,3645.0,76.2,1495.0,41.02,150.0,150.0,20.0
05-07-2024,85.4,3645.0,76.13,1482.0,40.66,0.0,151.0,2.0
06-07-2024,85.4,3645.0,76.13,1482.0,40.66,150.0,151.0,25.0
07-07-2024,85.4,3645.0,76.05,1468.0,40.27,0.0,151.0,0.0
08-07-2024,85.4,3645.0,76.05,1468.0,40.27,150.0,151.0,10.0
09-07-2024,85.4,3645.0,75.97,1453.0,39.86,0.0,151.0,0.0
10-07-2024,85.4,3645.0,75.89,1439.0,39.48,0.0,151.0,0.0
11-07-2024,85.4,3645.0,75.89,1439.0,39.48,150.0,152.0,19.0
12-07-2024,85.4,3645.0,75.81,1425.0,39.09,0.0,151.0,0.0
13-07-2024,85.4,3645.0,76.21,1497.0,41.07,980.0,147.0,36.0
14-07-2024,85.4,3645.0,76.28,1509.0,41.4,300.0,148.0,0.0
15-07-2024,85.4,3645.0,76.32,1517.0,41.62,240.0,148.0,0.0
16-07-2024,85.4,3645.0,76.32,1517.0,41.62,140.0,148.0,4.2
17-07-2024,85.4,3645.0,76.24,1502.0,41.21,0.0,149.0,0.0
18-07-2024,85.4,3645.0,76.16,1488.0,40.82,0.0,154.0,0.0
19-07-2024,85.4,3645.0,76.24,1502.0,41.21,310.0,146.0,5.0
20-07-2024,85.4,3645.0,76.24,1502.0,41.21,150.0,146.0,0.0
21-07-2024,85.4,3645.0,76.24,1502.0,41.21,140.0,143.0,0.0
22-07-2024,85.4,3645.0,76.21,1497.0,41.07,70.0,150.0,0.0
23-07-2024,85.4,3645.0,76.13,1482.0,40.66,0.0,153.0,0.0
24-07-2024,85.4,3645.0,76.3,1513.0,41.51,500.0,144.0,9.0
25-07-2024,85.4,3645.0,76.3,1513.0,41.51,150.0,149.0,0.0
26-07-2024,85.4,3645.0,76.22,1499.0,41.12,0.0,150.0,0.0
27-07-2024,85.4,3645.0,76.14,1484.0,40.71,0.0,150.0,0.0
28-07-2024,85.4,3645.0,76.05,1468.0,40.27,0.0,150.0,0.0
29-07-2024,85.4,3645.0,75.97,1453.0,39.86,0.0,155.0,0.0
30-07-2024,85.4,3645.0,75.91,1443.0,39.59,0.0,150.0,0.0
31-07-2024,85.4,3645.0,75.83,1429.0,39.2,0.0,155.0,0.0
01-08-2024,85.4,3645.0,75.76,1416.0,38.85,0.0,150.0,0.0
02-08-2024,85.4,3645.0,75.69,1404.0,38.52,0.0,132.0,0.0
03-08-2024,85.4,3645.0,75.62,1392.0,38.19,0.0,137.0,0.0
04-08-2024,85.4,3645.0,75.69,1404.0,38.52,300.0,155.0,34.0
05-08-2024,85.4,3645.0,75.9,1441.0,39.53,577.0,149.0,80.4
06-08-2024,85.4,3645.0,75.9,1441.0,39.53,150.0,149.0,4.0
07-08-2024,85.4,3645.0,76.08,1473.0,40.41,520.0,150.0,46.4
08-08-2024,85.4,3645.0,76.15,1486.0,40.77,300.0,150.0,0.6
09-08-2024,85.4,3645.0,76.18,1491.0,40.91,220.0,150.0,12.0
10-08-2024,85.4,3645.0,76.1,1477.0,40.52,0.0,150.0,0.0
11-08-2024,85.4,3645.0,76.02,1462.0,40.11,0.0,150.0,0.0
12-08-2024,85.4,3645.0,76.05,1468.0,40.27,220.0,149.0,20.0
13-08-2024,85.4,3645.0,76.02,1462.0,40.11,75.0,150.0,0.0
14-08-2024,85.4,3645.0,75.95,1450.0,39.78,0.0,149.0,0.0
15-08-2024,85.4,3645.0,75.89,1439.0,39.48,0.0,144.0,0.0
16-08-2024,85.4,3645.0,75.84,1430.0,39.23,0.0,144.0,0.0
17-08-2024,85.4,3645.0,75.78,1420.0,38.96,0.0,144.0,0.0
18-08-2024,85.4,3645.0,75.73,1411.0,38.71,50.0,144.0,1.4
19-08-2024,85.4,3645.0,75.67,1400.0,38.41,0.0,145.0,0.0
20-08-2024,85.4,3645.0,75.61,1390.0,38.13,0.0,144.0,0.0
21-08-2024,85.4,3645.0,75.55,1379.0,37.83,0.0,141.0,0.0
22-08-2024,85.4,3645.0,75.49,1369.0,37.56,0.0,137.0,0.0
23-08-2024,85.4,3645.0,75.43,1358.0,37.26,0.0,139.0,0.0
24-08-2024,85.4,3645.0,75.36,1348.0,36.98,0.0,140.0,0.0
25-08-2024,85.4,3645.0,75.31,1337.0,36.68,0.0,139.0,0.0
26-08-2024,85.4,3645.0,75.24,1326.0,36.38,0.0,138.0,0.0
27-08-2024,85.4,3645.0,75.18,1315.0,36.08,0.0,138.0,0.0
28-08-2024,85.4,3645.0,75.11,1303.0,35.75,0.0,138.0,1.0
29-08-2024,85.4,3645.0,75.05,1293.0,35.47,0.0,138.0,0.0
30-08-2024,85.4,3645.0,74.98,1281.0,35.14,0.0,140.0,0.0
