Date,Full Tank Level (ft.),Full Capacity (mcft),Level (ft),Storage (mcft),Storage Level (%),Inflow (cusecs),Outflow (cusecs),Rainfall (mm)
01-01-2004,65.5,1081.0,0.0,0.0,0.0,0.0,0.0,0.0
02-01-2004,65.5,1081.0,0.0,0.0,0.0,0.0,0.0,0.0
03-01-2004,65.5,1081.0,0.0,0.0,0.0,0.0,0.0,0.0
04-01-2004,65.5,1081.0,0.0,0.0,0.0,0.0,0.0,0.0
05-01-2004,65.5,1081.0,0.0,0.0,0.0,0.0,0.0,0.0
06-01-2004,65.5,1081.0,0.0,0.0,0.0,0.0,0.0,0.0
07-01-2004,65.5,1081.0,0.0,0.0,0.0,0.0,0.0,0.0
08-01-2004,65.5,1081.0,0.0,0.0,0.0,0.0,0.0,0.0
09-01-2004,65.5,1081.0,0.0,0.0,0.0,0.0,0.0,0.0
10-01-2004,65.5,1081.0,0.0,0.0,0.0,0.0,0.0,0.0
11-01-2004,65.5,1081.0,0.0,0.0,0.0,0.0,0.0,0.0
12-01-2004,65.5,1081.0,0.0,0.0,0.0,0.0,0.0,0.0
13-01-2004,65.5,1081.0,0.0,0.0,0.0,0.0,0.0,0.0
14-01-2004,65.5,1081.0,0.0,0.0,0.0,0.0,0.0,0.0
15-01-2004,65.5,1081.0,0.0,0.0,0.0,0.0,0.0,0.0
16-01-2004,65.5,1081.0,0.0,0.0,0.0,0.0,0.0,0.0
17-01-2004,65.5,1081.0,0.0,0.0,0.0,0.0,0.0,0.0
18-01-2004,65.5,1081.0,0.0,0.0,0.0,0.0,0.0,0.0
19-01-2004,65.5,1081.0,0.0,0.0,0.0,0.0,0.0,0.0
20-01-2004,65.5,1081.0,0.0,0.0,0.0,0.0,0.0,0.0
21-01-2004,65.5,1081.0,0.0,0.0,0.0,0.0,0.0,0.0
22-01-2004,65.5,1081.0,0.0,0.0,0.0,0.0,0.0,0.0
23-01-2004,65.5,1081.0,0.0,0.0,0.0,0.0,0.0,0.0
24-01-2004,65.5,1081.0,0.0,0.0,0.0,0.0,0.0,0.0
25-01-2004,65.5,1081.0,0.0,0.0,0.0,0.0,0.0,0.0
26-01-2004,65.5,1081.0,0.0,0.0,0.0,0.0,0.0,0.0
27-01-2004,65.5,1081.0,0.0,0.0,0.0,0.0,0.0,3.0
28-01-2004,65.5,1081.0,0.0,0.0,0.0,0.0,0.0,4.0
29-01-2004,65.5,1081.0,0.0,0.0,0.0,0.0,0.0,0.0
30-01-2004,65.5,1081.0,0.0,0.0,0.0,0.0,0.0,0.0
31-01-2004,65.5,1081.0,0.0,0.0,0.0,0.0,0.0,0.0
01-02-2004,65.5,1081.0,0.0,0.0,0.0,0.0,0.0,0.0
02-02-2004,65.5,1081.0,0.0,0.0,0.0,0.0,0.0,0.0
03-02-2004,65.5,1081.0,0.0,0.0,0.0,0.0,0.0,0.0
04-02-2004,65.5,1081.0,0.0,0.0,0.0,0.0,0.0,0.0
05-02-2004,65.5,1081.0,0.0,0.0,0.0,0.0,0.0,0.0
06-02-2004,65.5,1081.0,0.0,0.0,0.0,0.0,0.0,0.0
07-02-2004,65.5,1081.0,0.0,0.0,0.0,0.0,0.0,0.0
08-02-2004,65.5,1081.0,0.0,0.0,0.0,0.0,0.0,0.0
09-02-2004,65.5,1081.0,0.0,0.0,0.0,0.0,0.0,0.0
10-02-2004,65.5,1081.0,0.0,0.0,0.0,0.0,0.0,0.0
11-02-2004,65.5,1081.0,0.0,0.0,0.0,0.0,0.0,0.0
12-02-2004,65.5,1081.0,0.0,0.0,0.0,0.0,0.0,0.0
13-02-2004,65.5,1081.0,0.0,0.0,0.0,0.0,0.0,0.0
14-02-2004,65.5,1081.0,0.0,0.0,0.0,0.0,0.0,0.0
15-02-2004,65.5,1081.0,0.0,0.0,0.0,0.0,0.0,0.0
16-02-2004,65.5,1081.0,0.0,0.0,0.0,0.0,0.0,0.0
17-02-2004,65.5,1081.0,0.0,0.0,0.0,0.0,0.0,0.0
18-02-2004,65.5,1081.0,0.0,0.0,0.0,0.0,0.0,0.0
19-02-2004,65.5,1081.0,0.0,0.0,0.0,0.0,0.0,0.0
20-02-2004,65.5,1081.0,0.0,0.0,0.0,0.0,0.0,0.0
21-02-2004,65.5,1081.0,0.0,0.0,0.0,0.0,0.0,0.0
22-02-2004,65.5,1081.0,0.0,0.0,0.0,0.0,0.0,0.0
23-02-2004,65.5,1081.0,0.0,0.0,0.0,0.0,0.0,0.0
24-02-2004,65.5,1081.0,0.0,0.0,0.0,0.0,0.0,0.0
25-02-2004,65.5,1081.0,0.0,0.0,0.0,0.0,0.0,0.0
26-02-2004,65.5,1081.0,0.0,0.0,0.0,0.0,0.0,0.0
27-02-2004,65.5,1081.0,0.0,0.0,0.0,0.0,0.0,0.0
28-02-2004,65.5,1081.0,0.0,0.0,0.0,0.0,0.0,0.0
29-02-2004,65.5,1081.0,0.0,0.0,0.0,0.0,0.0,0.0
01-03-2004,65.5,1081.0,0.0,0.0,0.0,0.0,0.0,0.0
02-03-2004,65.5,1081.0,0.0,0.0,0.0,0.0,0.0,0.0
03-03-2004,65.5,1081.0,0.0,0.0,0.0,0.0,0.0,0.0
04-03-2004,65.5,1081.0,0.0,0.0,0.0,0.0,0.0,0.0
05-03-2004,65.5,1081.0,0.0,0.0,0.0,0.0,0.0,0.0
06-03-2004,65.5,1081.0,0.0,0.0,0.0,0.0,0.0,0.0
07-03-2004,65.5,1081.0,0.0,0.0,0.0,0.0,0.0,0.0
08-03-2004,65.5,1081.0,0.0,0.0,0.0,0.0,0.0,0.0
09-03-2004,65.5,1081.0,0.0,0.0,0.0,0.0,0.0,0.0
10-03-2004,65.5,1081.0,0.0,0.0,0.0,0.0,0.0,0.0
11-03-2004,65.5,1081.0,0.0,0.0,0.0,0.0,0.0,0.0
12-03-2004,65.5,1081.0,0.0,0.0,0.0,0.0,0.0,0.0
13-03-2004,65.5,1081.0,0.0,0.0,0.0,0.0,0.0,0.0
14-03-2004,65.5,1081.0,0.0,0.0,0.0,0.0,0.0,0.0
15-03-2004,65.5,1081.0,0.0,0.0,0.0,0.0,0.0,0.0
16-03-2004,65.5,1081.0,0.0,0.0,0.0,0.0,0.0,0.0
17-03-2004,65.5,1081.0,0.0,0.0,0.0,0.0,0.0,0.0
18-03-2004,65.5,1081.0,0.0,0.0,0.0,0.0,0.0,0.0
19-03-2004,65.5,1081.0,0.0,0.0,0.0,0.0,0.0,0.0
20-03-2004,65.5,1081.0,0.0,0.0,0.0,0.0,0.0,0.0
21-03-2004,65.5,1081.0,0.0,0.0,0.0,0.0,0.0,0.0
22-03-2004,65.5,1081.0,0.0,0.0,0.0,0.0,0.0,0.0
23-03-2004,65.5,1081.0,0.0,0.0,0.0,0.0,0.0,0.0
24-03-2004,65.5,1081.0,0.0,0.0,0.0,0.0,0.0,0.0
25-03-2004,65.5,1081.0,0.0,0.0,0.0,0.0,0.0,0.0
26-03-2004,65.5,1081.0,0.0,0.0,0.0,0.0,0.0,0.0
27-03-2004,65.5,1081.0,0.0,0.0,0.0,0.0,0.0,0.0
28-03-2004,65.5,1081.0,0.0,0.0,0.0,0.0,0.0,0.0
29-03-2004,65.5,1081.0,0.0,0.0,0.0,0.0,0.0,0.0
30-03-2004,65.5,1081.0,0.0,0.0,0.0,0.0,0.0,0.0
31-03-2004,65.5,1081.0,0.0,0.0,0.0,0.0,0.0,0.0
01-04-2004,65.5,1081.0,0.0,0.0,0.0,0.0,0.0,0.0
02-04-2004,65.5,1081.0,0.0,0.0,0.0,0.0,0.0,0.0
03-04-2004,65.5,1081.0,0.0,0.0,0.0,0.0,0.0,0.0
04-04-2004,65.5,1081.0,0.0,0.0,0.0,0.0,0.0,0.0
05-04-2004,65.5,1081.0,0.0,0.0,0.0,0.0,0.0,0.0
06-04-2004,65.5,1081.0,0.0,0.0,0.0,0.0,0.0,0.0
07-04-2004,65.5,1081.0,0.0,0.0,0.0,0.0,0.0,0.0
08-04-2004,65.5,1081.0,0.0,0.0,0.0,0.0,0.0,0.0
09-04-2004,65.5,1081.0,0.0,0.0,0.0,0.0,0.0,0.0
10-04-2004,65.5,1081.0,0.0,0.0,0.0,0.0,0.0,0.0
11-04-2004,65.5,1081.0,0.0,0.0,0.0,0.0,0.0,0.0
12-04-2004,65.5,1081.0,0.0,0.0,0.0,0.0,0.0,0.0
13-04-2004,65.5,1081.0,0.0,0.0,0.0,0.0,0.0,0.0
14-04-2004,65.5,1081.0,0.0,0.0,0.0,0.0,0.0,0.0
15-04-2004,65.5,1081.0,0.0,0.0,0.0,0.0,0.0,0.0
16-04-2004,65.5,1081.0,0.0,0.0,0.0,0.0,0.0,0.0
17-04-2004,65.5,1081.0,0.0,0.0,0.0,0.0,0.0,0.0
18-04-2004,65.5,1081.0,0.0,0.0,0.0,0.0,0.0,0.0
19-04-2004,65.5,1081.0,0.0,0.0,0.0,0.0,0.0,0.0
20-04-2004,65.5,1081.0,0.0,0.0,0.0,0.0,0.0,0.0
21-04-2004,65.5,1081.0,0.0,0.0,0.0,0.0,0.0,0.0
22-04-2004,65.5,1081.0,0.0,0.0,0.0,0.0,0.0,0.0
23-04-2004,65.5,1081.0,0.0,0.0,0.0,0.0,0.0,0.0
24-04-2004,65.5,1081.0,0.0,0.0,0.0,0.0,0.0,0.0
25-04-2004,65.5,1081.0,0.0,0.0,0.0,0.0,0.0,0.0
26-04-2004,65.5,1081.0,0.0,0.0,0.0,0.0,0.0,0.0
27-04-2004,65.5,1081.0,0.0,0.0,0.0,0.0,0.0,0.0
28-04-2004,65.5,1081.0,0.0,0.0,0.0,0.0,0.0,0.0
29-04-2004,65.5,1081.0,0.0,0.0,0.0,0.0,0.0,0.0
30-04-2004,65.5,1081.0,0.0,0.0,0.0,0.0,0.0,0.0
01-05-2004,65.5,1081.0,0.0,0.0,0.0,0.0,0.0,0.0
02-05-2004,65.5,1081.0,0.0,0.0,0.0,0.0,0.0,0.0
03-05-2004,65.5,1081.0,0.0,0.0,0.0,0.0,0.0,27.0
04-05-2004,65.5,1081.0,0.0,0.0,0.0,0.0,0.0,46.0
05-05-2004,65.5,1081.0,0.0,0.0,0.0,0.0,0.0,32.0
06-05-2004,65.5,1081.0,0.0,0.0,0.0,0.0,0.0,29.0
07-05-2004,65.5,1081.0,0.0,0.0,0.0,0.0,0.0,19.0
08-05-2004,65.5,1081.0,0.0,0.0,0.0,0.0,0.0,8.0
09-05-2004,65.5,1081.0,0.0,0.0,0.0,0.0,0.0,0.0
10-05-2004,65.5,1081.0,0.0,0.0,0.0,0.0,0.0,0.0
11-05-2004,65.5,1081.0,0.0,0.0,0.0,0.0,0.0,0.0
12-05-2004,65.5,1081.0,0.0,0.0,0.0,0.0,0.0,0.0
13-05-2004,65.5,1081.0,0.0,0.0,0.0,0.0,0.0,0.0
14-05-2004,65.5,1081.0,0.0,0.0,0.0,0.0,0.0,0.0
15-05-2004,65.5,1081.0,0.0,0.0,0.0,0.0,0.0,0.0
16-05-2004,65.5,1081.0,0.0,0.0,0.0,0.0,0.0,0.0
17-05-2004,65.5,1081.0,0.0,0.0,0.0,0.0,0.0,36.0
18-05-2004,65.5,1081.0,0.0,0.0,0.0,0.0,0.0,9.0
19-05-2004,65.5,1081.0,0.0,0.0,0.0,0.0,0.0,0.0
20-05-2004,65.5,1081.0,0.0,0.0,0.0,0.0,0.0,0.0
21-05-2004,65.5,1081.0,0.0,0.0,0.0,0.0,0.0,0.0
22-05-2004,65.5,1081.0,0.0,0.0,0.0,0.0,0.0,0.0
23-05-2004,65.5,1081.0,0.0,0.0,0.0,0.0,0.0,0.0
24-05-2004,65.5,1081.0,0.0,0.0,0.0,0.0,0.0,3.0
25-05-2004,65.5,1081.0,0.0,0.0,0.0,0.0,0.0,9.0
26-05-2004,65.5,1081.0,0.0,0.0,0.0,0.0,0.0,0.0
27-05-2004,65.5,1081.0,0.0,0.0,0.0,0.0,0.0,0.0
28-05-2004,65.5,1081.0,0.0,0.0,0.0,0.0,0.0,0.0
29-05-2004,65.5,1081.0,0.0,0.0,0.0,0.0,0.0,0.0
30-05-2004,65.5,1081.0,0.0,0.0,0.0,0.0,0.0,0.0
31-05-2004,65.5,1081.0,0.0,0.0,0.0,0.0,0.0,0.0
01-06-2004,65.5,1081.0,0.0,0.0,0.0,0.0,0.0,22.0
02-06-2004,65.5,1081.0,0.0,0.0,0.0,0.0,0.0,0.0
03-06-2004,65.5,1081.0,0.0,0.0,0.0,0.0,0.0,0.0
04-06-2004,65.5,1081.0,0.0,0.0,0.0,0.0,0.0,0.0
05-06-2004,65.5,1081.0,0.0,0.0,0.0,0.0,0.0,0.0
06-06-2004,65.5,1081.0,0.0,0.0,0.0,0.0,0.0,0.0
07-06-2004,65.5,1081.0,0.0,0.0,0.0,0.0,0.0,0.0
08-06-2004,65.5,1081.0,0.0,0.0,0.0,0.0,0.0,7.0
09-06-2004,65.5,1081.0,0.0,0.0,0.0,0.0,0.0,11.0
10-06-2004,65.5,1081.0,0.0,0.0,0.0,0.0,0.0,3.0
11-06-2004,65.5,1081.0,0.0,0.0,0.0,0.0,0.0,9.0
12-06-2004,65.5,1081.0,0.0,0.0,0.0,0.0,0.0,0.0
13-06-2004,65.5,1081.0,0.0,0.0,0.0,0.0,0.0,0.0
14-06-2004,65.5,1081.0,0.0,0.0,0.0,0.0,0.0,0.0
15-06-2004,65.5,1081.0,0.0,0.0,0.0,0.0,0.0,0.0
16-06-2004,65.5,1081.0,0.0,0.0,0.0,0.0,0.0,0.0
17-06-2004,65.5,1081.0,0.0,0.0,0.0,0.0,0.0,0.0
18-06-2004,65.5,1081.0,0.0,0.0,0.0,0.0,0.0,0.0
19-06-2004,65.5,1081.0,0.0,0.0,0.0,0.0,0.0,0.0
20-06-2004,65.5,1081.0,0.0,0.0,0.0,0.0,0.0,0.0
21-06-2004,65.5,1081.0,0.0,0.0,0.0,0.0,0.0,0.0
22-06-2004,65.5,1081.0,0.0,0.0,0.0,0.0,0.0,0.0
23-06-2004,65.5,1081.0,0.0,0.0,0.0,0.0,0.0,0.0
24-06-2004,65.5,1081.0,0.0,0.0,0.0,0.0,0.0,0.0
25-06-2004,65.5,1081.0,0.0,0.0,0.0,0.0,0.0,0.0
26-06-2004,65.5,1081.0,0.0,0.0,0.0,0.0,0.0,0.0
27-06-2004,65.5,1081.0,0.0,0.0,0.0,0.0,0.0,0.0
28-06-2004,65.5,1081.0,0.0,0.0,0.0,0.0,0.0,0.0
29-06-2004,65.5,1081.0,0.0,0.0,0.0,0.0,0.0,0.0
30-06-2004,65.5,1081.0,0.0,0.0,0.0,0.0,0.0,0.0
01-07-2004,65.5,1081.0,0.0,0.0,0.0,0.0,0.0,0.0
02-07-2004,65.5,1081.0,0.0,0.0,0.0,0.0,0.0,0.0
03-07-2004,65.5,1081.0,0.0,0.0,0.0,0.0,0.0,4.0
04-07-2004,65.5,1081.0,0.0,0.0,0.0,0.0,0.0,0.0
05-07-2004,65.5,1081.0,0.0,0.0,0.0,0.0,0.0,0.0
06-07-2004,65.5,1081.0,0.0,0.0,0.0,0.0,0.0,0.0
07-07-2004,65.5,1081.0,0.0,0.0,0.0,0.0,0.0,0.0
08-07-2004,65.5,1081.0,0.0,0.0,0.0,0.0,0.0,0.0
09-07-2004,65.5,1081.0,0.0,0.0,0.0,0.0,0.0,0.0
10-07-2004,65.5,1081.0,0.0,0.0,0.0,0.0,0.0,0.0
11-07-2004,65.5,1081.0,0.0,0.0,0.0,0.0,0.0,38.0
12-07-2004,65.5,1081.0,0.0,0.0,0.0,0.0,0.0,0.0
13-07-2004,65.5,1081.0,0.0,0.0,0.0,0.0,0.0,3.0
14-07-2004,65.5,1081.0,0.0,0.0,0.0,0.0,0.0,0.0
15-07-2004,65.5,1081.0,0.0,0.0,0.0,0.0,0.0,0.0
16-07-2004,65.5,1081.0,0.0,0.0,0.0,0.0,0.0,0.0
17-07-2004,65.5,1081.0,0.0,0.0,0.0,0.0,0.0,0.0
18-07-2004,65.5,1081.0,0.0,0.0,0.0,0.0,0.0,0.0
19-07-2004,65.5,1081.0,0.0,0.0,0.0,0.0,0.0,0.0
20-07-2004,65.5,1081.0,0.0,0.0,0.0,0.0,0.0,0.0
21-07-2004,65.5,1081.0,0.0,0.0,0.0,0.0,0.0,0.0
22-07-2004,65.5,1081.0,0.0,0.0,0.0,0.0,0.0,0.0
23-07-2004,65.5,1081.0,0.0,0.0,0.0,0.0,0.0,0.0
24-07-2004,65.5,1081.0,0.0,0.0,0.0,0.0,0.0,0.0
25-07-2004,65.5,1081.0,0.0,0.0,0.0,0.0,0.0,0.0
26-07-2004,65.5,1081.0,0.0,0.0,0.0,0.0,0.0,13.0
27-07-2004,65.5,1081.0,0.0,0.0,0.0,0.0,0.0,0.0
28-07-2004,65.5,1081.0,0.0,0.0,0.0,0.0,0.0,0.0
29-07-2004,65.5,1081.0,0.0,0.0,0.0,0.0,0.0,12.0
30-07-2004,65.5,1081.0,0.0,0.0,0.0,0.0,0.0,9.0
31-07-2004,65.5,1081.0,0.0,0.0,0.0,0.0,0.0,0.0
01-08-2004,65.5,1081.0,0.0,0.0,0.0,0.0,0.0,4.0
02-08-2004,65.5,1081.0,0.0,0.0,0.0,0.0,0.0,0.0
03-08-2004,65.5,1081.0,0.0,0.0,0.0,0.0,0.0,0.0
04-08-2004,65.5,1081.0,0.0,0.0,0.0,0.0,0.0,13.0
05-08-2004,65.5,1081.0,0.0,0.0,0.0,0.0,0.0,0.0
06-08-2004,65.5,1081.0,0.0,0.0,0.0,0.0,0.0,8.0
07-08-2004,65.5,1081.0,0.0,0.0,0.0,0.0,0.0,0.0
08-08-2004,65.5,1081.0,0.0,0.0,0.0,0.0,0.0,0.0
09-08-2004,65.5,1081.0,0.0,0.0,0.0,0.0,0.0,16.0
10-08-2004,65.5,1081.0,0.0,0.0,0.0,0.0,0.0,0.0
11-08-2004,65.5,1081.0,0.0,0.0,0.0,0.0,0.0,7.0
12-08-2004,65.5,1081.0,0.0,0.0,0.0,0.0,0.0,0.0
13-08-2004,65.5,1081.0,0.0,0.0,0.0,0.0,0.0,0.0
14-08-2004,65.5,1081.0,0.0,0.0,0.0,0.0,0.0,5.0
15-08-2004,65.5,1081.0,0.0,0.0,0.0,0.0,0.0,0.0
16-08-2004,65.5,1081.0,0.0,0.0,0.0,0.0,0.0,0.0
17-08-2004,65.5,1081.0,0.0,0.0,0.0,0.0,0.0,0.0
18-08-2004,65.5,1081.0,0.0,0.0,0.0,0.0,0.0,0.0
19-08-2004,65.5,1081.0,0.0,0.0,0.0,0.0,0.0,0.0
20-08-2004,65.5,1081.0,0.0,0.0,0.0,0.0,0.0,0.0
21-08-2004,65.5,1081.0,0.0,0.0,0.0,0.0,0.0,0.0
22-08-2004,65.5,1081.0,0.0,0.0,0.0,0.0,0.0,0.0
23-08-2004,65.5,1081.0,0.0,0.0,0.0,0.0,0.0,0.0
24-08-2004,65.5,1081.0,0.0,0.0,0.0,0.0,0.0,0.0
25-08-2004,65.5,1081.0,0.0,0.0,0.0,0.0,0.0,0.0
26-08-2004,65.5,1081.0,0.0,0.0,0.0,0.0,0.0,0.0
27-08-2004,65.5,1081.0,0.0,0.0,0.0,0.0,0.0,0.0
28-08-2004,65.5,1081.0,0.0,0.0,0.0,0.0,0.0,0.0
29-08-2004,65.5,1081.0,0.0,0.0,0.0,0.0,0.0,0.0
30-08-2004,65.5,1081.0,0.0,0.0,0.0,0.0,0.0,0.0
31-08-2004,65.5,1081.0,0.0,0.0,0.0,0.0,0.0,3.0
01-09-2004,65.5,1081.0,0.0,0.0,0.0,0.0,0.0,0.0
02-09-2004,65.5,1081.0,0.0,0.0,0.0,0.0,0.0,0.0
03-09-2004,65.5,1081.0,0.0,0.0,0.0,0.0,0.0,3.0
04-09-2004,65.5,1081.0,0.0,0.0,0.0,0.0,0.0,0.0
05-09-2004,65.5,1081.0,0.0,0.0,0.0,0.0,0.0,2.0
06-09-2004,65.5,1081.0,0.0,0.0,0.0,0.0,0.0,7.0
07-09-2004,65.5,1081.0,0.0,0.0,0.0,0.0,0.0,0.0
08-09-2004,65.5,1081.0,0.0,0.0,0.0,0.0,0.0,14.0
09-09-2004,65.5,1081.0,0.0,0.0,0.0,0.0,0.0,0.0
10-09-2004,65.5,1081.0,0.0,0.0,0.0,0.0,0.0,36.0
11-09-2004,65.5,1081.0,0.0,0.0,0.0,0.0,0.0,0.0
12-09-2004,65.5,1081.0,0.0,0.0,0.0,0.0,0.0,0.0
13-09-2004,65.5,1081.0,0.0,0.0,0.0,0.0,0.0,0.0
14-09-2004,65.5,1081.0,0.0,0.0,0.0,0.0,0.0,0.0
15-09-2004,65.5,1081.0,0.0,0.0,0.0,0.0,0.0,3.0
16-09-2004,65.5,1081.0,0.0,0.0,0.0,0.0,0.0,7.0
17-09-2004,65.5,1081.0,0.0,0.0,0.0,0.0,0.0,0.0
18-09-2004,65.5,1081.0,0.0,0.0,0.0,0.0,0.0,0.0
19-09-2004,65.5,1081.0,0.0,0.0,0.0,0.0,0.0,0.0
20-09-2004,65.5,1081.0,0.0,0.0,0.0,0.0,0.0,19.0
21-09-2004,65.5,1081.0,0.0,0.0,0.0,0.0,0.0,11.0
22-09-2004,65.5,1081.0,0.0,0.0,0.0,0.0,0.0,7.0
23-09-2004,65.5,1081.0,0.0,0.0,0.0,0.0,0.0,13.0
24-09-2004,65.5,1081.0,0.0,0.0,0.0,0.0,0.0,17.0
25-09-2004,65.5,1081.0,0.0,0.0,0.0,0.0,0.0,0.0
26-09-2004,65.5,1081.0,0.0,0.0,0.0,0.0,0.0,0.0
27-09-2004,65.5,1081.0,0.0,0.0,0.0,0.0,0.0,3.0
28-09-2004,65.5,1081.0,0.0,0.0,0.0,0.0,0.0,9.0
29-09-2004,65.5,1081.0,0.0,0.0,0.0,0.0,0.0,6.0
30-09-2004,65.5,1081.0,0.0,0.0,0.0,0.0,0.0,0.0
01-10-2004,65.5,1081.0,0.0,0.0,0.0,0.0,0.0,0.0
02-10-2004,65.5,1081.0,0.0,0.0,0.0,0.0,0.0,0.0
03-10-2004,65.5,1081.0,0.0,0.0,0.0,0.0,0.0,14.0
04-10-2004,65.5,1081.0,0.0,0.0,0.0,0.0,0.0,0.0
05-10-2004,65.5,1081.0,0.0,0.0,0.0,0.0,0.0,0.0
06-10-2004,65.5,1081.0,0.0,0.0,0.0,0.0,0.0,0.0
07-10-2004,65.5,1081.0,0.0,0.0,0.0,0.0,0.0,0.0
08-10-2004,65.5,1081.0,0.0,0.0,0.0,0.0,0.0,0.0
09-10-2004,65.5,1081.0,0.0,0.0,0.0,0.0,0.0,0.0
10-10-2004,65.5,1081.0,0.0,0.0,0.0,0.0,0.0,0.0
11-10-2004,65.5,1081.0,0.0,0.0,0.0,0.0,0.0,0.0
12-10-2004,65.5,1081.0,0.0,0.0,0.0,0.0,0.0,0.0
13-10-2004,65.5,1081.0,0.0,0.0,0.0,0.0,0.0,14.0
14-10-2004,65.5,1081.0,0.0,0.0,0.0,0.0,0.0,9.0
15-10-2004,65.5,1081.0,0.0,0.0,0.0,0.0,0.0,0.0
16-10-2004,65.5,1081.0,0.0,0.0,0.0,0.0,0.0,0.0
17-10-2004,65.5,1081.0,0.0,0.0,0.0,0.0,0.0,24.0
18-10-2004,65.5,1081.0,0.0,0.0,0.0,0.0,0.0,8.0
19-10-2004,65.5,1081.0,0.0,0.0,0.0,0.0,0.0,38.0
20-10-2004,65.5,1081.0,0.0,0.0,0.0,0.0,0.0,16.0
21-10-2004,65.5,1081.0,0.0,0.0,0.0,0.0,0.0,11.0
22-10-2004,65.5,1081.0,0.0,0.0,0.0,0.0,0.0,13.0
23-10-2004,65.5,1081.0,0.0,0.0,0.0,0.0,0.0,7.0
24-10-2004,65.5,1081.0,0.0,0.0,0.0,0.0,0.0,21.0
25-10-2004,65.5,1081.0,0.0,0.0,0.0,0.0,0.0,0.0
26-10-2004,65.5,1081.0,0.0,0.0,0.0,0.0,0.0,0.0
27-10-2004,65.5,1081.0,0.0,0.0,0.0,0.0,0.0,7.0
28-10-2004,65.5,1081.0,0.0,0.0,0.0,0.0,0.0,11.0
29-10-2004,65.5,1081.0,0.0,0.0,0.0,0.0,0.0,23.0
30-10-2004,65.5,1081.0,0.0,0.0,0.0,0.0,0.0,29.0
31-10-2004,65.5,1081.0,0.0,0.0,0.0,0.0,0.0,47.0
01-11-2004,65.5,1081.0,0.0,0.0,0.0,0.0,0.0,13.0
02-11-2004,65.5,1081.0,0.0,0.0,0.0,0.0,0.0,0.0
03-11-2004,65.5,1081.0,0.0,0.0,0.0,0.0,0.0,0.0
04-11-2004,65.5,1081.0,0.0,0.0,0.0,0.0,0.0,0.0
05-11-2004,65.5,1081.0,0.0,0.0,0.0,0.0,0.0,2.0
06-11-2004,65.5,1081.0,0.0,20.0,1.85,230.0,0.0,91.0
07-11-2004,65.5,1081.0,0.0,50.0,4.63,345.0,0.0,47.0
08-11-2004,65.5,1081.0,46.64,57.0,5.27,501.0,420.0,39.0
09-11-2004,65.5,1081.0,49.52,129.0,11.93,828.0,90.0,4.0
10-11-2004,65.5,1081.0,49.65,133.0,12.3,136.0,90.0,0.0
11-11-2004,65.5,1081.0,49.5,128.0,11.84,32.0,90.0,0.0
12-11-2004,65.5,1081.0,49.32,123.0,11.38,0.0,0.0,0.0
13-11-2004,65.5,1081.0,50.04,144.0,13.32,242.0,0.0,103.0
14-11-2004,65.5,1081.0,50.48,158.0,14.62,161.0,0.0,0.0
15-11-2004,65.5,1081.0,50.55,160.0,14.8,23.0,0.0,0.0
16-11-2004,65.5,1081.0,50.68,164.0,15.17,46.0,0.0,0.0
17-11-2004,65.5,1081.0,50.75,166.0,15.36,23.0,0.0,0.0
18-11-2004,65.5,1081.0,50.75,166.0,15.36,0.0,0.0,0.0
19-11-2004,65.5,1081.0,50.75,166.0,15.36,0.0,0.0,0.0
20-11-2004,65.5,1081.0,50.72,165.0,15.26,0.0,0.0,0.0
21-11-2004,65.5,1081.0,50.68,164.0,15.17,0.0,0.0,0.0
22-11-2004,65.5,1081.0,50.64,163.0,15.08,0.0,0.0,0.0
23-11-2004,65.5,1081.0,50.61,162.0,14.99,0.0,0.0,0.0
24-11-2004,65.5,1081.0,50.58,161.0,14.89,0.0,0.0,0.0
25-11-2004,65.5,1081.0,50.55,160.0,14.8,0.0,0.0,0.0
26-11-2004,65.5,1081.0,50.52,159.0,14.71,0.0,0.0,11.0
27-11-2004,65.5,1081.0,50.55,160.0,14.8,12.0,0.0,46.0
28-11-2004,65.5,1081.0,50.55,160.0,14.8,0.0,0.0,4.0
29-11-2004,65.5,1081.0,50.52,159.0,14.71,0.0,0.0,0.0
30-11-2004,65.5,1081.0,50.52,159.0,14.71,0.0,0.0,0.0
01-12-2004,65.5,1081.0,50.49,158.0,14.62,0.0,0.0,0.0
02-12-2004,65.5,1081.0,50.49,158.0,14.62,0.0,0.0,0.0
03-12-2004,65.5,1081.0,50.46,157.0,14.52,0.0,0.0,0.0
04-12-2004,65.5,1081.0,50.46,157.0,14.52,0.0,0.0,0.0
05-12-2004,65.5,1081.0,50.43,156.0,14.43,0.0,0.0,0.0
06-12-2004,65.5,1081.0,50.43,156.0,14.43,0.0,0.0,0.0
07-12-2004,65.5,1081.0,50.4,155.0,14.34,0.0,0.0,0.0
08-12-2004,65.5,1081.0,50.4,155.0,14.34,0.0,0.0,0.0
09-12-2004,65.5,1081.0,50.07,145.0,13.41,0.0,115.0,9.0
10-12-2004,65.5,1081.0,49.59,131.0,12.12,0.0,162.0,0.0
11-12-2004,65.5,1081.0,49.28,122.0,11.29,0.0,115.0,0.0
12-12-2004,65.5,1081.0,48.86,110.0,10.18,0.0,115.0,0.0
13-12-2004,65.5,1081.0,48.69,106.0,9.81,0.0,46.0,0.0
14-12-2004,65.5,1081.0,48.54,102.0,9.44,0.0,46.0,0.0
15-12-2004,65.5,1081.0,48.48,100.0,9.25,0.0,23.0,0.0
16-12-2004,65.5,1081.0,48.39,98.0,9.07,0.0,23.0,0.0
17-12-2004,65.5,1081.0,48.31,96.0,8.88,0.0,23.0,0.0
18-12-2004,65.5,1081.0,48.24,94.0,8.7,0.0,23.0,0.0
19-12-2004,65.5,1081.0,48.14,92.0,8.51,0.0,23.0,0.0
20-12-2004,65.5,1081.0,48.08,90.0,8.33,0.0,23.0,0.0
21-12-2004,65.5,1081.0,48.04,89.0,8.23,0.0,18.0,0.0
22-12-2004,65.5,1081.0,47.97,87.5,8.09,0.0,15.0,0.0
23-12-2004,65.5,1081.0,47.94,86.5,8.0,0.0,13.0,0.0
24-12-2004,65.5,1081.0,47.91,86.0,7.96,0.0,8.0,0.0
25-12-2004,65.5,1081.0,47.88,85.0,7.86,0.0,12.0,0.0
26-12-2004,65.5,1081.0,47.79,83.0,7.68,0.0,24.0,0.0
27-12-2004,65.5,1081.0,47.71,81.0,7.49,0.0,24.0,0.0
28-12-2004,65.5,1081.0,47.61,79.0,7.31,0.0,24.0,0.0
29-12-2004,65.5,1081.0,47.55,77.0,7.12,0.0,24.0,0.0
30-12-2004,65.5,1081.0,47.44,75.0,6.94,0.0,24.0,0.0
31-12-2004,65.5,1081.0,47.36,73.0,6.75,0.0,24.0,0.0
01-01-2005,65.5,1081.0,47.28,71.0,6.57,0.0,24.0,0.0
02-01-2005,65.5,1081.0,47.19,69.0,6.38,0.0,24.0,0.0
03-01-2005,65.5,1081.0,47.1,67.0,6.2,0.0,24.0,0.0
04-01-2005,65.5,1081.0,47.03,65.5,6.06,0.0,18.0,0.0
05-01-2005,65.5,1081.0,46.97,64.0,5.92,0.0,18.0,0.0
06-01-2005,65.5,1081.0,62.93,759.0,70.21,0.0,0.0,0.0
07-01-2005,65.5,1081.0,46.87,62.0,5.74,0.0,12.0,0.0
08-01-2005,65.5,1081.0,46.85,61.5,5.69,0.0,6.0,0.0
09-01-2005,65.5,1081.0,46.83,61.0,5.64,0.0,6.0,0.0
10-01-2005,65.5,1081.0,46.8,60.5,5.6,0.0,6.0,0.0
11-01-2005,65.5,1081.0,46.78,60.0,5.55,0.0,6.0,0.0
12-01-2005,65.5,1081.0,46.76,59.5,5.5,0.0,6.0,0.0
13-01-2005,65.5,1081.0,46.73,59.0,5.46,0.0,6.0,0.0
14-01-2005,65.5,1081.0,46.73,59.0,5.46,0.0,0.0,0.0
15-01-2005,65.5,1081.0,46.73,59.0,5.46,0.0,0.0,0.0
16-01-2005,65.5,1081.0,46.71,58.5,5.41,0.0,0.0,0.0
17-01-2005,65.5,1081.0,46.71,58.5,5.41,0.0,0.0,0.0
18-01-2005,65.5,1081.0,46.71,58.5,5.41,0.0,0.0,0.0
19-01-2005,65.5,1081.0,46.69,58.0,5.37,0.0,0.0,0.0
20-01-2005,65.5,1081.0,46.69,58.0,5.37,0.0,0.0,0.0
21-01-2005,65.5,1081.0,46.69,58.0,5.37,0.0,0.0,0.0
22-01-2005,65.5,1081.0,46.66,57.5,5.32,0.0,0.0,0.0
23-01-2005,65.5,1081.0,46.66,57.5,5.32,0.0,0.0,0.0
24-01-2005,65.5,1081.0,46.66,57.5,5.32,0.0,0.0,0.0
25-01-2005,65.5,1081.0,46.64,57.0,5.27,0.0,0.0,0.0
26-01-2005,65.5,1081.0,46.64,57.0,5.27,0.0,0.0,0.0
27-01-2005,65.5,1081.0,46.64,57.0,5.27,0.0,0.0,0.0
28-01-2005,65.5,1081.0,46.64,57.0,5.27,0.0,0.0,0.0
29-01-2005,65.5,1081.0,46.6,56.5,5.23,0.0,0.0,0.0
30-01-2005,65.5,1081.0,46.6,56.5,5.23,0.0,0.0,0.0
31-01-2005,65.5,1081.0,46.62,56.5,5.23,0.0,0.0,0.0
01-02-2005,65.5,1081.0,46.62,56.5,5.23,0.0,0.0,0.0
02-02-2005,65.5,1081.0,46.6,56.0,5.18,0.0,0.0,0.0
03-02-2005,65.5,1081.0,46.6,56.0,5.18,0.0,0.0,0.0
04-02-2005,65.5,1081.0,46.6,56.0,5.18,0.0,0.0,0.0
05-02-2005,65.5,1081.0,46.6,56.0,5.18,0.0,0.0,0.0
06-02-2005,65.5,1081.0,46.57,55.5,5.13,0.0,0.0,0.0
07-02-2005,65.5,1081.0,46.57,55.5,5.13,0.0,0.0,0.0
08-02-2005,65.5,1081.0,46.57,55.5,5.13,0.0,0.0,0.0
09-02-2005,65.5,1081.0,46.52,54.5,5.04,0.0,9.0,0.0
10-02-2005,65.5,1081.0,46.47,53.5,4.95,0.0,10.0,0.0
11-02-2005,65.5,1081.0,46.42,52.5,4.86,0.0,10.0,0.0
12-02-2005,65.5,1081.0,46.38,51.6,4.77,0.0,10.0,0.0
13-02-2005,65.5,1081.0,46.34,50.8,4.7,0.0,0.0,0.0
14-02-2005,65.5,1081.0,46.3,50.0,4.63,0.0,10.0,0.0
15-02-2005,65.5,1081.0,46.26,49.2,4.55,0.0,10.0,0.0
16-02-2005,65.5,1081.0,46.22,48.4,4.48,0.0,10.0,0.0
17-02-2005,65.5,1081.0,46.18,47.6,4.4,0.0,10.0,0.0
18-02-2005,65.5,1081.0,46.14,46.8,4.33,0.0,10.0,0.0
19-02-2005,65.5,1081.0,46.1,46.0,4.26,0.0,10.0,0.0
20-02-2005,65.5,1081.0,46.07,45.2,4.18,0.0,10.0,0.0
21-02-2005,65.5,1081.0,46.03,44.1,4.08,0.0,10.0,0.0
22-02-2005,65.5,1081.0,45.98,43.6,4.03,0.0,10.0,0.0
23-02-2005,65.5,1081.0,45.94,42.8,3.96,0.0,10.0,0.0
24-02-2005,65.5,1081.0,45.9,42.0,3.89,0.0,10.0,0.0
25-02-2005,65.5,1081.0,45.86,41.2,3.81,0.0,10.0,0.0
26-02-2005,65.5,1081.0,45.82,40.4,3.74,0.0,10.0,0.0
27-02-2005,65.5,1081.0,45.78,39.8,3.68,0.0,10.0,0.0
28-02-2005,65.5,1081.0,45.7,38.2,3.53,0.0,16.0,0.0
01-03-2005,65.5,1081.0,45.61,36.4,3.37,0.0,20.0,0.0
02-03-2005,65.5,1081.0,45.57,34.6,3.2,0.0,20.0,0.0
03-03-2005,65.5,1081.0,45.4,32.6,3.02,0.0,22.0,0.0
04-03-2005,65.5,1081.0,45.29,30.6,2.83,0.0,22.0,0.0
05-03-2005,65.5,1081.0,45.18,28.6,2.65,0.0,22.0,0.0
06-03-2005,65.5,1081.0,45.07,26.6,2.46,0.0,22.0,0.0
07-03-2005,65.5,1081.0,45.0,24.6,2.28,0.0,22.0,0.0
08-03-2005,65.5,1081.0,0.0,22.6,2.09,0.0,22.0,0.0
09-03-2005,65.5,1081.0,0.0,20.6,1.91,0.0,22.0,0.0
10-03-2005,65.5,1081.0,0.0,18.6,1.72,0.0,22.0,0.0
11-03-2005,65.5,1081.0,0.0,16.6,1.54,0.0,22.0,0.0
12-03-2005,65.5,1081.0,0.0,14.8,1.37,0.0,20.0,0.0
13-03-2005,65.5,1081.0,0.0,13.4,1.24,0.0,16.0,0.0
14-03-2005,65.5,1081.0,0.0,12.0,1.11,0.0,16.0,0.0
15-03-2005,65.5,1081.0,0.0,10.4,0.96,0.0,18.0,0.0
16-03-2005,65.5,1081.0,0.0,8.6,0.8,0.0,20.0,0.0
17-03-2005,65.5,1081.0,0.0,6.8,0.63,0.0,20.0,0.0
18-03-2005,65.5,1081.0,0.0,5.0,0.46,0.0,20.0,0.0
19-03-2005,65.5,1081.0,0.0,3.2,0.3,0.0,20.0,0.0
20-03-2005,65.5,1081.0,0.0,1.9,0.18,0.0,15.0,0.0
21-03-2005,65.5,1081.0,0.0,1.1,0.1,0.0,9.0,0.0
22-03-2005,65.5,1081.0,0.0,0.4,0.04,0.0,8.0,0.0
23-03-2005,65.5,1081.0,0.0,0.0,0.0,0.0,0.0,0.0
24-03-2005,65.5,1081.0,0.0,0.0,0.0,0.0,0.0,0.0
25-03-2005,65.5,1081.0,0.0,0.0,0.0,0.0,0.0,0.0
26-03-2005,65.5,1081.0,0.0,0.0,0.0,0.0,0.0,0.0
27-03-2005,65.5,1081.0,0.0,0.0,0.0,0.0,0.0,0.0
28-03-2005,65.5,1081.0,0.0,0.0,0.0,0.0,0.0,0.0
29-03-2005,65.5,1081.0,0.0,0.0,0.0,0.0,0.0,0.0
30-03-2005,65.5,1081.0,0.0,0.0,0.0,0.0,0.0,0.0
31-03-2005,65.5,1081.0,0.0,0.0,0.0,0.0,0.0,0.0
01-04-2005,65.5,1081.0,0.0,0.0,0.0,0.0,0.0,0.0
02-04-2005,65.5,1081.0,0.0,0.0,0.0,0.0,0.0,0.0
03-04-2005,65.5,1081.0,0.0,0.0,0.0,0.0,0.0,0.0
04-04-2005,65.5,1081.0,0.0,0.0,0.0,0.0,0.0,13.0
05-04-2005,65.5,1081.0,0.0,0.0,0.0,0.0,0.0,3.0
06-04-2005,65.5,1081.0,0.0,0.0,0.0,0.0,0.0,38.0
07-04-2005,65.5,1081.0,0.0,0.0,0.0,0.0,0.0,0.0
08-04-2005,65.5,1081.0,0.0,0.0,0.0,0.0,0.0,0.0
09-04-2005,65.5,1081.0,0.0,0.0,0.0,0.0,0.0,0.0
10-04-2005,65.5,1081.0,0.0,0.0,0.0,0.0,0.0,0.0
11-04-2005,65.5,1081.0,0.0,0.0,0.0,0.0,0.0,0.0
12-04-2005,65.5,1081.0,0.0,0.0,0.0,0.0,0.0,4.0
13-04-2005,65.5,1081.0,0.0,0.0,0.0,0.0,0.0,0.0
14-04-2005,65.5,1081.0,0.0,0.0,0.0,0.0,0.0,0.0
15-04-2005,65.5,1081.0,0.0,0.0,0.0,0.0,0.0,0.0
16-04-2005,65.5,1081.0,0.0,0.0,0.0,0.0,0.0,0.0
17-04-2005,65.5,1081.0,0.0,0.0,0.0,0.0,0.0,0.0
18-04-2005,65.5,1081.0,0.0,0.0,0.0,0.0,0.0,0.0
19-04-2005,65.5,1081.0,0.0,0.0,0.0,0.0,0.0,0.0
20-04-2005,65.5,1081.0,0.0,0.0,0.0,0.0,0.0,0.0
21-04-2005,65.5,1081.0,0.0,0.0,0.0,0.0,0.0,0.0
22-04-2005,65.5,1081.0,0.0,0.0,0.0,0.0,0.0,0.0
23-04-2005,65.5,1081.0,0.0,0.0,0.0,0.0,0.0,0.0
24-04-2005,65.5,1081.0,0.0,0.0,0.0,0.0,0.0,0.0
25-04-2005,65.5,1081.0,0.0,0.0,0.0,0.0,0.0,0.0
26-04-2005,65.5,1081.0,0.0,0.0,0.0,0.0,0.0,0.0
27-04-2005,65.5,1081.0,0.0,0.0,0.0,0.0,0.0,0.0
28-04-2005,65.5,1081.0,0.0,0.0,0.0,0.0,0.0,0.0
29-04-2005,65.5,1081.0,0.0,0.0,0.0,0.0,0.0,0.0
30-04-2005,65.5,1081.0,0.0,0.0,0.0,0.0,0.0,0.0
01-05-2005,65.5,1081.0,0.0,0.0,0.0,0.0,0.0,0.0
02-05-2005,65.5,1081.0,0.0,0.0,0.0,0.0,0.0,0.0
03-05-2005,65.5,1081.0,0.0,0.0,0.0,0.0,0.0,0.0
04-05-2005,65.5,1081.0,0.0,0.0,0.0,0.0,0.0,26.0
05-05-2005,65.5,1081.0,0.0,0.0,0.0,0.0,0.0,8.0
06-05-2005,65.5,1081.0,0.0,0.0,0.0,0.0,0.0,0.0
07-05-2005,65.5,1081.0,0.0,0.0,0.0,0.0,0.0,0.0
08-05-2005,65.5,1081.0,0.0,0.0,0.0,0.0,0.0,0.0
09-05-2005,65.5,1081.0,0.0,0.0,0.0,0.0,0.0,0.0
10-05-2005,65.5,1081.0,0.0,0.0,0.0,0.0,0.0,0.0
11-05-2005,65.5,1081.0,0.0,0.0,0.0,0.0,0.0,0.0
12-05-2005,65.5,1081.0,0.0,0.0,0.0,0.0,0.0,0.0
13-05-2005,65.5,1081.0,0.0,0.0,0.0,0.0,0.0,0.0
14-05-2005,65.5,1081.0,0.0,0.0,0.0,0.0,0.0,0.0
15-05-2005,65.5,1081.0,0.0,0.0,0.0,0.0,0.0,0.0
16-05-2005,65.5,1081.0,0.0,0.0,0.0,0.0,0.0,0.0
17-05-2005,65.5,1081.0,0.0,0.0,0.0,0.0,0.0,0.0
18-05-2005,65.5,1081.0,0.0,0.0,0.0,0.0,0.0,0.0
19-05-2005,65.5,1081.0,0.0,0.0,0.0,0.0,0.0,0.0
20-05-2005,65.5,1081.0,0.0,0.0,0.0,0.0,0.0,0.0
21-05-2005,65.5,1081.0,0.0,0.0,0.0,0.0,0.0,0.0
22-05-2005,65.5,1081.0,0.0,0.0,0.0,0.0,0.0,0.0
23-05-2005,65.5,1081.0,0.0,0.0,0.0,0.0,0.0,0.0
24-05-2005,65.5,1081.0,0.0,0.0,0.0,0.0,0.0,0.0
25-05-2005,65.5,1081.0,0.0,0.0,0.0,0.0,0.0,0.0
26-05-2005,65.5,1081.0,0.0,0.0,0.0,0.0,0.0,0.0
27-05-2005,65.5,1081.0,0.0,0.0,0.0,0.0,0.0,0.0
28-05-2005,65.5,1081.0,0.0,0.0,0.0,0.0,0.0,0.0
29-05-2005,65.5,1081.0,0.0,0.0,0.0,0.0,0.0,0.0
30-05-2005,65.5,1081.0,0.0,0.0,0.0,0.0,0.0,0.0
31-05-2005,65.5,1081.0,0.0,0.0,0.0,0.0,0.0,0.0
01-06-2005,65.5,1081.0,0.0,0.0,0.0,0.0,0.0,0.0
02-06-2005,65.5,1081.0,0.0,0.0,0.0,0.0,0.0,0.0
03-06-2005,65.5,1081.0,0.0,0.0,0.0,0.0,0.0,0.0
04-06-2005,65.5,1081.0,0.0,0.0,0.0,0.0,0.0,0.0
05-06-2005,65.5,1081.0,0.0,0.0,0.0,0.0,0.0,0.0
06-06-2005,65.5,1081.0,0.0,0.0,0.0,0.0,0.0,0.0
07-06-2005,65.5,1081.0,0.0,0.0,0.0,0.0,0.0,0.0
08-06-2005,65.5,1081.0,0.0,0.0,0.0,0.0,0.0,0.0
09-06-2005,65.5,1081.0,0.0,0.0,0.0,0.0,0.0,66.0
10-06-2005,65.5,1081.0,57.18,427.0,39.5,0.0,0.0,0.0
11-06-2005,65.5,1081.0,57.14,425.0,39.32,0.0,0.0,0.0
12-06-2005,65.5,1081.0,57.1,423.0,39.13,0.0,0.0,0.0
13-06-2005,65.5,1081.0,0.0,0.0,0.0,0.0,0.0,0.0
14-06-2005,65.5,1081.0,0.0,0.0,0.0,0.0,0.0,0.0
15-06-2005,65.5,1081.0,0.0,0.0,0.0,0.0,0.0,0.0
16-06-2005,65.5,1081.0,0.0,0.0,0.0,0.0,0.0,0.0
17-06-2005,65.5,1081.0,0.0,0.0,0.0,0.0,0.0,0.0
18-06-2005,65.5,1081.0,0.0,0.0,0.0,0.0,0.0,0.0
19-06-2005,65.5,1081.0,0.0,0.0,0.0,0.0,0.0,0.0
20-06-2005,65.5,1081.0,0.0,0.0,0.0,0.0,0.0,0.0
21-06-2005,65.5,1081.0,0.0,0.0,0.0,0.0,0.0,0.0
22-06-2005,65.5,1081.0,0.0,0.0,0.0,0.0,0.0,0.0
23-06-2005,65.5,1081.0,0.0,0.0,0.0,0.0,0.0,0.0
24-06-2005,65.5,1081.0,0.0,0.0,0.0,0.0,0.0,0.0
25-06-2005,65.5,1081.0,0.0,0.0,0.0,0.0,0.0,0.0
26-06-2005,65.5,1081.0,0.0,0.0,0.0,0.0,0.0,0.0
27-06-2005,65.5,1081.0,0.0,0.0,0.0,0.0,0.0,0.0
28-06-2005,65.5,1081.0,0.0,0.0,0.0,0.0,0.0,0.0
29-06-2005,65.5,1081.0,0.0,0.0,0.0,0.0,0.0,0.0
30-06-2005,65.5,1081.0,0.0,0.0,0.0,0.0,0.0,0.0
01-07-2005,65.5,1081.0,0.0,0.0,0.0,0.0,0.0,0.0
02-07-2005,65.5,1081.0,0.0,0.0,0.0,0.0,0.0,0.0
03-07-2005,65.5,1081.0,0.0,0.0,0.0,0.0,0.0,0.0
04-07-2005,65.5,1081.0,0.0,0.0,0.0,0.0,0.0,0.0
05-07-2005,65.5,1081.0,0.0,0.0,0.0,0.0,0.0,0.0
06-07-2005,65.5,1081.0,0.0,0.0,0.0,0.0,0.0,3.0
07-07-2005,65.5,1081.0,0.0,0.0,0.0,0.0,0.0,0.0
08-07-2005,65.5,1081.0,0.0,0.0,0.0,0.0,0.0,0.0
09-07-2005,65.5,1081.0,0.0,0.0,0.0,0.0,0.0,0.0
10-07-2005,65.5,1081.0,0.0,0.0,0.0,0.0,0.0,0.0
11-07-2005,65.5,1081.0,0.0,0.0,0.0,0.0,0.0,0.0
12-07-2005,65.5,1081.0,0.0,0.0,0.0,0.0,0.0,0.0
13-07-2005,65.5,1081.0,0.0,0.0,0.0,0.0,0.0,0.0
14-07-2005,65.5,1081.0,0.0,0.0,0.0,0.0,0.0,0.0
15-07-2005,65.5,1081.0,0.0,0.0,0.0,0.0,0.0,0.0
16-07-2005,65.5,1081.0,0.0,0.0,0.0,0.0,0.0,0.0
17-07-2005,65.5,1081.0,0.0,0.0,0.0,0.0,0.0,0.0
18-07-2005,65.5,1081.0,0.0,0.0,0.0,0.0,0.0,0.0
19-07-2005,65.5,1081.0,0.0,0.0,0.0,0.0,0.0,0.0
20-07-2005,65.5,1081.0,0.0,0.0,0.0,0.0,0.0,2.0
21-07-2005,65.5,1081.0,0.0,0.0,0.0,0.0,0.0,22.0
22-07-2005,65.5,1081.0,0.0,0.0,0.0,0.0,0.0,14.0
23-07-2005,65.5,1081.0,0.0,0.0,0.0,0.0,0.0,24.0
24-07-2005,65.5,1081.0,0.0,0.0,0.0,0.0,0.0,26.0
25-07-2005,65.5,1081.0,0.0,0.0,0.0,0.0,0.0,0.0
26-07-2005,65.5,1081.0,0.0,0.0,0.0,0.0,0.0,0.0
27-07-2005,65.5,1081.0,0.0,0.0,0.0,0.0,0.0,3.0
28-07-2005,65.5,1081.0,0.0,0.0,0.0,0.0,0.0,0.0
29-07-2005,65.5,1081.0,0.0,0.0,0.0,0.0,0.0,0.0
30-07-2005,65.5,1081.0,0.0,0.0,0.0,0.0,0.0,0.0
31-07-2005,65.5,1081.0,0.0,0.0,0.0,0.0,0.0,0.0
01-08-2005,65.5,1081.0,0.0,0.0,0.0,0.0,0.0,11.0
02-08-2005,65.5,1081.0,0.0,0.0,0.0,0.0,0.0,0.0
03-08-2005,65.5,1081.0,0.0,0.0,0.0,0.0,0.0,0.0
04-08-2005,65.5,1081.0,0.0,0.0,0.0,0.0,0.0,0.0
05-08-2005,65.5,1081.0,0.0,0.0,0.0,0.0,0.0,0.0
06-08-2005,65.5,1081.0,0.0,0.0,0.0,0.0,0.0,0.0
07-08-2005,65.5,1081.0,0.0,0.0,0.0,0.0,0.0,0.0
08-08-2005,65.5,1081.0,0.0,0.0,0.0,0.0,0.0,0.0
09-08-2005,65.5,1081.0,0.0,0.0,0.0,0.0,0.0,0.0
10-08-2005,65.5,1081.0,0.0,0.0,0.0,0.0,0.0,0.0
11-08-2005,65.5,1081.0,0.0,0.0,0.0,0.0,0.0,0.0
12-08-2005,65.5,1081.0,0.0,0.0,0.0,0.0,0.0,0.0
13-08-2005,65.5,1081.0,0.0,0.0,0.0,0.0,0.0,0.0
14-08-2005,65.5,1081.0,0.0,0.0,0.0,0.0,0.0,6.0
15-08-2005,65.5,1081.0,0.0,0.0,0.0,0.0,0.0,17.0
16-08-2005,65.5,1081.0,0.0,0.0,0.0,0.0,0.0,26.0
17-08-2005,65.5,1081.0,0.0,0.0,0.0,0.0,0.0,17.0
18-08-2005,65.5,1081.0,0.0,0.0,0.0,0.0,0.0,0.0
19-08-2005,65.5,1081.0,0.0,0.0,0.0,0.0,0.0,0.0
20-08-2005,65.5,1081.0,0.0,0.0,0.0,0.0,0.0,0.0
21-08-2005,65.5,1081.0,0.0,0.0,0.0,0.0,0.0,3.0
22-08-2005,65.5,1081.0,0.0,0.0,0.0,0.0,0.0,0.0
23-08-2005,65.5,1081.0,0.0,0.0,0.0,0.0,0.0,0.0
24-08-2005,65.5,1081.0,0.0,0.0,0.0,0.0,0.0,0.0
25-08-2005,65.5,1081.0,0.0,0.0,0.0,0.0,0.0,0.0
26-08-2005,65.5,1081.0,0.0,0.0,0.0,0.0,0.0,9.0
27-08-2005,65.5,1081.0,0.0,0.0,0.0,0.0,0.0,6.0
28-08-2005,65.5,1081.0,0.0,0.0,0.0,0.0,0.0,0.0
29-08-2005,65.5,1081.0,0.0,0.0,0.0,0.0,0.0,0.0
30-08-2005,65.5,1081.0,0.0,0.0,0.0,0.0,0.0,0.0
31-08-2005,65.5,1081.0,0.0,0.0,0.0,0.0,0.0,3.0
01-09-2005,65.5,1081.0,0.0,0.0,0.0,0.0,0.0,6.0
02-09-2005,65.5,1081.0,0.0,0.0,0.0,0.0,0.0,0.0
03-09-2005,65.5,1081.0,0.0,0.0,0.0,0.0,0.0,0.0
04-09-2005,65.5,1081.0,0.0,0.0,0.0,0.0,0.0,0.0
05-09-2005,65.5,1081.0,0.0,0.0,0.0,0.0,0.0,0.0
06-09-2005,65.5,1081.0,0.0,0.0,0.0,0.0,0.0,0.0
07-09-2005,65.5,1081.0,0.0,0.0,0.0,0.0,0.0,24.0
08-09-2005,65.5,1081.0,0.0,0.0,0.0,0.0,0.0,16.0
09-09-2005,65.5,1081.0,0.0,0.0,0.0,0.0,0.0,9.0
10-09-2005,65.5,1081.0,0.0,0.0,0.0,0.0,0.0,14.0
11-09-2005,65.5,1081.0,0.0,0.0,0.0,0.0,0.0,46.0
12-09-2005,65.5,1081.0,0.0,0.0,0.0,0.0,0.0,0.0
13-09-2005,65.5,1081.0,0.0,0.0,0.0,0.0,0.0,0.0
14-09-2005,65.5,1081.0,0.0,0.0,0.0,0.0,0.0,0.0
15-09-2005,65.5,1081.0,0.0,0.0,0.0,0.0,0.0,0.0
16-09-2005,65.5,1081.0,0.0,0.0,0.0,0.0,0.0,0.0
17-09-2005,65.5,1081.0,0.0,0.0,0.0,0.0,0.0,0.0
18-09-2005,65.5,1081.0,0.0,0.0,0.0,0.0,0.0,0.0
19-09-2005,65.5,1081.0,0.0,0.0,0.0,0.0,0.0,0.0
20-09-2005,65.5,1081.0,0.0,0.0,0.0,0.0,0.0,0.0
21-09-2005,65.5,1081.0,0.0,0.0,0.0,0.0,0.0,0.0
22-09-2005,65.5,1081.0,0.0,0.0,0.0,0.0,0.0,0.0
23-09-2005,65.5,1081.0,0.0,0.0,0.0,0.0,0.0,16.0
24-09-2005,65.5,1081.0,0.0,0.0,0.0,0.0,0.0,0.0
25-09-2005,65.5,1081.0,0.0,0.0,0.0,0.0,0.0,46.0
26-09-2005,65.5,1081.0,0.0,0.0,0.0,0.0,0.0,46.0
27-09-2005,65.5,1081.0,0.0,0.0,0.0,0.0,0.0,0.0
28-09-2005,65.5,1081.0,0.0,0.0,0.0,0.0,0.0,0.0
29-09-2005,65.5,1081.0,0.0,0.0,0.0,0.0,0.0,0.0
30-09-2005,65.5,1081.0,0.0,0.0,0.0,0.0,0.0,8.0
01-10-2005,65.5,1081.0,0.0,0.0,0.0,0.0,0.0,0.0
02-10-2005,65.5,1081.0,0.0,0.0,0.0,0.0,0.0,0.0
03-10-2005,65.5,1081.0,0.0,0.0,0.0,0.0,0.0,0.0
04-10-2005,65.5,1081.0,0.0,0.0,0.0,0.0,0.0,0.0
05-10-2005,65.5,1081.0,0.0,0.0,0.0,0.0,0.0,0.0
06-10-2005,65.5,1081.0,0.0,0.0,0.0,0.0,0.0,0.0
07-10-2005,65.5,1081.0,0.0,0.0,0.0,0.0,0.0,0.0
08-10-2005,65.5,1081.0,0.0,0.0,0.0,0.0,0.0,0.0
09-10-2005,65.5,1081.0,0.0,0.0,0.0,0.0,0.0,0.0
10-10-2005,65.5,1081.0,0.0,0.0,0.0,0.0,0.0,7.0
11-10-2005,65.5,1081.0,0.0,0.0,0.0,0.0,0.0,21.0
12-10-2005,65.5,1081.0,0.0,0.0,0.0,0.0,0.0,46.0
13-10-2005,65.5,1081.0,0.0,0.0,0.0,0.0,0.0,60.0
14-10-2005,65.5,1081.0,0.0,0.0,0.0,0.0,0.0,25.0
15-10-2005,65.5,1081.0,0.0,0.0,0.0,0.0,0.0,0.0
16-10-2005,65.5,1081.0,0.0,0.0,0.0,0.0,0.0,5.0
17-10-2005,65.5,1081.0,0.0,0.0,0.0,0.0,0.0,0.0
18-10-2005,65.5,1081.0,0.0,0.0,0.0,0.0,0.0,0.0
19-10-2005,65.5,1081.0,0.0,0.0,0.0,0.0,0.0,16.0
20-10-2005,65.5,1081.0,0.0,32.0,2.96,0.0,0.0,39.0
21-10-2005,65.5,1081.0,0.0,32.0,2.96,0.0,0.0,0.0
22-10-2005,65.5,1081.0,0.0,32.0,2.96,0.0,0.0,0.0
23-10-2005,65.5,1081.0,0.0,45.0,4.16,150.0,0.0,27.0
24-10-2005,65.5,1081.0,47.57,78.0,7.22,382.0,0.0,29.0
25-10-2005,65.5,1081.0,48.22,94.0,8.7,185.0,0.0,11.0
26-10-2005,65.5,1081.0,48.87,111.0,10.27,197.0,0.0,41.0
27-10-2005,65.5,1081.0,49.87,139.0,12.86,324.0,0.0,53.0
28-10-2005,65.5,1081.0,55.77,361.0,33.4,2570.0,0.0,163.0
29-10-2005,65.5,1081.0,57.9,462.0,42.74,1169.0,0.0,0.0
30-10-2005,65.5,1081.0,59.05,523.0,48.38,706.0,0.0,0.0
31-10-2005,65.5,1081.0,59.54,550.0,50.88,312.0,0.0,0.0
01-11-2005,65.5,1081.0,59.87,569.0,52.64,220.0,0.0,4.0
02-11-2005,65.5,1081.0,60.13,584.0,54.02,174.0,0.0,0.0
03-11-2005,65.5,1081.0,60.33,596.0,55.13,139.0,0.0,0.0
04-11-2005,65.5,1081.0,60.33,596.0,55.13,0.0,0.0,0.0
05-11-2005,65.5,1081.0,60.69,617.0,57.08,243.0,0.0,43.0
06-11-2005,65.5,1081.0,60.92,631.0,58.37,162.0,0.0,50.0
07-11-2005,65.5,1081.0,62.43,726.0,67.16,1538.0,700.0,82.0
08-11-2005,65.5,1081.0,62.72,745.0,68.92,1120.0,900.0,32.0
09-11-2005,65.5,1081.0,62.89,756.0,69.94,1027.0,900.0,34.0
10-11-2005,65.5,1081.0,62.53,732.0,67.72,622.0,900.0,6.0
11-11-2005,65.5,1081.0,61.65,676.0,62.53,252.0,900.0,0.0
12-11-2005,65.5,1081.0,61.36,658.0,60.87,92.0,300.0,14.0
13-11-2005,65.5,1081.0,61.19,647.0,59.85,173.0,300.0,0.0
14-11-2005,65.5,1081.0,61.25,651.0,60.22,46.0,0.0,0.0
15-11-2005,65.5,1081.0,61.3,654.0,60.5,35.0,0.0,0.0
16-11-2005,65.5,1081.0,61.3,654.0,60.5,15.0,0.0,0.0
17-11-2005,65.5,1081.0,61.28,654.0,60.5,0.0,0.0,0.0
18-11-2005,65.5,1081.0,61.26,652.0,60.31,0.0,0.0,0.0
19-11-2005,65.5,1081.0,61.25,651.0,60.22,0.0,0.0,0.0
20-11-2005,65.5,1081.0,61.22,649.0,60.04,0.0,0.0,0.0
21-11-2005,65.5,1081.0,61.18,647.0,59.85,0.0,0.0,16.0
22-11-2005,65.5,1081.0,61.28,654.0,60.5,82.0,0.0,34.0
23-11-2005,65.5,1081.0,61.62,674.0,62.35,231.0,0.0,46.0
24-11-2005,65.5,1081.0,63.02,765.0,70.77,1053.0,0.0,66.0
25-11-2005,65.5,1081.0,63.3,784.0,72.53,845.0,625.0,23.0
26-11-2005,65.5,1081.0,63.6,804.0,74.38,231.0,0.0,72.0
27-11-2005,65.5,1081.0,63.28,782.0,72.34,0.0,0.0,26.0
28-11-2005,65.5,1081.0,63.46,794.0,73.45,0.0,0.0,0.0
29-11-2005,65.5,1081.0,63.5,797.0,73.73,0.0,0.0,0.0
30-11-2005,65.5,1081.0,63.5,797.0,73.73,0.0,0.0,0.0
01-12-2005,65.5,1081.0,63.5,797.0,73.73,0.0,0.0,0.0
02-12-2005,65.5,1081.0,63.5,797.0,73.73,250.0,250.0,9.0
03-12-2005,65.5,1081.0,63.98,831.0,76.87,394.0,0.0,113.0
04-12-2005,65.5,1081.0,64.5,881.0,81.5,579.0,0.0,45.0
05-12-2005,65.5,1081.0,64.0,832.0,76.97,0.0,0.0,11.0
06-12-2005,65.5,1081.0,64.0,832.0,76.97,0.0,0.0,0.0
07-12-2005,65.5,1081.0,64.0,832.0,76.97,0.0,0.0,0.0
08-12-2005,65.5,1081.0,64.0,832.0,76.97,0.0,0.0,0.0
09-12-2005,65.5,1081.0,64.0,832.0,76.97,0.0,0.0,0.0
10-12-2005,65.5,1081.0,64.12,840.0,77.71,100.0,0.0,23.0
11-12-2005,65.5,1081.0,63.7,810.0,74.93,550.0,900.0,27.0
12-12-2005,65.5,1081.0,63.11,771.0,71.32,451.0,900.0,15.0
13-12-2005,65.5,1081.0,64.5,881.0,81.5,1493.0,220.0,201.0
14-12-2005,65.5,1081.0,64.5,881.0,81.5,0.0,0.0,0.0
15-12-2005,65.5,1081.0,64.5,881.0,81.5,0.0,0.0,0.0
16-12-2005,65.5,1081.0,64.5,881.0,81.5,0.0,0.0,0.0
17-12-2005,65.5,1081.0,64.5,881.0,81.5,0.0,0.0,0.0
18-12-2005,65.5,1081.0,64.5,881.0,81.5,0.0,0.0,32.0
19-12-2005,65.5,1081.0,63.43,792.0,73.27,0.0,0.0,85.0
20-12-2005,65.5,1081.0,63.64,806.0,74.56,0.0,0.0,20.0
21-12-2005,65.5,1081.0,63.91,824.0,76.23,1000.0,800.0,0.0
22-12-2005,65.5,1081.0,63.71,812.0,75.12,360.0,800.0,0.0
23-12-2005,65.5,1081.0,63.55,800.0,74.01,350.0,800.0,0.0
24-12-2005,65.5,1081.0,63.36,788.0,72.9,350.0,800.0,0.0
25-12-2005,65.5,1081.0,62.95,760.0,70.31,350.0,800.0,0.0
26-12-2005,65.5,1081.0,62.76,748.0,69.2,250.0,200.0,0.0
27-12-2005,65.5,1081.0,62.95,760.0,70.31,140.0,200.0,0.0
28-12-2005,65.5,1081.0,62.87,755.0,69.84,120.0,200.0,0.0
29-12-2005,65.5,1081.0,62.95,760.0,70.31,58.0,0.0,0.0
30-12-2005,65.5,1081.0,62.99,763.0,70.58,30.0,0.0,0.0
31-12-2005,65.5,1081.0,63.01,764.0,70.68,15.0,0.0,0.0
01-01-2006,65.5,1081.0,62.99,763.0,70.58,0.0,0.0,0.0
02-01-2006,65.5,1081.0,62.97,762.0,70.49,0.0,0.0,0.0
03-01-2006,65.5,1081.0,62.95,760.0,70.31,0.0,0.0,0.0
04-01-2006,65.5,1081.0,62.93,759.0,70.21,0.0,0.0,0.0
05-01-2006,65.5,1081.0,62.93,759.0,70.21,0.0,0.0,0.0
06-01-2006,65.5,1081.0,62.93,759.0,70.21,0.0,0.0,0.0
07-01-2006,65.5,1081.0,62.92,758.0,70.12,0.0,0.0,0.0
08-01-2006,65.5,1081.0,62.9,757.0,70.03,0.0,0.0,0.0
09-01-2006,65.5,1081.0,62.9,757.0,70.03,0.0,0.0,0.0
10-01-2006,65.5,1081.0,62.9,757.0,70.03,0.0,0.0,0.0
11-01-2006,65.5,1081.0,62.87,755.0,69.84,0.0,0.0,0.0
12-01-2006,65.5,1081.0,62.86,754.0,69.75,0.0,0.0,0.0
13-01-2006,65.5,1081.0,62.86,754.0,69.75,0.0,0.0,0.0
14-01-2006,65.5,1081.0,62.84,753.0,69.66,0.0,0.0,0.0
15-01-2006,65.5,1081.0,62.82,752.0,69.57,0.0,0.0,0.0
16-01-2006,65.5,1081.0,62.81,751.0,69.47,0.0,0.0,0.0
17-01-2006,65.5,1081.0,62.8,750.0,69.38,0.0,0.0,0.0
18-01-2006,65.5,1081.0,62.78,749.0,69.29,0.0,0.0,0.0
19-01-2006,65.5,1081.0,62.75,747.0,69.1,0.0,0.0,0.0
20-01-2006,65.5,1081.0,62.72,745.0,68.92,0.0,0.0,0.0
21-01-2006,65.5,1081.0,62.69,743.0,68.73,0.0,0.0,0.0
22-01-2006,65.5,1081.0,62.66,741.0,68.55,0.0,0.0,0.0
23-01-2006,65.5,1081.0,62.63,739.0,68.36,0.0,0.0,0.0
24-01-2006,65.5,1081.0,62.61,737.0,68.18,0.0,0.0,0.0
25-01-2006,65.5,1081.0,62.58,735.0,67.99,0.0,0.0,0.0
26-01-2006,65.5,1081.0,62.54,733.0,67.81,0.0,0.0,0.0
27-01-2006,65.5,1081.0,62.51,731.0,67.62,0.0,0.0,0.0
28-01-2006,65.5,1081.0,62.48,729.0,67.44,0.0,0.0,0.0
29-01-2006,65.5,1081.0,62.45,727.0,67.25,0.0,0.0,0.0
30-01-2006,65.5,1081.0,62.42,725.0,67.07,0.0,0.0,0.0
31-01-2006,65.5,1081.0,62.39,723.0,66.88,0.0,0.0,0.0
01-02-2006,65.5,1081.0,62.36,721.0,66.7,0.0,0.0,0.0
02-02-2006,65.5,1081.0,62.33,719.0,66.51,0.0,0.0,0.0
03-02-2006,65.5,1081.0,62.3,717.0,66.33,0.0,0.0,0.0
04-02-2006,65.5,1081.0,62.27,715.0,66.14,0.0,0.0,0.0
05-02-2006,65.5,1081.0,62.23,713.0,65.96,0.0,0.0,0.0
06-02-2006,65.5,1081.0,62.2,711.0,65.77,0.0,0.0,0.0
07-02-2006,65.5,1081.0,62.17,709.0,65.59,0.0,0.0,0.0
08-02-2006,65.5,1081.0,62.14,707.0,65.4,0.0,0.0,0.0
09-02-2006,65.5,1081.0,62.11,705.0,65.22,0.0,0.0,0.0
10-02-2006,65.5,1081.0,62.08,703.0,65.03,0.0,0.0,0.0
11-02-2006,65.5,1081.0,62.05,701.0,64.85,0.0,0.0,0.0
12-02-2006,65.5,1081.0,62.02,699.0,64.66,0.0,0.0,0.0
13-02-2006,65.5,1081.0,61.99,697.0,64.48,0.0,0.0,0.0
14-02-2006,65.5,1081.0,61.95,695.0,64.29,0.0,0.0,0.0
15-02-2006,65.5,1081.0,61.92,693.0,64.11,0.0,0.0,0.0
16-02-2006,65.5,1081.0,61.89,691.0,63.92,0.0,0.0,0.0
17-02-2006,65.5,1081.0,61.86,689.0,63.74,0.0,0.0,0.0
18-02-2006,65.5,1081.0,61.83,687.0,63.55,0.0,0.0,0.0
19-02-2006,65.5,1081.0,61.79,685.0,63.37,0.0,0.0,0.0
20-02-2006,65.5,1081.0,61.75,683.0,63.18,0.0,0.0,0.0
21-02-2006,65.5,1081.0,61.73,681.0,63.0,0.0,0.0,0.0
22-02-2006,65.5,1081.0,61.7,679.0,62.81,0.0,0.0,0.0
23-02-2006,65.5,1081.0,61.67,677.0,62.63,0.0,0.0,0.0
24-02-2006,65.5,1081.0,61.64,675.0,62.44,0.0,0.0,0.0
25-02-2006,65.5,1081.0,61.61,673.0,62.26,0.0,0.0,0.0
26-02-2006,65.5,1081.0,61.57,671.0,62.07,0.0,0.0,0.0
27-02-2006,65.5,1081.0,61.54,669.0,61.89,0.0,0.0,0.0
28-02-2006,65.5,1081.0,61.51,667.0,61.7,0.0,0.0,0.0
01-03-2006,65.5,1081.0,61.48,665.0,61.52,0.0,0.0,0.0
02-03-2006,65.5,1081.0,61.44,663.0,61.33,0.0,0.0,0.0
03-03-2006,65.5,1081.0,61.41,661.0,61.15,0.0,0.0,0.0
04-03-2006,65.5,1081.0,61.38,661.0,61.15,0.0,0.0,4.0
05-03-2006,65.5,1081.0,61.35,657.0,60.78,0.0,0.0,0.0
06-03-2006,65.5,1081.0,61.32,655.0,60.59,0.0,0.0,0.0
07-03-2006,65.5,1081.0,61.28,653.0,60.41,0.0,0.0,0.0
08-03-2006,65.5,1081.0,61.25,651.0,60.22,0.0,0.0,0.0
09-03-2006,65.5,1081.0,61.22,649.0,60.04,0.0,0.0,0.0
10-03-2006,65.5,1081.0,61.17,646.0,59.76,0.0,0.0,0.0
11-03-2006,65.5,1081.0,61.12,643.0,59.48,0.0,0.0,0.0
12-03-2006,65.5,1081.0,61.07,640.0,59.2,0.0,0.0,0.0
13-03-2006,65.5,1081.0,61.02,637.0,58.93,0.0,0.0,0.0
14-03-2006,65.5,1081.0,60.97,634.0,58.65,0.0,0.0,0.0
15-03-2006,65.5,1081.0,60.92,631.0,58.37,0.0,0.0,0.0
16-03-2006,65.5,1081.0,60.89,629.0,58.19,0.0,0.0,0.0
17-03-2006,65.5,1081.0,60.84,627.0,58.0,0.0,0.0,0.0
18-03-2006,65.5,1081.0,60.79,624.0,57.72,0.0,0.0,4.0
19-03-2006,65.5,1081.0,60.76,622.0,57.54,0.0,0.0,0.0
20-03-2006,65.5,1081.0,60.72,619.0,57.26,0.0,0.0,0.0
21-03-2006,65.5,1081.0,60.69,617.0,57.08,0.0,0.0,0.0
22-03-2006,65.5,1081.0,60.65,615.0,56.89,0.0,0.0,0.0
23-03-2006,65.5,1081.0,60.62,613.0,56.71,0.0,0.0,0.0
24-03-2006,65.5,1081.0,60.59,611.0,56.52,0.0,0.0,0.0
25-03-2006,65.5,1081.0,60.53,607.0,56.15,0.0,0.0,0.0
26-03-2006,65.5,1081.0,60.45,603.0,55.78,0.0,0.0,0.0
27-03-2006,65.5,1081.0,60.41,600.0,55.5,0.0,0.0,0.0
28-03-2006,65.5,1081.0,60.34,596.0,55.13,0.0,0.0,0.0
29-03-2006,65.5,1081.0,60.29,593.0,54.86,0.0,0.0,0.0
30-03-2006,65.5,1081.0,60.23,590.0,54.58,0.0,0.0,0.0
31-03-2006,65.5,1081.0,60.18,587.0,54.3,0.0,0.0,0.0
01-04-2006,65.5,1081.0,60.14,585.0,54.12,0.0,0.0,0.0
02-04-2006,65.5,1081.0,60.11,583.0,53.93,0.0,0.0,0.0
03-04-2006,65.5,1081.0,60.08,581.0,53.75,0.0,0.0,0.0
04-04-2006,65.5,1081.0,60.05,579.0,53.56,0.0,0.0,0.0
05-04-2006,65.5,1081.0,60.01,577.0,53.38,0.0,0.0,0.0
06-04-2006,65.5,1081.0,59.98,575.0,53.19,0.0,0.0,0.0
07-04-2006,65.5,1081.0,59.95,573.0,53.01,0.0,0.0,0.0
08-04-2006,65.5,1081.0,59.91,571.0,52.82,0.0,0.0,0.0
09-04-2006,65.5,1081.0,59.88,569.0,52.64,0.0,0.0,0.0
10-04-2006,65.5,1081.0,59.83,567.0,52.45,0.0,0.0,0.0
11-04-2006,65.5,1081.0,59.78,564.0,52.17,0.0,0.0,0.0
12-04-2006,65.5,1081.0,59.73,561.0,51.9,0.0,0.0,0.0
13-04-2006,65.5,1081.0,59.67,558.0,51.62,0.0,0.0,0.0
14-04-2006,65.5,1081.0,59.62,555.0,51.34,0.0,0.0,0.0
15-04-2006,65.5,1081.0,59.57,552.0,51.06,0.0,0.0,0.0
16-04-2006,65.5,1081.0,59.52,549.0,50.79,0.0,0.0,0.0
17-04-2006,65.5,1081.0,59.44,545.0,50.42,0.0,0.0,0.0
18-04-2006,65.5,1081.0,59.41,543.0,50.23,0.0,0.0,37.0
19-04-2006,65.5,1081.0,59.35,540.0,49.95,0.0,0.0,0.0
20-04-2006,65.5,1081.0,59.3,537.0,49.68,0.0,0.0,0.0
21-04-2006,65.5,1081.0,59.28,536.0,49.58,0.0,0.0,0.0
22-04-2006,65.5,1081.0,59.26,535.0,49.49,0.0,0.0,0.0
23-04-2006,65.5,1081.0,59.24,534.0,49.4,0.0,0.0,0.0
24-04-2006,65.5,1081.0,59.23,533.0,49.31,0.0,0.0,0.0
25-04-2006,65.5,1081.0,59.21,532.0,49.21,0.0,0.0,0.0
26-04-2006,65.5,1081.0,59.19,531.0,49.12,0.0,0.0,0.0
27-04-2006,65.5,1081.0,59.15,529.0,48.94,0.0,0.0,0.0
28-04-2006,65.5,1081.0,59.12,527.0,48.75,0.0,0.0,0.0
29-04-2006,65.5,1081.0,59.08,525.0,48.57,0.0,0.0,0.0
30-04-2006,65.5,1081.0,59.05,523.0,48.38,0.0,0.0,0.0
01-05-2006,65.5,1081.0,59.01,521.0,48.2,0.0,0.0,0.0
02-05-2006,65.5,1081.0,58.97,519.0,48.01,0.0,0.0,0.0
03-05-2006,65.5,1081.0,58.93,517.0,47.83,0.0,0.0,4.0
04-05-2006,65.5,1081.0,58.9,515.0,47.64,0.0,0.0,0.0
05-05-2006,65.5,1081.0,58.86,513.0,47.46,0.0,0.0,0.0
06-05-2006,65.5,1081.0,58.82,511.0,47.27,0.0,0.0,0.0
07-05-2006,65.5,1081.0,58.78,509.0,47.09,0.0,0.0,0.0
08-05-2006,65.5,1081.0,58.74,507.0,46.9,0.0,0.0,0.0
09-05-2006,65.5,1081.0,58.7,505.0,46.72,0.0,0.0,0.0
10-05-2006,65.5,1081.0,58.66,503.0,46.53,0.0,0.0,0.0
11-05-2006,65.5,1081.0,58.63,501.0,46.35,0.0,0.0,0.0
12-05-2006,65.5,1081.0,58.58,498.0,46.07,0.0,0.0,0.0
13-05-2006,65.5,1081.0,58.52,495.0,45.79,0.0,0.0,0.0
14-05-2006,65.5,1081.0,58.47,492.0,45.51,0.0,0.0,0.0
15-05-2006,65.5,1081.0,58.41,489.0,45.24,0.0,0.0,0.0
16-05-2006,65.5,1081.0,58.35,486.0,44.96,0.0,0.0,0.0
17-05-2006,65.5,1081.0,58.29,483.0,44.68,0.0,0.0,0.0
18-05-2006,65.5,1081.0,58.23,480.0,44.4,0.0,0.0,0.0
19-05-2006,65.5,1081.0,58.18,477.0,44.13,0.0,0.0,0.0
20-05-2006,65.5,1081.0,58.12,474.0,43.85,0.0,0.0,0.0
21-05-2006,65.5,1081.0,58.06,471.0,43.57,0.0,0.0,0.0
22-05-2006,65.5,1081.0,58.0,468.0,43.29,0.0,0.0,0.0
23-05-2006,65.5,1081.0,57.94,465.0,43.02,0.0,0.0,0.0
24-05-2006,65.5,1081.0,57.97,462.0,42.74,0.0,0.0,0.0
25-05-2006,65.5,1081.0,57.83,459.0,42.46,0.0,0.0,0.0
26-05-2006,65.5,1081.0,57.77,456.0,42.18,0.0,0.0,6.0
27-05-2006,65.5,1081.0,57.71,453.0,41.91,0.0,0.0,6.0
28-05-2006,65.5,1081.0,57.65,450.0,41.63,0.0,0.0,0.0
29-05-2006,65.5,1081.0,57.59,447.0,41.35,0.0,0.0,0.0
30-05-2006,65.5,1081.0,57.53,444.0,41.07,0.0,0.0,0.0
31-05-2006,65.5,1081.0,57.47,441.0,40.8,0.0,0.0,0.0
01-06-2006,65.5,1081.0,57.43,439.0,40.61,0.0,0.0,0.0
02-06-2006,65.5,1081.0,57.39,437.0,40.43,0.0,0.0,0.0
03-06-2006,65.5,1081.0,57.34,435.0,40.24,0.0,0.0,0.0
04-06-2006,65.5,1081.0,57.32,434.0,40.15,0.0,0.0,21.0
05-06-2006,65.5,1081.0,57.3,433.0,40.06,0.0,0.0,13.0
06-06-2006,65.5,1081.0,57.28,432.0,39.96,0.0,0.0,19.0
07-06-2006,65.5,1081.0,57.26,431.0,39.87,0.0,0.0,0.0
08-06-2006,65.5,1081.0,57.24,430.0,39.78,0.0,0.0,0.0
09-06-2006,65.5,1081.0,57.22,429.0,39.69,0.0,0.0,0.0
10-06-2006,65.5,1081.0,57.18,427.0,39.5,0.0,0.0,0.0
11-06-2006,65.5,1081.0,57.14,425.0,39.32,0.0,0.0,0.0
12-06-2006,65.5,1081.0,57.1,423.0,39.13,0.0,0.0,0.0
13-06-2006,65.5,1081.0,57.04,420.0,38.85,0.0,0.0,0.0
14-06-2006,65.5,1081.0,56.98,417.0,38.58,0.0,0.0,9.0
15-06-2006,65.5,1081.0,56.91,414.0,38.3,0.0,0.0,0.0
16-06-2006,65.5,1081.0,56.85,411.0,38.02,0.0,0.0,0.0
17-06-2006,65.5,1081.0,56.79,408.0,37.74,0.0,0.0,0.0
18-06-2006,65.5,1081.0,56.71,405.0,37.47,0.0,0.0,0.0
19-06-2006,65.5,1081.0,56.66,402.0,37.19,0.0,0.0,0.0
20-06-2006,65.5,1081.0,56.6,399.0,36.91,0.0,0.0,0.0
21-06-2006,65.5,1081.0,56.53,396.0,36.63,0.0,0.0,8.0
22-06-2006,65.5,1081.0,56.47,393.0,36.36,0.0,0.0,0.0
23-06-2006,65.5,1081.0,56.47,393.0,36.36,0.0,0.0,27.0
24-06-2006,65.5,1081.0,56.49,394.0,36.45,0.0,0.0,14.0
25-06-2006,65.5,1081.0,56.43,391.0,36.17,0.0,0.0,0.0
26-06-2006,65.5,1081.0,56.36,388.0,35.89,0.0,0.0,0.0
27-06-2006,65.5,1081.0,56.36,388.0,35.89,0.0,0.0,42.0
28-06-2006,65.5,1081.0,56.39,389.0,35.99,12.0,0.0,27.0
29-06-2006,65.5,1081.0,56.39,389.0,35.99,0.0,0.0,0.0
30-06-2006,65.5,1081.0,56.39,389.0,35.99,0.0,0.0,0.0
01-07-2006,65.5,1081.0,56.34,387.0,35.8,0.0,0.0,0.0
02-07-2006,65.5,1081.0,56.3,385.0,35.62,0.0,0.0,0.0
03-07-2006,65.5,1081.0,56.25,383.0,35.43,0.0,0.0,0.0
04-07-2006,65.5,1081.0,56.21,381.0,35.25,0.0,0.0,0.0
05-07-2006,65.5,1081.0,56.18,379.0,35.06,0.0,0.0,0.0
06-07-2006,65.5,1081.0,56.12,377.0,34.88,0.0,0.0,0.0
07-07-2006,65.5,1081.0,56.08,375.0,34.69,0.0,0.0,0.0
08-07-2006,65.5,1081.0,56.04,373.0,34.51,0.0,0.0,0.0
09-07-2006,65.5,1081.0,55.99,371.0,34.32,0.0,0.0,0.0
10-07-2006,65.5,1081.0,55.95,369.0,34.14,0.0,0.0,0.0
11-07-2006,65.5,1081.0,55.9,367.0,33.95,0.0,0.0,0.0
12-07-2006,65.5,1081.0,55.86,365.0,33.77,0.0,0.0,3.0
13-07-2006,65.5,1081.0,55.81,363.0,33.58,0.0,0.0,8.0
14-07-2006,65.5,1081.0,55.77,361.0,33.4,0.0,0.0,0.0
15-07-2006,65.5,1081.0,55.73,359.0,33.21,0.0,0.0,0.0
16-07-2006,65.5,1081.0,55.68,357.0,33.02,0.0,0.0,0.0
17-07-2006,65.5,1081.0,55.64,355.0,32.84,0.0,0.0,0.0
18-07-2006,65.5,1081.0,55.59,353.0,32.65,0.0,0.0,0.0
19-07-2006,65.5,1081.0,55.55,351.0,32.47,0.0,0.0,0.0
20-07-2006,65.5,1081.0,55.5,349.0,32.28,0.0,0.0,13.0
21-07-2006,65.5,1081.0,55.46,347.0,32.1,0.0,0.0,0.0
22-07-2006,65.5,1081.0,55.41,345.0,31.91,0.0,0.0,0.0
23-07-2006,65.5,1081.0,55.36,343.0,31.73,0.0,0.0,0.0
24-07-2006,65.5,1081.0,55.32,341.0,31.54,0.0,0.0,0.0
25-07-2006,65.5,1081.0,55.28,339.0,31.36,0.0,0.0,8.0
26-07-2006,65.5,1081.0,55.23,337.0,31.17,0.0,0.0,0.0
27-07-2006,65.5,1081.0,55.18,335.0,30.99,0.0,0.0,0.0
28-07-2006,65.5,1081.0,55.14,333.0,30.8,0.0,0.0,13.0
29-07-2006,65.5,1081.0,55.09,331.0,30.62,0.0,0.0,5.0
30-07-2006,65.5,1081.0,55.05,329.0,30.43,0.0,0.0,0.0
31-07-2006,65.5,1081.0,55.0,327.0,30.25,0.0,0.0,0.0
01-08-2006,65.5,1081.0,54.95,325.0,30.06,0.0,0.0,0.0
02-08-2006,65.5,1081.0,54.91,323.0,29.88,0.0,0.0,0.0
03-08-2006,65.5,1081.0,54.86,321.0,29.69,0.0,0.0,0.0
04-08-2006,65.5,1081.0,54.81,319.0,29.51,0.0,0.0,2.0
05-08-2006,65.5,1081.0,54.77,317.0,29.32,0.0,0.0,17.0
06-08-2006,65.5,1081.0,54.72,315.0,29.14,0.0,0.0,0.0
07-08-2006,65.5,1081.0,54.67,313.0,28.95,0.0,0.0,11.0
08-08-2006,65.5,1081.0,54.63,311.0,28.77,0.0,0.0,7.0
09-08-2006,65.5,1081.0,54.58,309.0,28.58,0.0,0.0,0.0
10-08-2006,65.5,1081.0,54.53,307.0,28.4,0.0,0.0,0.0
11-08-2006,65.5,1081.0,54.52,306.0,28.31,0.0,0.0,16.0
12-08-2006,65.5,1081.0,54.49,305.0,28.21,0.0,130.0,6.0
13-08-2006,65.5,1081.0,54.21,293.0,27.1,0.0,130.0,0.0
14-08-2006,65.5,1081.0,53.94,282.0,26.09,0.0,130.0,19.0
15-08-2006,65.5,1081.0,53.66,271.0,25.07,0.0,130.0,18.0
16-08-2006,65.5,1081.0,53.38,260.0,24.05,0.0,130.0,13.0
17-08-2006,65.5,1081.0,52.97,244.0,22.57,0.0,180.0,11.0
18-08-2006,65.5,1081.0,52.54,228.0,21.09,0.0,180.0,0.0
19-08-2006,65.5,1081.0,52.1,212.0,19.61,0.0,0.0,0.0
20-08-2006,65.5,1081.0,52.1,212.0,19.61,0.0,0.0,0.0
21-08-2006,65.5,1081.0,52.1,212.0,19.61,0.0,0.0,0.0
22-08-2006,65.5,1081.0,52.1,212.0,19.61,0.0,0.0,0.0
23-08-2006,65.5,1081.0,52.07,211.0,19.52,0.0,0.0,0.0
24-08-2006,65.5,1081.0,52.07,211.0,19.52,0.0,0.0,0.0
25-08-2006,65.5,1081.0,52.07,211.0,19.52,0.0,0.0,0.0
26-08-2006,65.5,1081.0,52.05,210.0,19.43,0.0,0.0,0.0
27-08-2006,65.5,1081.0,52.05,210.0,19.43,0.0,0.0,0.0
28-08-2006,65.5,1081.0,52.05,210.0,19.43,0.0,0.0,0.0
29-08-2006,65.5,1081.0,52.02,209.0,19.33,0.0,0.0,0.0
30-08-2006,65.5,1081.0,52.02,209.0,19.33,0.0,0.0,0.0
31-08-2006,65.5,1081.0,52.02,209.0,19.33,0.0,0.0,0.0
01-09-2006,65.5,1081.0,51.99,208.0,19.24,0.0,0.0,0.0
02-09-2006,65.5,1081.0,51.99,208.0,19.24,0.0,0.0,0.0
03-09-2006,65.5,1081.0,51.99,208.0,19.24,0.0,0.0,4.0
04-09-2006,65.5,1081.0,51.99,208.0,19.24,0.0,0.0,13.0
05-09-2006,65.5,1081.0,51.96,207.0,19.15,0.0,0.0,0.0
06-09-2006,65.5,1081.0,51.96,207.0,19.15,0.0,0.0,0.0
07-09-2006,65.5,1081.0,51.96,207.0,19.15,0.0,0.0,0.0
08-09-2006,65.5,1081.0,51.96,207.0,19.15,0.0,0.0,0.0
09-09-2006,65.5,1081.0,51.93,206.0,19.06,0.0,0.0,0.0
10-09-2006,65.5,1081.0,51.93,206.0,19.06,0.0,0.0,0.0
11-09-2006,65.5,1081.0,51.93,206.0,19.06,0.0,0.0,0.0
12-09-2006,65.5,1081.0,51.9,205.0,18.96,0.0,0.0,0.0
13-09-2006,65.5,1081.0,51.9,205.0,18.96,0.0,0.0,0.0
14-09-2006,65.5,1081.0,51.9,205.0,18.96,0.0,0.0,0.0
15-09-2006,65.5,1081.0,51.9,205.0,18.96,0.0,0.0,9.0
16-09-2006,65.5,1081.0,51.9,205.0,18.96,0.0,0.0,0.0
17-09-2006,65.5,1081.0,51.87,204.0,18.87,0.0,0.0,0.0
18-09-2006,65.5,1081.0,51.9,205.0,18.96,12.0,0.0,11.0
19-09-2006,65.5,1081.0,51.9,205.0,18.96,0.0,0.0,0.0
20-09-2006,65.5,1081.0,51.9,205.0,18.96,0.0,0.0,7.0
21-09-2006,65.5,1081.0,51.96,207.0,19.15,23.0,0.0,13.0
22-09-2006,65.5,1081.0,52.05,210.0,19.43,35.0,0.0,22.0
23-09-2006,65.5,1081.0,52.05,210.0,19.43,0.0,0.0,0.0
24-09-2006,65.5,1081.0,52.05,210.0,19.43,0.0,0.0,0.0
25-09-2006,65.5,1081.0,52.19,215.0,19.89,58.0,0.0,60.0
26-09-2006,65.5,1081.0,52.49,226.0,20.91,127.0,0.0,32.0
27-09-2006,65.5,1081.0,52.54,228.0,21.09,23.0,0.0,4.0
28-09-2006,65.5,1081.0,52.6,230.0,21.28,23.0,0.0,4.0
29-09-2006,65.5,1081.0,52.6,230.0,21.28,0.0,0.0,0.0
30-09-2006,65.5,1081.0,52.6,230.0,21.28,0.0,0.0,0.0
01-10-2006,65.5,1081.0,52.56,229.0,21.18,0.0,0.0,0.0
02-10-2006,65.5,1081.0,52.6,230.0,21.28,12.0,0.0,7.0
03-10-2006,65.5,1081.0,52.65,232.0,21.46,23.0,0.0,13.0
04-10-2006,65.5,1081.0,52.65,232.0,21.46,0.0,0.0,0.0
05-10-2006,65.5,1081.0,52.7,234.0,21.65,23.0,0.0,14.0
06-10-2006,65.5,1081.0,52.73,235.0,21.74,12.0,0.0,0.0
07-10-2006,65.5,1081.0,52.73,235.0,21.74,0.0,0.0,0.0
08-10-2006,65.5,1081.0,52.73,235.0,21.74,0.0,0.0,0.0
09-10-2006,65.5,1081.0,52.7,234.0,21.65,0.0,0.0,0.0
10-10-2006,65.5,1081.0,52.7,234.0,21.65,0.0,0.0,0.0
11-10-2006,65.5,1081.0,52.68,233.0,21.55,0.0,0.0,0.0
12-10-2006,65.5,1081.0,52.68,233.0,21.55,0.0,0.0,0.0
13-10-2006,65.5,1081.0,52.65,232.0,21.46,0.0,0.0,0.0
14-10-2006,65.5,1081.0,52.65,232.0,21.46,0.0,0.0,0.0
15-10-2006,65.5,1081.0,52.62,231.0,21.37,0.0,0.0,0.0
16-10-2006,65.5,1081.0,52.62,231.0,21.37,0.0,0.0,0.0
17-10-2006,65.5,1081.0,52.6,230.0,21.28,0.0,0.0,0.0
18-10-2006,65.5,1081.0,52.6,230.0,21.28,0.0,0.0,0.0
19-10-2006,65.5,1081.0,52.65,232.0,21.46,23.0,0.0,17.0
20-10-2006,65.5,1081.0,52.75,236.0,21.83,46.0,0.0,22.0
21-10-2006,65.5,1081.0,52.75,236.0,21.83,0.0,0.0,0.0
22-10-2006,65.5,1081.0,52.75,236.0,21.83,0.0,0.0,12.0
23-10-2006,65.5,1081.0,52.75,236.0,21.83,0.0,0.0,9.0
24-10-2006,65.5,1081.0,52.75,236.0,21.83,0.0,0.0,6.0
25-10-2006,65.5,1081.0,52.86,240.0,22.2,46.0,0.0,43.0
26-10-2006,65.5,1081.0,53.02,246.0,22.76,69.0,0.0,81.0
27-10-2006,65.5,1081.0,54.2,293.0,27.1,544.0,0.0,17.0
28-10-2006,65.5,1081.0,55.6,353.0,32.65,694.0,0.0,97.0
29-10-2006,65.5,1081.0,57.56,445.0,41.17,1065.0,0.0,74.0
30-10-2006,65.5,1081.0,58.62,500.0,46.25,637.0,0.0,10.0
31-10-2006,65.5,1081.0,59.08,525.0,48.57,289.0,0.0,0.0
01-11-2006,65.5,1081.0,59.35,540.0,49.95,174.0,0.0,9.0
02-11-2006,65.5,1081.0,59.44,545.0,50.42,60.0,0.0,13.0
03-11-2006,65.5,1081.0,59.71,560.0,51.8,174.0,0.0,12.0
04-11-2006,65.5,1081.0,59.96,574.0,53.1,162.0,0.0,17.0
05-11-2006,65.5,1081.0,60.13,584.0,54.02,116.0,0.0,0.0
06-11-2006,65.5,1081.0,60.3,594.0,54.95,160.0,0.0,0.0
07-11-2006,65.5,1081.0,60.5,606.0,56.06,136.0,0.0,11.0
08-11-2006,65.5,1081.0,60.73,619.0,57.26,150.0,0.0,4.0
09-11-2006,65.5,1081.0,60.93,631.0,58.37,139.0,0.0,7.0
10-11-2006,65.5,1081.0,61.02,637.0,58.93,69.0,0.0,3.0
11-11-2006,65.5,1081.0,61.19,647.0,59.85,115.0,0.0,23.0
12-11-2006,65.5,1081.0,61.35,657.0,60.78,115.0,0.0,5.0
13-11-2006,65.5,1081.0,61.61,673.0,62.26,185.0,0.0,32.0
14-11-2006,65.5,1081.0,61.83,687.0,63.55,162.0,0.0,9.0
15-11-2006,65.5,1081.0,62.08,703.0,65.03,185.0,0.0,78.0
16-11-2006,65.5,1081.0,62.3,717.0,66.33,162.0,0.0,21.0
17-11-2006,65.5,1081.0,62.48,729.0,67.44,139.0,0.0,3.0
18-11-2006,65.5,1081.0,62.7,744.0,68.83,174.0,0.0,5.0
19-11-2006,65.5,1081.0,63.1,770.0,71.23,301.0,0.0,45.0
20-11-2006,65.5,1081.0,63.33,786.0,72.71,185.0,0.0,4.0
21-11-2006,65.5,1081.0,63.4,790.0,73.08,196.0,196.0,0.0
22-11-2006,65.5,1081.0,63.31,784.0,72.53,121.0,190.0,0.0
23-11-2006,65.5,1081.0,63.21,775.0,71.69,90.0,190.0,0.0
24-11-2006,65.5,1081.0,63.14,773.0,71.51,50.0,0.0,0.0
25-11-2006,65.5,1081.0,63.15,774.0,71.6,30.0,0.0,0.0
26-11-2006,65.5,1081.0,63.17,775.0,71.69,20.0,0.0,0.0
27-11-2006,65.5,1081.0,63.2,777.0,71.88,23.0,200.0,0.0
28-11-2006,65.5,1081.0,62.91,758.0,70.12,12.0,200.0,0.0
29-11-2006,65.5,1081.0,62.67,742.0,68.64,10.0,200.0,0.0
30-11-2006,65.5,1081.0,62.42,725.0,67.07,0.0,200.0,7.0
01-12-2006,65.5,1081.0,62.16,708.0,65.49,0.0,200.0,0.0
02-12-2006,65.5,1081.0,61.89,691.0,63.92,0.0,200.0,0.0
03-12-2006,65.5,1081.0,61.59,672.0,62.16,0.0,200.0,0.0
04-12-2006,65.5,1081.0,61.33,656.0,60.68,0.0,200.0,0.0
05-12-2006,65.5,1081.0,61.06,639.0,59.11,0.0,200.0,0.0
06-12-2006,65.5,1081.0,60.77,622.0,57.54,0.0,200.0,0.0
07-12-2006,65.5,1081.0,60.5,605.0,55.97,0.0,200.0,0.0
08-12-2006,65.5,1081.0,60.19,587.0,54.3,0.0,200.0,0.0
09-12-2006,65.5,1081.0,59.87,569.0,52.64,0.0,200.0,0.0
10-12-2006,65.5,1081.0,59.56,551.0,50.97,0.0,200.0,0.0
11-12-2006,65.5,1081.0,59.23,533.0,49.31,0.0,200.0,5.0
12-12-2006,65.5,1081.0,58.93,516.0,47.73,0.0,200.0,5.0
13-12-2006,65.5,1081.0,58.61,499.0,46.16,0.0,200.0,0.0
14-12-2006,65.5,1081.0,58.45,491.0,45.42,110.0,200.0,0.0
15-12-2006,65.5,1081.0,58.32,484.0,44.77,120.0,200.0,0.0
16-12-2006,65.5,1081.0,58.46,491.0,45.42,90.0,0.0,0.0
17-12-2006,65.5,1081.0,58.49,493.0,45.61,23.0,0.0,0.0
18-12-2006,65.5,1081.0,58.51,494.0,45.7,12.0,0.0,0.0
19-12-2006,65.5,1081.0,58.53,495.0,45.79,10.0,0.0,0.0
20-12-2006,65.5,1081.0,58.53,495.0,45.79,10.0,0.0,0.0
21-12-2006,65.5,1081.0,58.53,495.0,45.79,0.0,0.0,0.0
22-12-2006,65.5,1081.0,58.49,493.0,45.61,0.0,0.0,0.0
23-12-2006,65.5,1081.0,58.45,491.0,45.42,0.0,0.0,0.0
24-12-2006,65.5,1081.0,58.42,489.0,45.24,0.0,0.0,0.0
25-12-2006,65.5,1081.0,58.37,487.0,45.05,0.0,0.0,0.0
26-12-2006,65.5,1081.0,58.33,485.0,44.87,0.0,0.0,0.0
27-12-2006,65.5,1081.0,58.3,483.0,44.68,0.0,0.0,0.0
28-12-2006,65.5,1081.0,58.26,481.0,44.5,0.0,0.0,0.0
29-12-2006,65.5,1081.0,58.22,479.0,44.31,0.0,0.0,0.0
30-12-2006,65.5,1081.0,58.18,477.0,44.13,0.0,0.0,0.0
31-12-2006,65.5,1081.0,58.15,475.0,43.94,0.0,0.0,0.0
01-01-2007,65.5,1081.0,58.11,473.0,43.76,0.0,0.0,0.0
02-01-2007,65.5,1081.0,58.06,471.0,43.57,0.0,0.0,0.0
03-01-2007,65.5,1081.0,58.03,469.0,43.39,0.0,0.0,0.0
04-01-2007,65.5,1081.0,57.98,467.0,43.2,0.0,0.0,0.0
05-01-2007,65.5,1081.0,57.95,465.0,43.02,0.0,0.0,0.0
06-01-2007,65.5,1081.0,57.91,463.0,42.83,0.0,0.0,0.0
07-01-2007,65.5,1081.0,57.87,461.0,42.65,0.0,0.0,0.0
08-01-2007,65.5,1081.0,57.85,460.0,42.55,0.0,0.0,0.0
09-01-2007,65.5,1081.0,57.84,459.0,42.46,0.0,0.0,0.0
10-01-2007,65.5,1081.0,57.83,458.0,42.37,0.0,0.0,0.0
11-01-2007,65.5,1081.0,57.93,464.0,42.92,70.0,0.0,0.0
12-01-2007,65.5,1081.0,58.04,470.0,43.48,70.0,0.0,0.0
13-01-2007,65.5,1081.0,58.12,474.0,43.85,70.0,0.0,0.0
14-01-2007,65.5,1081.0,58.19,477.0,44.13,70.0,0.0,0.0
15-01-2007,65.5,1081.0,58.24,480.0,44.4,70.0,0.0,0.0
16-01-2007,65.5,1081.0,58.3,483.0,44.68,70.0,0.0,0.0
17-01-2007,65.5,1081.0,58.36,486.0,44.96,70.0,0.0,0.0
18-01-2007,65.5,1081.0,58.42,489.0,45.24,70.0,0.0,0.0
19-01-2007,65.5,1081.0,58.47,492.0,45.51,70.0,0.0,0.0
20-01-2007,65.5,1081.0,58.6,499.0,46.16,70.0,0.0,0.0
21-01-2007,65.5,1081.0,58.7,504.0,46.62,70.0,0.0,0.0
22-01-2007,65.5,1081.0,58.79,509.0,47.09,70.0,0.0,0.0
23-01-2007,65.5,1081.0,58.85,512.0,47.36,70.0,0.0,0.0
24-01-2007,65.5,1081.0,58.91,515.0,47.64,70.0,0.0,0.0
25-01-2007,65.5,1081.0,58.98,519.0,48.01,70.0,0.0,0.0
26-01-2007,65.5,1081.0,59.05,523.0,48.38,70.0,0.0,0.0
27-01-2007,65.5,1081.0,59.12,527.0,48.75,70.0,0.0,0.0
28-01-2007,65.5,1081.0,59.18,531.0,49.12,70.0,0.0,0.0
29-01-2007,65.5,1081.0,59.25,534.0,49.4,70.0,0.0,0.0
30-01-2007,65.5,1081.0,59.31,537.0,49.68,70.0,0.0,0.0
31-01-2007,65.5,1081.0,59.38,541.0,50.05,70.0,0.0,0.0
01-02-2007,65.5,1081.0,59.44,545.0,50.42,70.0,0.0,0.0
02-02-2007,65.5,1081.0,59.52,549.0,50.79,70.0,0.0,0.0
03-02-2007,65.5,1081.0,59.61,555.0,51.34,70.0,0.0,0.0
04-02-2007,65.5,1081.0,59.71,560.0,51.8,70.0,0.0,0.0
05-02-2007,65.5,1081.0,59.72,561.0,51.9,70.0,0.0,0.0
06-02-2007,65.5,1081.0,59.78,564.0,52.17,70.0,0.0,0.0
07-02-2007,65.5,1081.0,59.82,566.0,52.36,70.0,0.0,0.0
08-02-2007,65.5,1081.0,59.89,570.0,52.73,70.0,0.0,0.0
09-02-2007,65.5,1081.0,59.89,570.0,52.73,0.0,0.0,0.0
10-02-2007,65.5,1081.0,59.87,569.0,52.64,0.0,0.0,0.0
11-02-2007,65.5,1081.0,59.87,569.0,52.64,0.0,0.0,0.0
12-02-2007,65.5,1081.0,59.84,567.0,52.45,0.0,0.0,0.0
13-02-2007,65.5,1081.0,59.81,566.0,52.36,0.0,0.0,0.0
14-02-2007,65.5,1081.0,59.74,562.0,51.99,0.0,0.0,2.0
15-02-2007,65.5,1081.0,59.71,560.0,51.8,0.0,0.0,0.0
16-02-2007,65.5,1081.0,59.67,558.0,51.62,0.0,0.0,0.0
17-02-2007,65.5,1081.0,59.63,555.0,51.34,0.0,0.0,0.0
18-02-2007,65.5,1081.0,59.58,552.0,51.06,0.0,0.0,0.0
19-02-2007,65.5,1081.0,59.54,550.0,50.88,0.0,0.0,0.0
20-02-2007,65.5,1081.0,59.51,548.0,50.69,0.0,0.0,0.0
21-02-2007,65.5,1081.0,59.44,545.0,50.42,0.0,0.0,0.0
22-02-2007,65.5,1081.0,59.41,543.0,50.23,0.0,0.0,0.0
23-02-2007,65.5,1081.0,59.35,540.0,49.95,0.0,0.0,0.0
24-02-2007,65.5,1081.0,59.32,538.0,49.77,0.0,0.0,0.0
25-02-2007,65.5,1081.0,59.29,536.0,49.58,0.0,0.0,0.0
26-02-2007,65.5,1081.0,59.23,533.0,49.31,0.0,0.0,0.0
27-02-2007,65.5,1081.0,59.18,530.0,49.03,0.0,0.0,0.0
28-02-2007,65.5,1081.0,59.13,527.0,48.75,0.0,0.0,0.0
01-03-2007,65.5,1081.0,59.07,524.0,48.47,0.0,0.0,0.0
02-03-2007,65.5,1081.0,59.01,521.0,48.2,0.0,0.0,0.0
03-03-2007,65.5,1081.0,58.95,518.0,47.92,0.0,0.0,0.0
04-03-2007,65.5,1081.0,58.9,515.0,47.64,0.0,0.0,0.0
05-03-2007,65.5,1081.0,58.84,512.0,47.36,0.0,0.0,0.0
06-03-2007,65.5,1081.0,58.79,509.0,47.09,0.0,0.0,0.0
07-03-2007,65.5,1081.0,58.74,507.0,46.9,0.0,0.0,0.0
08-03-2007,65.5,1081.0,58.69,504.0,46.62,0.0,0.0,0.0
09-03-2007,65.5,1081.0,58.64,502.0,46.44,0.0,0.0,0.0
10-03-2007,65.5,1081.0,58.62,500.0,46.25,0.0,0.0,0.0
11-03-2007,65.5,1081.0,58.59,498.0,46.07,0.0,0.0,0.0
12-03-2007,65.5,1081.0,58.55,496.0,45.88,0.0,0.0,0.0
13-03-2007,65.5,1081.0,58.51,494.0,45.7,0.0,0.0,0.0
14-03-2007,65.5,1081.0,58.46,492.0,45.51,0.0,0.0,0.0
15-03-2007,65.5,1081.0,58.43,490.0,45.33,0.0,0.0,0.0
16-03-2007,65.5,1081.0,58.39,488.0,45.14,0.0,0.0,0.0
17-03-2007,65.5,1081.0,58.35,486.0,44.96,0.0,0.0,0.0
18-03-2007,65.5,1081.0,58.32,484.0,44.77,0.0,0.0,0.0
19-03-2007,65.5,1081.0,58.28,482.0,44.59,0.0,0.0,0.0
20-03-2007,65.5,1081.0,58.24,480.0,44.4,0.0,0.0,0.0
21-03-2007,65.5,1081.0,58.18,477.0,44.13,0.0,0.0,0.0
22-03-2007,65.5,1081.0,58.14,475.0,43.94,0.0,200.0,0.0
23-03-2007,65.5,1081.0,57.75,455.0,42.09,0.0,200.0,0.0
24-03-2007,65.5,1081.0,57.4,437.0,40.43,0.0,200.0,0.0
25-03-2007,65.5,1081.0,57.02,419.0,38.76,0.0,200.0,0.0
26-03-2007,65.5,1081.0,56.66,402.0,37.19,0.0,200.0,0.0
27-03-2007,65.5,1081.0,56.29,384.0,35.52,0.0,200.0,0.0
28-03-2007,65.5,1081.0,56.8,366.0,33.86,0.0,200.0,0.0
29-03-2007,65.5,1081.0,55.49,348.0,32.19,0.0,200.0,0.0
30-03-2007,65.5,1081.0,55.08,330.0,30.53,0.0,200.0,0.0
31-03-2007,65.5,1081.0,54.66,312.0,28.86,0.0,200.0,0.0
01-04-2007,65.5,1081.0,54.22,294.0,27.2,0.0,200.0,0.0
02-04-2007,65.5,1081.0,53.77,276.0,25.53,0.0,200.0,0.0
03-04-2007,65.5,1081.0,53.33,258.0,23.87,0.0,200.0,0.0
04-04-2007,65.5,1081.0,52.86,240.0,22.2,0.0,200.0,0.0
05-04-2007,65.5,1081.0,52.38,222.0,20.54,0.0,200.0,0.0
06-04-2007,65.5,1081.0,51.88,204.0,18.87,0.0,200.0,0.0
07-04-2007,65.5,1081.0,51.33,186.0,17.21,0.0,200.0,0.0
08-04-2007,65.5,1081.0,50.79,168.0,15.54,0.0,200.0,0.0
09-04-2007,65.5,1081.0,50.23,150.0,13.88,0.0,200.0,0.0
10-04-2007,65.5,1081.0,49.64,132.0,12.21,0.0,200.0,0.0
11-04-2007,65.5,1081.0,49.03,115.0,10.64,0.0,170.0,0.0
12-04-2007,65.5,1081.0,48.44,99.0,9.16,0.0,170.0,0.0
13-04-2007,65.5,1081.0,48.01,88.0,8.14,0.0,120.0,0.0
14-04-2007,65.5,1081.0,47.66,80.0,7.4,0.0,80.0,0.0
15-04-2007,65.5,1081.0,47.3,72.0,6.66,0.0,70.0,0.0
16-04-2007,65.5,1081.0,47.06,66.0,6.11,0.0,60.0,0.0
17-04-2007,65.5,1081.0,46.83,61.0,5.64,0.0,50.0,0.0
18-04-2007,65.5,1081.0,46.64,57.0,5.27,0.0,45.0,0.0
19-04-2007,65.5,1081.0,46.5,54.0,5.0,0.0,35.0,0.0
20-04-2007,65.5,1081.0,46.5,54.0,5.0,0.0,0.0,0.0
21-04-2007,65.5,1081.0,46.5,54.0,5.0,0.0,0.0,0.0
22-04-2007,65.5,1081.0,46.45,53.0,4.9,0.0,0.0,0.0
23-04-2007,65.5,1081.0,46.45,53.0,4.9,0.0,0.0,0.0
24-04-2007,65.5,1081.0,46.4,52.0,4.81,0.0,0.0,0.0
25-04-2007,65.5,1081.0,46.4,52.0,4.81,0.0,0.0,0.0
26-04-2007,65.5,1081.0,46.35,51.0,4.72,0.0,0.0,0.0
27-04-2007,65.5,1081.0,46.35,51.0,4.72,0.0,0.0,0.0
28-04-2007,65.5,1081.0,46.3,50.0,4.63,0.0,0.0,0.0
29-04-2007,65.5,1081.0,46.3,50.0,4.63,0.0,0.0,0.0
30-04-2007,65.5,1081.0,46.26,49.0,4.53,0.0,0.0,0.0
01-05-2007,65.5,1081.0,46.26,49.0,4.53,0.0,0.0,0.0
02-05-2007,65.5,1081.0,46.21,48.0,4.44,0.0,0.0,0.0
03-05-2007,65.5,1081.0,46.21,48.0,4.44,0.0,0.0,0.0
04-05-2007,65.5,1081.0,46.16,47.0,4.35,0.0,0.0,0.0
05-05-2007,65.5,1081.0,46.16,47.0,4.35,0.0,0.0,0.0
06-05-2007,65.5,1081.0,46.16,47.0,4.35,0.0,0.0,0.0
07-05-2007,65.5,1081.0,46.09,46.0,4.26,0.0,0.0,0.0
08-05-2007,65.5,1081.0,46.09,46.0,4.26,0.0,0.0,0.0
09-05-2007,65.5,1081.0,46.09,46.0,4.26,0.0,0.0,0.0
10-05-2007,65.5,1081.0,46.06,45.0,4.16,0.0,0.0,0.0
11-05-2007,65.5,1081.0,46.06,45.0,4.16,0.0,0.0,0.0
12-05-2007,65.5,1081.0,46.06,45.0,4.16,0.0,0.0,0.0
13-05-2007,65.5,1081.0,45.98,44.0,4.07,0.0,0.0,0.0
14-05-2007,65.5,1081.0,45.98,44.0,4.07,0.0,0.0,0.0
15-05-2007,65.5,1081.0,45.98,44.0,4.07,0.0,0.0,0.0
16-05-2007,65.5,1081.0,45.96,43.0,3.98,0.0,0.0,0.0
17-05-2007,65.5,1081.0,45.96,43.0,3.98,0.0,0.0,0.0
18-05-2007,65.5,1081.0,45.96,43.0,3.98,0.0,0.0,0.0
19-05-2007,65.5,1081.0,45.92,42.0,3.89,0.0,0.0,0.0
20-05-2007,65.5,1081.0,45.92,42.0,3.89,0.0,0.0,0.0
21-05-2007,65.5,1081.0,45.92,42.0,3.89,0.0,0.0,0.0
22-05-2007,65.5,1081.0,45.82,41.0,3.79,0.0,0.0,0.0
23-05-2007,65.5,1081.0,45.87,41.0,3.79,0.0,0.0,0.0
24-05-2007,65.5,1081.0,45.87,41.0,3.79,0.0,0.0,0.0
25-05-2007,65.5,1081.0,45.82,40.0,3.7,0.0,0.0,0.0
26-05-2007,65.5,1081.0,45.82,40.0,3.7,0.0,0.0,0.0
27-05-2007,65.5,1081.0,45.82,40.0,3.7,0.0,0.0,0.0
28-05-2007,65.5,1081.0,45.82,40.0,3.7,0.0,0.0,0.0
29-05-2007,65.5,1081.0,45.82,40.0,3.7,0.0,0.0,0.0
30-05-2007,65.5,1081.0,45.82,40.0,3.7,0.0,0.0,0.0
31-05-2007,65.5,1081.0,45.82,40.0,3.7,0.0,0.0,0.0
01-06-2007,65.5,1081.0,45.76,39.0,3.61,0.0,0.0,0.0
02-06-2007,65.5,1081.0,45.76,39.0,3.61,0.0,0.0,0.0
03-06-2007,65.5,1081.0,45.76,39.0,3.61,0.0,0.0,0.0
04-06-2007,65.5,1081.0,45.76,39.0,3.61,0.0,0.0,0.0
05-06-2007,65.5,1081.0,45.76,39.0,3.61,0.0,0.0,0.0
06-06-2007,65.5,1081.0,45.76,39.0,3.61,0.0,0.0,0.0
07-06-2007,65.5,1081.0,45.69,38.0,3.52,0.0,0.0,0.0
08-06-2007,65.5,1081.0,45.69,38.0,3.52,0.0,0.0,0.0
09-06-2007,65.5,1081.0,45.69,38.0,3.52,0.0,0.0,0.0
10-06-2007,65.5,1081.0,45.69,38.0,3.52,0.0,0.0,2.0
11-06-2007,65.5,1081.0,45.69,38.0,3.52,0.0,0.0,4.0
12-06-2007,65.5,1081.0,45.69,38.0,3.52,0.0,0.0,0.0
13-06-2007,65.5,1081.0,45.64,37.0,3.42,0.0,0.0,0.0
14-06-2007,65.5,1081.0,45.64,37.0,3.42,0.0,0.0,0.0
15-06-2007,65.5,1081.0,45.64,37.0,3.42,0.0,0.0,4.0
16-06-2007,65.5,1081.0,45.64,37.0,3.42,0.0,0.0,9.0
17-06-2007,65.5,1081.0,45.64,37.0,3.42,0.0,0.0,0.0
18-06-2007,65.5,1081.0,45.64,37.0,3.42,0.0,0.0,2.0
19-06-2007,65.5,1081.0,45.64,37.0,3.42,0.0,0.0,3.0
20-06-2007,65.5,1081.0,45.64,37.0,3.42,0.0,0.0,5.0
21-06-2007,65.5,1081.0,45.64,37.0,3.42,0.0,0.0,2.0
22-06-2007,65.5,1081.0,45.69,38.0,3.52,12.0,0.0,24.0
23-06-2007,65.5,1081.0,45.69,38.0,3.52,0.0,0.0,2.0
24-06-2007,65.5,1081.0,45.69,38.0,3.52,0.0,0.0,0.0
25-06-2007,65.5,1081.0,45.69,38.0,3.52,0.0,0.0,0.0
26-06-2007,65.5,1081.0,45.64,37.0,3.42,0.0,0.0,0.0
27-06-2007,65.5,1081.0,45.64,37.0,3.42,0.0,0.0,4.0
28-06-2007,65.5,1081.0,45.64,37.0,3.42,0.0,0.0,2.0
29-06-2007,65.5,1081.0,45.64,37.0,3.42,0.0,0.0,0.0
30-06-2007,65.5,1081.0,45.64,37.0,3.42,0.0,0.0,0.0
01-07-2007,65.5,1081.0,45.64,37.0,3.42,0.0,0.0,0.0
02-07-2007,65.5,1081.0,45.64,37.0,3.42,0.0,0.0,0.0
03-07-2007,65.5,1081.0,45.64,37.0,3.42,0.0,0.0,0.0
04-07-2007,65.5,1081.0,45.59,36.0,3.33,0.0,0.0,0.0
05-07-2007,65.5,1081.0,45.59,36.0,3.33,0.0,0.0,0.0
06-07-2007,65.5,1081.0,45.64,37.0,3.42,15.0,0.0,9.0
07-07-2007,65.5,1081.0,45.64,37.0,3.42,0.0,0.0,2.0
08-07-2007,65.5,1081.0,45.64,37.0,3.42,0.0,0.0,0.0
09-07-2007,65.5,1081.0,45.64,37.0,3.42,0.0,0.0,3.0
10-07-2007,65.5,1081.0,45.64,37.0,3.42,0.0,0.0,5.0
11-07-2007,65.5,1081.0,45.76,39.0,3.61,23.0,0.0,17.0
12-07-2007,65.5,1081.0,45.8,40.0,3.7,12.0,0.0,14.0
13-07-2007,65.5,1081.0,46.06,45.0,4.16,58.0,0.0,49.0
14-07-2007,65.5,1081.0,46.11,46.0,4.26,12.0,0.0,7.0
15-07-2007,65.5,1081.0,46.11,46.0,4.26,0.0,0.0,4.0
16-07-2007,65.5,1081.0,46.16,47.0,4.35,12.0,0.0,13.0
17-07-2007,65.5,1081.0,46.16,47.0,4.35,0.0,0.0,0.0
18-07-2007,65.5,1081.0,46.16,47.0,4.35,0.0,0.0,0.0
19-07-2007,65.5,1081.0,46.16,47.0,4.35,0.0,0.0,0.0
20-07-2007,65.5,1081.0,46.16,47.0,4.35,0.0,0.0,4.0
21-07-2007,65.5,1081.0,46.16,47.0,4.35,0.0,0.0,0.0
22-07-2007,65.5,1081.0,46.3,50.0,4.63,35.0,0.0,77.0
23-07-2007,65.5,1081.0,46.3,50.0,4.63,0.0,0.0,0.0
24-07-2007,65.5,1081.0,46.3,50.0,4.63,0.0,0.0,0.0
25-07-2007,65.5,1081.0,46.3,50.0,4.63,0.0,0.0,0.0
26-07-2007,65.5,1081.0,46.3,50.0,4.63,0.0,0.0,0.0
27-07-2007,65.5,1081.0,46.3,50.0,4.63,0.0,0.0,0.0
28-07-2007,65.5,1081.0,46.3,50.0,4.63,0.0,0.0,0.0
29-07-2007,65.5,1081.0,46.37,51.0,4.72,12.0,0.0,60.0
30-07-2007,65.5,1081.0,46.41,52.0,4.81,12.0,0.0,19.0
31-07-2007,65.5,1081.0,46.47,53.0,4.9,12.0,0.0,2.0
01-08-2007,65.5,1081.0,46.61,56.0,5.18,35.0,0.0,46.0
02-08-2007,65.5,1081.0,46.7,58.0,5.37,23.0,0.0,0.0
03-08-2007,65.5,1081.0,46.7,58.0,5.37,0.0,0.0,0.0
04-08-2007,65.5,1081.0,46.7,58.0,5.37,0.0,0.0,0.0
05-08-2007,65.5,1081.0,46.7,58.0,5.37,0.0,0.0,0.0
06-08-2007,65.5,1081.0,46.7,58.0,5.37,0.0,0.0,2.0
07-08-2007,65.5,1081.0,46.7,58.0,5.37,0.0,0.0,0.0
08-08-2007,65.5,1081.0,46.7,58.0,5.37,0.0,0.0,0.0
09-08-2007,65.5,1081.0,46.7,58.0,5.37,0.0,0.0,0.0
10-08-2007,65.5,1081.0,46.7,58.0,5.37,0.0,0.0,0.0
11-08-2007,65.5,1081.0,46.7,58.0,5.37,0.0,0.0,0.0
12-08-2007,65.5,1081.0,46.7,58.0,5.37,0.0,0.0,0.0
13-08-2007,65.5,1081.0,46.7,58.0,5.37,0.0,0.0,0.0
14-08-2007,65.5,1081.0,46.64,57.0,5.27,0.0,0.0,0.0
15-08-2007,65.5,1081.0,46.64,57.0,5.27,0.0,0.0,0.0
16-08-2007,65.5,1081.0,46.64,57.0,5.27,0.0,0.0,0.0
17-08-2007,65.5,1081.0,46.64,57.0,5.27,0.0,0.0,0.0
18-08-2007,65.5,1081.0,46.64,57.0,5.27,0.0,0.0,0.0
19-08-2007,65.5,1081.0,46.64,57.0,5.27,0.0,0.0,10.0
20-08-2007,65.5,1081.0,46.64,57.0,5.27,0.0,0.0,0.0
21-08-2007,65.5,1081.0,46.64,57.0,5.27,0.0,0.0,7.0
22-08-2007,65.5,1081.0,46.64,57.0,5.27,0.0,0.0,0.0
23-08-2007,65.5,1081.0,46.84,61.0,5.64,46.0,0.0,60.0
24-08-2007,65.5,1081.0,46.84,61.0,5.64,0.0,0.0,0.0
25-08-2007,65.5,1081.0,46.84,61.0,5.64,0.0,0.0,0.0
26-08-2007,65.5,1081.0,46.98,64.0,5.92,35.0,0.0,53.0
27-08-2007,65.5,1081.0,46.98,64.0,5.92,0.0,0.0,0.0
28-08-2007,65.5,1081.0,46.98,64.0,5.92,0.0,0.0,2.0
29-08-2007,65.5,1081.0,46.98,64.0,5.92,0.0,0.0,2.0
30-08-2007,65.5,1081.0,47.07,66.0,6.11,23.0,0.0,54.0
31-08-2007,65.5,1081.0,47.15,68.0,6.29,23.0,0.0,22.0
01-09-2007,65.5,1081.0,47.15,68.0,6.29,0.0,0.0,0.0
02-09-2007,65.5,1081.0,47.15,68.0,6.29,0.0,0.0,0.0
03-09-2007,65.5,1081.0,47.15,68.0,6.29,0.0,0.0,7.0
04-09-2007,65.5,1081.0,47.15,68.0,6.29,0.0,0.0,0.0
05-09-2007,65.5,1081.0,47.15,68.0,6.29,0.0,0.0,2.0
06-09-2007,65.5,1081.0,47.32,72.0,6.66,46.0,0.0,37.0
07-09-2007,65.5,1081.0,47.32,72.0,6.66,0.0,0.0,0.0
08-09-2007,65.5,1081.0,47.46,75.0,6.94,35.0,0.0,0.0
09-09-2007,65.5,1081.0,47.67,80.0,7.4,58.0,0.0,37.0
10-09-2007,65.5,1081.0,47.88,85.0,7.86,58.0,0.0,0.0
11-09-2007,65.5,1081.0,48.08,90.0,8.33,58.0,0.0,0.0
12-09-2007,65.5,1081.0,48.28,95.0,8.79,58.0,0.0,0.0
13-09-2007,65.5,1081.0,48.47,100.0,9.25,58.0,0.0,0.0
14-09-2007,65.5,1081.0,48.66,105.0,9.71,58.0,0.0,4.0
15-09-2007,65.5,1081.0,48.85,110.0,10.18,58.0,0.0,0.0
16-09-2007,65.5,1081.0,49.04,115.0,10.64,58.0,0.0,2.0
17-09-2007,65.5,1081.0,49.18,119.0,11.01,46.0,0.0,0.0
18-09-2007,65.5,1081.0,49.39,123.0,11.38,46.0,0.0,0.0
19-09-2007,65.5,1081.0,49.43,126.0,11.66,35.0,0.0,0.0
20-09-2007,65.5,1081.0,49.5,128.0,11.84,23.0,0.0,0.0
21-09-2007,65.5,1081.0,49.5,128.0,11.84,0.0,0.0,0.0
22-09-2007,65.5,1081.0,49.5,128.0,11.84,0.0,0.0,0.0
23-09-2007,65.5,1081.0,49.5,128.0,11.84,0.0,0.0,0.0
24-09-2007,65.5,1081.0,49.5,128.0,11.84,0.0,0.0,0.0
25-09-2007,65.5,1081.0,49.5,128.0,11.84,0.0,0.0,0.0
26-09-2007,65.5,1081.0,49.5,128.0,11.84,0.0,0.0,0.0
27-09-2007,65.5,1081.0,49.5,128.0,11.84,0.0,0.0,0.0
28-09-2007,65.5,1081.0,49.5,128.0,11.84,0.0,0.0,3.0
29-09-2007,65.5,1081.0,49.5,128.0,11.84,0.0,0.0,0.0
30-09-2007,65.5,1081.0,49.57,130.0,12.03,23.0,0.0,32.0
01-10-2007,65.5,1081.0,49.57,130.0,12.03,0.0,0.0,0.0
02-10-2007,65.5,1081.0,49.74,135.0,12.49,58.0,0.0,2.0
03-10-2007,65.5,1081.0,49.91,140.0,12.95,58.0,0.0,0.0
04-10-2007,65.5,1081.0,50.06,145.0,13.41,58.0,0.0,0.0
05-10-2007,65.5,1081.0,50.22,150.0,13.88,58.0,0.0,0.0
06-10-2007,65.5,1081.0,50.36,154.0,14.25,46.0,0.0,0.0
07-10-2007,65.5,1081.0,50.49,158.0,14.62,46.0,0.0,2.0
08-10-2007,65.5,1081.0,50.62,162.0,14.99,46.0,0.0,0.0
09-10-2007,65.5,1081.0,50.74,166.0,15.36,46.0,0.0,0.0
10-10-2007,65.5,1081.0,50.87,170.0,15.73,46.0,0.0,0.0
11-10-2007,65.5,1081.0,50.94,172.0,15.91,46.0,0.0,0.0
12-10-2007,65.5,1081.0,50.99,174.0,16.1,46.0,0.0,0.0
13-10-2007,65.5,1081.0,51.05,176.0,16.28,46.0,0.0,0.0
14-10-2007,65.5,1081.0,51.12,178.0,16.47,46.0,0.0,0.0
15-10-2007,65.5,1081.0,51.17,180.0,16.65,46.0,0.0,0.0
16-10-2007,65.5,1081.0,51.23,182.0,16.84,46.0,0.0,0.0
17-10-2007,65.5,1081.0,60.51,606.0,56.06,46.0,0.0,0.0
18-10-2007,65.5,1081.0,51.35,186.0,17.21,46.0,0.0,0.0
19-10-2007,65.5,1081.0,51.41,188.0,17.39,46.0,0.0,0.0
20-10-2007,65.5,1081.0,51.47,190.0,17.58,46.0,0.0,0.0
21-10-2007,65.5,1081.0,51.53,192.0,17.76,46.0,0.0,0.0
22-10-2007,65.5,1081.0,51.59,194.0,17.95,46.0,0.0,0.0
23-10-2007,65.5,1081.0,51.64,196.0,18.13,46.0,0.0,5.0
24-10-2007,65.5,1081.0,51.81,202.0,18.69,69.0,0.0,64.0
25-10-2007,65.5,1081.0,51.96,207.0,19.15,58.0,0.0,21.0
26-10-2007,65.5,1081.0,52.01,209.0,19.33,46.0,0.0,10.0
27-10-2007,65.5,1081.0,52.1,212.0,19.61,58.0,0.0,4.0
28-10-2007,65.5,1081.0,52.21,216.0,19.98,69.0,0.0,54.0
29-10-2007,65.5,1081.0,52.64,232.0,21.46,185.0,0.0,95.0
30-10-2007,65.5,1081.0,55.35,342.0,31.64,1273.0,0.0,3.0
31-10-2007,65.5,1081.0,56.35,387.0,35.8,520.0,0.0,0.0
01-11-2007,65.5,1081.0,57.27,431.0,39.87,510.0,0.0,0.0
02-11-2007,65.5,1081.0,57.89,462.0,42.74,360.0,0.0,0.0
03-11-2007,65.5,1081.0,58.2,478.0,44.22,185.0,0.0,5.0
04-11-2007,65.5,1081.0,58.53,496.0,45.88,210.0,0.0,9.0
05-11-2007,65.5,1081.0,59.16,529.0,48.94,382.0,0.0,41.0
06-11-2007,65.5,1081.0,59.5,548.0,50.69,220.0,0.0,0.0
07-11-2007,65.5,1081.0,59.74,562.0,51.99,162.0,0.0,0.0
08-11-2007,65.5,1081.0,59.96,574.0,53.1,140.0,0.0,0.0
09-11-2007,65.5,1081.0,60.13,584.0,54.02,116.0,0.0,0.0
10-11-2007,65.5,1081.0,60.3,594.0,54.95,116.0,0.0,0.0
11-11-2007,65.5,1081.0,60.36,597.0,55.23,76.0,0.0,0.0
12-11-2007,65.5,1081.0,60.4,600.0,55.5,46.0,0.0,0.0
13-11-2007,65.5,1081.0,60.44,602.0,55.69,46.0,0.0,0.0
14-11-2007,65.5,1081.0,60.46,603.0,55.78,46.0,0.0,0.0
15-11-2007,65.5,1081.0,60.48,604.0,55.87,46.0,0.0,0.0
16-11-2007,65.5,1081.0,60.49,605.0,55.97,46.0,0.0,0.0
17-11-2007,65.5,1081.0,60.51,606.0,56.06,46.0,0.0,0.0
18-11-2007,65.5,1081.0,60.53,607.0,56.15,46.0,0.0,0.0
19-11-2007,65.5,1081.0,60.54,608.0,56.24,46.0,0.0,2.0
20-11-2007,65.5,1081.0,60.59,611.0,56.52,46.0,0.0,62.0
21-11-2007,65.5,1081.0,60.87,628.0,58.09,197.0,0.0,40.0
22-11-2007,65.5,1081.0,61.01,636.0,58.83,93.0,0.0,0.0
23-11-2007,65.5,1081.0,61.13,644.0,59.57,93.0,0.0,0.0
24-11-2007,65.5,1081.0,61.25,651.0,60.22,81.0,0.0,0.0
25-11-2007,65.5,1081.0,61.29,653.0,60.41,46.0,0.0,0.0
26-11-2007,65.5,1081.0,61.32,655.0,60.59,46.0,0.0,0.0
27-11-2007,65.5,1081.0,61.33,656.0,60.68,46.0,0.0,0.0
28-11-2007,65.5,1081.0,61.35,657.0,60.78,46.0,0.0,0.0
29-11-2007,65.5,1081.0,61.37,658.0,60.87,46.0,0.0,0.0
30-11-2007,65.5,1081.0,61.38,659.0,60.96,46.0,0.0,0.0
01-12-2007,65.5,1081.0,61.4,660.0,61.05,46.0,0.0,0.0
02-12-2007,65.5,1081.0,61.41,661.0,61.15,46.0,0.0,0.0
03-12-2007,65.5,1081.0,61.43,662.0,61.24,46.0,0.0,8.0
04-12-2007,65.5,1081.0,61.45,663.0,61.33,46.0,0.0,4.0
05-12-2007,65.5,1081.0,61.46,664.0,61.42,46.0,0.0,0.0
06-12-2007,65.5,1081.0,61.48,665.0,61.52,46.0,0.0,7.0
07-12-2007,65.5,1081.0,61.5,666.0,61.61,46.0,0.0,16.0
08-12-2007,65.5,1081.0,61.51,667.0,61.7,46.0,0.0,2.0
09-12-2007,65.5,1081.0,61.53,668.0,61.79,46.0,0.0,0.0
10-12-2007,65.5,1081.0,61.54,669.0,61.89,46.0,0.0,0.0
11-12-2007,65.5,1081.0,61.56,670.0,61.98,46.0,0.0,0.0
12-12-2007,65.5,1081.0,61.58,671.0,62.07,46.0,0.0,0.0
13-12-2007,65.5,1081.0,61.59,672.0,62.16,46.0,0.0,0.0
14-12-2007,65.5,1081.0,61.6,673.0,62.26,46.0,0.0,0.0
15-12-2007,65.5,1081.0,61.62,674.0,62.35,46.0,0.0,0.0
16-12-2007,65.5,1081.0,61.64,675.0,62.44,46.0,0.0,0.0
17-12-2007,65.5,1081.0,61.65,676.0,62.53,46.0,0.0,0.0
18-12-2007,65.5,1081.0,61.67,677.0,62.63,46.0,0.0,30.0
19-12-2007,65.5,1081.0,61.94,694.0,64.2,196.0,0.0,77.0
20-12-2007,65.5,1081.0,63.26,821.0,75.95,1470.0,0.0,105.0
21-12-2007,65.5,1081.0,64.5,881.0,81.5,500.0,500.0,0.0
22-12-2007,65.5,1081.0,64.5,881.0,81.5,500.0,500.0,0.0
23-12-2007,65.5,1081.0,64.4,867.0,80.2,338.0,450.0,0.0
24-12-2007,65.5,1081.0,64.4,867.0,80.2,338.0,500.0,0.0
25-12-2007,65.5,1081.0,64.12,840.0,77.71,188.0,450.0,0.0
26-12-2007,65.5,1081.0,64.12,840.0,77.71,180.0,0.0,0.0
27-12-2007,65.5,1081.0,64.33,856.0,79.19,185.0,0.0,0.0
28-12-2007,65.5,1081.0,64.45,875.0,80.94,209.0,0.0,0.0
29-12-2007,65.5,1081.0,64.5,881.0,81.5,69.0,0.0,0.0
30-12-2007,65.5,1081.0,64.5,881.0,81.5,0.0,0.0,0.0
31-12-2007,65.5,1081.0,64.5,881.0,81.5,0.0,0.0,0.0
01-01-2008,65.5,1081.0,64.5,881.0,81.5,0.0,0.0,0.0
02-01-2008,65.5,1081.0,64.49,880.0,81.41,0.0,0.0,0.0
03-01-2008,65.5,1081.0,64.48,878.0,81.22,0.0,0.0,0.0
04-01-2008,65.5,1081.0,64.5,881.0,81.5,35.0,0.0,52.0
05-01-2008,65.5,1081.0,64.5,881.0,81.5,0.0,0.0,79.0
06-01-2008,65.5,1081.0,64.5,881.0,81.5,0.0,0.0,0.0
07-01-2008,65.5,1081.0,64.5,881.0,81.5,0.0,0.0,0.0
08-01-2008,65.5,1081.0,64.5,881.0,81.5,0.0,0.0,0.0
09-01-2008,65.5,1081.0,64.5,881.0,81.5,0.0,0.0,0.0
10-01-2008,65.5,1081.0,64.5,881.0,81.5,0.0,0.0,0.0
11-01-2008,65.5,1081.0,64.5,881.0,81.5,0.0,0.0,0.0
12-01-2008,65.5,1081.0,64.5,881.0,81.5,0.0,0.0,0.0
13-01-2008,65.5,1081.0,64.5,881.0,81.5,0.0,0.0,0.0
14-01-2008,65.5,1081.0,64.5,881.0,81.5,0.0,0.0,0.0
15-01-2008,65.5,1081.0,64.5,881.0,81.5,0.0,0.0,0.0
16-01-2008,65.5,1081.0,64.5,881.0,81.5,0.0,0.0,0.0
17-01-2008,65.5,1081.0,64.5,881.0,81.5,0.0,0.0,0.0
18-01-2008,65.5,1081.0,64.5,881.0,81.5,0.0,0.0,0.0
19-01-2008,65.5,1081.0,64.5,881.0,81.5,0.0,0.0,0.0
20-01-2008,65.5,1081.0,64.5,881.0,81.5,0.0,0.0,0.0
21-01-2008,65.5,1081.0,64.5,881.0,81.5,0.0,0.0,0.0
22-01-2008,65.5,1081.0,64.5,881.0,81.5,0.0,0.0,0.0
23-01-2008,65.5,1081.0,64.5,881.0,81.5,0.0,0.0,0.0
24-01-2008,65.5,1081.0,64.49,880.0,81.41,0.0,0.0,0.0
25-01-2008,65.5,1081.0,64.48,878.0,81.22,0.0,0.0,0.0
26-01-2008,65.5,1081.0,64.47,877.0,81.13,0.0,0.0,0.0
27-01-2008,65.5,1081.0,64.46,875.0,80.94,0.0,0.0,0.0
28-01-2008,65.5,1081.0,64.45,874.0,80.85,0.0,0.0,0.0
29-01-2008,65.5,1081.0,64.44,872.0,80.67,0.0,0.0,0.0
30-01-2008,65.5,1081.0,64.43,871.0,80.57,0.0,0.0,0.0
31-01-2008,65.5,1081.0,64.42,869.0,80.39,0.0,0.0,0.0
01-02-2008,65.5,1081.0,64.4,867.0,80.2,0.0,0.0,0.0
02-02-2008,65.5,1081.0,64.39,865.0,80.02,0.0,0.0,0.0
03-02-2008,65.5,1081.0,64.37,862.0,79.74,0.0,0.0,0.0
04-02-2008,65.5,1081.0,64.35,859.0,79.46,0.0,0.0,0.0
05-02-2008,65.5,1081.0,64.33,856.0,79.19,0.0,0.0,0.0
06-02-2008,65.5,1081.0,64.31,853.0,78.91,0.0,0.0,0.0
07-02-2008,65.5,1081.0,64.29,851.0,78.72,0.0,0.0,0.0
08-02-2008,65.5,1081.0,64.26,849.0,78.54,0.0,0.0,0.0
09-02-2008,65.5,1081.0,64.23,847.0,78.35,0.0,0.0,0.0
10-02-2008,65.5,1081.0,64.2,845.0,78.17,0.0,0.0,0.0
11-02-2008,65.5,1081.0,64.15,842.0,77.89,0.0,0.0,4.0
12-02-2008,65.5,1081.0,64.11,839.0,77.61,0.0,0.0,0.0
13-02-2008,65.5,1081.0,64.06,836.0,77.34,0.0,0.0,0.0
14-02-2008,65.5,1081.0,64.02,833.0,77.06,0.0,0.0,0.0
15-02-2008,65.5,1081.0,63.97,830.0,76.78,0.0,0.0,0.0
16-02-2008,65.5,1081.0,63.97,830.0,76.78,0.0,0.0,0.0
17-02-2008,65.5,1081.0,63.92,825.0,76.32,0.0,0.0,0.0
18-02-2008,65.5,1081.0,63.87,822.0,76.04,0.0,0.0,0.0
19-02-2008,65.5,1081.0,63.83,819.0,75.76,0.0,0.0,0.0
20-02-2008,65.5,1081.0,63.79,816.0,75.49,0.0,0.0,0.0
21-02-2008,65.5,1081.0,63.74,813.0,75.21,0.0,0.0,0.0
22-02-2008,65.5,1081.0,63.7,810.0,74.93,0.0,0.0,0.0
23-02-2008,65.5,1081.0,63.65,807.0,74.65,0.0,0.0,0.0
24-02-2008,65.5,1081.0,63.6,804.0,74.38,0.0,0.0,0.0
25-02-2008,65.5,1081.0,63.54,800.0,74.01,0.0,0.0,0.0
26-02-2008,65.5,1081.0,63.5,797.0,73.73,0.0,0.0,0.0
27-02-2008,65.5,1081.0,63.45,794.0,73.45,0.0,0.0,0.0
28-02-2008,65.5,1081.0,63.41,791.0,73.17,0.0,0.0,0.0
29-02-2008,65.5,1081.0,63.36,788.0,72.9,0.0,0.0,0.0
01-03-2008,65.5,1081.0,63.32,785.0,72.62,0.0,0.0,0.0
02-03-2008,65.5,1081.0,63.27,782.0,72.34,0.0,0.0,0.0
03-03-2008,65.5,1081.0,63.23,779.0,72.06,0.0,0.0,0.0
04-03-2008,65.5,1081.0,63.18,776.0,71.79,0.0,0.0,0.0
05-03-2008,65.5,1081.0,63.14,773.0,71.51,0.0,0.0,0.0
06-03-2008,65.5,1081.0,63.09,770.0,71.23,0.0,0.0,0.0
07-03-2008,65.5,1081.0,63.05,767.0,70.95,0.0,0.0,0.0
08-03-2008,65.5,1081.0,63.0,764.0,70.68,0.0,0.0,0.0
09-03-2008,65.5,1081.0,62.96,761.0,70.4,0.0,0.0,0.0
10-03-2008,65.5,1081.0,62.91,758.0,70.12,0.0,0.0,0.0
11-03-2008,65.5,1081.0,62.87,755.0,69.84,0.0,0.0,0.0
12-03-2008,65.5,1081.0,62.83,752.0,69.57,0.0,0.0,48.0
13-03-2008,65.5,1081.0,62.78,749.0,69.29,0.0,0.0,0.0
14-03-2008,65.5,1081.0,62.84,753.0,69.66,46.0,0.0,42.0
15-03-2008,65.5,1081.0,62.92,758.0,70.12,58.0,0.0,21.0
16-03-2008,65.5,1081.0,62.92,758.0,70.12,0.0,0.0,0.0
17-03-2008,65.5,1081.0,62.92,758.0,70.12,0.0,0.0,0.0
18-03-2008,65.5,1081.0,62.92,758.0,70.12,0.0,0.0,0.0
19-03-2008,65.5,1081.0,62.92,758.0,70.12,0.0,0.0,0.0
20-03-2008,65.5,1081.0,62.92,758.0,70.12,0.0,0.0,0.0
21-03-2008,65.5,1081.0,62.92,758.0,70.12,0.0,0.0,5.0
22-03-2008,65.5,1081.0,63.01,764.0,70.68,69.0,0.0,65.0
23-03-2008,65.5,1081.0,63.08,769.0,71.14,58.0,0.0,0.0
24-03-2008,65.5,1081.0,63.08,769.0,71.14,0.0,0.0,0.0
25-03-2008,65.5,1081.0,63.08,769.0,71.14,0.0,0.0,0.0
26-03-2008,65.5,1081.0,63.06,768.0,71.05,0.0,0.0,0.0
27-03-2008,65.5,1081.0,63.05,767.0,70.95,0.0,0.0,0.0
28-03-2008,65.5,1081.0,63.03,766.0,70.86,0.0,0.0,0.0
29-03-2008,65.5,1081.0,63.0,764.0,70.68,0.0,0.0,0.0
30-03-2008,65.5,1081.0,62.96,761.0,70.4,0.0,0.0,0.0
31-03-2008,65.5,1081.0,62.93,759.0,70.21,0.0,0.0,0.0
01-04-2008,65.5,1081.0,62.89,756.0,69.94,0.0,0.0,0.0
02-04-2008,65.5,1081.0,62.85,754.0,69.75,0.0,0.0,0.0
03-04-2008,65.5,1081.0,62.82,752.0,69.57,0.0,0.0,0.0
04-04-2008,65.5,1081.0,62.79,750.0,69.38,0.0,0.0,0.0
05-04-2008,65.5,1081.0,62.76,748.0,69.2,0.0,0.0,0.0
06-04-2008,65.5,1081.0,62.73,746.0,69.01,0.0,0.0,0.0
07-04-2008,65.5,1081.0,62.7,744.0,68.83,0.0,0.0,0.0
08-04-2008,65.5,1081.0,62.67,742.0,68.64,0.0,0.0,0.0
09-04-2008,65.5,1081.0,62.64,740.0,68.46,0.0,0.0,0.0
10-04-2008,65.5,1081.0,62.61,738.0,68.27,0.0,0.0,0.0
11-04-2008,65.5,1081.0,62.58,736.0,68.09,0.0,0.0,0.0
12-04-2008,65.5,1081.0,62.54,733.0,67.81,0.0,0.0,0.0
13-04-2008,65.5,1081.0,62.49,730.0,67.53,0.0,0.0,0.0
14-04-2008,65.5,1081.0,62.45,727.0,67.25,0.0,0.0,0.0
15-04-2008,65.5,1081.0,62.4,724.0,66.98,0.0,0.0,0.0
16-04-2008,65.5,1081.0,62.35,721.0,66.7,0.0,0.0,0.0
17-04-2008,65.5,1081.0,62.31,718.0,66.42,0.0,0.0,0.0
18-04-2008,65.5,1081.0,62.26,715.0,66.14,0.0,0.0,0.0
19-04-2008,65.5,1081.0,62.22,712.0,65.86,0.0,0.0,0.0
20-04-2008,65.5,1081.0,62.17,709.0,65.59,0.0,0.0,0.0
21-04-2008,65.5,1081.0,62.12,706.0,65.31,0.0,0.0,0.0
22-04-2008,65.5,1081.0,62.08,703.0,65.03,0.0,0.0,0.0
23-04-2008,65.5,1081.0,62.03,700.0,64.75,0.0,0.0,0.0
24-04-2008,65.5,1081.0,61.98,697.0,64.48,0.0,0.0,0.0
25-04-2008,65.5,1081.0,61.94,694.0,64.2,0.0,0.0,0.0
26-04-2008,65.5,1081.0,61.89,691.0,63.92,0.0,0.0,0.0
27-04-2008,65.5,1081.0,61.84,688.0,63.64,0.0,0.0,0.0
28-04-2008,65.5,1081.0,61.79,685.0,63.37,0.0,0.0,0.0
29-04-2008,65.5,1081.0,61.75,682.0,63.09,0.0,0.0,0.0
30-04-2008,65.5,1081.0,61.7,679.0,62.81,0.0,0.0,0.0
01-05-2008,65.5,1081.0,61.65,676.0,62.53,0.0,0.0,0.0
02-05-2008,65.5,1081.0,61.61,673.0,62.26,0.0,0.0,0.0
03-05-2008,65.5,1081.0,61.56,670.0,61.98,0.0,0.0,0.0
04-05-2008,65.5,1081.0,61.51,667.0,61.7,0.0,0.0,0.0
05-05-2008,65.5,1081.0,61.46,664.0,61.42,0.0,0.0,0.0
06-05-2008,65.5,1081.0,61.41,661.0,61.15,0.0,0.0,0.0
07-05-2008,65.5,1081.0,61.36,658.0,60.87,0.0,0.0,0.0
08-05-2008,65.5,1081.0,61.31,655.0,60.59,0.0,0.0,0.0
09-05-2008,65.5,1081.0,61.23,652.0,60.31,0.0,0.0,0.0
10-05-2008,65.5,1081.0,61.22,649.0,60.04,0.0,0.0,0.0
11-05-2008,65.5,1081.0,61.17,646.0,59.76,0.0,0.0,0.0
12-05-2008,65.5,1081.0,61.12,643.0,59.48,0.0,0.0,0.0
13-05-2008,65.5,1081.0,61.07,640.0,59.2,0.0,0.0,0.0
14-05-2008,65.5,1081.0,61.02,637.0,58.93,0.0,0.0,0.0
15-05-2008,65.5,1081.0,60.97,634.0,58.65,0.0,0.0,0.0
16-05-2008,65.5,1081.0,60.92,631.0,58.37,0.0,0.0,0.0
17-05-2008,65.5,1081.0,60.87,628.0,58.09,0.0,0.0,0.0
18-05-2008,65.5,1081.0,60.83,625.0,57.82,0.0,0.0,0.0
19-05-2008,65.5,1081.0,60.77,622.0,57.54,0.0,0.0,0.0
20-05-2008,65.5,1081.0,60.73,619.0,57.26,0.0,0.0,0.0
21-05-2008,65.5,1081.0,60.68,616.0,56.98,0.0,0.0,0.0
22-05-2008,65.5,1081.0,60.63,613.0,56.71,0.0,0.0,0.0
23-05-2008,65.5,1081.0,60.58,610.0,56.43,0.0,0.0,0.0
24-05-2008,65.5,1081.0,60.53,607.0,56.15,0.0,0.0,0.0
25-05-2008,65.5,1081.0,60.48,604.0,55.87,0.0,0.0,0.0
26-05-2008,65.5,1081.0,60.43,601.0,55.6,0.0,0.0,0.0
27-05-2008,65.5,1081.0,60.37,598.0,55.32,0.0,0.0,0.0
28-05-2008,65.5,1081.0,60.32,595.0,55.04,0.0,0.0,0.0
29-05-2008,65.5,1081.0,60.27,592.0,54.76,0.0,0.0,0.0
30-05-2008,65.5,1081.0,60.22,589.0,54.49,0.0,0.0,0.0
31-05-2008,65.5,1081.0,60.17,586.0,54.21,0.0,0.0,0.0
01-06-2008,65.5,1081.0,60.12,583.0,53.93,0.0,0.0,0.0
02-06-2008,65.5,1081.0,60.07,580.0,53.65,0.0,0.0,0.0
03-06-2008,65.5,1081.0,60.02,577.0,53.38,0.0,0.0,0.0
04-06-2008,65.5,1081.0,59.96,574.0,53.1,0.0,0.0,0.0
05-06-2008,65.5,1081.0,59.91,571.0,52.82,0.0,0.0,0.0
06-06-2008,65.5,1081.0,59.86,568.0,52.54,0.0,0.0,4.0
07-06-2008,65.5,1081.0,59.8,565.0,52.27,0.0,0.0,0.0
08-06-2008,65.5,1081.0,59.75,562.0,51.99,0.0,0.0,4.0
09-06-2008,65.5,1081.0,59.7,559.0,51.71,0.0,0.0,0.0
10-06-2008,65.5,1081.0,59.65,556.0,51.43,0.0,0.0,0.0
11-06-2008,65.5,1081.0,59.59,553.0,51.16,0.0,0.0,0.0
12-06-2008,65.5,1081.0,59.54,550.0,50.88,0.0,0.0,2.0
13-06-2008,65.5,1081.0,59.49,547.0,50.6,0.0,0.0,0.0
14-06-2008,65.5,1081.0,59.43,544.0,50.32,0.0,0.0,0.0
15-06-2008,65.5,1081.0,59.37,541.0,50.05,0.0,0.0,0.0
16-06-2008,65.5,1081.0,59.32,538.0,49.77,0.0,0.0,0.0
17-06-2008,65.5,1081.0,59.27,535.0,49.49,0.0,0.0,0.0
18-06-2008,65.5,1081.0,59.21,532.0,49.21,0.0,0.0,0.0
19-06-2008,65.5,1081.0,59.16,529.0,48.94,0.0,0.0,0.0
20-06-2008,65.5,1081.0,59.1,526.0,48.66,0.0,0.0,0.0
21-06-2008,65.5,1081.0,59.05,523.0,48.38,0.0,0.0,0.0
22-06-2008,65.5,1081.0,59.08,525.0,48.57,23.0,0.0,54.0
23-06-2008,65.5,1081.0,59.08,525.0,48.57,0.0,0.0,0.0
24-06-2008,65.5,1081.0,59.05,523.0,48.38,0.0,0.0,0.0
25-06-2008,65.5,1081.0,59.0,520.0,48.1,0.0,0.0,0.0
26-06-2008,65.5,1081.0,58.96,518.0,47.92,0.0,0.0,4.0
27-06-2008,65.5,1081.0,58.94,517.0,47.83,0.0,0.0,2.0
28-06-2008,65.5,1081.0,58.92,516.0,47.73,0.0,0.0,27.0
29-06-2008,65.5,1081.0,58.92,516.0,47.73,0.0,0.0,19.0
30-06-2008,65.5,1081.0,58.9,515.0,47.64,0.0,0.0,0.0
01-07-2008,65.5,1081.0,58.88,514.0,47.55,0.0,0.0,0.0
02-07-2008,65.5,1081.0,58.86,513.0,47.46,0.0,0.0,12.0
03-07-2008,65.5,1081.0,58.85,512.0,47.36,0.0,0.0,0.0
04-07-2008,65.5,1081.0,58.83,511.0,47.27,0.0,0.0,3.0
05-07-2008,65.5,1081.0,58.81,510.0,47.18,0.0,0.0,0.0
06-07-2008,65.5,1081.0,58.77,508.0,46.99,0.0,0.0,0.0
07-07-2008,65.5,1081.0,58.74,507.0,46.9,0.0,0.0,0.0
08-07-2008,65.5,1081.0,58.72,506.0,46.81,0.0,0.0,0.0
09-07-2008,65.5,1081.0,58.68,504.0,46.62,0.0,0.0,0.0
10-07-2008,65.5,1081.0,58.67,503.0,46.53,0.0,0.0,38.0
11-07-2008,65.5,1081.0,58.65,502.0,46.44,0.0,0.0,0.0
12-07-2008,65.5,1081.0,58.62,500.0,46.25,0.0,0.0,0.0
13-07-2008,65.5,1081.0,58.58,498.0,46.07,0.0,0.0,0.0
14-07-2008,65.5,1081.0,58.53,495.0,45.79,0.0,0.0,0.0
15-07-2008,65.5,1081.0,58.47,492.0,45.51,0.0,0.0,0.0
16-07-2008,65.5,1081.0,58.41,489.0,45.24,0.0,0.0,0.0
17-07-2008,65.5,1081.0,58.35,486.0,44.96,0.0,0.0,0.0
18-07-2008,65.5,1081.0,58.07,471.0,43.57,0.0,150.0,0.0
19-07-2008,65.5,1081.0,57.81,458.0,42.37,0.0,150.0,3.0
20-07-2008,65.5,1081.0,57.55,445.0,41.17,0.0,150.0,0.0
21-07-2008,65.5,1081.0,57.29,432.0,39.96,0.0,150.0,0.0
22-07-2008,65.5,1081.0,57.02,419.0,38.76,0.0,150.0,0.0
23-07-2008,65.5,1081.0,56.77,406.0,37.56,0.0,150.0,0.0
24-07-2008,65.5,1081.0,56.47,393.0,36.36,0.0,150.0,0.0
25-07-2008,65.5,1081.0,56.19,380.0,35.15,0.0,150.0,2.0
26-07-2008,65.5,1081.0,55.91,367.0,33.95,0.0,150.0,0.0
27-07-2008,65.5,1081.0,55.62,354.0,32.75,0.0,150.0,3.0
28-07-2008,65.5,1081.0,55.32,341.0,31.54,0.0,150.0,2.0
29-07-2008,65.5,1081.0,55.03,328.0,30.34,0.0,150.0,16.0
30-07-2008,65.5,1081.0,54.73,315.0,29.14,0.0,150.0,0.0
31-07-2008,65.5,1081.0,54.42,302.0,27.94,0.0,150.0,2.0
01-08-2008,65.5,1081.0,54.1,289.0,26.73,0.0,150.0,0.0
02-08-2008,65.5,1081.0,53.78,276.0,25.53,0.0,150.0,0.0
03-08-2008,65.5,1081.0,53.46,263.0,24.33,0.0,150.0,0.0
04-08-2008,65.5,1081.0,53.12,250.0,23.13,0.0,150.0,0.0
05-08-2008,65.5,1081.0,52.78,237.0,21.92,0.0,150.0,0.0
06-08-2008,65.5,1081.0,52.42,224.0,20.72,0.0,150.0,0.0
07-08-2008,65.5,1081.0,52.07,211.0,19.52,0.0,150.0,0.0
08-08-2008,65.5,1081.0,51.68,198.0,18.32,0.0,150.0,0.0
09-08-2008,65.5,1081.0,51.31,185.0,17.11,0.0,150.0,3.0
10-08-2008,65.5,1081.0,51.25,183.0,16.93,0.0,0.0,0.0
11-08-2008,65.5,1081.0,51.2,181.0,16.74,0.0,0.0,6.0
12-08-2008,65.5,1081.0,51.14,179.0,16.56,0.0,0.0,0.0
13-08-2008,65.5,1081.0,51.11,178.0,16.47,0.0,0.0,0.0
14-08-2008,65.5,1081.0,51.08,177.0,16.37,0.0,0.0,2.0
15-08-2008,65.5,1081.0,51.05,176.0,16.28,0.0,0.0,0.0
16-08-2008,65.5,1081.0,51.02,175.0,16.19,0.0,0.0,0.0
17-08-2008,65.5,1081.0,50.99,174.0,16.1,0.0,0.0,0.0
18-08-2008,65.5,1081.0,50.97,173.0,16.0,0.0,0.0,7.0
19-08-2008,65.5,1081.0,50.93,172.0,15.91,0.0,0.0,0.0
20-08-2008,65.5,1081.0,51.0,174.0,16.1,23.0,0.0,56.0
21-08-2008,65.5,1081.0,51.23,182.0,16.84,93.0,0.0,0.0
22-08-2008,65.5,1081.0,51.3,191.0,17.67,104.0,0.0,22.0
23-08-2008,65.5,1081.0,51.56,193.0,17.85,0.0,0.0,0.0
24-08-2008,65.5,1081.0,51.67,197.0,18.22,46.0,0.0,6.0
25-08-2008,65.5,1081.0,51.67,197.0,18.22,0.0,0.0,0.0
26-08-2008,65.5,1081.0,51.67,197.0,18.22,0.0,0.0,0.0
27-08-2008,65.5,1081.0,51.67,197.0,18.22,0.0,0.0,0.0
28-08-2008,65.5,1081.0,51.67,197.0,18.22,0.0,0.0,0.0
29-08-2008,65.5,1081.0,51.67,197.0,18.22,0.0,0.0,0.0
30-08-2008,65.5,1081.0,51.67,197.0,18.22,0.0,0.0,0.0
31-08-2008,65.5,1081.0,51.67,197.0,18.22,0.0,0.0,0.0
01-09-2008,65.5,1081.0,51.29,184.0,17.02,0.0,150.0,0.0
02-09-2008,65.5,1081.0,50.94,172.0,15.91,0.0,150.0,17.0
03-09-2008,65.5,1081.0,50.58,161.0,14.89,0.0,127.0,0.0
04-09-2008,65.5,1081.0,50.17,148.0,13.69,0.0,150.0,0.0
05-09-2008,65.5,1081.0,49.74,135.0,12.49,0.0,150.0,0.0
06-09-2008,65.5,1081.0,49.28,122.0,11.29,0.0,150.0,0.0
07-09-2008,65.5,1081.0,49.0,114.0,10.55,0.0,93.0,11.0
08-09-2008,65.5,1081.0,48.7,106.0,9.81,0.0,93.0,2.0
09-09-2008,65.5,1081.0,48.43,99.0,9.16,0.0,81.0,0.0
10-09-2008,65.5,1081.0,48.15,92.0,8.51,0.0,81.0,4.0
11-09-2008,65.5,1081.0,47.87,85.0,7.86,0.0,81.0,9.0
12-09-2008,65.5,1081.0,47.71,81.0,7.49,0.0,46.0,3.0
13-09-2008,65.5,1081.0,47.62,79.0,7.31,0.0,23.0,0.0
14-09-2008,65.5,1081.0,47.58,78.0,7.22,0.0,12.0,0.0
15-09-2008,65.5,1081.0,47.54,77.0,7.12,0.0,12.0,14.0
16-09-2008,65.5,1081.0,47.49,76.0,7.03,0.0,12.0,0.0
17-09-2008,65.5,1081.0,47.49,76.0,7.03,0.0,0.0,0.0
18-09-2008,65.5,1081.0,47.49,76.0,7.03,0.0,0.0,0.0
19-09-2008,65.5,1081.0,47.45,75.0,6.94,0.0,0.0,0.0
20-09-2008,65.5,1081.0,47.45,75.0,6.94,0.0,0.0,0.0
21-09-2008,65.5,1081.0,47.45,75.0,6.94,0.0,0.0,0.0
22-09-2008,65.5,1081.0,47.45,75.0,6.94,0.0,0.0,0.0
23-09-2008,65.5,1081.0,47.45,75.0,6.94,0.0,0.0,0.0
24-09-2008,65.5,1081.0,47.45,75.0,6.94,0.0,0.0,0.0
25-09-2008,65.5,1081.0,48.07,90.0,8.33,174.0,0.0,50.0
26-09-2008,65.5,1081.0,48.27,95.0,8.79,58.0,0.0,2.0
27-09-2008,65.5,1081.0,48.27,95.0,8.79,0.0,0.0,0.0
28-09-2008,65.5,1081.0,48.27,95.0,8.79,0.0,0.0,0.0
29-09-2008,65.5,1081.0,48.27,95.0,8.79,0.0,0.0,0.0
30-09-2008,65.5,1081.0,48.35,97.0,8.97,23.0,0.0,34.0
01-10-2008,65.5,1081.0,48.35,97.0,8.97,0.0,0.0,0.0
02-10-2008,65.5,1081.0,48.35,97.0,8.97,0.0,0.0,0.0
03-10-2008,65.5,1081.0,48.35,97.0,8.97,0.0,0.0,0.0
04-10-2008,65.5,1081.0,48.43,99.0,9.16,23.0,0.0,27.0
05-10-2008,65.5,1081.0,48.43,99.0,9.16,0.0,0.0,0.0
06-10-2008,65.5,1081.0,48.43,99.0,9.16,0.0,0.0,0.0
07-10-2008,65.5,1081.0,48.43,99.0,9.16,0.0,0.0,0.0
08-10-2008,65.5,1081.0,48.43,99.0,9.16,0.0,0.0,0.0
09-10-2008,65.5,1081.0,48.43,99.0,9.16,0.0,0.0,0.0
10-10-2008,65.5,1081.0,48.39,98.0,9.07,0.0,0.0,0.0
11-10-2008,65.5,1081.0,48.39,98.0,9.07,0.0,0.0,0.0
12-10-2008,65.5,1081.0,48.39,98.0,9.07,0.0,0.0,3.0
13-10-2008,65.5,1081.0,48.87,111.0,10.27,150.0,0.0,42.0
14-10-2008,65.5,1081.0,49.21,120.0,11.1,104.0,0.0,13.0
15-10-2008,65.5,1081.0,49.25,121.0,11.19,12.0,0.0,0.0
16-10-2008,65.5,1081.0,49.25,121.0,11.19,0.0,0.0,4.0
17-10-2008,65.5,1081.0,49.28,122.0,11.29,12.0,0.0,6.0
18-10-2008,65.5,1081.0,49.35,124.0,11.47,23.0,0.0,13.0
19-10-2008,65.5,1081.0,49.39,125.0,11.56,12.0,0.0,6.0
20-10-2008,65.5,1081.0,49.64,132.0,12.21,81.0,0.0,27.0
21-10-2008,65.5,1081.0,51.17,180.0,16.65,556.0,0.0,112.0
22-10-2008,65.5,1081.0,52.04,210.0,19.43,347.0,0.0,7.0
23-10-2008,65.5,1081.0,53.31,257.0,23.77,544.0,0.0,40.0
24-10-2008,65.5,1081.0,53.85,279.0,25.81,255.0,0.0,0.0
25-10-2008,65.5,1081.0,54.61,310.0,28.68,359.0,0.0,68.0
26-10-2008,65.5,1081.0,54.85,320.0,29.6,116.0,0.0,0.0
27-10-2008,65.5,1081.0,54.94,324.0,29.97,46.0,0.0,0.0
28-10-2008,65.5,1081.0,54.97,325.0,30.06,12.0,0.0,0.0
29-10-2008,65.5,1081.0,54.97,325.0,30.06,0.0,0.0,0.0
30-10-2008,65.5,1081.0,54.97,325.0,30.06,0.0,0.0,0.0
31-10-2008,65.5,1081.0,54.97,325.0,30.06,0.0,0.0,0.0
01-11-2008,65.5,1081.0,54.97,325.0,30.06,0.0,0.0,0.0
02-11-2008,65.5,1081.0,54.97,325.0,30.06,0.0,0.0,0.0
03-11-2008,65.5,1081.0,54.97,325.0,30.06,0.0,0.0,0.0
04-11-2008,65.5,1081.0,54.97,325.0,30.06,0.0,0.0,0.0
05-11-2008,65.5,1081.0,54.97,325.0,30.06,0.0,0.0,0.0
06-11-2008,65.5,1081.0,54.97,325.0,30.06,0.0,0.0,0.0
07-11-2008,65.5,1081.0,54.97,325.0,30.06,0.0,0.0,0.0
08-11-2008,65.5,1081.0,54.97,325.0,30.06,0.0,0.0,0.0
09-11-2008,65.5,1081.0,54.97,325.0,30.06,0.0,0.0,0.0
10-11-2008,65.5,1081.0,54.97,325.0,30.06,0.0,0.0,0.0
11-11-2008,65.5,1081.0,54.97,325.0,30.06,0.0,0.0,12.0
12-11-2008,65.5,1081.0,54.97,325.0,30.06,0.0,0.0,0.0
13-11-2008,65.5,1081.0,54.94,324.0,29.97,0.0,0.0,5.0
14-11-2008,65.5,1081.0,54.94,324.0,29.97,0.0,0.0,0.0
15-11-2008,65.5,1081.0,54.94,324.0,29.97,0.0,0.0,0.0
16-11-2008,65.5,1081.0,55.09,331.0,30.62,81.0,0.0,55.0
17-11-2008,65.5,1081.0,55.14,333.0,30.8,23.0,0.0,0.0
18-11-2008,65.5,1081.0,55.19,335.0,30.99,23.0,0.0,0.0
19-11-2008,65.5,1081.0,55.19,335.0,30.99,0.0,0.0,0.0
20-11-2008,65.5,1081.0,55.19,335.0,30.99,0.0,0.0,0.0
21-11-2008,65.5,1081.0,55.19,335.0,30.99,0.0,0.0,0.0
22-11-2008,65.5,1081.0,55.4,345.0,31.91,116.0,0.0,65.0
23-11-2008,65.5,1081.0,55.76,360.0,33.3,174.0,0.0,26.0
24-11-2008,65.5,1081.0,56.02,372.0,34.41,139.0,0.0,12.0
25-11-2008,65.5,1081.0,56.39,389.0,35.99,197.0,0.0,0.0
26-11-2008,65.5,1081.0,56.59,398.0,36.82,104.0,0.0,32.0
27-11-2008,65.5,1081.0,57.77,456.0,42.18,671.0,0.0,95.0
28-11-2008,65.5,1081.0,60.56,609.0,56.34,1771.0,0.0,136.0
29-11-2008,65.5,1081.0,63.02,765.0,70.77,1806.0,0.0,82.0
30-11-2008,65.5,1081.0,64.43,871.0,80.57,1227.0,0.0,25.0
01-12-2008,65.5,1081.0,64.5,881.0,81.5,0.0,0.0,7.0
02-12-2008,65.5,1081.0,64.5,881.0,81.5,0.0,0.0,0.0
03-12-2008,65.5,1081.0,64.5,881.0,81.5,0.0,0.0,0.0
04-12-2008,65.5,1081.0,64.5,881.0,81.5,0.0,0.0,0.0
05-12-2008,65.5,1081.0,64.5,881.0,81.5,0.0,0.0,0.0
06-12-2008,65.5,1081.0,64.5,881.0,81.5,0.0,0.0,0.0
07-12-2008,65.5,1081.0,64.5,881.0,81.5,0.0,0.0,0.0
08-12-2008,65.5,1081.0,64.5,881.0,81.5,0.0,0.0,0.0
09-12-2008,65.5,1081.0,64.5,881.0,81.5,0.0,0.0,2.0
10-12-2008,65.5,1081.0,64.5,881.0,81.5,0.0,0.0,2.0
11-12-2008,65.5,1081.0,64.5,881.0,81.5,0.0,0.0,0.0
12-12-2008,65.5,1081.0,64.5,881.0,81.5,0.0,0.0,0.0
13-12-2008,65.5,1081.0,64.5,881.0,81.5,0.0,0.0,0.0
14-12-2008,65.5,1081.0,64.5,881.0,81.5,0.0,0.0,0.0
15-12-2008,65.5,1081.0,64.5,881.0,81.5,0.0,0.0,0.0
16-12-2008,65.5,1081.0,64.5,881.0,81.5,0.0,0.0,0.0
17-12-2008,65.5,1081.0,64.5,881.0,81.5,0.0,0.0,0.0
18-12-2008,65.5,1081.0,64.5,881.0,81.5,0.0,0.0,0.0
19-12-2008,65.5,1081.0,64.5,881.0,81.5,0.0,0.0,0.0
20-12-2008,65.5,1081.0,64.5,881.0,81.5,0.0,0.0,0.0
21-12-2008,65.5,1081.0,64.5,881.0,81.5,0.0,0.0,0.0
22-12-2008,65.5,1081.0,64.5,881.0,81.5,0.0,0.0,0.0
23-12-2008,65.5,1081.0,64.5,881.0,81.5,0.0,0.0,0.0
24-12-2008,65.5,1081.0,64.5,881.0,81.5,0.0,0.0,0.0
25-12-2008,65.5,1081.0,64.5,881.0,81.5,0.0,0.0,0.0
26-12-2008,65.5,1081.0,64.5,881.0,81.5,0.0,0.0,0.0
27-12-2008,65.5,1081.0,64.5,881.0,81.5,0.0,0.0,0.0
28-12-2008,65.5,1081.0,64.5,881.0,81.5,0.0,0.0,0.0
29-12-2008,65.5,1081.0,64.49,880.0,81.41,0.0,0.0,0.0
30-12-2008,65.5,1081.0,64.48,878.0,81.22,0.0,0.0,0.0
31-12-2008,65.5,1081.0,64.46,875.0,80.94,0.0,0.0,0.0
01-01-2009,65.5,1081.0,64.44,872.0,80.67,0.0,0.0,0.0
02-01-2009,65.5,1081.0,64.42,869.0,80.39,0.0,0.0,0.0
03-01-2009,65.5,1081.0,64.4,867.0,80.2,0.0,0.0,0.0
04-01-2009,65.5,1081.0,64.37,862.0,79.74,0.0,0.0,0.0
05-01-2009,65.5,1081.0,64.34,858.0,79.37,0.0,0.0,0.0
06-01-2009,65.5,1081.0,64.31,854.0,79.0,0.0,0.0,0.0
07-01-2009,65.5,1081.0,64.27,850.0,78.63,0.0,0.0,0.0
08-01-2009,65.5,1081.0,64.22,847.0,78.35,0.0,0.0,2.0
09-01-2009,65.5,1081.0,64.18,844.0,78.08,0.0,0.0,0.0
10-01-2009,65.5,1081.0,64.13,841.0,77.8,0.0,0.0,0.0
11-01-2009,65.5,1081.0,64.09,838.0,77.52,0.0,0.0,0.0
12-01-2009,65.5,1081.0,64.04,835.0,77.24,0.0,0.0,0.0
13-01-2009,65.5,1081.0,64.0,832.0,76.97,0.0,0.0,0.0
14-01-2009,65.5,1081.0,63.96,829.0,76.69,0.0,0.0,5.0
15-01-2009,65.5,1081.0,63.93,826.0,76.41,0.0,0.0,0.0
16-01-2009,65.5,1081.0,63.9,824.0,76.23,0.0,0.0,0.0
17-01-2009,65.5,1081.0,63.86,821.0,75.95,0.0,0.0,0.0
18-01-2009,65.5,1081.0,63.81,818.0,75.67,0.0,0.0,0.0
19-01-2009,65.5,1081.0,63.77,815.0,75.39,0.0,0.0,0.0
20-01-2009,65.5,1081.0,63.73,812.0,75.12,0.0,0.0,0.0
21-01-2009,65.5,1081.0,63.68,809.0,74.84,0.0,0.0,0.0
22-01-2009,65.5,1081.0,63.63,806.0,74.56,0.0,0.0,0.0
23-01-2009,65.5,1081.0,63.59,803.0,74.28,0.0,0.0,0.0
24-01-2009,65.5,1081.0,63.56,801.0,74.1,0.0,0.0,0.0
25-01-2009,65.5,1081.0,63.51,798.0,73.82,0.0,0.0,0.0
26-01-2009,65.5,1081.0,63.47,795.0,73.54,0.0,0.0,0.0
27-01-2009,65.5,1081.0,63.42,792.0,73.27,0.0,0.0,0.0
28-01-2009,65.5,1081.0,63.38,789.0,72.99,0.0,0.0,0.0
29-01-2009,65.5,1081.0,63.33,786.0,72.71,0.0,0.0,0.0
30-01-2009,65.5,1081.0,63.29,783.0,72.43,0.0,0.0,0.0
31-01-2009,65.5,1081.0,63.24,780.0,72.16,0.0,0.0,0.0
01-02-2009,65.5,1081.0,63.21,778.0,71.97,0.0,0.0,0.0
02-02-2009,65.5,1081.0,63.18,776.0,71.79,0.0,0.0,0.0
03-02-2009,65.5,1081.0,63.15,774.0,71.6,0.0,0.0,0.0
04-02-2009,65.5,1081.0,63.12,772.0,71.42,0.0,0.0,0.0
05-02-2009,65.5,1081.0,63.08,769.0,71.14,0.0,0.0,0.0
06-02-2009,65.5,1081.0,63.05,767.0,70.95,0.0,0.0,0.0
07-02-2009,65.5,1081.0,63.02,765.0,70.77,0.0,0.0,0.0
08-02-2009,65.5,1081.0,62.99,763.0,70.58,0.0,0.0,0.0
09-02-2009,65.5,1081.0,62.96,761.0,70.4,0.0,0.0,0.0
10-02-2009,65.5,1081.0,62.93,759.0,70.21,0.0,0.0,0.0
11-02-2009,65.5,1081.0,62.9,757.0,70.03,0.0,0.0,0.0
12-02-2009,65.5,1081.0,62.87,755.0,69.84,0.0,0.0,0.0
13-02-2009,65.5,1081.0,62.84,753.0,69.66,0.0,0.0,0.0
14-02-2009,65.5,1081.0,62.79,750.0,69.38,0.0,0.0,0.0
15-02-2009,65.5,1081.0,62.75,747.0,69.1,0.0,0.0,0.0
16-02-2009,65.5,1081.0,62.7,744.0,68.83,0.0,0.0,0.0
17-02-2009,65.5,1081.0,62.66,741.0,68.55,0.0,0.0,0.0
18-02-2009,65.5,1081.0,62.61,738.0,68.27,0.0,0.0,0.0
19-02-2009,65.5,1081.0,62.57,735.0,67.99,0.0,0.0,0.0
20-02-2009,65.5,1081.0,62.52,732.0,67.72,0.0,0.0,0.0
21-02-2009,65.5,1081.0,62.47,729.0,67.44,0.0,0.0,0.0
22-02-2009,65.5,1081.0,62.43,726.0,67.16,0.0,0.0,0.0
23-02-2009,65.5,1081.0,62.38,723.0,66.88,0.0,0.0,0.0
24-02-2009,65.5,1081.0,62.34,720.0,66.6,0.0,0.0,0.0
25-02-2009,65.5,1081.0,62.29,717.0,66.33,0.0,0.0,0.0
26-02-2009,65.5,1081.0,62.24,714.0,66.05,0.0,0.0,0.0
27-02-2009,65.5,1081.0,62.2,711.0,65.77,0.0,15.0,0.0
28-02-2009,65.5,1081.0,62.15,708.0,65.49,0.0,15.0,0.0
01-03-2009,65.5,1081.0,62.11,705.0,65.22,0.0,15.0,0.0
02-03-2009,65.5,1081.0,62.06,702.0,64.94,0.0,15.0,0.0
03-03-2009,65.5,1081.0,62.04,699.0,64.66,0.0,15.0,0.0
04-03-2009,65.5,1081.0,61.97,696.0,64.38,0.0,15.0,0.0
05-03-2009,65.5,1081.0,61.92,693.0,64.11,0.0,15.0,0.0
06-03-2009,65.5,1081.0,61.87,690.0,63.83,0.0,15.0,0.0
07-03-2009,65.5,1081.0,61.82,687.0,63.55,0.0,15.0,0.0
08-03-2009,65.5,1081.0,61.76,684.0,63.27,0.0,15.0,0.0
09-03-2009,65.5,1081.0,61.73,681.0,63.0,0.0,15.0,0.0
10-03-2009,65.5,1081.0,61.69,678.0,62.72,0.0,15.0,0.0
11-03-2009,65.5,1081.0,61.59,672.0,62.16,0.0,15.0,2.0
12-03-2009,65.5,1081.0,61.54,669.0,61.89,0.0,15.0,0.0
13-03-2009,65.5,1081.0,61.5,666.0,61.61,0.0,15.0,0.0
14-03-2009,65.5,1081.0,61.45,663.0,61.33,0.0,15.0,0.0
15-03-2009,65.5,1081.0,61.4,660.0,61.05,0.0,15.0,0.0
16-03-2009,65.5,1081.0,61.35,657.0,60.78,0.0,15.0,0.0
17-03-2009,65.5,1081.0,61.3,654.0,60.5,0.0,15.0,0.0
18-03-2009,65.5,1081.0,61.25,651.0,60.22,0.0,15.0,0.0
19-03-2009,65.5,1081.0,61.2,648.0,59.94,0.0,15.0,0.0
20-03-2009,65.5,1081.0,61.17,646.0,59.76,0.0,15.0,0.0
21-03-2009,65.5,1081.0,61.14,644.0,59.57,0.0,15.0,0.0
22-03-2009,65.5,1081.0,61.1,642.0,59.39,0.0,15.0,0.0
23-03-2009,65.5,1081.0,61.07,640.0,59.2,0.0,15.0,0.0
24-03-2009,65.5,1081.0,61.04,638.0,59.02,0.0,15.0,0.0
25-03-2009,65.5,1081.0,61.02,637.0,58.93,0.0,15.0,0.0
26-03-2009,65.5,1081.0,60.99,635.0,58.74,0.0,15.0,0.0
27-03-2009,65.5,1081.0,60.97,634.0,58.65,0.0,15.0,0.0
28-03-2009,65.5,1081.0,60.94,632.0,58.46,0.0,15.0,0.0
29-03-2009,65.5,1081.0,60.9,630.0,58.28,0.0,15.0,0.0
30-03-2009,65.5,1081.0,60.87,628.0,58.09,0.0,15.0,0.0
31-03-2009,65.5,1081.0,60.85,627.0,58.0,0.0,15.0,0.0
01-04-2009,65.5,1081.0,60.82,625.0,57.82,0.0,15.0,0.0
02-04-2009,65.5,1081.0,60.78,623.0,57.63,0.0,15.0,0.0
03-04-2009,65.5,1081.0,60.74,621.0,57.45,0.0,15.0,0.0
04-04-2009,65.5,1081.0,60.72,619.0,57.26,0.0,15.0,0.0
05-04-2009,65.5,1081.0,60.69,617.0,57.08,0.0,15.0,0.0
06-04-2009,65.5,1081.0,60.64,614.0,56.8,0.0,15.0,0.0
07-04-2009,65.5,1081.0,60.59,611.0,56.52,0.0,15.0,0.0
08-04-2009,65.5,1081.0,60.54,608.0,56.24,0.0,15.0,0.0
09-04-2009,65.5,1081.0,60.49,605.0,55.97,0.0,15.0,0.0
10-04-2009,65.5,1081.0,60.44,602.0,55.69,0.0,15.0,0.0
11-04-2009,65.5,1081.0,60.39,599.0,55.41,0.0,15.0,0.0
12-04-2009,65.5,1081.0,60.34,596.0,55.13,0.0,15.0,0.0
13-04-2009,65.5,1081.0,60.28,593.0,54.86,0.0,15.0,0.0
14-04-2009,65.5,1081.0,60.23,590.0,54.58,0.0,15.0,0.0
15-04-2009,65.5,1081.0,60.18,587.0,54.3,0.0,15.0,0.0
16-04-2009,65.5,1081.0,60.13,584.0,54.02,0.0,15.0,0.0
17-04-2009,65.5,1081.0,60.08,581.0,53.75,0.0,15.0,0.0
18-04-2009,65.5,1081.0,60.03,578.0,53.47,0.0,15.0,0.0
19-04-2009,65.5,1081.0,59.98,575.0,53.19,0.0,15.0,0.0
20-04-2009,65.5,1081.0,59.92,572.0,52.91,0.0,15.0,0.0
21-04-2009,65.5,1081.0,59.87,569.0,52.64,0.0,15.0,0.0
22-04-2009,65.5,1081.0,59.82,566.0,52.36,0.0,15.0,0.0
23-04-2009,65.5,1081.0,59.77,563.0,52.08,0.0,15.0,0.0
24-04-2009,65.5,1081.0,59.71,560.0,51.8,0.0,15.0,0.0
25-04-2009,65.5,1081.0,59.66,557.0,51.53,0.0,15.0,0.0
26-04-2009,65.5,1081.0,59.61,554.0,51.25,0.0,15.0,0.0
27-04-2009,65.5,1081.0,59.56,551.0,50.97,0.0,15.0,0.0
28-04-2009,65.5,1081.0,59.5,548.0,50.69,0.0,15.0,0.0
29-04-2009,65.5,1081.0,59.45,545.0,50.42,0.0,15.0,0.0
30-04-2009,65.5,1081.0,59.39,542.0,50.14,0.0,15.0,0.0
01-05-2009,65.5,1081.0,59.34,539.0,49.86,0.0,15.0,0.0
02-05-2009,65.5,1081.0,59.29,536.0,49.58,0.0,15.0,0.0
03-05-2009,65.5,1081.0,59.23,533.0,49.31,0.0,15.0,0.0
04-05-2009,65.5,1081.0,59.18,530.0,49.03,0.0,15.0,0.0
05-05-2009,65.5,1081.0,59.12,527.0,48.75,0.0,15.0,0.0
06-05-2009,65.5,1081.0,59.07,524.0,48.47,0.0,15.0,0.0
07-05-2009,65.5,1081.0,58.88,514.0,47.55,0.0,150.0,0.0
08-05-2009,65.5,1081.0,58.61,499.0,46.16,0.0,150.0,0.0
09-05-2009,65.5,1081.0,58.32,484.0,44.77,0.0,150.0,0.0
10-05-2009,65.5,1081.0,58.02,469.0,43.39,0.0,150.0,0.0
11-05-2009,65.5,1081.0,57.76,454.0,42.0,0.0,150.0,0.0
12-05-2009,65.5,1081.0,57.44,439.0,40.61,0.0,150.0,0.0
13-05-2009,65.5,1081.0,57.12,424.0,39.22,0.0,150.0,0.0
14-05-2009,65.5,1081.0,56.81,409.0,37.84,0.0,150.0,0.0
15-05-2009,65.5,1081.0,56.5,394.0,36.45,0.0,150.0,0.0
16-05-2009,65.5,1081.0,56.35,387.0,35.8,93.0,150.0,40.0
17-05-2009,65.5,1081.0,56.0,371.0,34.32,0.0,150.0,0.0
18-05-2009,65.5,1081.0,55.67,356.0,32.93,0.0,150.0,0.0
19-05-2009,65.5,1081.0,55.34,342.0,31.64,0.0,150.0,5.0
20-05-2009,65.5,1081.0,55.06,329.0,30.43,0.0,150.0,0.0
21-05-2009,65.5,1081.0,54.73,315.0,29.14,0.0,150.0,0.0
22-05-2009,65.5,1081.0,54.42,302.0,27.94,0.0,150.0,0.0
23-05-2009,65.5,1081.0,54.11,289.0,26.73,0.0,150.0,0.0
24-05-2009,65.5,1081.0,53.78,276.0,25.53,0.0,150.0,4.0
25-05-2009,65.5,1081.0,53.46,263.0,24.33,0.0,150.0,0.0
26-05-2009,65.5,1081.0,53.12,250.0,23.13,0.0,150.0,0.0
27-05-2009,65.5,1081.0,52.78,237.0,21.92,0.0,150.0,0.0
28-05-2009,65.5,1081.0,52.43,224.0,20.72,0.0,150.0,0.0
29-05-2009,65.5,1081.0,52.07,211.0,19.52,0.0,150.0,0.0
30-05-2009,65.5,1081.0,51.69,198.0,18.32,0.0,150.0,0.0
31-05-2009,65.5,1081.0,51.32,185.0,17.11,0.0,150.0,0.0
01-06-2009,65.5,1081.0,50.93,172.0,15.91,0.0,150.0,0.0
02-06-2009,65.5,1081.0,50.52,159.0,14.71,0.0,150.0,0.0
03-06-2009,65.5,1081.0,50.1,146.0,13.51,0.0,150.0,0.0
04-06-2009,65.5,1081.0,49.66,133.0,12.3,0.0,150.0,0.0
05-06-2009,65.5,1081.0,49.21,120.0,11.1,0.0,150.0,0.0
06-06-2009,65.5,1081.0,48.73,107.0,9.9,0.0,150.0,0.0
07-06-2009,65.5,1081.0,48.31,96.0,8.88,0.0,120.0,0.0
08-06-2009,65.5,1081.0,48.11,91.0,8.42,0.0,50.0,0.0
09-06-2009,65.5,1081.0,48.0,88.0,8.14,0.0,23.0,0.0
10-06-2009,65.5,1081.0,47.91,86.0,7.96,0.0,18.0,0.0
11-06-2009,65.5,1081.0,47.83,84.0,7.77,0.0,18.0,0.0
12-06-2009,65.5,1081.0,47.79,83.0,7.68,0.0,15.0,0.0
13-06-2009,65.5,1081.0,47.74,82.0,7.59,0.0,10.0,0.0
14-06-2009,65.5,1081.0,47.7,81.0,7.49,0.0,10.0,0.0
15-06-2009,65.5,1081.0,47.66,81.0,7.49,0.0,10.0,0.0
16-06-2009,65.5,1081.0,47.62,79.0,7.31,0.0,10.0,0.0
17-06-2009,65.5,1081.0,47.62,79.0,7.31,0.0,0.0,0.0
18-06-2009,65.5,1081.0,47.62,79.0,7.31,0.0,0.0,0.0
19-06-2009,65.5,1081.0,47.62,79.0,7.31,0.0,0.0,0.0
20-06-2009,65.5,1081.0,47.58,78.0,7.22,0.0,0.0,0.0
21-06-2009,65.5,1081.0,47.66,80.0,7.4,23.0,0.0,32.0
22-06-2009,65.5,1081.0,47.78,83.0,7.68,35.0,0.0,0.0
23-06-2009,65.5,1081.0,47.87,85.0,7.86,23.0,0.0,2.0
24-06-2009,65.5,1081.0,47.87,85.0,7.86,0.0,0.0,0.0
25-06-2009,65.5,1081.0,47.87,85.0,7.86,0.0,0.0,0.0
26-06-2009,65.5,1081.0,47.87,85.0,7.86,0.0,0.0,0.0
27-06-2009,65.5,1081.0,47.83,84.0,7.77,0.0,0.0,0.0
28-06-2009,65.5,1081.0,47.83,84.0,7.77,0.0,0.0,0.0
29-06-2009,65.5,1081.0,47.83,84.0,7.77,0.0,0.0,0.0
30-06-2009,65.5,1081.0,47.83,84.0,7.77,0.0,0.0,0.0
01-07-2009,65.5,1081.0,47.78,83.0,7.68,0.0,0.0,0.0
02-07-2009,65.5,1081.0,47.78,83.0,7.68,0.0,0.0,0.0
03-07-2009,65.5,1081.0,47.78,83.0,7.68,0.0,0.0,0.0
04-07-2009,65.5,1081.0,47.78,83.0,7.68,0.0,0.0,0.0
05-07-2009,65.5,1081.0,47.83,84.0,7.77,12.0,0.0,7.0
06-07-2009,65.5,1081.0,47.83,84.0,7.77,0.0,0.0,0.0
07-07-2009,65.5,1081.0,47.83,84.0,7.77,0.0,0.0,0.0
08-07-2009,65.5,1081.0,47.83,84.0,7.77,0.0,0.0,0.0
09-07-2009,65.5,1081.0,47.83,84.0,7.77,0.0,0.0,0.0
10-07-2009,65.5,1081.0,47.83,84.0,7.77,0.0,0.0,0.0
11-07-2009,65.5,1081.0,47.83,84.0,7.77,0.0,0.0,0.0
12-07-2009,65.5,1081.0,47.83,84.0,7.77,0.0,0.0,0.0
13-07-2009,65.5,1081.0,47.83,84.0,7.77,0.0,0.0,0.0
14-07-2009,65.5,1081.0,47.83,84.0,7.77,0.0,0.0,0.0
15-07-2009,65.5,1081.0,47.88,85.0,7.86,12.0,0.0,0.0
16-07-2009,65.5,1081.0,47.92,86.0,7.96,12.0,0.0,5.0
17-07-2009,65.5,1081.0,47.95,87.0,8.05,12.0,0.0,0.0
18-07-2009,65.5,1081.0,47.99,88.0,8.14,12.0,0.0,0.0
19-07-2009,65.5,1081.0,48.03,89.0,8.23,12.0,0.0,0.0
20-07-2009,65.5,1081.0,48.09,90.0,8.33,12.0,0.0,0.0
21-07-2009,65.5,1081.0,48.11,91.0,8.42,12.0,0.0,0.0
22-07-2009,65.5,1081.0,48.15,92.0,8.51,12.0,0.0,0.0
23-07-2009,65.5,1081.0,48.19,93.0,8.6,12.0,0.0,0.0
24-07-2009,65.5,1081.0,48.23,94.0,8.7,12.0,0.0,0.0
25-07-2009,65.5,1081.0,48.27,95.0,8.79,12.0,0.0,0.0
26-07-2009,65.5,1081.0,48.31,96.0,8.88,12.0,0.0,0.0
27-07-2009,65.5,1081.0,48.35,97.0,8.97,12.0,0.0,0.0
28-07-2009,65.5,1081.0,48.39,98.0,9.07,12.0,0.0,3.0
29-07-2009,65.5,1081.0,48.43,99.0,9.16,12.0,0.0,3.0
30-07-2009,65.5,1081.0,48.47,100.0,9.25,12.0,0.0,0.0
31-07-2009,65.5,1081.0,48.54,102.0,9.44,23.0,0.0,5.0
01-08-2009,65.5,1081.0,48.62,104.0,9.62,23.0,0.0,2.0
02-08-2009,65.5,1081.0,48.69,106.0,9.81,23.0,0.0,0.0
03-08-2009,65.5,1081.0,48.77,108.0,9.99,23.0,0.0,0.0
04-08-2009,65.5,1081.0,48.81,109.0,10.08,12.0,0.0,0.0
05-08-2009,65.5,1081.0,48.88,111.0,10.27,23.0,0.0,2.0
06-08-2009,65.5,1081.0,48.92,112.0,10.36,12.0,0.0,0.0
07-08-2009,65.5,1081.0,48.95,113.0,10.45,12.0,0.0,0.0
08-08-2009,65.5,1081.0,48.99,114.0,10.55,12.0,0.0,0.0
09-08-2009,65.5,1081.0,49.03,115.0,10.64,12.0,0.0,0.0
10-08-2009,65.5,1081.0,49.03,115.0,10.64,0.0,0.0,0.0
11-08-2009,65.5,1081.0,49.1,117.0,10.82,23.0,0.0,28.0
12-08-2009,65.5,1081.0,49.14,118.0,10.92,12.0,0.0,0.0
13-08-2009,65.5,1081.0,49.17,119.0,11.01,12.0,0.0,0.0
14-08-2009,65.5,1081.0,49.21,120.0,11.1,12.0,0.0,0.0
15-08-2009,65.5,1081.0,49.31,123.0,11.38,35.0,0.0,41.0
16-08-2009,65.5,1081.0,49.64,132.0,12.21,104.0,0.0,0.0
17-08-2009,65.5,1081.0,50.39,155.0,14.34,266.0,0.0,0.0
18-08-2009,65.5,1081.0,50.5,158.0,14.62,35.0,0.0,20.0
19-08-2009,65.5,1081.0,50.58,161.0,14.89,35.0,0.0,0.0
20-08-2009,65.5,1081.0,50.65,163.0,15.08,23.0,0.0,0.0
21-08-2009,65.5,1081.0,50.71,165.0,15.26,23.0,0.0,0.0
22-08-2009,65.5,1081.0,50.74,166.0,15.36,12.0,0.0,0.0
23-08-2009,65.5,1081.0,50.74,166.0,15.36,0.0,0.0,0.0
24-08-2009,65.5,1081.0,50.74,166.0,15.36,0.0,0.0,2.0
25-08-2009,65.5,1081.0,50.74,166.0,15.36,0.0,0.0,3.0
26-08-2009,65.5,1081.0,50.74,166.0,15.36,0.0,0.0,0.0
27-08-2009,65.5,1081.0,50.74,166.0,15.36,0.0,0.0,3.0
28-08-2009,65.5,1081.0,50.74,166.0,15.36,0.0,0.0,0.0
29-08-2009,65.5,1081.0,50.74,166.0,15.36,0.0,0.0,0.0
30-08-2009,65.5,1081.0,50.74,166.0,15.36,0.0,0.0,0.0
31-08-2009,65.5,1081.0,50.74,166.0,15.36,0.0,0.0,0.0
01-09-2009,65.5,1081.0,50.77,167.0,15.45,12.0,0.0,20.0
02-09-2009,65.5,1081.0,50.77,167.0,15.45,12.0,0.0,0.0
03-09-2009,65.5,1081.0,50.77,167.0,15.45,0.0,0.0,2.0
04-09-2009,65.5,1081.0,50.77,167.0,15.45,0.0,0.0,3.0
05-09-2009,65.5,1081.0,50.77,167.0,15.45,10.0,0.0,0.0
06-09-2009,65.5,1081.0,50.77,167.0,15.45,10.0,0.0,0.0
07-09-2009,65.5,1081.0,50.77,167.0,15.45,10.0,0.0,0.0
08-09-2009,65.5,1081.0,50.77,167.0,15.45,10.0,0.0,0.0
09-09-2009,65.5,1081.0,50.77,167.0,15.45,0.0,0.0,0.0
10-09-2009,65.5,1081.0,50.77,167.0,15.45,0.0,0.0,0.0
11-09-2009,65.5,1081.0,50.77,167.0,15.45,0.0,0.0,0.0
12-09-2009,65.5,1081.0,50.77,167.0,15.45,0.0,0.0,0.0
13-09-2009,65.5,1081.0,50.77,167.0,15.45,0.0,0.0,2.0
14-09-2009,65.5,1081.0,50.77,167.0,15.45,0.0,0.0,0.0
15-09-2009,65.5,1081.0,50.77,167.0,15.45,0.0,0.0,0.0
16-09-2009,65.5,1081.0,50.77,167.0,15.45,0.0,0.0,0.0
17-09-2009,65.5,1081.0,50.81,168.0,15.54,12.0,0.0,0.0
18-09-2009,65.5,1081.0,50.81,168.0,15.54,12.0,0.0,0.0
19-09-2009,65.5,1081.0,50.81,168.0,15.54,12.0,0.0,0.0
20-09-2009,65.5,1081.0,50.84,169.0,15.63,12.0,0.0,13.0
21-09-2009,65.5,1081.0,50.87,170.0,15.73,12.0,0.0,0.0
22-09-2009,65.5,1081.0,50.9,171.0,15.82,12.0,0.0,2.0
23-09-2009,65.5,1081.0,50.9,171.0,15.82,12.0,0.0,2.0
24-09-2009,65.5,1081.0,50.97,173.0,16.0,23.0,0.0,27.0
25-09-2009,65.5,1081.0,50.97,173.0,16.0,0.0,0.0,0.0
26-09-2009,65.5,1081.0,51.17,180.0,16.65,81.0,0.0,56.0
27-09-2009,65.5,1081.0,51.2,181.0,16.74,12.0,0.0,0.0
28-09-2009,65.5,1081.0,51.32,185.0,17.11,46.0,0.0,25.0
29-09-2009,65.5,1081.0,51.35,186.0,17.21,12.0,0.0,0.0
30-09-2009,65.5,1081.0,51.4,188.0,17.39,23.0,0.0,2.0
01-10-2009,65.5,1081.0,51.4,188.0,17.39,0.0,0.0,2.0
02-10-2009,65.5,1081.0,51.4,188.0,17.39,0.0,0.0,0.0
03-10-2009,65.5,1081.0,51.4,188.0,17.39,0.0,0.0,0.0
04-10-2009,65.5,1081.0,51.4,188.0,17.39,0.0,0.0,0.0
05-10-2009,65.5,1081.0,51.4,188.0,17.39,0.0,0.0,0.0
06-10-2009,65.5,1081.0,51.4,188.0,17.39,0.0,0.0,0.0
07-10-2009,65.5,1081.0,51.4,188.0,17.39,0.0,0.0,0.0
08-10-2009,65.5,1081.0,51.4,188.0,17.39,0.0,0.0,0.0
09-10-2009,65.5,1081.0,51.4,188.0,17.39,0.0,0.0,0.0
10-10-2009,65.5,1081.0,51.4,188.0,17.39,0.0,0.0,16.0
11-10-2009,65.5,1081.0,51.4,188.0,17.39,0.0,0.0,0.0
12-10-2009,65.5,1081.0,51.4,188.0,17.39,0.0,0.0,0.0
13-10-2009,65.5,1081.0,51.4,188.0,17.39,0.0,0.0,0.0
14-10-2009,65.5,1081.0,51.4,188.0,17.39,0.0,0.0,0.0
15-10-2009,65.5,1081.0,51.4,188.0,17.39,0.0,0.0,0.0
16-10-2009,65.5,1081.0,51.4,188.0,17.39,0.0,0.0,0.0
17-10-2009,65.5,1081.0,51.4,188.0,17.39,0.0,0.0,0.0
18-10-2009,65.5,1081.0,51.4,188.0,17.39,0.0,0.0,0.0
19-10-2009,65.5,1081.0,51.4,188.0,17.39,0.0,0.0,0.0
20-10-2009,65.5,1081.0,51.4,188.0,17.39,0.0,0.0,0.0
21-10-2009,65.5,1081.0,51.4,188.0,17.39,0.0,0.0,0.0
22-10-2009,65.5,1081.0,51.4,188.0,17.39,0.0,0.0,0.0
23-10-2009,65.5,1081.0,51.4,188.0,17.39,0.0,0.0,0.0
24-10-2009,65.5,1081.0,51.4,188.0,17.39,0.0,0.0,0.0
25-10-2009,65.5,1081.0,51.4,188.0,17.39,0.0,0.0,0.0
26-10-2009,65.5,1081.0,51.4,188.0,17.39,0.0,0.0,0.0
27-10-2009,65.5,1081.0,51.43,189.0,17.48,12.0,0.0,5.0
28-10-2009,65.5,1081.0,51.49,191.0,17.67,23.0,0.0,8.0
29-10-2009,65.5,1081.0,51.66,197.0,18.22,69.0,0.0,37.0
30-10-2009,65.5,1081.0,51.82,203.0,18.78,69.0,0.0,4.0
31-10-2009,65.5,1081.0,51.92,206.0,19.06,35.0,0.0,0.0
01-11-2009,65.5,1081.0,51.98,208.0,19.24,23.0,0.0,0.0
02-11-2009,65.5,1081.0,52.04,210.0,19.43,23.0,0.0,0.0
03-11-2009,65.5,1081.0,52.15,214.0,19.8,35.0,0.0,4.0
04-11-2009,65.5,1081.0,52.18,215.0,19.89,12.0,0.0,4.0
05-11-2009,65.5,1081.0,52.64,232.0,21.46,197.0,0.0,70.0
06-11-2009,65.5,1081.0,52.8,238.0,22.02,69.0,0.0,8.0
07-11-2009,65.5,1081.0,53.3,257.0,23.77,220.0,0.0,110.0
08-11-2009,65.5,1081.0,54.45,303.0,28.03,536.0,0.0,76.0
09-11-2009,65.5,1081.0,55.75,360.0,33.3,653.0,0.0,50.0
10-11-2009,65.5,1081.0,56.77,406.0,37.56,535.0,0.0,8.0
11-11-2009,65.5,1081.0,57.42,438.0,40.52,375.0,0.0,5.0
12-11-2009,65.5,1081.0,57.78,456.0,42.18,208.0,0.0,0.0
13-11-2009,65.5,1081.0,58.04,460.0,42.55,152.0,0.0,0.0
14-11-2009,65.5,1081.0,58.23,479.47,44.35,114.0,0.0,0.0
15-11-2009,65.5,1081.0,58.76,507.59,46.96,325.46,0.0,78.0
16-11-2009,65.5,1081.0,59.25,534.1,49.41,306.82,0.0,19.0
17-11-2009,65.5,1081.0,59.58,552.43,51.1,212.15,0.0,0.0
18-11-2009,65.5,1081.0,59.71,559.84,51.79,85.76,0.0,2.0
19-11-2009,65.5,1081.0,59.86,568.0,52.54,99.0,0.0,0.0
20-11-2009,65.5,1081.0,59.92,572.0,52.91,40.0,0.0,0.0
21-11-2009,65.5,1081.0,59.98,575.21,53.21,40.0,0.0,0.0
22-11-2009,65.5,1081.0,60.11,583.0,53.93,87.0,0.0,15.0
23-11-2009,65.5,1081.0,60.27,592.0,54.76,108.0,0.0,0.0
24-11-2009,65.5,1081.0,60.38,599.0,55.41,74.0,0.0,0.0
25-11-2009,65.5,1081.0,60.44,602.0,55.69,41.0,0.0,6.0
26-11-2009,65.5,1081.0,60.49,605.0,55.97,34.0,0.0,0.0
27-11-2009,65.5,1081.0,60.51,606.0,56.06,14.0,0.0,0.0
28-11-2009,65.5,1081.0,60.52,607.0,56.15,7.0,0.0,0.0
29-11-2009,65.5,1081.0,60.52,607.0,56.15,0.0,0.0,0.0
30-11-2009,65.5,1081.0,60.52,607.0,56.15,0.0,0.0,0.0
01-12-2009,65.5,1081.0,60.52,607.0,56.15,0.0,0.0,0.0
02-12-2009,65.5,1081.0,60.55,609.0,56.34,20.0,0.0,22.0
03-12-2009,65.5,1081.0,60.67,616.0,56.98,83.0,0.0,30.0
04-12-2009,65.5,1081.0,60.7,618.0,57.17,21.0,0.0,2.0
05-12-2009,65.5,1081.0,60.7,618.0,57.17,0.0,0.0,0.0
06-12-2009,65.5,1081.0,60.7,618.0,57.17,0.0,0.0,0.0
07-12-2009,65.5,1081.0,60.7,618.0,57.17,0.0,0.0,0.0
08-12-2009,65.5,1081.0,60.7,618.0,57.17,0.0,0.0,0.0
09-12-2009,65.5,1081.0,60.7,618.0,57.17,0.0,0.0,0.0
10-12-2009,65.5,1081.0,60.7,618.0,57.17,0.0,0.0,0.0
11-12-2009,65.5,1081.0,60.7,618.0,57.17,0.0,0.0,0.0
12-12-2009,65.5,1081.0,60.7,618.0,57.17,0.0,0.0,7.0
13-12-2009,65.5,1081.0,60.73,619.0,57.26,21.0,0.0,20.0
14-12-2009,65.5,1081.0,60.73,619.0,57.26,0.0,0.0,0.0
15-12-2009,65.5,1081.0,60.73,619.33,57.29,0.0,0.0,0.0
16-12-2009,65.5,1081.0,61.13,644.0,59.57,280.0,0.0,68.0
17-12-2009,65.5,1081.0,61.48,665.0,61.52,250.0,0.0,7.0
18-12-2009,65.5,1081.0,61.81,686.0,63.46,241.0,0.0,19.0
19-12-2009,65.5,1081.0,61.97,696.0,64.38,117.0,0.0,0.0
20-12-2009,65.5,1081.0,62.04,701.0,64.85,51.0,0.0,0.0
21-12-2009,65.5,1081.0,62.13,706.0,65.31,68.0,0.0,16.0
22-12-2009,65.5,1081.0,62.17,709.0,65.59,40.0,0.0,1.0
23-12-2009,65.5,1081.0,62.19,710.0,65.68,15.0,0.0,0.0
24-12-2009,65.5,1081.0,62.22,712.0,65.86,23.0,0.0,0.0
25-12-2009,65.5,1081.0,62.25,714.0,66.05,23.0,0.0,0.0
26-12-2009,65.5,1081.0,62.28,716.0,66.23,23.0,0.0,0.0
27-12-2009,65.5,1081.0,62.3,717.0,66.33,23.0,0.0,0.0
28-12-2009,65.5,1081.0,62.3,717.0,66.33,15.0,0.0,0.0
29-12-2009,65.5,1081.0,62.3,717.0,66.33,15.0,0.0,0.0
30-12-2009,65.5,1081.0,62.3,717.0,66.33,0.0,0.0,0.0
31-12-2009,65.5,1081.0,62.28,716.0,66.23,0.0,0.0,0.0
01-01-2010,65.5,1081.0,62.26,715.0,66.14,0.0,0.0,0.0
02-01-2010,65.5,1081.0,62.23,713.0,65.96,0.0,0.0,0.0
03-01-2010,65.5,1081.0,62.2,711.0,65.77,0.0,0.0,0.0
04-01-2010,65.5,1081.0,62.17,709.0,65.59,0.0,0.0,0.0
05-01-2010,65.5,1081.0,62.14,707.0,65.4,0.0,0.0,0.0
06-01-2010,65.5,1081.0,62.11,705.0,65.22,0.0,0.0,0.0
07-01-2010,65.5,1081.0,62.08,703.0,65.03,0.0,0.0,0.0
08-01-2010,65.5,1081.0,62.05,701.0,64.85,0.0,0.0,0.0
09-01-2010,65.5,1081.0,62.02,699.0,64.66,0.0,0.0,1.0
10-01-2010,65.5,1081.0,62.0,698.0,64.57,0.0,0.0,0.0
11-01-2010,65.5,1081.0,61.98,697.0,64.48,0.0,0.0,0.0
12-01-2010,65.5,1081.0,61.96,695.0,64.29,0.0,0.0,0.0
13-01-2010,65.5,1081.0,61.95,695.0,64.29,0.0,0.0,0.0
14-01-2010,65.5,1081.0,61.95,695.0,64.29,0.0,0.0,0.0
15-01-2010,65.5,1081.0,61.95,695.0,64.29,0.0,0.0,0.0
16-01-2010,65.5,1081.0,61.95,695.0,64.29,0.0,0.0,0.0
17-01-2010,65.5,1081.0,61.95,695.0,64.29,0.0,0.0,0.0
18-01-2010,65.5,1081.0,61.95,695.0,64.29,0.0,0.0,0.0
19-01-2010,65.5,1081.0,61.95,695.0,64.29,0.0,0.0,0.0
20-01-2010,65.5,1081.0,61.95,695.0,64.29,0.0,0.0,0.0
21-01-2010,65.5,1081.0,61.95,695.0,64.29,0.0,0.0,0.0
22-01-2010,65.5,1081.0,61.95,695.0,64.29,0.0,0.0,0.0
23-01-2010,65.5,1081.0,61.94,694.0,64.2,0.0,0.0,0.0
24-01-2010,65.5,1081.0,61.92,693.0,64.11,0.0,0.0,0.0
25-01-2010,65.5,1081.0,61.9,692.0,64.01,0.0,0.0,0.0
26-01-2010,65.5,1081.0,61.87,690.0,63.83,0.0,0.0,0.0
27-01-2010,65.5,1081.0,61.85,689.0,63.74,0.0,0.0,0.0
28-01-2010,65.5,1081.0,61.84,688.0,63.64,0.0,0.0,0.0
29-01-2010,65.5,1081.0,61.82,687.0,63.55,0.0,0.0,0.0
30-01-2010,65.5,1081.0,61.82,687.0,63.55,0.0,0.0,0.0
31-01-2010,65.5,1081.0,61.81,686.0,63.46,0.0,0.0,0.0
01-02-2010,65.5,1081.0,61.81,686.0,63.46,0.0,0.0,0.0
02-02-2010,65.5,1081.0,61.81,686.0,63.46,0.0,0.0,0.0
03-02-2010,65.5,1081.0,61.8,686.0,63.46,0.0,0.0,0.0
04-02-2010,65.5,1081.0,61.79,685.0,63.37,0.0,0.0,0.0
05-02-2010,65.5,1081.0,61.79,685.0,63.37,0.0,0.0,0.0
06-02-2010,65.5,1081.0,61.78,684.0,63.27,0.0,0.0,0.0
07-02-2010,65.5,1081.0,61.77,684.0,63.27,0.0,0.0,0.0
08-02-2010,65.5,1081.0,61.76,684.0,63.27,0.0,0.0,0.0
09-02-2010,65.5,1081.0,61.75,682.0,63.09,0.0,0.0,0.0
10-02-2010,65.5,1081.0,61.74,682.0,63.09,0.0,0.0,0.0
11-02-2010,65.5,1081.0,61.73,681.0,63.0,0.0,0.0,0.0
12-02-2010,65.5,1081.0,61.72,680.0,62.9,0.0,0.0,0.0
13-02-2010,65.5,1081.0,61.7,679.0,62.81,0.0,0.0,0.0
14-02-2010,65.5,1081.0,61.68,678.0,62.72,0.0,0.0,0.0
15-02-2010,65.5,1081.0,61.65,676.0,62.53,0.0,0.0,0.0
16-02-2010,65.5,1081.0,61.62,674.0,62.35,0.0,0.0,0.0
17-02-2010,65.5,1081.0,61.59,672.0,62.16,0.0,0.0,0.0
18-02-2010,65.5,1081.0,61.55,669.0,61.89,0.0,0.0,0.0
19-02-2010,65.5,1081.0,61.52,668.0,61.79,0.0,0.0,0.0
20-02-2010,65.5,1081.0,61.49,666.0,61.61,0.0,0.0,0.0
21-02-2010,65.5,1081.0,61.46,664.0,61.42,0.0,0.0,0.0
22-02-2010,65.5,1081.0,61.42,661.0,61.15,0.0,0.0,0.0
23-02-2010,65.5,1081.0,61.39,660.0,61.05,0.0,0.0,0.0
24-02-2010,65.5,1081.0,61.36,658.0,60.87,0.0,0.0,0.0
25-02-2010,65.5,1081.0,61.33,656.0,60.68,0.0,0.0,0.0
26-02-2010,65.5,1081.0,61.31,655.0,60.59,0.0,0.0,0.0
27-02-2010,65.5,1081.0,61.29,653.0,60.41,0.0,0.0,0.0
28-02-2010,65.5,1081.0,61.27,652.0,60.31,0.0,0.0,0.0
01-03-2010,65.5,1081.0,61.25,651.0,60.22,0.0,0.0,0.0
02-03-2010,65.5,1081.0,61.23,650.0,60.13,0.0,0.0,0.0
03-03-2010,65.5,1081.0,61.21,648.0,59.94,0.0,0.0,0.0
04-03-2010,65.5,1081.0,61.19,647.0,59.85,0.0,0.0,0.0
05-03-2010,65.5,1081.0,61.16,645.0,59.67,0.0,0.0,0.0
06-03-2010,65.5,1081.0,61.13,644.0,59.57,0.0,0.0,0.0
07-03-2010,65.5,1081.0,61.09,641.0,59.3,0.0,0.0,0.0
08-03-2010,65.5,1081.0,61.07,640.0,59.2,0.0,0.0,0.0
09-03-2010,65.5,1081.0,60.85,625.0,57.82,0.0,300.0,0.0
10-03-2010,65.5,1081.0,60.54,608.0,56.24,0.0,202.0,0.0
11-03-2010,65.5,1081.0,60.24,590.0,54.58,0.0,203.0,0.0
12-03-2010,65.5,1081.0,59.94,573.0,53.01,0.0,202.0,0.0
13-03-2010,65.5,1081.0,59.62,555.0,51.34,0.0,211.0,0.0
14-03-2010,65.5,1081.0,59.25,534.0,49.4,0.0,238.0,0.0
15-03-2010,65.5,1081.0,58.83,511.0,47.27,0.0,265.0,0.0
16-03-2010,65.5,1081.0,58.4,488.0,45.14,0.0,265.0,0.0
17-03-2010,65.5,1081.0,57.96,466.0,43.11,0.0,264.0,0.0
18-03-2010,65.5,1081.0,57.51,443.0,40.98,0.0,263.0,0.0
19-03-2010,65.5,1081.0,57.05,420.0,38.85,0.0,261.0,0.0
20-03-2010,65.5,1081.0,56.58,398.0,36.82,0.0,259.0,0.0
21-03-2010,65.5,1081.0,56.14,377.0,34.88,0.0,236.0,0.0
22-03-2010,65.5,1081.0,55.7,358.0,33.12,0.0,231.0,0.0
23-03-2010,65.5,1081.0,55.32,341.0,31.54,0.0,195.0,0.0
24-03-2010,65.5,1081.0,54.93,324.0,29.97,0.0,196.0,0.0
25-03-2010,65.5,1081.0,54.5,305.0,28.21,0.0,212.0,0.0
26-03-2010,65.5,1081.0,54.11,289.0,26.73,0.0,187.0,0.0
27-03-2010,65.5,1081.0,53.79,276.0,25.53,0.0,150.0,0.0
28-03-2010,65.5,1081.0,53.45,263.0,24.33,0.0,156.0,0.0
29-03-2010,65.5,1081.0,53.12,250.0,23.13,0.0,148.0,0.0
30-03-2010,65.5,1081.0,52.8,238.0,22.02,0.0,140.0,0.0
31-03-2010,65.5,1081.0,52.47,226.0,20.91,0.0,142.0,0.0
01-04-2010,65.5,1081.0,52.14,214.0,19.8,0.0,138.0,0.0
02-04-2010,65.5,1081.0,51.81,202.0,18.69,0.0,138.0,0.0
03-04-2010,65.5,1081.0,51.49,191.0,17.67,0.0,133.0,0.0
04-04-2010,65.5,1081.0,51.15,179.0,16.56,0.0,132.0,0.0
05-04-2010,65.5,1081.0,50.83,169.0,15.63,0.0,125.0,0.0
06-04-2010,65.5,1081.0,50.57,161.0,14.89,0.0,93.0,0.0
07-04-2010,65.5,1081.0,50.34,153.0,14.15,0.0,82.0,0.0
08-04-2010,65.5,1081.0,50.11,146.0,13.51,0.0,82.0,0.0
09-04-2010,65.5,1081.0,49.93,141.0,13.04,0.0,62.0,0.0
10-04-2010,65.5,1081.0,49.77,136.0,12.58,0.0,55.0,0.0
11-04-2010,65.5,1081.0,49.6,131.0,12.12,0.0,58.0,0.0
12-04-2010,65.5,1081.0,49.43,126.0,11.66,0.0,56.0,0.0
13-04-2010,65.5,1081.0,49.26,122.0,11.29,0.0,55.0,0.0
14-04-2010,65.5,1081.0,49.09,117.0,10.82,0.0,55.0,0.0
15-04-2010,65.5,1081.0,48.93,112.0,10.36,0.0,50.0,0.0
16-04-2010,65.5,1081.0,48.79,109.0,10.08,0.0,43.0,0.0
17-04-2010,65.5,1081.0,48.66,105.0,9.71,0.0,40.0,0.0
18-04-2010,65.5,1081.0,48.57,103.0,9.53,0.0,28.0,0.0
19-04-2010,65.5,1081.0,48.47,100.0,9.25,0.0,30.0,0.0
20-04-2010,65.5,1081.0,48.37,98.0,9.07,0.0,29.0,0.0
21-04-2010,65.5,1081.0,48.27,95.0,8.79,0.0,29.0,0.0
22-04-2010,65.5,1081.0,48.2,93.0,8.6,0.0,20.0,0.0
23-04-2010,65.5,1081.0,48.14,92.0,8.51,0.0,18.0,0.0
24-04-2010,65.5,1081.0,46.08,90.0,8.33,0.0,18.0,0.0
25-04-2010,65.5,1081.0,46.02,89.0,8.23,0.0,17.0,0.0
26-04-2010,65.5,1081.0,47.96,87.0,8.05,0.0,17.0,0.0
27-04-2010,65.5,1081.0,47.93,87.0,8.05,0.0,8.0,0.0
28-04-2010,65.5,1081.0,47.9,86.0,7.96,0.0,8.0,0.0
29-04-2010,65.5,1081.0,47.87,85.0,7.86,0.0,8.0,0.0
30-04-2010,65.5,1081.0,47.84,84.0,7.77,0.0,8.0,0.0
01-05-2010,65.5,1081.0,47.81,84.0,7.77,0.0,8.0,2.0
02-05-2010,65.5,1081.0,47.78,83.0,7.68,0.0,8.0,2.0
03-05-2010,65.5,1081.0,47.75,82.0,7.59,0.0,8.0,0.0
04-05-2010,65.5,1081.0,47.71,81.0,7.49,0.0,8.0,0.0
05-05-2010,65.5,1081.0,47.67,80.0,7.4,0.0,8.0,0.0
06-05-2010,65.5,1081.0,47.61,80.0,7.4,0.0,8.0,0.0
07-05-2010,65.5,1081.0,47.59,78.0,7.22,0.0,8.0,0.0
08-05-2010,65.5,1081.0,47.56,78.0,7.22,0.0,8.0,0.0
09-05-2010,65.5,1081.0,47.52,77.0,7.12,0.0,5.0,0.0
10-05-2010,65.5,1081.0,47.49,76.0,7.03,0.0,5.0,0.0
11-05-2010,65.5,1081.0,47.46,75.0,6.94,0.0,5.0,0.0
12-05-2010,65.5,1081.0,47.43,75.0,6.94,0.0,5.0,0.0
13-05-2010,65.5,1081.0,47.4,74.0,6.85,0.0,5.0,0.0
14-05-2010,65.5,1081.0,47.37,73.0,6.75,0.0,5.0,0.0
15-05-2010,65.5,1081.0,47.33,72.0,6.66,0.0,5.0,0.0
16-05-2010,65.5,1081.0,47.3,72.0,6.66,0.0,5.0,0.0
17-05-2010,65.5,1081.0,47.3,72.0,6.66,0.0,0.0,0.0
18-05-2010,65.5,1081.0,47.3,72.0,6.66,0.0,0.0,0.0
19-05-2010,65.5,1081.0,47.35,73.0,6.75,13.0,0.0,28.0
20-05-2010,65.5,1081.0,48.3,96.0,8.88,275.0,8.0,130.0
21-05-2010,65.5,1081.0,48.37,98.0,9.07,29.0,8.0,0.0
22-05-2010,65.5,1081.0,48.37,98.0,9.07,8.0,8.0,0.0
23-05-2010,65.5,1081.0,48.37,98.0,9.07,8.0,8.0,0.0
24-05-2010,65.5,1081.0,48.37,98.0,9.07,8.0,8.0,0.0
25-05-2010,65.5,1081.0,48.37,98.0,9.07,8.0,8.0,0.0
26-05-2010,65.5,1081.0,48.37,98.0,9.07,8.0,8.0,0.0
27-05-2010,65.5,1081.0,48.37,98.0,9.07,0.0,0.0,0.0
28-05-2010,65.5,1081.0,48.37,98.0,9.07,0.0,0.0,0.0
29-05-2010,65.5,1081.0,48.37,98.0,9.07,0.0,0.0,0.0
30-05-2010,65.5,1081.0,48.37,98.0,9.07,0.0,0.0,0.0
31-05-2010,65.5,1081.0,48.37,98.0,9.07,0.0,0.0,0.0
01-06-2010,65.5,1081.0,48.37,98.0,9.07,0.0,0.0,0.0
02-06-2010,65.5,1081.0,48.37,98.0,9.07,0.0,0.0,0.0
03-06-2010,65.5,1081.0,48.37,98.0,9.07,0.0,0.0,0.0
04-06-2010,65.5,1081.0,48.37,98.0,9.07,0.0,0.0,0.0
05-06-2010,65.5,1081.0,48.35,97.0,8.97,0.0,0.0,5.0
06-06-2010,65.5,1081.0,48.35,97.0,8.97,0.0,0.0,0.0
07-06-2010,65.5,1081.0,48.35,97.0,8.97,0.0,0.0,0.0
08-06-2010,65.5,1081.0,48.35,97.0,8.97,0.0,0.0,0.0
09-06-2010,65.5,1081.0,48.35,97.0,8.97,0.0,0.0,11.0
10-06-2010,65.5,1081.0,48.35,97.0,8.97,0.0,0.0,4.0
11-06-2010,65.5,1081.0,48.35,97.0,8.97,0.0,0.0,0.0
12-06-2010,65.5,1081.0,48.35,97.0,8.97,0.0,0.0,8.0
13-06-2010,65.5,1081.0,48.35,97.0,8.97,0.0,0.0,0.0
14-06-2010,65.5,1081.0,48.35,97.0,8.97,0.0,0.0,0.0
15-06-2010,65.5,1081.0,48.35,97.0,8.97,0.0,0.0,0.0
16-06-2010,65.5,1081.0,48.35,97.0,8.97,0.0,0.0,0.0
17-06-2010,65.5,1081.0,48.35,97.0,8.97,0.0,0.0,0.0
18-06-2010,65.5,1081.0,48.35,97.0,8.97,0.0,0.0,0.0
19-06-2010,65.5,1081.0,48.35,97.0,8.97,0.0,0.0,0.0
20-06-2010,65.5,1081.0,48.35,97.0,8.97,0.0,0.0,0.0
21-06-2010,65.5,1081.0,48.35,97.0,8.97,0.0,0.0,0.0
22-06-2010,65.5,1081.0,48.35,97.0,8.97,0.0,0.0,5.0
23-06-2010,65.5,1081.0,48.35,97.0,8.97,0.0,0.0,0.0
24-06-2010,65.5,1081.0,48.35,97.0,8.97,0.0,0.0,0.0
25-06-2010,65.5,1081.0,48.35,97.0,8.97,0.0,0.0,0.0
26-06-2010,65.5,1081.0,48.35,97.0,8.97,0.0,0.0,0.0
27-06-2010,65.5,1081.0,48.35,97.0,8.97,0.0,0.0,2.0
28-06-2010,65.5,1081.0,48.48,100.0,9.25,38.0,0.0,84.0
29-06-2010,65.5,1081.0,48.48,100.0,9.25,0.0,0.0,0.0
30-06-2010,65.5,1081.0,48.48,100.0,9.25,0.0,0.0,0.0
01-07-2010,65.5,1081.0,48.48,100.0,9.25,0.0,0.0,0.0
02-07-2010,65.5,1081.0,48.45,100.0,9.25,0.0,0.0,0.0
03-07-2010,65.5,1081.0,48.45,100.0,9.25,0.0,0.0,0.0
04-07-2010,65.5,1081.0,48.45,100.0,9.25,0.0,0.0,0.0
05-07-2010,65.5,1081.0,48.45,100.0,9.25,0.0,0.0,2.0
06-07-2010,65.5,1081.0,48.45,100.0,9.25,0.0,0.0,11.0
07-07-2010,65.5,1081.0,48.45,100.0,9.25,0.0,0.0,0.0
08-07-2010,65.5,1081.0,48.43,99.0,9.16,0.0,0.0,0.0
09-07-2010,65.5,1081.0,48.43,99.0,9.16,0.0,0.0,2.0
10-07-2010,65.5,1081.0,48.43,99.0,9.16,0.0,0.0,0.0
11-07-2010,65.5,1081.0,48.43,99.0,9.16,0.0,0.0,0.0
12-07-2010,65.5,1081.0,48.43,99.0,9.16,0.0,0.0,0.0
13-07-2010,65.5,1081.0,48.43,99.0,9.16,0.0,0.0,17.0
14-07-2010,65.5,1081.0,48.43,99.0,9.16,0.0,0.0,0.0
15-07-2010,65.5,1081.0,48.43,99.0,9.16,0.0,0.0,0.0
16-07-2010,65.5,1081.0,48.43,99.0,9.16,0.0,0.0,0.0
17-07-2010,65.5,1081.0,48.51,101.0,9.34,23.0,0.0,47.0
18-07-2010,65.5,1081.0,48.84,110.0,10.18,104.0,0.0,110.0
19-07-2010,65.5,1081.0,49.04,115.0,10.64,57.0,0.0,9.0
20-07-2010,65.5,1081.0,49.21,120.0,11.1,68.0,0.0,4.0
21-07-2010,65.5,1081.0,49.56,130.0,12.03,116.0,0.0,33.0
22-07-2010,65.5,1081.0,49.84,138.0,12.77,93.0,0.0,0.0
23-07-2010,65.5,1081.0,49.9,140.0,12.95,23.0,0.0,0.0
24-07-2010,65.5,1081.0,49.9,140.0,12.95,0.0,0.0,0.0
25-07-2010,65.5,1081.0,49.9,140.0,12.95,0.0,0.0,0.0
26-07-2010,65.5,1081.0,49.9,140.0,12.95,0.0,0.0,0.0
27-07-2010,65.5,1081.0,49.9,140.0,12.95,0.0,0.0,0.0
28-07-2010,65.5,1081.0,49.9,140.0,12.95,0.0,0.0,4.0
29-07-2010,65.5,1081.0,49.9,140.0,12.95,0.0,0.0,4.0
30-07-2010,65.5,1081.0,50.07,145.0,13.41,58.0,0.0,80.0
31-07-2010,65.5,1081.0,50.24,150.0,13.88,58.0,0.0,30.0
01-08-2010,65.5,1081.0,50.39,155.0,14.34,58.0,0.0,0.0
02-08-2010,65.5,1081.0,50.51,159.0,14.71,46.0,0.0,0.0
03-08-2010,65.5,1081.0,50.63,163.0,15.08,46.0,0.0,0.0
04-08-2010,65.5,1081.0,50.78,167.0,15.45,46.0,0.0,0.0
05-08-2010,65.5,1081.0,50.91,171.0,15.82,46.0,0.0,0.0
06-08-2010,65.5,1081.0,50.91,171.0,15.82,0.0,0.0,0.0
07-08-2010,65.5,1081.0,50.91,171.0,15.82,0.0,0.0,0.0
08-08-2010,65.5,1081.0,50.91,171.0,15.82,0.0,0.0,1.0
09-08-2010,65.5,1081.0,50.91,171.0,15.82,0.0,0.0,0.0
10-08-2010,65.5,1081.0,50.91,171.0,15.82,0.0,0.0,0.0
11-08-2010,65.5,1081.0,50.91,171.0,15.82,0.0,0.0,0.0
12-08-2010,65.5,1081.0,50.91,171.0,15.82,0.0,0.0,0.0
13-08-2010,65.5,1081.0,50.91,171.0,15.82,0.0,0.0,9.0
14-08-2010,65.5,1081.0,50.91,171.0,15.82,0.0,0.0,2.0
15-08-2010,65.5,1081.0,50.91,171.0,15.82,0.0,0.0,0.0
16-08-2010,65.5,1081.0,50.91,171.0,15.82,0.0,0.0,27.0
17-08-2010,65.5,1081.0,50.91,171.0,15.82,0.0,0.0,0.0
18-08-2010,65.5,1081.0,51.0,174.0,16.1,35.0,0.0,45.0
19-08-2010,65.5,1081.0,51.18,180.0,16.65,69.0,0.0,16.0
20-08-2010,65.5,1081.0,51.35,186.0,17.21,69.0,0.0,0.0
21-08-2010,65.5,1081.0,51.53,192.0,17.76,69.0,0.0,2.0
22-08-2010,65.5,1081.0,51.63,196.0,18.13,46.0,0.0,15.0
23-08-2010,65.5,1081.0,52.59,230.0,21.28,394.0,0.0,138.0
24-08-2010,65.5,1081.0,53.03,247.0,22.85,197.0,0.0,38.0
25-08-2010,65.5,1081.0,53.31,257.0,23.77,116.0,0.0,7.0
26-08-2010,65.5,1081.0,53.37,267.0,24.7,116.0,0.0,5.0
27-08-2010,65.5,1081.0,53.64,270.0,24.98,35.0,0.0,0.0
28-08-2010,65.5,1081.0,53.64,270.0,24.98,0.0,0.0,0.0
29-08-2010,65.5,1081.0,53.64,270.0,24.98,0.0,0.0,0.0
30-08-2010,65.5,1081.0,53.64,270.0,24.98,0.0,0.0,11.0
31-08-2010,65.5,1081.0,53.64,270.0,24.98,0.0,0.0,0.0
01-09-2010,65.5,1081.0,53.64,270.0,24.98,0.0,0.0,0.0
02-09-2010,65.5,1081.0,53.64,270.0,24.98,0.0,0.0,0.0
03-09-2010,65.5,1081.0,53.71,273.0,25.25,35.0,0.0,51.0
04-09-2010,65.5,1081.0,53.71,273.0,25.25,0.0,0.0,0.0
05-09-2010,65.5,1081.0,53.71,273.0,25.25,0.0,0.0,1.0
06-09-2010,65.5,1081.0,53.71,273.0,25.25,0.0,0.0,0.0
07-09-2010,65.5,1081.0,53.71,273.0,25.25,0.0,0.0,0.0
08-09-2010,65.5,1081.0,53.71,273.0,25.25,0.0,0.0,0.0
09-09-2010,65.5,1081.0,53.71,273.0,25.25,0.0,0.0,0.0
10-09-2010,65.5,1081.0,54.04,286.0,26.46,150.0,0.0,80.0
11-09-2010,65.5,1081.0,54.26,316.0,29.23,347.0,0.0,0.0
12-09-2010,65.5,1081.0,55.05,329.0,30.43,150.0,0.0,2.0
13-09-2010,65.5,1081.0,55.42,345.0,31.91,185.0,0.0,0.0
14-09-2010,65.5,1081.0,55.78,361.0,33.4,185.0,0.0,5.0
15-09-2010,65.5,1081.0,55.91,367.0,33.95,69.0,0.0,0.0
16-09-2010,65.5,1081.0,55.98,370.0,34.23,35.0,0.0,0.0
17-09-2010,65.5,1081.0,56.0,371.0,34.32,12.0,0.0,0.0
18-09-2010,65.5,1081.0,56.05,373.0,34.51,23.0,0.0,20.0
19-09-2010,65.5,1081.0,56.05,373.0,34.51,0.0,0.0,0.0
20-09-2010,65.5,1081.0,56.05,373.0,34.51,0.0,0.0,0.0
21-09-2010,65.5,1081.0,56.05,373.0,34.51,0.0,0.0,0.0
22-09-2010,65.5,1081.0,56.05,373.0,34.51,0.0,0.0,0.0
23-09-2010,65.5,1081.0,56.05,373.0,34.51,0.0,0.0,0.0
24-09-2010,65.5,1081.0,56.05,373.0,34.51,0.0,0.0,0.0
25-09-2010,65.5,1081.0,56.05,373.0,34.51,0.0,0.0,0.0
26-09-2010,65.5,1081.0,56.11,376.0,34.78,35.0,0.0,0.0
27-09-2010,65.5,1081.0,56.53,396.0,36.63,231.0,0.0,90.0
28-09-2010,65.5,1081.0,56.75,405.0,37.47,104.0,0.0,0.0
29-09-2010,65.5,1081.0,56.75,405.0,37.47,0.0,0.0,0.0
30-09-2010,65.5,1081.0,56.75,405.0,37.47,0.0,0.0,0.0
01-10-2010,65.5,1081.0,56.75,405.0,37.47,0.0,0.0,0.0
02-10-2010,65.5,1081.0,56.75,405.0,37.47,0.0,0.0,0.0
03-10-2010,65.5,1081.0,56.75,405.0,37.47,0.0,0.0,12.0
04-10-2010,65.5,1081.0,56.75,405.0,37.47,0.0,0.0,2.0
05-10-2010,65.5,1081.0,56.75,405.0,37.47,0.0,0.0,0.0
06-10-2010,65.5,1081.0,56.8,408.0,37.74,35.0,0.0,50.0
07-10-2010,65.5,1081.0,56.85,411.0,38.02,35.0,0.0,5.0
08-10-2010,65.5,1081.0,56.85,411.0,38.02,0.0,0.0,0.0
09-10-2010,65.5,1081.0,56.85,411.0,38.02,0.0,0.0,0.0
10-10-2010,65.5,1081.0,56.85,411.0,38.02,0.0,0.0,0.0
11-10-2010,65.5,1081.0,56.85,411.0,38.02,0.0,0.0,0.0
12-10-2010,65.5,1081.0,56.85,411.0,38.02,0.0,0.0,0.0
13-10-2010,65.5,1081.0,56.85,411.0,38.02,0.0,0.0,0.0
14-10-2010,65.5,1081.0,56.83,410.0,37.93,0.0,0.0,0.0
15-10-2010,65.5,1081.0,56.83,410.0,37.93,0.0,0.0,0.0
16-10-2010,65.5,1081.0,56.82,409.0,37.84,0.0,0.0,0.0
17-10-2010,65.5,1081.0,56.82,409.0,37.84,0.0,0.0,4.0
18-10-2010,65.5,1081.0,56.79,408.0,37.74,0.0,0.0,0.0
19-10-2010,65.5,1081.0,56.79,408.0,37.74,0.0,0.0,0.0
20-10-2010,65.5,1081.0,56.79,408.0,37.74,0.0,0.0,2.0
21-10-2010,65.5,1081.0,56.79,408.0,37.74,0.0,0.0,0.0
22-10-2010,65.5,1081.0,56.79,408.0,37.74,0.0,0.0,5.0
23-10-2010,65.5,1081.0,56.78,407.0,37.65,0.0,0.0,0.0
24-10-2010,65.5,1081.0,56.78,407.0,37.65,0.0,0.0,4.0
25-10-2010,65.5,1081.0,56.79,408.0,37.74,0.0,0.0,0.0
26-10-2010,65.5,1081.0,56.79,408.0,37.74,12.0,0.0,3.0
27-10-2010,65.5,1081.0,56.8,408.0,37.74,0.0,0.0,0.0
28-10-2010,65.5,1081.0,56.8,408.0,37.74,0.0,0.0,0.0
29-10-2010,65.5,1081.0,56.82,409.0,37.84,0.0,0.0,45.0
30-10-2010,65.5,1081.0,56.92,414.0,38.3,58.0,0.0,60.0
31-10-2010,65.5,1081.0,57.06,421.0,38.95,81.0,0.0,3.0
01-11-2010,65.5,1081.0,57.26,431.0,39.87,116.0,0.0,0.0
02-11-2010,65.5,1081.0,57.45,440.0,40.7,104.0,0.0,40.0
03-11-2010,65.5,1081.0,57.68,451.0,41.72,127.0,0.0,4.0
04-11-2010,65.5,1081.0,57.68,451.0,41.72,0.0,0.0,0.0
05-11-2010,65.5,1081.0,57.68,451.0,41.72,0.0,0.0,1.0
06-11-2010,65.5,1081.0,57.68,451.0,41.72,0.0,0.0,0.0
07-11-2010,65.5,1081.0,57.72,453.0,41.91,23.0,0.0,15.0
08-11-2010,65.5,1081.0,57.85,460.0,42.55,81.0,0.0,37.0
09-11-2010,65.5,1081.0,57.85,460.0,42.55,0.0,0.0,0.0
10-11-2010,65.5,1081.0,57.85,460.0,42.55,0.0,0.0,0.0
11-11-2010,65.5,1081.0,57.91,463.0,42.83,35.0,0.0,2.0
12-11-2010,65.5,1081.0,57.95,465.0,43.02,23.0,0.0,0.0
13-11-2010,65.5,1081.0,58.24,480.0,44.4,174.0,0.0,0.0
14-11-2010,65.5,1081.0,58.34,485.0,44.87,58.0,0.0,0.0
15-11-2010,65.5,1081.0,58.37,487.0,45.05,23.0,0.0,0.0
16-11-2010,65.5,1081.0,58.6,499.0,46.16,139.0,0.0,28.0
17-11-2010,65.5,1081.0,59.06,524.0,48.47,289.0,0.0,50.0
18-11-2010,65.5,1081.0,59.68,558.0,51.62,394.0,0.0,20.0
19-11-2010,65.5,1081.0,60.14,584.0,54.02,391.0,0.0,0.0
20-11-2010,65.5,1081.0,60.5,606.0,56.06,254.0,0.0,0.0
21-11-2010,65.5,1081.0,60.9,630.0,58.28,278.0,0.0,0.0
22-11-2010,65.5,1081.0,61.16,645.0,59.67,274.0,100.0,0.0
23-11-2010,65.5,1081.0,61.39,660.0,61.05,274.0,100.0,0.0
24-11-2010,65.5,1081.0,61.64,675.0,62.44,274.0,100.0,0.0
25-11-2010,65.5,1081.0,61.75,683.0,63.18,274.0,300.0,0.0
26-11-2010,65.5,1081.0,61.79,685.0,63.37,323.0,300.0,0.0
27-11-2010,65.5,1081.0,61.79,685.0,63.37,300.0,300.0,0.0
28-11-2010,65.5,1081.0,61.79,685.0,63.37,300.0,300.0,0.0
29-11-2010,65.5,1081.0,61.79,685.0,63.37,300.0,300.0,0.0
30-11-2010,65.5,1081.0,61.79,685.0,63.37,300.0,300.0,0.0
01-12-2010,65.5,1081.0,62.0,698.0,64.57,450.0,300.0,126.0
02-12-2010,65.5,1081.0,62.46,728.0,67.35,647.0,300.0,85.0
03-12-2010,65.5,1081.0,62.99,763.0,70.58,705.0,300.0,0.0
04-12-2010,65.5,1081.0,63.18,776.0,71.79,650.0,500.0,0.0
05-12-2010,65.5,1081.0,63.18,776.0,71.79,500.0,500.0,2.0
06-12-2010,65.5,1081.0,63.58,802.0,74.19,801.0,500.0,49.0
07-12-2010,65.5,1081.0,64.5,881.0,81.5,921.0,100.0,38.0
08-12-2010,65.5,1081.0,64.5,881.0,81.5,100.0,100.0,3.0
09-12-2010,65.5,1081.0,64.5,881.0,81.5,100.0,100.0,1.0
10-12-2010,65.5,1081.0,64.5,881.0,81.5,100.0,100.0,1.0
11-12-2010,65.5,1081.0,64.5,881.0,81.5,100.0,100.0,0.0
12-12-2010,65.5,1081.0,64.5,881.0,81.5,100.0,100.0,8.0
13-12-2010,65.5,1081.0,64.5,881.0,81.5,100.0,100.0,0.0
14-12-2010,65.5,1081.0,64.5,881.0,81.5,100.0,100.0,0.0
15-12-2010,65.5,1081.0,64.5,881.0,81.5,100.0,100.0,0.0
16-12-2010,65.5,1081.0,64.5,881.0,81.5,100.0,100.0,0.0
17-12-2010,65.5,1081.0,64.5,881.0,81.5,100.0,100.0,2.0
18-12-2010,65.5,1081.0,64.5,881.0,81.5,100.0,100.0,2.0
19-12-2010,65.5,1081.0,64.5,881.0,81.5,100.0,100.0,0.0
20-12-2010,65.5,1081.0,64.5,881.0,81.5,100.0,100.0,5.0
21-12-2010,65.5,1081.0,64.5,881.0,81.5,100.0,100.0,0.0
22-12-2010,65.5,1081.0,64.5,881.0,81.5,100.0,100.0,0.0
23-12-2010,65.5,1081.0,64.48,878.0,81.22,65.0,100.0,0.0
24-12-2010,65.5,1081.0,64.44,872.0,80.67,31.0,100.0,0.0
25-12-2010,65.5,1081.0,64.36,861.0,79.65,50.0,200.0,0.0
26-12-2010,65.5,1081.0,64.21,846.0,78.26,25.0,200.0,0.0
27-12-2010,65.5,1081.0,63.94,828.0,76.6,0.0,200.0,0.0
28-12-2010,65.5,1081.0,63.92,825.0,76.32,0.0,0.0,0.0
29-12-2010,65.5,1081.0,63.89,823.0,76.13,0.0,0.0,0.0
30-12-2010,65.5,1081.0,63.84,820.0,75.86,0.0,0.0,0.0
31-12-2010,65.5,1081.0,63.81,818.0,75.67,0.0,0.0,0.0
01-01-2011,65.5,1081.0,63.78,816.0,75.49,0.0,0.0,0.0
02-01-2011,65.5,1081.0,63.75,814.0,75.3,0.0,0.0,0.0
03-01-2011,65.5,1081.0,63.75,814.0,75.3,60.0,0.0,0.0
04-01-2011,65.5,1081.0,63.83,819.0,75.76,60.0,0.0,0.0
05-01-2011,65.5,1081.0,63.87,822.0,76.04,60.0,0.0,0.0
06-01-2011,65.5,1081.0,63.92,825.0,76.32,60.0,0.0,0.0
07-01-2011,65.5,1081.0,63.94,828.0,76.6,60.0,0.0,0.0
08-01-2011,65.5,1081.0,64.0,832.0,76.97,60.0,0.0,0.0
09-01-2011,65.5,1081.0,64.08,837.0,77.43,90.0,0.0,0.0
10-01-2011,65.5,1081.0,64.23,847.0,78.35,120.0,0.0,0.0
11-01-2011,65.5,1081.0,64.39,865.0,80.02,208.0,0.0,0.0
12-01-2011,65.5,1081.0,64.5,881.0,81.5,185.0,0.0,0.0
13-01-2011,65.5,1081.0,64.5,881.0,81.5,60.0,55.0,0.0
14-01-2011,65.5,1081.0,64.5,881.0,81.5,221.0,221.0,0.0
15-01-2011,65.5,1081.0,64.5,881.0,81.5,0.0,0.0,0.0
16-01-2011,65.5,1081.0,64.5,881.0,81.5,0.0,0.0,0.0
17-01-2011,65.5,1081.0,64.5,881.0,81.5,0.0,0.0,0.0
18-01-2011,65.5,1081.0,64.5,881.0,81.5,0.0,0.0,0.0
19-01-2011,65.5,1081.0,64.5,881.0,81.5,0.0,0.0,0.0
20-01-2011,65.5,1081.0,64.5,881.0,81.5,0.0,0.0,0.0
21-01-2011,65.5,1081.0,64.5,881.0,81.5,0.0,0.0,0.0
22-01-2011,65.5,1081.0,64.5,881.0,81.5,0.0,0.0,0.0
23-01-2011,65.5,1081.0,64.5,881.0,81.5,0.0,0.0,0.0
24-01-2011,65.5,1081.0,64.5,881.0,81.5,0.0,0.0,0.0
25-01-2011,65.5,1081.0,64.5,881.0,81.5,0.0,0.0,0.0
26-01-2011,65.5,1081.0,64.49,879.0,81.31,0.0,0.0,0.0
27-01-2011,65.5,1081.0,64.47,877.0,81.13,0.0,0.0,0.0
28-01-2011,65.5,1081.0,64.4,866.0,80.11,0.0,100.0,0.0
29-01-2011,65.5,1081.0,64.32,855.0,79.09,0.0,100.0,0.0
30-01-2011,65.5,1081.0,64.17,843.0,77.98,0.0,100.0,0.0
31-01-2011,65.5,1081.0,64.17,843.0,77.98,0.0,0.0,0.0
01-02-2011,65.5,1081.0,64.12,840.0,77.71,0.0,0.0,0.0
02-02-2011,65.5,1081.0,64.08,837.0,77.43,0.0,0.0,0.0
03-02-2011,65.5,1081.0,64.03,834.0,77.15,0.0,0.0,0.0
04-02-2011,65.5,1081.0,63.99,831.0,76.87,0.0,0.0,0.0
05-02-2011,65.5,1081.0,63.94,828.0,76.6,0.0,0.0,0.0
06-02-2011,65.5,1081.0,63.92,825.0,76.32,0.0,0.0,0.0
07-02-2011,65.5,1081.0,63.88,822.0,76.04,0.0,0.0,0.0
08-02-2011,65.5,1081.0,63.83,819.0,75.76,0.0,0.0,0.0
09-02-2011,65.5,1081.0,63.79,816.0,75.49,0.0,0.0,0.0
10-02-2011,65.5,1081.0,63.74,813.0,75.21,0.0,0.0,0.0
11-02-2011,65.5,1081.0,63.7,810.0,74.93,0.0,0.0,0.0
12-02-2011,65.5,1081.0,63.65,807.0,74.65,0.0,0.0,0.0
13-02-2011,65.5,1081.0,63.6,804.0,74.38,0.0,0.0,0.0
14-02-2011,65.5,1081.0,63.56,801.0,74.1,0.0,0.0,0.0
15-02-2011,65.5,1081.0,63.51,798.0,73.82,0.0,0.0,0.0
16-02-2011,65.5,1081.0,63.47,795.0,73.54,0.0,0.0,0.0
17-02-2011,65.5,1081.0,63.42,792.0,73.27,0.0,0.0,0.0
18-02-2011,65.5,1081.0,63.38,789.0,72.99,0.0,0.0,0.0
19-02-2011,65.5,1081.0,63.33,786.0,72.71,0.0,0.0,0.0
20-02-2011,65.5,1081.0,63.27,782.0,72.34,0.0,0.0,0.0
21-02-2011,65.5,1081.0,63.23,779.0,72.06,0.0,0.0,0.0
22-02-2011,65.5,1081.0,63.18,776.0,71.79,0.0,0.0,12.0
23-02-2011,65.5,1081.0,63.22,778.0,71.97,23.0,0.0,42.0
24-02-2011,65.5,1081.0,63.27,782.0,72.34,47.0,0.0,42.0
25-02-2011,65.5,1081.0,63.27,782.0,72.34,0.0,0.0,0.0
26-02-2011,65.5,1081.0,63.23,779.0,72.06,0.0,0.0,0.0
27-02-2011,65.5,1081.0,63.18,776.0,71.79,0.0,0.0,0.0
28-02-2011,65.5,1081.0,63.14,773.0,71.51,0.0,0.0,0.0
01-03-2011,65.5,1081.0,63.09,770.0,71.23,0.0,0.0,0.0
02-03-2011,65.5,1081.0,63.05,767.0,70.95,0.0,0.0,0.0
03-03-2011,65.5,1081.0,63.0,764.0,70.68,0.0,0.0,0.0
04-03-2011,65.5,1081.0,62.96,761.0,70.4,0.0,0.0,0.0
05-03-2011,65.5,1081.0,62.91,758.0,70.12,0.0,0.0,0.0
06-03-2011,65.5,1081.0,62.87,755.0,69.84,0.0,0.0,0.0
07-03-2011,65.5,1081.0,62.83,752.0,69.57,0.0,0.0,0.0
08-03-2011,65.5,1081.0,62.78,749.0,69.29,0.0,0.0,0.0
09-03-2011,65.5,1081.0,62.73,746.0,69.01,0.0,0.0,0.0
10-03-2011,65.5,1081.0,62.69,743.0,68.73,0.0,0.0,0.0
11-03-2011,65.5,1081.0,62.64,740.0,68.46,0.0,0.0,0.0
12-03-2011,65.5,1081.0,62.6,737.0,68.18,0.0,0.0,0.0
13-03-2011,65.5,1081.0,62.55,734.0,67.9,0.0,0.0,0.0
14-03-2011,65.5,1081.0,62.51,731.0,67.62,0.0,0.0,0.0
15-03-2011,65.5,1081.0,62.46,728.0,67.35,0.0,0.0,0.0
16-03-2011,65.5,1081.0,62.41,725.0,67.07,0.0,0.0,0.0
17-03-2011,65.5,1081.0,62.37,722.0,66.79,0.0,0.0,0.0
18-03-2011,65.5,1081.0,62.32,719.0,66.51,0.0,0.0,0.0
19-03-2011,65.5,1081.0,62.28,716.0,66.23,0.0,0.0,0.0
20-03-2011,65.5,1081.0,62.23,713.0,65.96,0.0,0.0,0.0
21-03-2011,65.5,1081.0,62.18,710.0,65.68,0.0,0.0,0.0
22-03-2011,65.5,1081.0,62.14,707.0,65.4,0.0,0.0,0.0
23-03-2011,65.5,1081.0,62.09,704.0,65.12,0.0,0.0,0.0
24-03-2011,65.5,1081.0,62.05,701.0,64.85,0.0,0.0,0.0
25-03-2011,65.5,1081.0,62.0,698.0,64.57,0.0,0.0,0.0
26-03-2011,65.5,1081.0,61.95,695.0,64.29,0.0,0.0,0.0
27-03-2011,65.5,1081.0,61.9,692.0,64.01,0.0,0.0,0.0
28-03-2011,65.5,1081.0,61.85,689.0,63.74,0.0,0.0,0.0
29-03-2011,65.5,1081.0,61.8,686.0,63.46,0.0,0.0,0.0
30-03-2011,65.5,1081.0,61.76,683.0,63.18,0.0,0.0,0.0
31-03-2011,65.5,1081.0,61.72,680.0,62.9,0.0,0.0,0.0
01-04-2011,65.5,1081.0,61.68,678.0,62.72,0.0,0.0,0.0
02-04-2011,65.5,1081.0,61.65,676.0,62.53,0.0,0.0,0.0
03-04-2011,65.5,1081.0,61.62,674.0,62.35,0.0,0.0,0.0
04-04-2011,65.5,1081.0,61.59,672.0,62.16,0.0,0.0,0.0
05-04-2011,65.5,1081.0,61.56,670.0,61.98,0.0,0.0,0.0
06-04-2011,65.5,1081.0,61.52,668.0,61.79,0.0,0.0,0.0
07-04-2011,65.5,1081.0,61.49,666.0,61.61,0.0,0.0,0.0
08-04-2011,65.5,1081.0,61.46,664.0,61.42,0.0,0.0,0.0
09-04-2011,65.5,1081.0,61.43,662.0,61.24,0.0,0.0,0.0
10-04-2011,65.5,1081.0,61.39,660.0,61.05,0.0,0.0,0.0
11-04-2011,65.5,1081.0,61.36,658.0,60.87,0.0,0.0,0.0
12-04-2011,65.5,1081.0,61.33,656.0,60.68,0.0,0.0,0.0
13-04-2011,65.5,1081.0,61.3,654.0,60.5,0.0,0.0,0.0
14-04-2011,65.5,1081.0,61.25,651.0,60.22,0.0,0.0,0.0
15-04-2011,65.5,1081.0,61.2,648.0,59.94,0.0,0.0,0.0
16-04-2011,65.5,1081.0,61.15,645.0,59.67,0.0,0.0,0.0
17-04-2011,65.5,1081.0,61.1,642.0,59.39,0.0,0.0,0.0
18-04-2011,65.5,1081.0,61.05,639.0,59.11,0.0,0.0,0.0
19-04-2011,65.5,1081.0,61.0,636.0,58.83,0.0,0.0,0.0
20-04-2011,65.5,1081.0,60.95,633.0,58.56,0.0,0.0,0.0
21-04-2011,65.5,1081.0,60.91,630.0,58.28,0.0,0.0,0.0
22-04-2011,65.5,1081.0,60.87,628.0,58.09,0.0,0.0,4.0
23-04-2011,65.5,1081.0,60.96,633.0,58.56,58.0,0.0,18.0
24-04-2011,65.5,1081.0,60.96,633.0,58.56,0.0,0.0,0.0
25-04-2011,65.5,1081.0,60.92,631.0,58.37,0.0,0.0,0.0
26-04-2011,65.5,1081.0,60.92,631.0,58.37,0.0,0.0,0.0
27-04-2011,65.5,1081.0,60.9,630.0,58.28,0.0,0.0,0.0
28-04-2011,65.5,1081.0,60.88,629.0,58.19,0.0,0.0,0.0
29-04-2011,65.5,1081.0,60.84,627.0,58.0,0.0,0.0,0.0
30-04-2011,65.5,1081.0,60.82,625.0,57.82,0.0,0.0,0.0
01-05-2011,65.5,1081.0,60.79,624.0,57.72,0.0,0.0,0.0
02-05-2011,65.5,1081.0,60.76,622.0,57.54,0.0,0.0,0.0
03-05-2011,65.5,1081.0,60.72,619.0,57.26,0.0,0.0,0.0
04-05-2011,65.5,1081.0,60.69,617.0,57.08,0.0,0.0,0.0
05-05-2011,65.5,1081.0,60.64,614.0,56.8,0.0,0.0,0.0
06-05-2011,65.5,1081.0,60.59,611.0,56.52,0.0,0.0,0.0
07-05-2011,65.5,1081.0,60.54,608.0,56.24,0.0,0.0,0.0
08-05-2011,65.5,1081.0,60.49,605.0,55.97,0.0,0.0,0.0
09-05-2011,65.5,1081.0,60.44,602.0,55.69,0.0,0.0,0.0
10-05-2011,65.5,1081.0,60.38,599.0,55.41,0.0,0.0,0.0
11-05-2011,65.5,1081.0,60.33,596.0,55.13,0.0,0.0,0.0
12-05-2011,65.5,1081.0,60.01,577.0,53.38,0.0,200.0,0.0
13-05-2011,65.5,1081.0,59.68,558.0,51.62,0.0,200.0,0.0
14-05-2011,65.5,1081.0,59.33,539.0,49.86,0.0,200.0,0.0
15-05-2011,65.5,1081.0,58.98,519.0,48.01,0.0,200.0,0.0
16-05-2011,65.5,1081.0,58.6,499.0,46.16,0.0,200.0,0.0
17-05-2011,65.5,1081.0,58.21,478.0,44.22,0.0,200.0,0.0
18-05-2011,65.5,1081.0,57.86,460.0,42.55,0.0,200.0,0.0
19-05-2011,65.5,1081.0,57.48,441.0,40.8,0.0,200.0,0.0
20-05-2011,65.5,1081.0,57.13,424.0,39.22,0.0,200.0,0.0
21-05-2011,65.5,1081.0,56.85,411.0,38.02,68.0,200.0,29.0
22-05-2011,65.5,1081.0,56.48,393.0,36.36,0.0,200.0,0.0
23-05-2011,65.5,1081.0,56.1,376.0,34.78,0.0,200.0,0.0
24-05-2011,65.5,1081.0,55.69,357.0,33.02,0.0,200.0,0.0
25-05-2011,65.5,1081.0,55.27,338.0,31.27,0.0,200.0,0.0
26-05-2011,65.5,1081.0,54.94,324.0,29.97,0.0,200.0,0.0
27-05-2011,65.5,1081.0,54.48,305.0,28.21,0.0,200.0,0.0
28-05-2011,65.5,1081.0,54.02,286.0,26.46,0.0,200.0,0.0
29-05-2011,65.5,1081.0,53.56,267.0,24.7,0.0,200.0,0.0
30-05-2011,65.5,1081.0,53.13,250.0,23.13,0.0,200.0,0.0
31-05-2011,65.5,1081.0,52.66,233.0,21.55,0.0,200.0,0.0
01-06-2011,65.5,1081.0,52.25,218.0,20.17,0.0,200.0,0.0
02-06-2011,65.5,1081.0,51.96,207.0,19.15,70.0,200.0,8.0
03-06-2011,65.5,1081.0,51.96,207.0,19.15,200.0,200.0,8.0
04-06-2011,65.5,1081.0,51.5,191.0,17.67,0.0,160.0,0.0
05-06-2011,65.5,1081.0,51.15,179.0,16.56,0.0,120.0,0.0
06-06-2011,65.5,1081.0,50.84,169.0,15.63,0.0,100.0,0.0
07-06-2011,65.5,1081.0,50.62,162.0,14.99,23.0,100.0,32.0
08-06-2011,65.5,1081.0,50.3,152.0,14.06,0.0,100.0,0.0
09-06-2011,65.5,1081.0,49.97,142.0,13.14,0.0,100.0,0.0
10-06-2011,65.5,1081.0,49.8,137.0,12.67,0.0,70.0,0.0
11-06-2011,65.5,1081.0,49.6,131.0,12.12,0.0,70.0,0.0
12-06-2011,65.5,1081.0,49.39,125.0,11.56,0.0,70.0,0.0
13-06-2011,65.5,1081.0,49.21,120.0,11.1,0.0,70.0,4.0
14-06-2011,65.5,1081.0,49.03,115.0,10.64,0.0,60.0,0.0
15-06-2011,65.5,1081.0,48.84,110.0,10.18,0.0,60.0,0.0
16-06-2011,65.5,1081.0,48.66,105.0,9.71,0.0,60.0,0.0
17-06-2011,65.5,1081.0,48.47,100.0,9.25,0.0,50.0,0.0
18-06-2011,65.5,1081.0,48.39,98.0,9.07,0.0,20.0,0.0
19-06-2011,65.5,1081.0,48.31,96.0,8.88,0.0,20.0,0.0
20-06-2011,65.5,1081.0,48.23,94.0,8.7,0.0,20.0,0.0
21-06-2011,65.5,1081.0,48.19,93.0,8.6,0.0,12.0,0.0
22-06-2011,65.5,1081.0,48.15,92.0,8.51,0.0,20.0,0.0
23-06-2011,65.5,1081.0,48.11,91.0,8.42,0.0,10.0,0.0
24-06-2011,65.5,1081.0,48.07,90.0,8.33,0.0,10.0,2.0
25-06-2011,65.5,1081.0,48.07,90.0,8.33,0.0,0.0,0.0
26-06-2011,65.5,1081.0,48.07,90.0,8.33,0.0,0.0,0.0
27-06-2011,65.5,1081.0,48.07,90.0,8.33,0.0,0.0,0.0
28-06-2011,65.5,1081.0,48.07,90.0,8.33,0.0,0.0,0.0
29-06-2011,65.5,1081.0,48.07,90.0,8.33,0.0,0.0,0.0
30-06-2011,65.5,1081.0,48.07,90.0,8.33,0.0,0.0,0.0
01-07-2011,65.5,1081.0,48.07,90.0,8.33,0.0,0.0,0.0
02-07-2011,65.5,1081.0,48.07,90.0,8.33,0.0,0.0,10.0
03-07-2011,65.5,1081.0,48.07,90.0,8.33,0.0,0.0,10.0
04-07-2011,65.5,1081.0,48.07,90.0,8.33,0.0,0.0,0.0
05-07-2011,65.5,1081.0,48.07,90.0,8.33,0.0,0.0,0.0
06-07-2011,65.5,1081.0,48.07,90.0,8.33,0.0,0.0,5.0
07-07-2011,65.5,1081.0,48.07,90.0,8.33,0.0,0.0,15.0
08-07-2011,65.5,1081.0,48.07,90.0,8.33,0.0,0.0,0.0
09-07-2011,65.5,1081.0,48.07,90.0,8.33,0.0,0.0,0.0
10-07-2011,65.5,1081.0,48.14,92.0,8.51,24.0,0.0,0.0
11-07-2011,65.5,1081.0,48.26,95.0,8.79,35.0,0.0,0.0
12-07-2011,65.5,1081.0,48.33,97.0,8.97,35.0,0.0,0.0
13-07-2011,65.5,1081.0,48.39,98.0,9.07,35.0,0.0,0.0
14-07-2011,65.5,1081.0,48.46,100.0,9.25,45.0,20.0,0.0
15-07-2011,65.5,1081.0,48.51,101.0,9.34,45.0,20.0,0.0
16-07-2011,65.5,1081.0,48.51,101.0,9.34,20.0,0.0,0.0
17-07-2011,65.5,1081.0,48.51,101.0,9.34,0.0,0.0,0.0
18-07-2011,65.5,1081.0,48.47,100.0,9.25,0.0,0.0,0.0
19-07-2011,65.5,1081.0,48.41,99.0,9.16,0.0,0.0,0.0
20-07-2011,65.5,1081.0,48.38,98.0,9.07,0.0,0.0,8.0
21-07-2011,65.5,1081.0,48.35,97.0,8.97,0.0,0.0,0.0
22-07-2011,65.5,1081.0,48.31,96.0,8.88,0.0,0.0,0.0
23-07-2011,65.5,1081.0,48.27,95.0,8.79,0.0,0.0,0.0
24-07-2011,65.5,1081.0,48.23,94.0,8.7,0.0,0.0,0.0
25-07-2011,65.5,1081.0,48.19,93.0,8.6,0.0,0.0,0.0
26-07-2011,65.5,1081.0,48.15,92.0,8.51,0.0,0.0,0.0
27-07-2011,65.5,1081.0,48.15,92.0,8.51,0.0,0.0,2.0
28-07-2011,65.5,1081.0,48.15,92.0,8.51,0.0,0.0,14.2
29-07-2011,65.5,1081.0,48.15,92.0,8.51,0.0,0.0,0.0
30-07-2011,65.5,1081.0,48.15,92.0,8.51,0.0,0.0,0.0
31-07-2011,65.5,1081.0,48.15,92.0,8.51,0.0,0.0,0.0
01-08-2011,65.5,1081.0,48.15,92.0,8.51,0.0,0.0,2.0
02-08-2011,65.5,1081.0,48.15,92.0,8.51,0.0,0.0,0.0
03-08-2011,65.5,1081.0,48.15,92.0,8.51,0.0,0.0,0.0
04-08-2011,65.5,1081.0,48.11,91.0,8.42,0.0,0.0,0.0
05-08-2011,65.5,1081.0,48.08,90.0,8.33,0.0,0.0,0.0
06-08-2011,65.5,1081.0,48.08,90.0,8.33,0.0,0.0,44.0
07-08-2011,65.5,1081.0,48.08,90.0,8.33,0.0,0.0,0.0
08-08-2011,65.5,1081.0,48.08,90.0,8.33,0.0,0.0,5.0
09-08-2011,65.5,1081.0,48.04,89.0,8.23,0.0,0.0,28.0
10-08-2011,65.5,1081.0,47.99,88.0,8.14,0.0,0.0,0.0
11-08-2011,65.5,1081.0,47.99,88.0,8.14,0.0,0.0,48.0
12-08-2011,65.5,1081.0,47.99,88.0,8.14,0.0,0.0,0.0
13-08-2011,65.5,1081.0,47.99,88.0,8.14,0.0,0.0,0.0
14-08-2011,65.5,1081.0,47.99,88.0,8.14,0.0,0.0,0.0
15-08-2011,65.5,1081.0,47.99,88.0,8.14,0.0,0.0,0.0
16-08-2011,65.5,1081.0,47.99,88.0,8.14,0.0,0.0,11.0
17-08-2011,65.5,1081.0,47.99,88.0,8.14,0.0,0.0,0.0
18-08-2011,65.5,1081.0,47.99,88.0,8.14,0.0,0.0,0.0
19-08-2011,65.5,1081.0,47.99,88.0,8.14,0.0,0.0,6.0
20-08-2011,65.5,1081.0,47.99,88.0,8.14,0.0,0.0,0.0
21-08-2011,65.5,1081.0,48.6,104.0,9.62,185.0,0.0,80.0
22-08-2011,65.5,1081.0,48.94,113.0,10.45,104.0,0.0,0.0
23-08-2011,65.5,1081.0,49.28,122.0,11.29,104.0,0.0,0.0
24-08-2011,65.5,1081.0,49.54,130.0,12.03,93.0,0.0,36.0
25-08-2011,65.5,1081.0,49.65,133.0,12.3,75.0,40.0,21.0
26-08-2011,65.5,1081.0,49.65,133.0,12.3,40.0,40.0,2.0
27-08-2011,65.5,1081.0,49.6,131.0,12.12,17.0,40.0,7.0
28-08-2011,65.5,1081.0,49.47,127.0,11.75,25.0,35.0,3.0
29-08-2011,65.5,1081.0,49.42,126.0,11.66,25.0,35.0,0.0
30-08-2011,65.5,1081.0,49.37,125.0,11.56,25.0,35.0,0.0
31-08-2011,65.5,1081.0,49.33,124.0,11.47,25.0,35.0,0.0
01-09-2011,65.5,1081.0,49.3,123.0,11.38,25.0,35.0,0.0
02-09-2011,65.5,1081.0,49.26,122.0,11.29,25.0,35.0,0.0
03-09-2011,65.5,1081.0,49.23,121.0,11.19,25.0,35.0,0.0
04-09-2011,65.5,1081.0,49.2,120.0,11.1,25.0,35.0,0.0
05-09-2011,65.5,1081.0,49.17,119.0,11.01,25.0,35.0,0.0
06-09-2011,65.5,1081.0,49.14,118.0,10.92,25.0,35.0,0.0
07-09-2011,65.5,1081.0,49.11,117.0,10.82,25.0,35.0,0.0
08-09-2011,65.5,1081.0,49.06,116.0,10.73,25.0,35.0,2.0
09-09-2011,65.5,1081.0,49.06,116.0,10.73,50.0,35.0,0.0
10-09-2011,65.5,1081.0,49.06,116.0,10.73,50.0,35.0,0.0
11-09-2011,65.5,1081.0,49.06,116.0,10.73,50.0,35.0,0.0
12-09-2011,65.5,1081.0,48.99,114.0,10.55,0.0,23.0,0.0
13-09-2011,65.5,1081.0,49.06,116.0,10.73,50.0,23.0,0.0
14-09-2011,65.5,1081.0,49.06,116.0,10.73,50.0,23.0,8.0
15-09-2011,65.5,1081.0,49.06,116.0,10.73,50.0,23.0,2.0
16-09-2011,65.5,1081.0,49.06,116.0,10.73,50.0,23.0,32.0
17-09-2011,65.5,1081.0,49.11,117.0,10.82,50.0,23.0,15.0
18-09-2011,65.5,1081.0,49.15,118.0,10.92,50.0,23.0,0.0
19-09-2011,65.5,1081.0,49.15,118.0,10.92,50.0,23.0,0.0
20-09-2011,65.5,1081.0,49.32,123.0,11.38,105.0,46.0,40.0
21-09-2011,65.5,1081.0,49.8,137.0,12.67,208.0,46.0,0.0
22-09-2011,65.5,1081.0,50.2,149.0,13.78,185.0,46.0,0.0
23-09-2011,65.5,1081.0,50.43,156.0,14.43,141.0,60.0,0.0
24-09-2011,65.5,1081.0,50.36,154.0,14.25,55.0,60.0,0.0
25-09-2011,65.5,1081.0,50.26,151.0,13.97,55.0,70.0,0.0
26-09-2011,65.5,1081.0,50.17,148.0,13.69,55.0,70.0,0.0
27-09-2011,65.5,1081.0,50.07,145.0,13.41,55.0,70.0,0.0
28-09-2011,65.5,1081.0,49.93,141.0,13.04,55.0,70.0,0.0
29-09-2011,65.5,1081.0,49.8,137.0,12.67,55.0,70.0,0.0
30-09-2011,65.5,1081.0,49.87,139.0,12.86,55.0,0.0,0.0
01-10-2011,65.5,1081.0,49.9,140.0,12.95,55.0,0.0,0.0
02-10-2011,65.5,1081.0,49.99,143.0,13.23,55.0,0.0,0.0
03-10-2011,65.5,1081.0,50.08,145.0,13.41,55.0,0.0,0.0
04-10-2011,65.5,1081.0,50.19,149.0,13.78,55.0,0.0,0.0
05-10-2011,65.5,1081.0,50.41,156.0,14.43,105.0,0.0,0.0
06-10-2011,65.5,1081.0,50.84,169.0,15.63,150.0,0.0,0.0
07-10-2011,65.5,1081.0,51.41,188.0,17.39,220.0,0.0,0.0
08-10-2011,65.5,1081.0,51.93,206.0,19.06,208.0,0.0,0.0
09-10-2011,65.5,1081.0,52.49,226.0,20.91,231.0,0.0,0.0
10-10-2011,65.5,1081.0,52.98,245.0,22.66,220.0,0.0,0.0
11-10-2011,65.5,1081.0,53.48,264.0,24.42,220.0,0.0,0.0
12-10-2011,65.5,1081.0,53.97,284.0,26.27,234.0,0.0,17.0
13-10-2011,65.5,1081.0,54.46,304.0,28.12,231.0,0.0,0.0
14-10-2011,65.5,1081.0,54.95,325.0,30.06,243.0,0.0,0.0
15-10-2011,65.5,1081.0,55.44,346.0,32.01,243.0,0.0,0.0
16-10-2011,65.5,1081.0,55.94,368.0,34.04,255.0,0.0,0.0
17-10-2011,65.5,1081.0,56.43,391.0,36.17,266.0,0.0,0.0
18-10-2011,65.5,1081.0,56.92,414.0,38.3,266.0,0.0,0.0
19-10-2011,65.5,1081.0,57.31,433.0,40.06,220.0,0.0,0.0
20-10-2011,65.5,1081.0,57.66,450.0,41.63,197.0,0.0,0.0
21-10-2011,65.5,1081.0,57.87,462.0,42.74,139.0,0.0,0.0
22-10-2011,65.5,1081.0,58.23,479.0,44.31,197.0,0.0,0.0
23-10-2011,65.5,1081.0,58.55,496.0,45.88,197.0,0.0,0.0
24-10-2011,65.5,1081.0,58.86,513.0,47.46,197.0,0.0,3.0
25-10-2011,65.5,1081.0,59.08,525.0,48.57,139.0,0.0,3.0
26-10-2011,65.5,1081.0,59.35,540.0,49.95,173.0,0.0,13.0
27-10-2011,65.5,1081.0,59.67,558.0,51.62,208.0,0.0,14.0
28-10-2011,65.5,1081.0,59.96,574.0,53.1,185.0,0.0,7.0
29-10-2011,65.5,1081.0,60.36,597.0,55.23,266.0,0.0,4.0
30-10-2011,65.5,1081.0,60.92,631.0,58.37,394.0,0.0,34.0
31-10-2011,65.5,1081.0,61.35,657.0,60.78,301.0,0.0,5.0
01-11-2011,65.5,1081.0,61.77,684.0,63.27,312.0,0.0,4.0
02-11-2011,65.5,1081.0,62.17,709.0,65.59,289.0,0.0,21.0
03-11-2011,65.5,1081.0,62.66,741.0,68.55,370.0,0.0,0.0
04-11-2011,65.5,1081.0,63.15,774.0,71.6,382.0,0.0,46.0
05-11-2011,65.5,1081.0,63.94,828.0,76.6,625.0,0.0,11.0
06-11-2011,65.5,1081.0,64.38,864.0,79.93,417.0,0.0,36.0
07-11-2011,65.5,1081.0,64.38,864.0,79.93,0.0,0.0,0.0
08-11-2011,65.5,1081.0,64.38,864.0,79.93,0.0,0.0,0.0
09-11-2011,65.5,1081.0,64.38,864.0,79.93,0.0,0.0,0.0
10-11-2011,65.5,1081.0,64.36,861.0,79.65,0.0,0.0,0.0
11-11-2011,65.5,1081.0,64.36,861.0,79.65,0.0,0.0,0.0
12-11-2011,65.5,1081.0,64.44,872.0,80.67,227.0,100.0,0.0
13-11-2011,65.5,1081.0,64.48,878.0,81.22,169.0,100.0,0.0
14-11-2011,65.5,1081.0,64.48,878.0,81.22,200.0,200.0,0.0
15-11-2011,65.5,1081.0,64.48,878.0,81.22,200.0,200.0,0.0
16-11-2011,65.5,1081.0,64.48,878.0,81.22,200.0,200.0,0.0
17-11-2011,65.5,1081.0,64.48,878.0,81.22,200.0,200.0,5.0
18-11-2011,65.5,1081.0,64.48,878.0,81.22,300.0,300.0,10.0
19-11-2011,65.5,1081.0,64.43,871.0,80.57,219.0,300.0,2.0
20-11-2011,65.5,1081.0,64.36,861.0,79.65,184.0,300.0,0.0
21-11-2011,65.5,1081.0,64.23,847.0,78.35,138.0,300.0,0.0
22-11-2011,65.5,1081.0,63.96,829.0,76.69,92.0,300.0,0.0
23-11-2011,65.5,1081.0,63.74,813.0,75.21,140.0,300.0,0.0
24-11-2011,65.5,1081.0,63.47,795.0,73.54,140.0,300.0,0.0
25-11-2011,65.5,1081.0,63.28,782.0,72.34,150.0,300.0,40.0
26-11-2011,65.5,1081.0,63.41,791.0,73.17,104.0,0.0,44.0
27-11-2011,65.5,1081.0,64.23,847.0,78.35,648.0,0.0,76.0
28-11-2011,65.5,1081.0,64.31,854.0,79.0,0.0,0.0,10.0
29-11-2011,65.5,1081.0,64.08,837.0,77.43,0.0,0.0,3.0
30-11-2011,65.5,1081.0,64.06,836.0,77.34,0.0,0.0,0.0
01-12-2011,65.5,1081.0,64.06,836.0,77.34,0.0,0.0,0.0
02-12-2011,65.5,1081.0,64.06,836.0,77.34,0.0,0.0,0.0
03-12-2011,65.5,1081.0,64.06,836.0,77.34,0.0,0.0,0.0
04-12-2011,65.5,1081.0,64.06,836.0,77.34,0.0,0.0,0.0
05-12-2011,65.5,1081.0,64.06,836.0,77.34,0.0,0.0,0.0
06-12-2011,65.5,1081.0,64.06,836.0,77.34,0.0,0.0,0.0
07-12-2011,65.5,1081.0,64.06,836.0,77.34,0.0,0.0,0.0
08-12-2011,65.5,1081.0,64.26,849.0,78.54,150.0,0.0,0.0
09-12-2011,65.5,1081.0,64.34,858.0,79.37,110.0,0.0,0.0
10-12-2011,65.5,1081.0,64.39,865.0,80.02,81.0,0.0,0.0
11-12-2011,65.5,1081.0,64.37,862.0,79.74,0.0,0.0,0.0
12-12-2011,65.5,1081.0,64.36,861.0,79.65,0.0,0.0,0.0
13-12-2011,65.5,1081.0,64.36,861.0,79.65,0.0,0.0,0.0
14-12-2011,65.5,1081.0,64.36,861.0,79.65,0.0,0.0,0.0
15-12-2011,65.5,1081.0,64.41,867.0,80.2,69.0,0.0,4.0
16-12-2011,65.5,1081.0,64.43,871.0,80.57,46.0,0.0,0.0
17-12-2011,65.5,1081.0,64.43,871.0,80.57,0.0,0.0,0.0
18-12-2011,65.5,1081.0,64.43,871.0,80.57,0.0,0.0,0.0
19-12-2011,65.5,1081.0,64.43,871.0,80.57,0.0,0.0,0.0
20-12-2011,65.5,1081.0,64.43,871.0,80.57,0.0,0.0,0.0
21-12-2011,65.5,1081.0,64.43,871.0,80.57,0.0,0.0,0.0
22-12-2011,65.5,1081.0,64.42,869.0,80.39,0.0,0.0,0.0
23-12-2011,65.5,1081.0,64.4,867.0,80.2,0.0,0.0,0.0
24-12-2011,65.5,1081.0,64.38,864.0,79.93,0.0,0.0,0.0
25-12-2011,65.5,1081.0,64.36,861.0,79.65,0.0,0.0,0.0
26-12-2011,65.5,1081.0,64.33,856.0,79.19,0.0,0.0,0.0
27-12-2011,65.5,1081.0,64.3,852.0,78.82,0.0,0.0,0.0
28-12-2011,65.5,1081.0,64.24,848.0,78.45,0.0,0.0,0.0
29-12-2011,65.5,1081.0,64.18,844.0,78.08,0.0,0.0,0.0
30-12-2011,65.5,1081.0,64.3,852.0,78.82,93.0,0.0,32.0
31-12-2011,65.5,1081.0,64.32,855.0,79.09,235.0,200.0,40.0
01-01-2012,65.5,1081.0,64.32,855.0,79.09,0.0,0.0,0.0
02-01-2012,65.5,1081.0,64.35,859.0,79.46,46.0,0.0,2.0
03-01-2012,65.5,1081.0,64.5,881.0,81.5,455.0,200.0,0.0
04-01-2012,65.5,1081.0,64.5,881.0,81.5,200.0,200.0,0.0
05-01-2012,65.5,1081.0,64.39,865.0,80.02,38.0,200.0,0.0
06-01-2012,65.5,1081.0,64.28,851.0,78.72,38.0,200.0,0.0
07-01-2012,65.5,1081.0,64.08,837.0,77.43,38.0,200.0,0.0
08-01-2012,65.5,1081.0,63.89,823.0,76.13,38.0,200.0,0.0
09-01-2012,65.5,1081.0,63.68,809.0,74.84,38.0,200.0,0.0
10-01-2012,65.5,1081.0,63.47,795.0,73.54,38.0,200.0,0.0
11-01-2012,65.5,1081.0,63.26,781.0,72.25,38.0,200.0,0.0
12-01-2012,65.5,1081.0,63.05,767.0,70.95,38.0,200.0,2.0
13-01-2012,65.5,1081.0,62.81,751.0,69.47,15.0,200.0,0.0
14-01-2012,65.5,1081.0,62.55,734.0,67.9,15.0,200.0,0.0
15-01-2012,65.5,1081.0,62.3,717.0,66.33,0.0,200.0,0.0
16-01-2012,65.5,1081.0,62.03,700.0,64.75,0.0,200.0,0.0
17-01-2012,65.5,1081.0,61.74,682.0,63.09,0.0,200.0,0.0
18-01-2012,65.5,1081.0,61.48,665.0,61.52,0.0,200.0,0.0
19-01-2012,65.5,1081.0,61.17,646.0,59.76,0.0,200.0,0.0
20-01-2012,65.5,1081.0,60.83,625.0,57.82,0.0,200.0,0.0
21-01-2012,65.5,1081.0,60.49,605.0,55.97,0.0,200.0,0.0
22-01-2012,65.5,1081.0,60.17,586.0,54.21,0.0,200.0,0.0
23-01-2012,65.5,1081.0,59.88,569.0,52.64,0.0,200.0,0.0
24-01-2012,65.5,1081.0,59.74,561.0,51.9,0.0,100.0,0.0
25-01-2012,65.5,1081.0,59.59,553.0,51.16,0.0,100.0,0.0
26-01-2012,65.5,1081.0,59.46,546.0,50.51,0.0,100.0,0.0
27-01-2012,65.5,1081.0,59.32,538.0,49.77,0.0,100.0,0.0
28-01-2012,65.5,1081.0,59.16,529.0,48.94,0.0,100.0,0.0
29-01-2012,65.5,1081.0,59.0,520.0,48.1,0.0,100.0,0.0
30-01-2012,65.5,1081.0,58.83,511.0,47.27,0.0,100.0,0.0
31-01-2012,65.5,1081.0,58.67,503.0,46.53,0.0,100.0,0.0
01-02-2012,65.5,1081.0,58.53,495.0,45.79,0.0,100.0,0.0
02-02-2012,65.5,1081.0,58.44,490.0,45.33,0.0,100.0,0.0
03-02-2012,65.5,1081.0,58.36,486.0,44.96,0.0,100.0,0.0
04-02-2012,65.5,1081.0,58.24,480.0,44.4,0.0,100.0,0.0
05-02-2012,65.5,1081.0,58.15,475.0,43.94,0.0,100.0,0.0
06-02-2012,65.5,1081.0,57.98,467.0,43.2,0.0,100.0,0.0
07-02-2012,65.5,1081.0,57.89,462.0,42.74,0.0,100.0,0.0
08-02-2012,65.5,1081.0,57.8,457.0,42.28,0.0,100.0,0.0
09-02-2012,65.5,1081.0,57.65,450.0,41.63,0.0,100.0,0.0
10-02-2012,65.5,1081.0,57.5,442.0,40.89,0.0,100.0,0.0
11-02-2012,65.5,1081.0,57.33,434.0,40.15,0.0,100.0,0.0
12-02-2012,65.5,1081.0,57.17,426.0,39.41,0.0,100.0,0.0
13-02-2012,65.5,1081.0,57.04,420.0,38.85,0.0,100.0,0.0
14-02-2012,65.5,1081.0,56.88,412.0,38.11,0.0,100.0,0.0
15-02-2012,65.5,1081.0,56.73,405.0,37.47,0.0,100.0,0.0
16-02-2012,65.5,1081.0,56.59,398.0,36.82,0.0,100.0,0.0
17-02-2012,65.5,1081.0,56.46,392.0,36.26,0.0,100.0,0.0
18-02-2012,65.5,1081.0,56.31,385.0,35.62,0.0,100.0,0.0
19-02-2012,65.5,1081.0,56.13,377.0,34.88,0.0,100.0,0.0
20-02-2012,65.5,1081.0,56.0,371.0,34.32,0.0,100.0,0.0
21-02-2012,65.5,1081.0,55.86,364.0,33.67,0.0,100.0,0.0
22-02-2012,65.5,1081.0,55.69,357.0,33.02,0.0,100.0,0.0
23-02-2012,65.5,1081.0,55.56,351.0,32.47,0.0,100.0,0.0
24-02-2012,65.5,1081.0,55.39,344.0,31.82,0.0,100.0,0.0
25-02-2012,65.5,1081.0,55.21,336.0,31.08,0.0,100.0,0.0
26-02-2012,65.5,1081.0,55.04,328.0,30.34,0.0,100.0,0.0
27-02-2012,65.5,1081.0,54.89,320.0,29.6,0.0,100.0,0.0
28-02-2012,65.5,1081.0,54.71,314.0,29.05,0.0,100.0,0.0
29-02-2012,65.5,1081.0,54.54,307.0,28.4,0.0,100.0,0.0
01-03-2012,65.5,1081.0,54.37,300.0,27.75,0.0,100.0,0.0
02-03-2012,65.5,1081.0,54.24,295.0,27.29,0.0,100.0,0.0
03-03-2012,65.5,1081.0,54.09,288.0,26.64,0.0,100.0,0.0
04-03-2012,65.5,1081.0,53.94,282.0,26.09,0.0,100.0,0.0
05-03-2012,65.5,1081.0,53.76,275.0,25.44,0.0,100.0,0.0
06-03-2012,65.5,1081.0,53.59,268.0,24.79,0.0,100.0,0.0
07-03-2012,65.5,1081.0,53.48,264.0,24.42,0.0,100.0,0.0
08-03-2012,65.5,1081.0,53.3,257.0,23.77,0.0,100.0,0.0
09-03-2012,65.5,1081.0,53.13,250.0,23.13,0.0,100.0,0.0
10-03-2012,65.5,1081.0,52.97,244.0,22.57,0.0,100.0,0.0
11-03-2012,65.5,1081.0,52.8,238.0,22.02,0.0,100.0,0.0
12-03-2012,65.5,1081.0,52.62,231.0,21.37,0.0,100.0,0.0
13-03-2012,65.5,1081.0,52.44,225.0,20.81,0.0,100.0,0.0
14-03-2012,65.5,1081.0,52.26,218.0,20.17,0.0,100.0,0.0
15-03-2012,65.5,1081.0,52.1,212.0,19.61,0.0,100.0,0.0
16-03-2012,65.5,1081.0,51.9,205.0,18.96,0.0,100.0,0.0
17-03-2012,65.5,1081.0,51.69,198.0,18.32,0.0,100.0,0.0
18-03-2012,65.5,1081.0,51.5,191.0,17.67,0.0,100.0,0.0
19-03-2012,65.5,1081.0,51.29,184.0,17.02,0.0,100.0,0.0
20-03-2012,65.5,1081.0,51.11,178.0,16.47,0.0,100.0,0.0
21-03-2012,65.5,1081.0,50.91,171.0,15.82,0.0,100.0,0.0
22-03-2012,65.5,1081.0,50.68,164.0,15.17,0.0,100.0,0.0
23-03-2012,65.5,1081.0,50.46,157.0,14.52,0.0,100.0,0.0
24-03-2012,65.5,1081.0,50.3,152.0,14.06,0.0,100.0,0.0
25-03-2012,65.5,1081.0,50.1,146.0,13.51,0.0,100.0,0.0
26-03-2012,65.5,1081.0,49.9,140.0,12.95,0.0,100.0,0.0
27-03-2012,65.5,1081.0,49.7,134.0,12.4,0.0,100.0,0.0
28-03-2012,65.5,1081.0,49.49,128.0,11.84,0.0,100.0,0.0
29-03-2012,65.5,1081.0,49.28,122.0,11.29,0.0,100.0,0.0
30-03-2012,65.5,1081.0,49.0,114.0,10.55,0.0,100.0,0.0
31-03-2012,65.5,1081.0,48.73,107.0,9.9,0.0,80.0,0.0
01-04-2012,65.5,1081.0,48.55,102.0,9.44,0.0,60.0,0.0
02-04-2012,65.5,1081.0,48.39,98.0,9.07,0.0,40.0,0.0
03-04-2012,65.5,1081.0,48.27,95.0,8.79,0.0,30.0,0.0
04-04-2012,65.5,1081.0,48.19,93.0,8.6,0.0,20.0,0.0
05-04-2012,65.5,1081.0,48.15,92.0,8.51,0.0,10.0,0.0
06-04-2012,65.5,1081.0,48.11,91.0,8.42,0.0,10.0,0.0
07-04-2012,65.5,1081.0,48.08,90.0,8.33,0.0,10.0,0.0
08-04-2012,65.5,1081.0,48.04,89.0,8.23,0.0,10.0,0.0
09-04-2012,65.5,1081.0,48.04,89.0,8.23,0.0,5.0,0.0
10-04-2012,65.5,1081.0,47.99,88.0,8.14,0.0,5.0,0.0
11-04-2012,65.5,1081.0,47.99,88.0,8.14,0.0,0.0,0.0
12-04-2012,65.5,1081.0,47.99,88.0,8.14,0.0,0.0,0.0
13-04-2012,65.5,1081.0,47.99,88.0,8.14,0.0,0.0,0.0
14-04-2012,65.5,1081.0,47.99,88.0,8.14,0.0,0.0,0.0
15-04-2012,65.5,1081.0,47.99,88.0,8.14,0.0,0.0,0.0
16-04-2012,65.5,1081.0,47.96,87.0,8.05,0.0,0.0,0.0
17-04-2012,65.5,1081.0,47.96,87.0,8.05,0.0,0.0,0.0
18-04-2012,65.5,1081.0,47.96,87.0,8.05,0.0,0.0,0.0
19-04-2012,65.5,1081.0,47.96,87.0,8.05,0.0,0.0,0.0
20-04-2012,65.5,1081.0,47.96,87.0,8.05,0.0,0.0,0.0
21-04-2012,65.5,1081.0,47.96,87.0,8.05,0.0,0.0,0.0
22-04-2012,65.5,1081.0,47.96,87.0,8.05,0.0,0.0,0.0
23-04-2012,65.5,1081.0,47.91,86.0,7.96,0.0,0.0,0.0
24-04-2012,65.5,1081.0,47.91,86.0,7.96,0.0,0.0,0.0
25-04-2012,65.5,1081.0,47.91,86.0,7.96,0.0,0.0,0.0
26-04-2012,65.5,1081.0,47.91,86.0,7.96,0.0,0.0,0.0
27-04-2012,65.5,1081.0,47.91,86.0,7.96,0.0,0.0,0.0
28-04-2012,65.5,1081.0,47.91,86.0,7.96,0.0,0.0,0.0
29-04-2012,65.5,1081.0,47.91,86.0,7.96,0.0,0.0,0.0
30-04-2012,65.5,1081.0,47.91,86.0,7.96,0.0,0.0,0.0
01-05-2012,65.5,1081.0,47.91,86.0,7.96,0.0,0.0,0.0
02-05-2012,65.5,1081.0,47.87,85.0,7.86,0.0,0.0,0.0
03-05-2012,65.5,1081.0,47.87,85.0,7.86,0.0,0.0,0.0
04-05-2012,65.5,1081.0,47.87,85.0,7.86,0.0,0.0,0.0
05-05-2012,65.5,1081.0,47.87,85.0,7.86,0.0,0.0,0.0
06-05-2012,65.5,1081.0,47.87,85.0,7.86,0.0,0.0,0.0
07-05-2012,65.5,1081.0,47.87,85.0,7.86,0.0,0.0,0.0
08-05-2012,65.5,1081.0,47.83,84.0,7.77,0.0,0.0,0.0
09-05-2012,65.5,1081.0,47.83,84.0,7.77,0.0,0.0,0.0
10-05-2012,65.5,1081.0,47.83,84.0,7.77,0.0,0.0,0.0
11-05-2012,65.5,1081.0,47.83,84.0,7.77,0.0,0.0,0.0
12-05-2012,65.5,1081.0,47.83,84.0,7.77,0.0,0.0,0.0
13-05-2012,65.5,1081.0,47.83,84.0,7.77,0.0,0.0,0.0
14-05-2012,65.5,1081.0,47.79,83.0,7.68,0.0,0.0,0.0
15-05-2012,65.5,1081.0,47.79,83.0,7.68,0.0,0.0,0.0
16-05-2012,65.5,1081.0,47.79,83.0,7.68,0.0,0.0,0.0
17-05-2012,65.5,1081.0,47.79,83.0,7.68,0.0,0.0,0.0
18-05-2012,65.5,1081.0,47.79,83.0,7.68,0.0,0.0,0.0
19-05-2012,65.5,1081.0,47.79,83.0,7.68,0.0,0.0,0.0
20-05-2012,65.5,1081.0,47.79,83.0,7.68,0.0,0.0,0.0
21-05-2012,65.5,1081.0,47.79,83.0,7.68,0.0,0.0,0.0
22-05-2012,65.5,1081.0,47.79,83.0,7.68,0.0,0.0,0.0
23-05-2012,65.5,1081.0,47.79,83.0,7.68,0.0,0.0,0.0
24-05-2012,65.5,1081.0,47.79,83.0,7.68,0.0,0.0,0.0
25-05-2012,65.5,1081.0,47.79,83.0,7.68,0.0,0.0,0.0
26-05-2012,65.5,1081.0,47.79,83.0,7.68,0.0,0.0,0.0
27-05-2012,65.5,1081.0,47.79,83.0,7.68,0.0,0.0,0.0
28-05-2012,65.5,1081.0,47.79,83.0,7.68,0.0,0.0,0.0
29-05-2012,65.5,1081.0,47.79,83.0,7.68,0.0,0.0,0.0
30-05-2012,65.5,1081.0,47.79,83.0,7.68,0.0,0.0,0.0
31-05-2012,65.5,1081.0,47.79,83.0,7.68,0.0,0.0,0.0
01-06-2012,65.5,1081.0,47.79,83.0,7.68,0.0,0.0,0.0
02-06-2012,65.5,1081.0,47.79,83.0,7.68,0.0,0.0,0.0
03-06-2012,65.5,1081.0,47.79,83.0,7.68,0.0,0.0,0.0
04-06-2012,65.5,1081.0,47.79,83.0,7.68,0.0,0.0,0.0
05-06-2012,65.5,1081.0,47.79,83.0,7.68,0.0,0.0,0.0
06-06-2012,65.5,1081.0,47.79,83.0,7.68,0.0,0.0,0.0
07-06-2012,65.5,1081.0,47.79,83.0,7.68,0.0,0.0,0.0
08-06-2012,65.5,1081.0,47.79,83.0,7.68,0.0,0.0,0.0
09-06-2012,65.5,1081.0,47.79,83.0,7.68,0.0,0.0,0.0
10-06-2012,65.5,1081.0,47.79,83.0,7.68,0.0,0.0,0.0
11-06-2012,65.5,1081.0,47.79,83.0,7.68,0.0,0.0,0.0
12-06-2012,65.5,1081.0,47.79,83.0,7.68,0.0,0.0,0.0
13-06-2012,65.5,1081.0,47.79,83.0,7.68,0.0,0.0,0.0
14-06-2012,65.5,1081.0,47.79,83.0,7.68,0.0,0.0,0.0
15-06-2012,65.5,1081.0,47.79,83.0,7.68,0.0,0.0,0.0
16-06-2012,65.5,1081.0,47.79,83.0,7.68,0.0,0.0,0.0
17-06-2012,65.5,1081.0,47.79,83.0,7.68,0.0,0.0,0.0
18-06-2012,65.5,1081.0,47.79,83.0,7.68,0.0,0.0,0.0
19-06-2012,65.5,1081.0,47.79,83.0,7.68,0.0,0.0,0.0
20-06-2012,65.5,1081.0,47.79,83.0,7.68,0.0,0.0,0.0
21-06-2012,65.5,1081.0,47.79,83.0,7.68,0.0,0.0,0.0
22-06-2012,65.5,1081.0,47.79,83.0,7.68,0.0,0.0,0.0
23-06-2012,65.5,1081.0,47.79,83.0,7.68,0.0,0.0,0.0
24-06-2012,65.5,1081.0,47.79,83.0,7.68,0.0,0.0,0.0
25-06-2012,65.5,1081.0,47.79,83.0,7.68,0.0,0.0,0.0
26-06-2012,65.5,1081.0,47.79,83.0,7.68,0.0,0.0,0.0
27-06-2012,65.5,1081.0,47.79,83.0,7.68,0.0,0.0,22.0
28-06-2012,65.5,1081.0,47.79,83.0,7.68,0.0,0.0,0.0
29-06-2012,65.5,1081.0,47.87,85.0,7.86,23.0,0.0,19.0
30-06-2012,65.5,1081.0,47.87,85.0,7.86,0.0,0.0,0.0
01-07-2012,65.5,1081.0,47.87,85.0,7.86,0.0,0.0,6.0
02-07-2012,65.5,1081.0,47.87,85.0,7.86,0.0,0.0,0.0
03-07-2012,65.5,1081.0,47.87,85.0,7.86,0.0,0.0,0.0
04-07-2012,65.5,1081.0,47.87,85.0,7.86,0.0,0.0,0.0
05-07-2012,65.5,1081.0,47.87,85.0,7.86,0.0,0.0,0.0
06-07-2012,65.5,1081.0,47.87,85.0,7.86,0.0,0.0,0.0
07-07-2012,65.5,1081.0,47.87,85.0,7.86,0.0,0.0,0.0
08-07-2012,65.5,1081.0,47.87,85.0,7.86,0.0,0.0,0.0
09-07-2012,65.5,1081.0,47.87,85.0,7.86,0.0,0.0,0.0
10-07-2012,65.5,1081.0,47.87,85.0,7.86,0.0,0.0,0.0
11-07-2012,65.5,1081.0,47.87,85.0,7.86,0.0,0.0,7.0
12-07-2012,65.5,1081.0,47.87,85.0,7.86,0.0,0.0,30.0
13-07-2012,65.5,1081.0,47.87,85.0,7.86,0.0,0.0,0.0
14-07-2012,65.5,1081.0,47.87,85.0,7.86,0.0,0.0,0.0
15-07-2012,65.5,1081.0,47.87,85.0,7.86,0.0,0.0,12.0
16-07-2012,65.5,1081.0,47.87,85.0,7.86,0.0,0.0,0.0
17-07-2012,65.5,1081.0,47.87,85.0,7.86,0.0,0.0,9.0
18-07-2012,65.5,1081.0,47.87,85.0,7.86,0.0,0.0,4.0
19-07-2012,65.5,1081.0,47.87,85.0,7.86,0.0,0.0,0.0
20-07-2012,65.5,1081.0,47.87,85.0,7.86,0.0,0.0,0.0
21-07-2012,65.5,1081.0,47.87,85.0,7.86,0.0,0.0,0.0
22-07-2012,65.5,1081.0,47.87,85.0,7.86,0.0,0.0,0.0
23-07-2012,65.5,1081.0,47.87,85.0,7.86,0.0,0.0,0.0
24-07-2012,65.5,1081.0,47.87,85.0,7.86,0.0,0.0,0.0
25-07-2012,65.5,1081.0,47.87,85.0,7.86,0.0,0.0,0.0
26-07-2012,65.5,1081.0,47.87,85.0,7.86,0.0,0.0,0.0
27-07-2012,65.5,1081.0,47.87,85.0,7.86,0.0,0.0,0.0
28-07-2012,65.5,1081.0,47.87,85.0,7.86,0.0,0.0,6.0
29-07-2012,65.5,1081.0,47.87,85.0,7.86,0.0,0.0,0.0
30-07-2012,65.5,1081.0,47.87,85.0,7.86,0.0,0.0,0.0
31-07-2012,65.5,1081.0,47.87,85.0,7.86,0.0,0.0,0.0
01-08-2012,65.5,1081.0,47.87,85.0,7.86,0.0,0.0,0.0
02-08-2012,65.5,1081.0,47.87,85.0,7.86,0.0,0.0,0.0
03-08-2012,65.5,1081.0,47.87,85.0,7.86,0.0,0.0,0.0
04-08-2012,65.5,1081.0,47.87,85.0,7.86,0.0,0.0,2.0
05-08-2012,65.5,1081.0,47.87,85.0,7.86,0.0,0.0,0.0
06-08-2012,65.5,1081.0,47.87,85.0,7.86,0.0,0.0,0.0
07-08-2012,65.5,1081.0,47.87,85.0,7.86,0.0,0.0,0.0
08-08-2012,65.5,1081.0,47.87,85.0,7.86,0.0,0.0,0.0
09-08-2012,65.5,1081.0,47.87,85.0,7.86,0.0,0.0,0.0
10-08-2012,65.5,1081.0,47.87,85.0,7.86,0.0,0.0,4.0
11-08-2012,65.5,1081.0,47.87,85.0,7.86,0.0,0.0,0.0
12-08-2012,65.5,1081.0,47.87,85.0,7.86,0.0,0.0,0.0
13-08-2012,65.5,1081.0,47.87,85.0,7.86,0.0,0.0,0.0
14-08-2012,65.5,1081.0,47.87,85.0,7.86,0.0,0.0,4.0
15-08-2012,65.5,1081.0,47.87,85.0,7.86,0.0,0.0,5.0
16-08-2012,65.5,1081.0,47.87,85.0,7.86,0.0,0.0,0.0
17-08-2012,65.5,1081.0,47.87,85.0,7.86,0.0,0.0,0.0
18-08-2012,65.5,1081.0,47.87,85.0,7.86,0.0,0.0,2.0
19-08-2012,65.5,1081.0,47.87,85.0,7.86,0.0,0.0,0.0
20-08-2012,65.5,1081.0,47.87,85.0,7.86,0.0,0.0,0.0
21-08-2012,65.5,1081.0,47.87,85.0,7.86,0.0,0.0,0.0
22-08-2012,65.5,1081.0,47.87,85.0,7.86,0.0,0.0,0.0
23-08-2012,65.5,1081.0,47.87,85.0,7.86,0.0,0.0,0.0
24-08-2012,65.5,1081.0,47.87,85.0,7.86,0.0,0.0,0.0
25-08-2012,65.5,1081.0,47.87,85.0,7.86,0.0,0.0,0.0
26-08-2012,65.5,1081.0,47.87,85.0,7.86,0.0,0.0,8.0
27-08-2012,65.5,1081.0,47.87,85.0,7.86,0.0,0.0,0.0
28-08-2012,65.5,1081.0,47.87,85.0,7.86,0.0,0.0,0.0
29-08-2012,65.5,1081.0,47.87,85.0,7.86,0.0,0.0,0.0
30-08-2012,65.5,1081.0,47.87,85.0,7.86,0.0,0.0,0.0
31-08-2012,65.5,1081.0,47.87,85.0,7.86,0.0,0.0,0.0
01-09-2012,65.5,1081.0,47.87,85.0,7.86,0.0,0.0,0.0
02-09-2012,65.5,1081.0,47.87,85.0,7.86,0.0,0.0,0.0
03-09-2012,65.5,1081.0,47.87,85.0,7.86,0.0,0.0,35.0
04-09-2012,65.5,1081.0,47.87,85.0,7.86,0.0,0.0,0.0
05-09-2012,65.5,1081.0,47.87,85.0,7.86,0.0,0.0,0.0
06-09-2012,65.5,1081.0,47.87,85.0,7.86,0.0,0.0,0.0
07-09-2012,65.5,1081.0,47.87,85.0,7.86,0.0,0.0,0.0
08-09-2012,65.5,1081.0,47.91,86.0,7.96,12.0,0.0,30.0
09-09-2012,65.5,1081.0,47.99,88.0,8.14,23.0,0.0,2.0
10-09-2012,65.5,1081.0,47.99,88.0,8.14,0.0,0.0,0.0
11-09-2012,65.5,1081.0,47.99,88.0,8.14,0.0,0.0,0.0
12-09-2012,65.5,1081.0,47.99,88.0,8.14,0.0,0.0,0.0
13-09-2012,65.5,1081.0,48.02,89.0,8.23,0.0,0.0,8.0
14-09-2012,65.5,1081.0,48.07,90.0,8.33,0.0,0.0,6.0
15-09-2012,65.5,1081.0,48.11,91.0,8.42,12.0,0.0,8.0
16-09-2012,65.5,1081.0,48.11,91.0,8.42,0.0,0.0,0.0
17-09-2012,65.5,1081.0,48.11,91.0,8.42,0.0,0.0,0.0
18-09-2012,65.5,1081.0,48.11,91.0,8.42,0.0,0.0,0.0
19-09-2012,65.5,1081.0,48.11,91.0,8.42,0.0,0.0,0.0
20-09-2012,65.5,1081.0,48.11,91.0,8.42,0.0,0.0,0.0
21-09-2012,65.5,1081.0,48.11,91.0,8.42,0.0,0.0,2.0
22-09-2012,65.5,1081.0,48.11,91.0,8.42,0.0,0.0,0.0
23-09-2012,65.5,1081.0,48.11,91.0,8.42,0.0,0.0,0.0
24-09-2012,65.5,1081.0,48.11,91.0,8.42,0.0,0.0,0.0
25-09-2012,65.5,1081.0,48.11,91.0,8.42,0.0,0.0,0.0
26-09-2012,65.5,1081.0,48.11,91.0,8.42,0.0,0.0,0.0
27-09-2012,65.5,1081.0,48.19,93.0,8.6,23.0,0.0,28.0
28-09-2012,65.5,1081.0,48.19,93.0,8.6,0.0,0.0,0.0
29-09-2012,65.5,1081.0,48.19,93.0,8.6,0.0,0.0,0.0
30-09-2012,65.5,1081.0,48.19,93.0,8.6,0.0,0.0,0.0
01-10-2012,65.5,1081.0,48.19,93.0,8.6,0.0,0.0,0.0
02-10-2012,65.5,1081.0,48.19,93.0,8.6,0.0,0.0,2.0
03-10-2012,65.5,1081.0,48.19,93.0,8.6,0.0,0.0,0.0
04-10-2012,65.5,1081.0,48.19,93.0,8.6,0.0,0.0,0.0
05-10-2012,65.5,1081.0,48.19,93.0,8.6,0.0,0.0,0.0
06-10-2012,65.5,1081.0,48.19,93.0,8.6,0.0,0.0,0.0
07-10-2012,65.5,1081.0,48.19,93.0,8.6,0.0,0.0,6.0
08-10-2012,65.5,1081.0,48.19,93.0,8.6,0.0,0.0,0.0
09-10-2012,65.5,1081.0,48.19,93.0,8.6,0.0,0.0,0.0
10-10-2012,65.5,1081.0,48.19,93.0,8.6,0.0,0.0,0.0
11-10-2012,65.5,1081.0,48.19,93.0,8.6,0.0,0.0,0.0
12-10-2012,65.5,1081.0,48.19,93.0,8.6,0.0,0.0,0.0
13-10-2012,65.5,1081.0,48.19,93.0,8.6,0.0,0.0,0.0
14-10-2012,65.5,1081.0,48.19,93.0,8.6,0.0,0.0,0.0
15-10-2012,65.5,1081.0,48.19,93.0,8.6,0.0,0.0,0.0
16-10-2012,65.5,1081.0,48.19,93.0,8.6,0.0,0.0,0.0
17-10-2012,65.5,1081.0,48.19,93.0,8.6,0.0,0.0,0.0
18-10-2012,65.5,1081.0,48.19,93.0,8.6,0.0,0.0,6.0
19-10-2012,65.5,1081.0,48.31,96.0,8.88,35.0,0.0,58.0
20-10-2012,65.5,1081.0,48.5,101.0,9.34,58.0,0.0,80.0
21-10-2012,65.5,1081.0,49.34,124.0,11.47,266.0,0.0,98.0
22-10-2012,65.5,1081.0,50.39,155.0,14.34,359.0,0.0,28.0
23-10-2012,65.5,1081.0,51.1,178.0,16.47,266.0,0.0,7.0
24-10-2012,65.5,1081.0,51.46,190.0,17.58,139.0,0.0,8.0
25-10-2012,65.5,1081.0,51.56,193.0,17.85,35.0,0.0,0.0
26-10-2012,65.5,1081.0,51.61,195.0,18.04,23.0,0.0,0.0
27-10-2012,65.5,1081.0,51.61,195.0,18.04,0.0,0.0,0.0
28-10-2012,65.5,1081.0,51.61,195.0,18.04,0.0,0.0,0.0
29-10-2012,65.5,1081.0,51.61,195.0,18.04,0.0,0.0,0.0
30-10-2012,65.5,1081.0,51.61,195.0,18.04,0.0,0.0,0.0
31-10-2012,65.5,1081.0,51.81,202.0,18.69,81.0,0.0,66.0
01-11-2012,65.5,1081.0,52.26,218.0,20.17,185.0,0.0,10.0
02-11-2012,65.5,1081.0,52.49,226.0,20.91,93.0,0.0,0.0
03-11-2012,65.5,1081.0,52.82,239.0,22.11,150.0,0.0,60.0
04-11-2012,65.5,1081.0,53.8,277.0,25.62,440.0,0.0,50.0
05-11-2012,65.5,1081.0,54.89,322.0,29.79,521.0,0.0,0.0
06-11-2012,65.5,1081.0,55.25,338.0,31.27,185.0,0.0,0.0
07-11-2012,65.5,1081.0,55.4,345.0,31.91,81.0,0.0,0.0
08-11-2012,65.5,1081.0,55.51,349.0,32.28,46.0,0.0,0.0
09-11-2012,65.5,1081.0,55.51,349.0,32.28,0.0,0.0,0.0
10-11-2012,65.5,1081.0,55.51,349.0,32.28,0.0,0.0,0.0
11-11-2012,65.5,1081.0,55.46,347.0,32.1,0.0,0.0,0.0
12-11-2012,65.5,1081.0,55.46,347.0,32.1,0.0,0.0,0.0
13-11-2012,65.5,1081.0,55.45,346.0,32.01,0.0,0.0,0.0
14-11-2012,65.5,1081.0,55.43,345.0,31.91,0.0,0.0,0.0
15-11-2012,65.5,1081.0,55.39,344.0,31.82,0.0,0.0,0.0
16-11-2012,65.5,1081.0,55.37,344.0,31.82,0.0,0.0,0.0
17-11-2012,65.5,1081.0,55.34,342.0,31.64,0.0,0.0,0.0
18-11-2012,65.5,1081.0,55.32,341.0,31.54,0.0,0.0,0.0
19-11-2012,65.5,1081.0,55.31,340.0,31.45,0.0,0.0,0.0
20-11-2012,65.5,1081.0,55.28,339.0,31.36,0.0,0.0,0.0
21-11-2012,65.5,1081.0,55.26,338.0,31.27,0.0,0.0,0.0
22-11-2012,65.5,1081.0,55.24,337.0,31.17,0.0,0.0,0.0
23-11-2012,65.5,1081.0,55.24,337.0,31.17,0.0,0.0,2.0
24-11-2012,65.5,1081.0,55.21,336.0,31.08,0.0,0.0,0.0
25-11-2012,65.5,1081.0,55.19,335.0,30.99,0.0,0.0,0.0
26-11-2012,65.5,1081.0,55.17,334.0,30.9,0.0,0.0,0.0
27-11-2012,65.5,1081.0,55.14,333.0,30.8,0.0,0.0,0.0
28-11-2012,65.5,1081.0,55.12,332.0,30.71,0.0,0.0,0.0
29-11-2012,65.5,1081.0,55.1,331.0,30.62,0.0,0.0,0.0
30-11-2012,65.5,1081.0,55.08,330.0,30.53,0.0,0.0,0.0
01-12-2012,65.5,1081.0,55.06,329.0,30.43,0.0,0.0,0.0
02-12-2012,65.5,1081.0,55.03,328.0,30.34,0.0,0.0,0.0
03-12-2012,65.5,1081.0,55.1,331.0,30.62,35.0,0.0,9.0
04-12-2012,65.5,1081.0,55.44,346.0,32.01,174.0,0.0,90.0
05-12-2012,65.5,1081.0,55.94,368.0,34.04,255.0,0.0,4.0
06-12-2012,65.5,1081.0,56.56,398.0,36.82,347.0,0.0,3.0
07-12-2012,65.5,1081.0,57.0,418.0,38.67,231.0,0.0,0.0
08-12-2012,65.5,1081.0,57.35,435.0,40.24,197.0,0.0,0.0
09-12-2012,65.5,1081.0,57.69,452.0,41.81,197.0,0.0,0.0
10-12-2012,65.5,1081.0,57.87,461.0,42.65,104.0,0.0,0.0
11-12-2012,65.5,1081.0,58.0,468.0,43.29,81.0,0.0,0.0
12-12-2012,65.5,1081.0,58.06,471.0,43.57,35.0,0.0,0.0
13-12-2012,65.5,1081.0,58.1,473.0,43.76,23.0,0.0,0.0
14-12-2012,65.5,1081.0,58.06,471.0,43.57,0.0,0.0,0.0
15-12-2012,65.5,1081.0,58.03,469.0,43.39,0.0,0.0,0.0
16-12-2012,65.5,1081.0,58.0,467.0,43.2,0.0,0.0,0.0
17-12-2012,65.5,1081.0,57.95,465.0,43.02,0.0,0.0,0.0
18-12-2012,65.5,1081.0,57.91,463.0,42.83,0.0,0.0,0.0
19-12-2012,65.5,1081.0,57.89,462.0,42.74,0.0,0.0,0.0
20-12-2012,65.5,1081.0,57.87,461.0,42.65,0.0,0.0,0.0
21-12-2012,65.5,1081.0,57.87,461.0,42.65,0.0,0.0,0.0
22-12-2012,65.5,1081.0,57.85,460.0,42.55,0.0,0.0,0.0
23-12-2012,65.5,1081.0,57.85,460.0,42.55,0.0,0.0,0.0
24-12-2012,65.5,1081.0,59.31,537.0,49.68,0.0,0.0,0.0
25-12-2012,65.5,1081.0,57.83,459.0,42.46,0.0,0.0,0.0
26-12-2012,65.5,1081.0,57.83,459.0,42.46,0.0,0.0,0.0
27-12-2012,65.5,1081.0,57.81,458.0,42.37,0.0,0.0,0.0
28-12-2012,65.5,1081.0,57.81,458.0,42.37,0.0,0.0,0.0
29-12-2012,65.5,1081.0,57.81,458.0,42.37,0.0,0.0,6.0
30-12-2012,65.5,1081.0,58.07,471.0,43.57,150.0,0.0,53.0
31-12-2012,65.5,1081.0,58.07,471.0,43.57,0.0,0.0,0.0
01-01-2013,65.5,1081.0,58.07,471.0,43.57,0.0,0.0,0.0
02-01-2013,65.5,1081.0,58.07,471.0,43.57,0.0,0.0,0.0
03-01-2013,65.5,1081.0,58.07,471.0,43.57,0.0,0.0,0.0
04-01-2013,65.5,1081.0,58.07,471.0,43.57,0.0,0.0,0.0
05-01-2013,65.5,1081.0,58.07,471.0,43.57,0.0,0.0,0.0
06-01-2013,65.5,1081.0,58.07,471.0,43.57,0.0,0.0,0.0
07-01-2013,65.5,1081.0,58.07,471.0,43.57,0.0,0.0,0.0
08-01-2013,65.5,1081.0,58.04,470.0,43.48,0.0,0.0,0.0
09-01-2013,65.5,1081.0,58.04,470.0,43.48,0.0,0.0,0.0
10-01-2013,65.5,1081.0,58.04,470.0,43.48,0.0,0.0,0.0
11-01-2013,65.5,1081.0,58.01,468.0,43.29,0.0,0.0,0.0
12-01-2013,65.5,1081.0,57.98,467.0,43.2,0.0,0.0,0.0
13-01-2013,65.5,1081.0,57.98,467.0,43.2,0.0,0.0,0.0
14-01-2013,65.5,1081.0,57.96,466.0,43.11,0.0,0.0,0.0
15-01-2013,65.5,1081.0,57.94,465.0,43.02,0.0,0.0,0.0
16-01-2013,65.5,1081.0,57.92,464.0,42.92,0.0,0.0,0.0
17-01-2013,65.5,1081.0,57.88,462.0,42.74,0.0,0.0,0.0
18-01-2013,65.5,1081.0,57.85,460.0,42.55,0.0,0.0,0.0
19-01-2013,65.5,1081.0,57.81,458.0,42.37,0.0,0.0,0.0
20-01-2013,65.5,1081.0,57.77,456.0,42.18,0.0,0.0,0.0
21-01-2013,65.5,1081.0,57.73,454.0,42.0,0.0,0.0,0.0
22-01-2013,65.5,1081.0,57.69,452.0,41.81,0.0,0.0,0.0
23-01-2013,65.5,1081.0,57.65,450.0,41.63,0.0,0.0,0.0
24-01-2013,65.5,1081.0,57.62,448.0,41.44,0.0,0.0,0.0
25-01-2013,65.5,1081.0,57.58,446.0,41.26,0.0,0.0,0.0
26-01-2013,65.5,1081.0,57.54,444.0,41.07,0.0,0.0,0.0
27-01-2013,65.5,1081.0,57.54,444.0,41.07,0.0,0.0,0.0
28-01-2013,65.5,1081.0,57.51,443.0,40.98,0.0,0.0,0.0
29-01-2013,65.5,1081.0,57.49,442.0,40.89,0.0,150.0,0.0
30-01-2013,65.5,1081.0,57.11,423.0,39.13,0.0,150.0,0.0
31-01-2013,65.5,1081.0,56.9,413.0,38.21,0.0,150.0,0.0
01-02-2013,65.5,1081.0,56.59,398.0,36.82,0.0,150.0,0.0
02-02-2013,65.5,1081.0,56.18,379.0,35.06,0.0,250.0,0.0
03-02-2013,65.5,1081.0,55.76,360.0,33.3,0.0,250.0,0.0
04-02-2013,65.5,1081.0,55.35,342.0,31.64,0.0,250.0,0.0
05-02-2013,65.5,1081.0,54.91,323.0,29.88,0.0,250.0,0.0
06-02-2013,65.5,1081.0,54.47,304.0,28.12,0.0,250.0,0.0
07-02-2013,65.5,1081.0,54.01,285.0,26.36,0.0,250.0,0.0
08-02-2013,65.5,1081.0,53.56,267.0,24.7,0.0,250.0,0.0
09-02-2013,65.5,1081.0,53.1,249.0,23.03,0.0,250.0,0.0
10-02-2013,65.5,1081.0,52.58,230.0,21.28,0.0,250.0,0.0
11-02-2013,65.5,1081.0,52.07,211.0,19.52,0.0,250.0,0.0
12-02-2013,65.5,1081.0,51.64,196.0,18.13,0.0,250.0,0.0
13-02-2013,65.5,1081.0,51.29,184.0,17.02,0.0,220.0,0.0
14-02-2013,65.5,1081.0,50.94,172.0,15.91,0.0,200.0,0.0
15-02-2013,65.5,1081.0,50.52,159.0,14.71,0.0,200.0,0.0
16-02-2013,65.5,1081.0,50.07,145.0,13.41,0.0,200.0,0.0
17-02-2013,65.5,1081.0,49.73,135.0,12.49,84.0,200.0,13.0
18-02-2013,65.5,1081.0,49.6,131.0,12.12,154.0,200.0,5.0
19-02-2013,65.5,1081.0,49.32,123.0,11.38,23.0,150.0,0.0
20-02-2013,65.5,1081.0,49.1,117.0,10.82,0.0,125.0,0.0
21-02-2013,65.5,1081.0,48.81,109.0,10.08,0.0,100.0,0.0
22-02-2013,65.5,1081.0,48.92,112.0,10.36,0.0,50.0,0.0
23-02-2013,65.5,1081.0,48.39,98.0,9.07,0.0,50.0,0.0
24-02-2013,65.5,1081.0,48.27,95.0,8.79,0.0,35.0,0.0
25-02-2013,65.5,1081.0,48.19,93.0,8.6,0.0,35.0,0.0
26-02-2013,65.5,1081.0,48.15,92.0,8.51,0.0,20.0,0.0
27-02-2013,65.5,1081.0,48.11,91.0,8.42,0.0,10.0,0.0
28-02-2013,65.5,1081.0,48.07,90.0,8.33,0.0,10.0,0.0
01-03-2013,65.5,1081.0,48.04,89.0,8.23,0.0,10.0,0.0
02-03-2013,65.5,1081.0,47.99,88.0,8.14,0.0,10.0,0.0
03-03-2013,65.5,1081.0,47.95,87.0,8.05,0.0,10.0,0.0
04-03-2013,65.5,1081.0,47.91,86.0,7.96,0.0,10.0,0.0
05-03-2013,65.5,1081.0,47.86,85.0,7.86,0.0,10.0,0.0
06-03-2013,65.5,1081.0,47.83,84.0,7.77,0.0,10.0,0.0
07-03-2013,65.5,1081.0,47.83,84.0,7.77,10.0,10.0,0.0
08-03-2013,65.5,1081.0,47.83,84.0,7.77,10.0,10.0,0.0
09-03-2013,65.5,1081.0,47.78,83.0,7.68,0.0,10.0,0.0
10-03-2013,65.5,1081.0,47.75,82.0,7.59,0.0,10.0,0.0
11-03-2013,65.5,1081.0,47.7,81.0,7.49,0.0,10.0,0.0
12-03-2013,65.5,1081.0,47.7,81.0,7.49,0.0,0.0,0.0
13-03-2013,65.5,1081.0,47.7,81.0,7.49,0.0,0.0,0.0
14-03-2013,65.5,1081.0,47.7,81.0,7.49,0.0,0.0,0.0
15-03-2013,65.5,1081.0,47.7,81.0,7.49,0.0,0.0,0.0
16-03-2013,65.5,1081.0,47.7,81.0,7.49,0.0,0.0,0.0
17-03-2013,65.5,1081.0,47.7,81.0,7.49,0.0,0.0,0.0
18-03-2013,65.5,1081.0,47.7,81.0,7.49,0.0,0.0,0.0
19-03-2013,65.5,1081.0,47.7,81.0,7.49,0.0,0.0,0.0
20-03-2013,65.5,1081.0,47.66,80.0,7.4,0.0,0.0,0.0
21-03-2013,65.5,1081.0,47.66,80.0,7.4,0.0,0.0,0.0
22-03-2013,65.5,1081.0,47.66,80.0,7.4,0.0,0.0,0.0
23-03-2013,65.5,1081.0,47.62,79.0,7.31,0.0,0.0,0.0
24-03-2013,65.5,1081.0,47.62,79.0,7.31,0.0,0.0,0.0
25-03-2013,65.5,1081.0,47.62,79.0,7.31,0.0,0.0,0.0
26-03-2013,65.5,1081.0,47.58,78.0,7.22,0.0,0.0,0.0
27-03-2013,65.5,1081.0,47.58,78.0,7.22,0.0,0.0,0.0
28-03-2013,65.5,1081.0,47.54,77.0,7.12,0.0,0.0,0.0
29-03-2013,65.5,1081.0,47.54,77.0,7.12,0.0,0.0,0.0
30-03-2013,65.5,1081.0,47.49,76.0,7.03,0.0,0.0,0.0
31-03-2013,65.5,1081.0,47.49,76.0,7.03,0.0,0.0,0.0
01-04-2013,65.5,1081.0,47.45,75.0,6.94,0.0,0.0,0.0
02-04-2013,65.5,1081.0,47.45,75.0,6.94,0.0,0.0,0.0
03-04-2013,65.5,1081.0,47.4,74.0,6.85,0.0,0.0,0.0
04-04-2013,65.5,1081.0,47.4,74.0,6.85,0.0,0.0,0.0
05-04-2013,65.5,1081.0,47.36,73.0,6.75,0.0,0.0,0.0
06-04-2013,65.5,1081.0,47.36,73.0,6.75,0.0,0.0,0.0
07-04-2013,65.5,1081.0,47.32,72.0,6.66,0.0,0.0,0.0
08-04-2013,65.5,1081.0,47.32,72.0,6.66,0.0,0.0,0.0
09-04-2013,65.5,1081.0,47.28,71.0,6.57,0.0,0.0,0.0
10-04-2013,65.5,1081.0,47.28,71.0,6.57,0.0,0.0,0.0
11-04-2013,65.5,1081.0,47.23,70.0,6.48,0.0,0.0,0.0
12-04-2013,65.5,1081.0,47.23,70.0,6.48,0.0,0.0,0.0
13-04-2013,65.5,1081.0,47.19,69.0,6.38,0.0,0.0,0.0
14-04-2013,65.5,1081.0,47.19,69.0,6.38,0.0,0.0,0.0
15-04-2013,65.5,1081.0,47.14,68.0,6.29,0.0,0.0,0.0
16-04-2013,65.5,1081.0,47.14,68.0,6.29,0.0,0.0,0.0
17-04-2013,65.5,1081.0,47.1,67.0,6.2,0.0,0.0,0.0
18-04-2013,65.5,1081.0,47.06,66.0,6.11,0.0,12.0,0.0
19-04-2013,65.5,1081.0,46.97,64.0,5.92,0.0,12.0,0.0
20-04-2013,65.5,1081.0,46.92,63.0,5.83,0.0,12.0,0.0
21-04-2013,65.5,1081.0,46.83,61.0,5.64,0.0,15.0,0.0
22-04-2013,65.5,1081.0,46.74,59.0,5.46,0.0,15.0,0.0
23-04-2013,65.5,1081.0,46.64,57.0,5.27,0.0,15.0,0.0
24-04-2013,65.5,1081.0,46.55,55.0,5.09,0.0,15.0,4.0
25-04-2013,65.5,1081.0,46.45,53.0,4.9,0.0,15.0,0.0
26-04-2013,65.5,1081.0,46.35,51.0,4.72,0.0,15.0,0.0
27-04-2013,65.5,1081.0,46.25,49.0,4.53,0.0,15.0,0.0
28-04-2013,65.5,1081.0,46.16,47.0,4.35,0.0,15.0,0.0
29-04-2013,65.5,1081.0,46.06,45.0,4.16,0.0,15.0,0.0
30-04-2013,65.5,1081.0,45.95,43.0,3.98,0.0,15.0,0.0
01-05-2013,65.5,1081.0,45.85,41.0,3.79,0.0,15.0,0.0
02-05-2013,65.5,1081.0,45.74,39.0,3.61,0.0,15.0,0.0
03-05-2013,65.5,1081.0,45.64,37.0,3.42,0.0,15.0,0.0
04-05-2013,65.5,1081.0,45.54,35.0,3.24,0.0,20.0,0.0
05-05-2013,65.5,1081.0,45.42,33.0,3.05,0.0,20.0,0.0
06-05-2013,65.5,1081.0,45.32,31.0,2.87,0.0,20.0,0.0
07-05-2013,65.5,1081.0,45.2,29.0,2.68,0.0,20.0,0.0
08-05-2013,65.5,1081.0,45.09,27.0,2.5,0.0,20.0,0.0
09-05-2013,65.5,1081.0,45.04,26.0,2.41,0.0,20.0,0.0
10-05-2013,65.5,1081.0,45.0,24.0,2.22,0.0,20.0,0.0
11-05-2013,65.5,1081.0,45.0,22.0,2.04,0.0,20.0,0.0
12-05-2013,65.5,1081.0,45.0,20.0,1.85,0.0,20.0,0.0
13-05-2013,65.5,1081.0,45.0,18.0,1.67,0.0,20.0,2.0
14-05-2013,65.5,1081.0,45.0,16.0,1.48,0.0,20.0,0.0
15-05-2013,65.5,1081.0,45.0,14.0,1.3,0.0,20.0,0.0
16-05-2013,65.5,1081.0,45.0,12.0,1.11,0.0,20.0,0.0
17-05-2013,65.5,1081.0,45.0,10.0,0.93,0.0,20.0,0.0
18-05-2013,65.5,1081.0,45.0,8.0,0.74,0.0,20.0,0.0
19-05-2013,65.5,1081.0,45.0,6.0,0.56,0.0,20.0,0.0
20-05-2013,65.5,1081.0,45.0,4.0,0.37,0.0,20.0,0.0
21-05-2013,65.5,1081.0,45.0,2.0,0.19,0.0,20.0,0.0
22-05-2013,65.5,1081.0,45.0,0.0,0.0,0.0,20.0,0.0
23-05-2013,65.5,1081.0,45.0,0.0,0.0,0.0,0.0,0.0
24-05-2013,65.5,1081.0,45.0,0.0,0.0,0.0,0.0,0.0
25-05-2013,65.5,1081.0,45.0,0.0,0.0,0.0,0.0,0.0
26-05-2013,65.5,1081.0,45.0,0.0,0.0,0.0,0.0,0.0
27-05-2013,65.5,1081.0,45.0,0.0,0.0,0.0,0.0,0.0
28-05-2013,65.5,1081.0,45.0,0.0,0.0,0.0,0.0,0.0
29-05-2013,65.5,1081.0,45.0,0.0,0.0,0.0,0.0,0.0
30-05-2013,65.5,1081.0,45.0,0.0,0.0,0.0,0.0,0.0
31-05-2013,65.5,1081.0,45.0,0.0,0.0,0.0,0.0,0.0
01-06-2013,65.5,1081.0,45.0,0.0,0.0,0.0,0.0,0.0
02-06-2013,65.5,1081.0,45.0,0.0,0.0,0.0,0.0,0.0
03-06-2013,65.5,1081.0,45.0,0.0,0.0,0.0,0.0,30.0
04-06-2013,65.5,1081.0,45.0,0.0,0.0,0.0,0.0,0.0
05-06-2013,65.5,1081.0,45.0,0.0,0.0,0.0,0.0,0.0
06-06-2013,65.5,1081.0,45.0,0.0,0.0,0.0,0.0,0.0
07-06-2013,65.5,1081.0,45.0,0.0,0.0,0.0,0.0,6.0
08-06-2013,65.5,1081.0,45.0,0.0,0.0,0.0,0.0,8.0
09-06-2013,65.5,1081.0,45.0,0.0,0.0,0.0,0.0,0.0
10-06-2013,65.5,1081.0,45.0,0.0,0.0,0.0,0.0,0.0
11-06-2013,65.5,1081.0,45.0,0.0,0.0,0.0,0.0,0.0
12-06-2013,65.5,1081.0,45.0,0.0,0.0,0.0,0.0,0.0
13-06-2013,65.5,1081.0,45.0,0.0,0.0,0.0,0.0,0.0
14-06-2013,65.5,1081.0,45.0,0.0,0.0,0.0,0.0,0.0
15-06-2013,65.5,1081.0,45.0,0.0,0.0,0.0,0.0,0.0
16-06-2013,65.5,1081.0,45.0,0.0,0.0,0.0,0.0,0.0
17-06-2013,65.5,1081.0,45.0,0.0,0.0,0.0,0.0,0.0
18-06-2013,65.5,1081.0,45.0,0.0,0.0,0.0,0.0,0.0
19-06-2013,65.5,1081.0,45.0,0.0,0.0,0.0,0.0,0.0
20-06-2013,65.5,1081.0,45.0,0.0,0.0,0.0,0.0,0.0
21-06-2013,65.5,1081.0,45.0,0.0,0.0,0.0,0.0,0.0
22-06-2013,65.5,1081.0,45.0,0.0,0.0,0.0,0.0,0.0
23-06-2013,65.5,1081.0,45.0,0.0,0.0,0.0,0.0,0.0
24-06-2013,65.5,1081.0,45.0,0.0,0.0,0.0,0.0,0.0
25-06-2013,65.5,1081.0,45.0,0.0,0.0,0.0,0.0,0.0
26-06-2013,65.5,1081.0,45.0,0.0,0.0,0.0,0.0,0.0
27-06-2013,65.5,1081.0,45.0,0.0,0.0,0.0,0.0,2.0
28-06-2013,65.5,1081.0,45.0,0.0,0.0,0.0,0.0,2.0
29-06-2013,65.5,1081.0,45.0,0.0,0.0,0.0,0.0,6.0
30-06-2013,65.5,1081.0,45.0,0.0,0.0,0.0,0.0,33.0
01-07-2013,65.5,1081.0,45.0,0.0,0.0,0.0,0.0,0.0
02-07-2013,65.5,1081.0,45.0,0.0,0.0,0.0,0.0,0.0
03-07-2013,65.5,1081.0,45.0,0.0,0.0,0.0,0.0,0.0
04-07-2013,65.5,1081.0,45.0,0.0,0.0,0.0,0.0,0.0
05-07-2013,65.5,1081.0,45.0,0.0,0.0,0.0,0.0,1.0
06-07-2013,65.5,1081.0,45.0,0.0,0.0,0.0,0.0,0.0
07-07-2013,65.5,1081.0,45.0,0.0,0.0,0.0,0.0,1.0
08-07-2013,65.5,1081.0,45.0,0.0,0.0,0.0,0.0,2.0
09-07-2013,65.5,1081.0,45.0,0.0,0.0,0.0,0.0,0.0
10-07-2013,65.5,1081.0,45.0,0.0,0.0,0.0,0.0,0.0
11-07-2013,65.5,1081.0,45.0,0.0,0.0,0.0,0.0,27.0
12-07-2013,65.5,1081.0,45.0,0.0,0.0,0.0,0.0,4.0
13-07-2013,65.5,1081.0,45.0,0.0,0.0,0.0,0.0,15.0
14-07-2013,65.5,1081.0,45.0,0.0,0.0,0.0,0.0,0.0
15-07-2013,65.5,1081.0,45.0,0.0,0.0,0.0,0.0,0.0
16-07-2013,65.5,1081.0,45.0,0.0,0.0,0.0,0.0,25.0
17-07-2013,65.5,1081.0,45.0,0.0,0.0,0.0,0.0,0.0
18-07-2013,65.5,1081.0,45.0,0.0,0.0,0.0,0.0,2.0
19-07-2013,65.5,1081.0,45.0,0.0,0.0,0.0,0.0,21.0
20-07-2013,65.5,1081.0,45.0,0.0,0.0,0.0,0.0,24.0
21-07-2013,65.5,1081.0,45.0,0.0,0.0,0.0,0.0,2.0
22-07-2013,65.5,1081.0,45.0,0.0,0.0,0.0,0.0,0.0
23-07-2013,65.5,1081.0,45.0,0.0,0.0,0.0,0.0,4.0
24-07-2013,65.5,1081.0,45.0,0.0,0.0,0.0,0.0,5.0
25-07-2013,65.5,1081.0,45.0,0.0,0.0,0.0,0.0,0.0
26-07-2013,65.5,1081.0,45.0,0.0,0.0,0.0,0.0,0.0
27-07-2013,65.5,1081.0,45.0,0.0,0.0,0.0,0.0,0.0
28-07-2013,65.5,1081.0,45.0,0.0,0.0,0.0,0.0,0.0
29-07-2013,65.5,1081.0,45.0,0.0,0.0,0.0,0.0,0.0
30-07-2013,65.5,1081.0,45.0,0.0,0.0,0.0,0.0,0.0
31-07-2013,65.5,1081.0,45.0,0.0,0.0,0.0,0.0,0.0
01-08-2013,65.5,1081.0,45.0,0.0,0.0,0.0,0.0,0.0
02-08-2013,65.5,1081.0,45.0,0.0,0.0,0.0,0.0,0.0
03-08-2013,65.5,1081.0,45.0,0.0,0.0,0.0,0.0,0.0
04-08-2013,65.5,1081.0,45.0,0.0,0.0,0.0,0.0,1.0
05-08-2013,65.5,1081.0,45.0,0.0,0.0,0.0,0.0,14.0
06-08-2013,65.5,1081.0,45.0,0.0,0.0,0.0,0.0,4.0
07-08-2013,65.5,1081.0,45.0,0.0,0.0,0.0,0.0,0.0
08-08-2013,65.5,1081.0,45.0,0.0,0.0,0.0,0.0,2.0
09-08-2013,65.5,1081.0,45.0,0.0,0.0,0.0,0.0,0.0
10-08-2013,65.5,1081.0,45.0,0.0,0.0,0.0,0.0,0.0
11-08-2013,65.5,1081.0,45.0,0.0,0.0,0.0,0.0,3.0
12-08-2013,65.5,1081.0,45.0,0.0,0.0,0.0,0.0,3.0
13-08-2013,65.5,1081.0,45.0,0.0,0.0,0.0,0.0,0.0
14-08-2013,65.5,1081.0,45.0,0.0,0.0,0.0,0.0,14.0
15-08-2013,65.5,1081.0,45.0,0.0,0.0,0.0,0.0,18.0
16-08-2013,65.5,1081.0,45.0,0.0,0.0,0.0,0.0,2.0
17-08-2013,65.5,1081.0,45.0,0.0,0.0,0.0,0.0,18.0
18-08-2013,65.5,1081.0,45.0,0.0,0.0,0.0,0.0,4.0
19-08-2013,65.5,1081.0,45.0,0.0,0.0,0.0,0.0,0.0
20-08-2013,65.5,1081.0,45.0,0.0,0.0,0.0,0.0,0.0
21-08-2013,65.5,1081.0,45.0,0.0,0.0,0.0,0.0,0.0
22-08-2013,65.5,1081.0,45.0,0.0,0.0,0.0,0.0,0.0
23-08-2013,65.5,1081.0,45.0,0.0,0.0,0.0,0.0,0.0
24-08-2013,65.5,1081.0,45.0,0.0,0.0,0.0,0.0,0.0
25-08-2013,65.5,1081.0,45.0,0.0,0.0,0.0,0.0,0.0
26-08-2013,65.5,1081.0,45.0,0.0,0.0,0.0,0.0,0.0
27-08-2013,65.5,1081.0,45.0,0.0,0.0,0.0,0.0,0.0
28-08-2013,65.5,1081.0,45.0,0.0,0.0,0.0,0.0,0.0
29-08-2013,65.5,1081.0,45.0,0.0,0.0,0.0,0.0,0.0
30-08-2013,65.5,1081.0,45.0,0.0,0.0,0.0,0.0,36.0
31-08-2013,65.5,1081.0,45.0,0.0,0.0,0.0,0.0,0.0
01-09-2013,65.5,1081.0,45.0,0.0,0.0,0.0,0.0,0.0
02-09-2013,65.5,1081.0,45.0,0.0,0.0,0.0,0.0,0.0
03-09-2013,65.5,1081.0,45.0,0.0,0.0,0.0,0.0,0.0
04-09-2013,65.5,1081.0,45.0,0.0,0.0,0.0,0.0,8.0
05-09-2013,65.5,1081.0,45.0,0.0,0.0,0.0,0.0,0.0
06-09-2013,65.5,1081.0,45.0,0.0,0.0,0.0,0.0,6.0
07-09-2013,65.5,1081.0,45.0,0.0,0.0,0.0,0.0,0.0
08-09-2013,65.5,1081.0,45.0,0.0,0.0,0.0,0.0,0.0
09-09-2013,65.5,1081.0,45.0,0.0,0.0,0.0,0.0,36.0
10-09-2013,65.5,1081.0,45.0,0.0,0.0,0.0,0.0,8.0
11-09-2013,65.5,1081.0,45.0,0.0,0.0,0.0,0.0,49.0
12-09-2013,65.5,1081.0,45.0,0.0,0.0,0.0,0.0,8.0
13-09-2013,65.5,1081.0,45.0,0.0,0.0,0.0,0.0,65.0
14-09-2013,65.5,1081.0,45.0,0.0,0.0,0.0,0.0,16.0
15-09-2013,65.5,1081.0,45.0,0.0,0.0,0.0,0.0,0.0
16-09-2013,65.5,1081.0,45.0,0.0,0.0,0.0,0.0,26.0
17-09-2013,65.5,1081.0,45.0,0.0,0.0,0.0,0.0,0.0
18-09-2013,65.5,1081.0,45.0,0.0,0.0,0.0,0.0,0.0
19-09-2013,65.5,1081.0,45.0,0.0,0.0,0.0,0.0,28.0
20-09-2013,65.5,1081.0,45.0,0.0,0.0,0.0,0.0,0.0
21-09-2013,65.5,1081.0,45.0,0.0,0.0,0.0,0.0,0.0
22-09-2013,65.5,1081.0,45.0,0.0,0.0,0.0,0.0,0.0
23-09-2013,65.5,1081.0,45.0,0.0,0.0,0.0,0.0,1.0
24-09-2013,65.5,1081.0,45.0,0.0,0.0,0.0,0.0,0.0
25-09-2013,65.5,1081.0,45.0,0.0,0.0,0.0,0.0,1.0
26-09-2013,65.5,1081.0,45.0,0.0,0.0,0.0,0.0,0.0
27-09-2013,65.5,1081.0,45.0,0.0,0.0,0.0,0.0,0.0
28-09-2013,65.5,1081.0,45.0,0.0,0.0,0.0,0.0,0.0
29-09-2013,65.5,1081.0,45.0,0.0,0.0,0.0,0.0,0.0
30-09-2013,65.5,1081.0,45.0,0.0,0.0,0.0,0.0,0.0
01-10-2013,65.5,1081.0,45.0,0.0,0.0,0.0,0.0,0.0
02-10-2013,65.5,1081.0,45.0,0.0,0.0,0.0,0.0,2.0
03-10-2013,65.5,1081.0,45.0,0.0,0.0,0.0,0.0,0.0
04-10-2013,65.5,1081.0,45.0,0.0,0.0,0.0,0.0,23.0
05-10-2013,65.5,1081.0,45.0,0.0,0.0,0.0,0.0,0.0
06-10-2013,65.5,1081.0,45.0,0.0,0.0,0.0,0.0,0.0
07-10-2013,65.5,1081.0,45.0,0.0,0.0,0.0,0.0,0.0
08-10-2013,65.5,1081.0,45.05,26.0,2.41,0.0,0.0,0.0
09-10-2013,65.5,1081.0,45.05,26.0,2.41,0.0,0.0,0.0
10-10-2013,65.5,1081.0,45.05,26.0,2.41,0.0,0.0,2.0
11-10-2013,65.5,1081.0,45.26,30.0,2.78,46.0,0.0,7.0
12-10-2013,65.5,1081.0,45.37,32.0,2.96,24.0,0.0,0.0
13-10-2013,65.5,1081.0,45.48,34.0,3.15,24.0,0.0,0.0
14-10-2013,65.5,1081.0,45.59,36.0,3.33,24.0,0.0,0.0
15-10-2013,65.5,1081.0,45.35,51.0,4.72,174.0,0.0,0.0
16-10-2013,65.5,1081.0,46.55,55.0,5.09,46.0,0.0,0.0
17-10-2013,65.5,1081.0,46.55,55.0,5.09,0.0,0.0,0.0
18-10-2013,65.5,1081.0,46.55,55.0,5.09,0.0,0.0,0.0
19-10-2013,65.5,1081.0,46.55,55.0,5.09,0.0,0.0,0.0
20-10-2013,65.5,1081.0,46.74,59.0,5.46,47.0,0.0,12.0
21-10-2013,65.5,1081.0,47.05,66.0,6.11,82.0,0.0,68.0
22-10-2013,65.5,1081.0,47.45,75.0,6.94,104.0,0.0,26.0
23-10-2013,65.5,1081.0,47.88,85.0,7.86,116.0,0.0,6.0
24-10-2013,65.5,1081.0,48.15,92.0,8.51,81.0,0.0,3.0
25-10-2013,65.5,1081.0,48.31,96.0,8.88,46.0,0.0,0.0
26-10-2013,65.5,1081.0,48.5,102.0,9.44,70.0,0.0,64.0
27-10-2013,65.5,1081.0,49.02,115.0,10.64,150.0,0.0,12.0
28-10-2013,65.5,1081.0,49.31,123.0,11.38,93.0,0.0,0.0
29-10-2013,65.5,1081.0,49.53,129.0,11.93,70.0,0.0,0.0
30-10-2013,65.5,1081.0,49.66,133.0,12.3,47.0,0.0,0.0
31-10-2013,65.5,1081.0,49.76,136.0,12.58,35.0,0.0,0.0
01-11-2013,65.5,1081.0,49.97,142.0,13.14,60.0,0.0,13.0
02-11-2013,65.5,1081.0,60.01,145.0,13.41,35.0,0.0,1.0
03-11-2013,65.5,1081.0,50.23,150.0,13.88,58.0,0.0,23.0
04-11-2013,65.5,1081.0,50.4,155.0,14.34,58.0,0.0,8.0
05-11-2013,65.5,1081.0,50.97,173.0,16.0,0.0,0.0,0.0
06-11-2013,65.5,1081.0,50.58,161.0,14.89,23.0,0.0,0.0
07-11-2013,65.5,1081.0,50.65,163.0,15.08,23.0,0.0,0.0
08-11-2013,65.5,1081.0,50.65,163.0,15.08,0.0,0.0,0.0
09-11-2013,65.5,1081.0,50.65,163.0,15.08,0.0,0.0,0.0
10-11-2013,65.5,1081.0,50.65,163.0,15.08,0.0,0.0,0.0
11-11-2013,65.5,1081.0,50.62,162.0,14.99,0.0,0.0,0.0
12-11-2013,65.5,1081.0,50.62,162.0,14.99,0.0,0.0,0.0
13-11-2013,65.5,1081.0,50.62,162.0,14.99,0.0,0.0,0.0
14-11-2013,65.5,1081.0,50.58,161.0,14.89,0.0,0.0,0.0
15-11-2013,65.5,1081.0,50.58,161.0,14.89,0.0,0.0,0.0
16-11-2013,65.5,1081.0,50.58,161.0,14.89,0.0,0.0,3.0
17-11-2013,65.5,1081.0,50.65,163.0,15.08,23.0,0.0,14.4
18-11-2013,65.5,1081.0,50.71,165.0,15.26,23.0,0.0,13.0
19-11-2013,65.5,1081.0,50.71,165.0,15.26,0.0,0.0,0.0
20-11-2013,65.5,1081.0,50.71,165.0,15.26,0.0,0.0,0.0
21-11-2013,65.5,1081.0,50.71,165.0,15.26,0.0,0.0,0.0
22-11-2013,65.5,1081.0,50.71,165.0,15.26,0.0,0.0,0.0
23-11-2013,65.5,1081.0,50.71,165.0,15.26,0.0,0.0,0.0
24-11-2013,65.5,1081.0,50.18,168.0,15.54,35.0,0.0,5.0
25-11-2013,65.5,1081.0,50.91,171.0,15.82,35.0,0.0,0.0
26-11-2013,65.5,1081.0,50.91,171.0,15.82,0.0,0.0,2.0
27-11-2013,65.5,1081.0,50.91,171.0,15.82,0.0,0.0,0.0
28-11-2013,65.5,1081.0,50.91,171.0,15.82,0.0,0.0,0.0
29-11-2013,65.5,1081.0,50.91,171.0,15.82,0.0,0.0,0.0
30-11-2013,65.5,1081.0,50.88,170.0,15.73,0.0,0.0,0.0
01-12-2013,65.5,1081.0,50.88,170.0,15.73,0.0,0.0,2.0
02-12-2013,65.5,1081.0,50.97,173.0,16.0,35.0,0.0,18.6
03-12-2013,65.5,1081.0,50.97,173.0,16.0,0.0,0.0,0.0
04-12-2013,65.5,1081.0,50.97,173.0,16.0,0.0,0.0,0.0
05-12-2013,65.5,1081.0,50.97,173.0,16.0,0.0,0.0,0.0
06-12-2013,65.5,1081.0,50.97,173.0,16.0,0.0,0.0,0.0
07-12-2013,65.5,1081.0,50.97,173.0,16.0,0.0,0.0,0.0
08-12-2013,65.5,1081.0,50.97,173.0,16.0,0.0,0.0,3.0
09-12-2013,65.5,1081.0,50.97,173.0,16.0,0.0,0.0,0.0
10-12-2013,65.5,1081.0,50.97,173.0,16.0,0.0,0.0,0.0
11-12-2013,65.5,1081.0,50.97,173.0,16.0,0.0,0.0,0.0
12-12-2013,65.5,1081.0,50.97,173.0,16.0,0.0,0.0,2.0
13-12-2013,65.5,1081.0,50.97,173.0,16.0,0.0,0.0,2.0
14-12-2013,65.5,1081.0,50.97,173.0,16.0,0.0,0.0,0.0
15-12-2013,65.5,1081.0,50.97,173.0,16.0,0.0,0.0,0.0
16-12-2013,65.5,1081.0,50.97,173.0,16.0,0.0,0.0,0.0
17-12-2013,65.5,1081.0,50.97,173.0,16.0,0.0,0.0,0.0
18-12-2013,65.5,1081.0,50.97,173.0,16.0,0.0,0.0,0.0
19-12-2013,65.5,1081.0,50.97,173.0,16.0,0.0,0.0,0.0
20-12-2013,65.5,1081.0,50.97,173.0,16.0,0.0,0.0,0.0
21-12-2013,65.5,1081.0,50.97,173.0,16.0,0.0,0.0,0.0
22-12-2013,65.5,1081.0,50.93,172.0,15.91,0.0,0.0,0.0
23-12-2013,65.5,1081.0,50.93,172.0,15.91,0.0,0.0,0.0
24-12-2013,65.5,1081.0,50.93,172.0,15.91,0.0,0.0,0.0
25-12-2013,65.5,1081.0,50.93,172.0,15.91,0.0,0.0,0.0
26-12-2013,65.5,1081.0,50.93,172.0,15.91,0.0,0.0,0.0
27-12-2013,65.5,1081.0,50.93,172.0,15.91,0.0,0.0,0.0
28-12-2013,65.5,1081.0,50.9,171.0,15.82,0.0,0.0,0.0
29-12-2013,65.5,1081.0,50.9,171.0,15.82,0.0,0.0,0.0
30-12-2013,65.5,1081.0,50.9,171.0,15.82,0.0,0.0,0.0
31-12-2013,65.5,1081.0,50.9,171.0,15.82,0.0,0.0,0.0
01-01-2014,65.5,1081.0,50.87,170.0,15.73,0.0,0.0,0.0
02-01-2014,65.5,1081.0,50.84,169.0,15.63,0.0,0.0,0.0
03-01-2014,65.5,1081.0,50.84,169.0,15.63,0.0,0.0,0.0
04-01-2014,65.5,1081.0,50.84,169.0,15.63,0.0,0.0,0.0
05-01-2014,65.5,1081.0,49.31,123.0,11.38,0.0,0.0,0.0
06-01-2014,65.5,1081.0,60.81,168.0,15.54,0.0,0.0,0.0
07-01-2014,65.5,1081.0,50.81,168.0,15.54,0.0,0.0,0.0
08-01-2014,65.5,1081.0,50.77,167.0,15.45,0.0,0.0,0.0
09-01-2014,65.5,1081.0,50.77,167.0,15.45,0.0,0.0,0.0
10-01-2014,65.5,1081.0,50.58,161.0,14.89,0.0,100.0,0.0
11-01-2014,65.5,1081.0,50.3,152.0,14.06,0.0,100.0,0.0
12-01-2014,65.5,1081.0,50.04,144.0,13.32,0.0,100.0,0.0
13-01-2014,65.5,1081.0,49.73,135.0,12.49,0.0,100.0,0.0
14-01-2014,65.5,1081.0,49.52,129.0,11.93,0.0,70.0,0.0
15-01-2014,65.5,1081.0,49.31,123.0,11.38,0.0,150.0,0.0
16-01-2014,65.5,1081.0,49.14,118.0,10.92,0.0,50.0,0.0
17-01-2014,65.5,1081.0,48.96,113.0,10.45,0.0,40.0,0.0
18-01-2014,65.5,1081.0,48.8,109.0,10.08,0.0,40.0,0.0
19-01-2014,65.5,1081.0,48.69,106.0,9.81,0.0,30.0,0.0
20-01-2014,65.5,1081.0,48.58,103.0,9.53,0.0,30.0,0.0
21-01-2014,65.5,1081.0,48.5,101.0,9.34,0.0,20.0,0.0
22-01-2014,65.5,1081.0,48.46,100.0,9.25,0.0,10.0,0.0
23-01-2014,65.5,1081.0,48.42,99.0,9.16,0.0,10.0,0.0
24-01-2014,65.5,1081.0,48.39,98.0,9.07,0.0,10.0,0.0
25-01-2014,65.5,1081.0,48.35,97.0,8.97,0.0,10.0,0.0
26-01-2014,65.5,1081.0,48.35,97.0,8.97,0.0,5.0,0.0
27-01-2014,65.5,1081.0,48.31,96.0,8.88,0.0,5.0,0.0
28-01-2014,65.5,1081.0,48.31,96.0,8.88,0.0,5.0,0.0
29-01-2014,65.5,1081.0,48.27,95.0,8.79,0.0,5.0,0.0
30-01-2014,65.5,1081.0,48.27,95.0,8.79,0.0,5.0,0.0
31-01-2014,65.5,1081.0,48.23,94.0,8.7,0.0,5.0,0.0
01-02-2014,65.5,1081.0,48.23,94.0,8.7,0.0,5.0,0.0
02-02-2014,65.5,1081.0,48.19,93.0,8.6,0.0,5.0,0.0
03-02-2014,65.5,1081.0,48.19,93.0,8.6,0.0,5.0,0.0
04-02-2014,65.5,1081.0,48.14,92.0,8.51,0.0,5.0,0.0
05-02-2014,65.5,1081.0,48.14,92.0,8.51,85.0,5.0,0.0
06-02-2014,65.5,1081.0,44.5,2.0,0.19,0.0,0.0,0.0
07-02-2014,65.5,1081.0,48.11,91.0,8.42,0.0,5.0,0.0
08-02-2014,65.5,1081.0,48.07,90.0,8.33,0.0,5.0,0.0
09-02-2014,65.5,1081.0,48.07,90.0,8.33,0.0,5.0,0.0
10-02-2014,65.5,1081.0,48.04,89.0,8.23,0.0,5.0,0.0
11-02-2014,65.5,1081.0,48.04,89.0,8.23,0.0,5.0,0.0
12-02-2014,65.5,1081.0,47.99,88.0,8.14,0.0,5.0,0.0
13-02-2014,65.5,1081.0,47.95,87.0,8.05,0.0,5.0,0.0
14-02-2014,65.5,1081.0,47.95,87.0,8.05,0.0,5.0,0.0
15-02-2014,65.5,1081.0,47.9,86.0,7.96,0.0,5.0,0.0
16-02-2014,65.5,1081.0,47.86,85.0,7.86,0.0,5.0,0.0
17-02-2014,65.5,1081.0,47.86,85.0,7.86,0.0,5.0,0.0
18-02-2014,65.5,1081.0,47.82,84.0,7.77,0.0,5.0,0.0
19-02-2014,65.5,1081.0,47.82,84.0,7.77,0.0,5.0,0.0
20-02-2014,65.5,1081.0,47.78,83.0,7.68,0.0,5.0,0.0
21-02-2014,65.5,1081.0,47.78,83.0,7.68,0.0,5.0,0.0
22-02-2014,65.5,1081.0,47.74,82.0,7.59,0.0,5.0,0.0
23-02-2014,65.5,1081.0,47.74,82.0,7.59,0.0,5.0,0.0
24-02-2014,65.5,1081.0,47.7,81.0,7.49,0.0,5.0,0.0
25-02-2014,65.5,1081.0,47.66,80.0,7.4,0.0,5.0,0.0
26-02-2014,65.5,1081.0,47.66,80.0,7.4,0.0,5.0,0.0
27-02-2014,65.5,1081.0,47.62,79.0,7.31,0.0,0.0,0.0
28-02-2014,65.5,1081.0,47.62,79.0,7.31,0.0,0.0,0.0
01-03-2014,65.5,1081.0,47.62,79.0,7.31,0.0,0.0,0.0
02-03-2014,65.5,1081.0,47.62,79.0,7.31,0.0,0.0,0.0
03-03-2014,65.5,1081.0,47.58,78.0,7.22,0.0,0.0,0.0
04-03-2014,65.5,1081.0,47.58,78.0,7.22,0.0,0.0,0.0
05-03-2014,65.5,1081.0,47.58,78.0,7.22,0.0,0.0,0.0
06-03-2014,65.5,1081.0,47.53,77.0,7.12,0.0,0.0,0.0
07-03-2014,65.5,1081.0,47.53,77.0,7.12,0.0,0.0,0.0
08-03-2014,65.5,1081.0,47.53,77.0,7.12,0.0,0.0,0.0
09-03-2014,65.5,1081.0,47.53,77.0,7.12,0.0,0.0,0.0
10-03-2014,65.5,1081.0,47.49,76.0,7.03,0.0,0.0,0.0
11-03-2014,65.5,1081.0,47.49,76.0,7.03,0.0,0.0,0.0
12-03-2014,65.5,1081.0,47.49,76.0,7.03,0.0,0.0,0.0
13-03-2014,65.5,1081.0,47.45,75.0,6.94,0.0,0.0,0.0
14-03-2014,65.5,1081.0,47.45,75.0,6.94,0.0,0.0,0.0
15-03-2014,65.5,1081.0,47.45,75.0,6.94,0.0,0.0,0.0
16-03-2014,65.5,1081.0,47.45,75.0,6.94,0.0,0.0,0.0
17-03-2014,65.5,1081.0,47.4,74.0,6.85,0.0,10.0,0.0
18-03-2014,65.5,1081.0,47.36,73.0,6.75,0.0,10.0,0.0
19-03-2014,65.5,1081.0,47.32,72.0,6.66,0.0,10.0,0.0
20-03-2014,65.5,1081.0,47.23,70.0,6.48,0.0,15.0,0.0
21-03-2014,65.5,1081.0,47.19,69.0,6.38,0.0,15.0,0.0
22-03-2014,65.5,1081.0,47.1,67.0,6.2,0.0,15.0,0.0
24-03-2014,65.5,1081.0,46.97,64.0,5.92,0.0,15.0,0.0
25-03-2014,65.5,1081.0,46.27,63.0,5.83,0.0,15.0,0.0
26-03-2014,65.5,1081.0,46.82,61.0,5.64,0.0,15.0,0.0
27-03-2014,65.5,1081.0,46.78,60.0,5.55,0.0,15.0,0.0
28-03-2014,65.5,1081.0,46.69,58.0,5.37,0.0,15.0,0.0
29-03-2014,65.5,1081.0,46.6,56.0,5.18,0.0,15.0,0.0
30-03-2014,65.5,1081.0,46.55,55.0,5.09,0.0,15.0,0.0
31-03-2014,65.5,1081.0,46.45,53.0,4.9,0.0,15.0,0.0
01-04-2014,65.5,1081.0,46.4,52.0,4.81,0.0,15.0,0.0
02-04-2014,65.5,1081.0,46.3,50.0,4.63,0.0,15.0,0.0
03-04-2014,65.5,1081.0,46.25,49.0,4.53,0.0,15.0,0.0
04-04-2014,65.5,1081.0,46.15,47.0,4.35,0.0,15.0,0.0
05-04-2014,65.5,1081.0,46.1,46.0,4.26,0.0,15.0,0.0
06-04-2014,65.5,1081.0,46.0,44.0,4.07,0.0,15.0,0.0
07-04-2014,65.5,1081.0,45.95,43.0,3.98,0.0,15.0,0.0
08-04-2014,65.5,1081.0,45.85,41.0,3.79,0.0,15.0,0.0
09-04-2014,65.5,1081.0,45.8,40.0,3.7,0.0,15.0,0.0
10-04-2014,65.5,1081.0,45.69,38.0,3.52,0.0,15.0,0.0
11-04-2014,65.5,1081.0,45.64,37.0,3.42,0.0,15.0,0.0
12-04-2014,65.5,1081.0,45.54,35.0,3.24,0.0,15.0,0.0
13-04-2014,65.5,1081.0,45.48,34.0,3.15,0.0,15.0,0.0
14-04-2014,65.5,1081.0,45.37,32.0,2.96,0.0,15.0,0.0
15-04-2014,65.5,1081.0,45.31,31.0,2.87,0.0,15.0,0.0
16-04-2014,65.5,1081.0,45.2,29.0,2.68,0.0,15.0,0.0
17-04-2014,65.5,1081.0,45.15,28.0,2.59,0.0,15.0,0.0
18-04-2014,65.5,1081.0,45.04,26.0,2.41,0.0,15.0,0.0
19-04-2014,65.5,1081.0,44.86,25.0,2.31,0.0,15.0,0.0
20-04-2014,65.5,1081.0,44.5,23.0,2.13,0.0,15.0,0.0
21-04-2014,65.5,1081.0,44.5,22.0,2.04,0.0,15.0,0.0
22-04-2014,65.5,1081.0,44.5,20.0,1.85,0.0,15.0,0.0
23-04-2014,65.5,1081.0,44.5,19.0,1.76,0.0,15.0,0.0
24-04-2014,65.5,1081.0,44.5,17.0,1.57,0.0,15.0,0.0
25-04-2014,65.5,1081.0,44.5,16.0,1.48,0.0,15.0,0.0
26-04-2014,65.5,1081.0,44.5,14.0,1.3,0.0,15.0,0.0
27-04-2014,65.5,1081.0,44.5,13.0,1.2,0.0,15.0,0.0
28-04-2014,65.5,1081.0,44.5,11.0,1.02,0.0,15.0,0.0
29-04-2014,65.5,1081.0,44.5,10.0,0.93,0.0,15.0,0.0
30-04-2014,65.5,1081.0,44.5,8.0,0.74,0.0,15.0,0.0
01-05-2014,65.5,1081.0,44.5,7.0,0.65,0.0,15.0,0.0
02-05-2014,65.5,1081.0,44.5,6.0,0.56,0.0,10.0,0.0
03-05-2014,65.5,1081.0,44.5,5.0,0.46,0.0,10.0,0.0
04-05-2014,65.5,1081.0,44.5,4.0,0.37,0.0,10.0,0.0
05-05-2014,65.5,1081.0,44.5,4.0,0.37,0.0,5.0,1.0
06-05-2014,65.5,1081.0,44.5,3.0,0.28,0.0,5.0,0.0
07-05-2014,65.5,1081.0,44.5,3.0,0.28,0.0,0.0,0.0
08-05-2014,65.5,1081.0,44.5,3.0,0.28,0.0,0.0,5.0
09-05-2014,65.5,1081.0,44.5,3.0,0.28,0.0,0.0,0.0
10-05-2014,65.5,1081.0,44.5,3.0,0.28,0.0,0.0,0.0
11-05-2014,65.5,1081.0,44.5,3.0,0.28,0.0,0.0,0.0
12-05-2014,65.5,1081.0,44.5,3.0,0.28,0.0,0.0,0.0
13-05-2014,65.5,1081.0,44.5,3.0,0.28,0.0,0.0,0.0
14-05-2014,65.5,1081.0,44.5,3.0,0.28,0.0,0.0,0.0
15-05-2014,65.5,1081.0,44.5,3.0,0.28,0.0,0.0,0.0
16-05-2014,65.5,1081.0,44.5,3.0,0.28,0.0,0.0,0.0
17-05-2014,65.5,1081.0,44.5,3.0,0.28,0.0,0.0,0.0
18-05-2014,65.5,1081.0,44.5,3.0,0.28,0.0,0.0,0.0
19-05-2014,65.5,1081.0,44.5,3.0,0.28,0.0,0.0,0.0
20-05-2014,65.5,1081.0,44.5,3.0,0.28,0.0,0.0,0.0
21-05-2014,65.5,1081.0,44.5,3.0,0.28,0.0,0.0,0.0
22-05-2014,65.5,1081.0,44.5,3.0,0.28,0.0,0.0,0.0
23-05-2014,65.5,1081.0,44.5,3.0,0.28,0.0,0.0,0.0
24-05-2014,65.5,1081.0,44.5,3.0,0.28,0.0,0.0,0.0
25-05-2014,65.5,1081.0,44.5,3.0,0.28,0.0,0.0,0.0
26-05-2014,65.5,1081.0,44.5,3.0,0.28,0.0,0.0,0.0
27-05-2014,65.5,1081.0,44.5,3.0,0.28,0.0,0.0,0.0
28-05-2014,65.5,1081.0,44.5,3.0,0.28,0.0,0.0,0.0
29-05-2014,65.5,1081.0,44.5,3.0,0.28,0.0,0.0,0.0
30-05-2014,65.5,1081.0,44.5,3.0,0.28,0.0,0.0,0.0
31-05-2014,65.5,1081.0,44.5,3.0,0.28,0.0,0.0,0.0
01-06-2014,65.5,1081.0,44.5,3.0,0.28,0.0,0.0,0.0
02-06-2014,65.5,1081.0,44.5,2.0,0.19,0.0,0.0,0.0
03-06-2014,65.5,1081.0,44.5,2.0,0.19,0.0,0.0,0.0
04-06-2014,65.5,1081.0,44.5,2.0,0.19,0.0,0.0,0.0
05-06-2014,65.5,1081.0,44.5,2.0,0.19,0.0,0.0,0.0
06-06-2014,65.5,1081.0,46.64,2.0,0.19,0.0,0.0,0.0
07-06-2014,65.5,1081.0,46.64,2.0,0.19,0.0,0.0,0.0
08-06-2014,65.5,1081.0,46.64,2.0,0.19,0.0,0.0,0.0
09-06-2014,65.5,1081.0,46.64,2.0,0.19,0.0,0.0,32.0
10-06-2014,65.5,1081.0,46.64,2.0,0.19,0.0,0.0,11.0
11-06-2014,65.5,1081.0,46.64,2.0,0.19,0.0,0.0,0.0
12-06-2014,65.5,1081.0,46.64,2.0,0.19,0.0,0.0,0.0
13-06-2014,65.5,1081.0,46.64,2.0,0.19,0.0,0.0,0.0
14-06-2014,65.5,1081.0,46.64,2.0,0.19,0.0,0.0,0.0
15-06-2014,65.5,1081.0,46.64,1.0,0.09,0.0,0.0,0.0
16-06-2014,65.5,1081.0,46.64,1.0,0.09,0.0,0.0,0.0
17-06-2014,65.5,1081.0,46.64,0.0,0.0,0.0,0.0,0.0
18-06-2014,65.5,1081.0,46.64,0.0,0.0,0.0,0.0,0.0
19-06-2014,65.5,1081.0,46.64,0.0,0.0,0.0,0.0,0.0
20-06-2014,65.5,1081.0,46.64,0.0,0.0,0.0,0.0,0.0
21-06-2014,65.5,1081.0,46.64,0.0,0.0,0.0,0.0,0.0
22-06-2014,65.5,1081.0,46.64,0.0,0.0,0.0,0.0,0.0
23-06-2014,65.5,1081.0,46.64,0.0,0.0,0.0,0.0,0.0
24-06-2014,65.5,1081.0,46.64,0.0,0.0,0.0,0.0,0.0
25-06-2014,65.5,1081.0,46.64,0.0,0.0,0.0,0.0,0.0
26-06-2014,65.5,1081.0,46.64,0.0,0.0,0.0,0.0,0.0
27-06-2014,65.5,1081.0,46.64,0.0,0.0,0.0,0.0,0.0
28-06-2014,65.5,1081.0,46.64,0.0,0.0,0.0,0.0,0.0
29-06-2014,65.5,1081.0,46.64,0.0,0.0,0.0,0.0,12.0
30-06-2014,65.5,1081.0,46.64,0.0,0.0,0.0,0.0,13.0
01-07-2014,65.5,1081.0,46.64,0.0,0.0,0.0,0.0,15.0
02-07-2014,65.5,1081.0,46.64,0.0,0.0,0.0,0.0,0.0
03-07-2014,65.5,1081.0,46.64,0.0,0.0,0.0,0.0,0.0
04-07-2014,65.5,1081.0,46.64,0.0,0.0,0.0,0.0,0.0
05-07-2014,65.5,1081.0,46.64,0.0,0.0,0.0,0.0,0.0
06-07-2014,65.5,1081.0,46.64,0.0,0.0,0.0,0.0,62.0
07-07-2014,65.5,1081.0,46.64,0.0,0.0,0.0,0.0,0.0
08-07-2014,65.5,1081.0,46.64,0.0,0.0,0.0,0.0,0.0
09-07-2014,65.5,1081.0,46.64,0.0,0.0,0.0,0.0,0.0
10-07-2014,65.5,1081.0,46.64,0.0,0.0,0.0,0.0,6.0
11-07-2014,65.5,1081.0,46.64,0.0,0.0,0.0,0.0,2.0
12-07-2014,65.5,1081.0,46.64,0.0,0.0,0.0,0.0,0.0
13-07-2014,65.5,1081.0,46.64,0.0,0.0,0.0,0.0,0.0
14-07-2014,65.5,1081.0,46.64,0.0,0.0,0.0,0.0,0.0
15-07-2014,65.5,1081.0,46.64,0.0,0.0,0.0,0.0,0.0
16-07-2014,65.5,1081.0,46.64,0.0,0.0,0.0,0.0,0.0
17-07-2014,65.5,1081.0,46.64,0.0,0.0,0.0,0.0,0.0
18-07-2014,65.5,1081.0,46.64,0.0,0.0,0.0,0.0,0.0
19-07-2014,65.5,1081.0,46.64,0.0,0.0,0.0,0.0,0.0
20-07-2014,65.5,1081.0,46.64,0.0,0.0,0.0,0.0,0.0
21-07-2014,65.5,1081.0,46.64,0.0,0.0,0.0,0.0,0.0
22-07-2014,65.5,1081.0,46.64,0.0,0.0,0.0,0.0,0.0
23-07-2014,65.5,1081.0,46.64,0.0,0.0,0.0,0.0,0.0
24-07-2014,65.5,1081.0,46.64,0.0,0.0,0.0,0.0,0.0
25-07-2014,65.5,1081.0,46.64,0.0,0.0,0.0,0.0,5.0
26-07-2014,65.5,1081.0,46.64,0.0,0.0,0.0,0.0,0.0
27-07-2014,65.5,1081.0,46.64,0.0,0.0,0.0,0.0,0.0
28-07-2014,65.5,1081.0,46.64,0.0,0.0,0.0,0.0,0.0
29-07-2014,65.5,1081.0,46.64,0.0,0.0,0.0,0.0,0.0
30-07-2014,65.5,1081.0,46.64,0.0,0.0,0.0,0.0,10.0
31-07-2014,65.5,1081.0,46.64,0.0,0.0,0.0,0.0,0.0
01-08-2014,65.5,1081.0,46.64,0.0,0.0,0.0,0.0,0.0
02-08-2014,65.5,1081.0,46.64,0.0,0.0,0.0,0.0,7.0
03-08-2014,65.5,1081.0,46.64,0.0,0.0,0.0,0.0,0.0
04-08-2014,65.5,1081.0,46.64,0.0,0.0,0.0,0.0,0.0
05-08-2014,65.5,1081.0,46.64,0.0,0.0,0.0,0.0,0.0
06-08-2014,65.5,1081.0,46.64,0.0,0.0,0.0,0.0,8.0
07-08-2014,65.5,1081.0,46.64,0.0,0.0,0.0,0.0,22.0
08-08-2014,65.5,1081.0,46.64,0.0,0.0,0.0,0.0,0.0
09-08-2014,65.5,1081.0,46.64,0.0,0.0,0.0,0.0,15.0
10-08-2014,65.5,1081.0,46.64,0.0,0.0,0.0,0.0,0.0
11-08-2014,65.5,1081.0,46.64,0.0,0.0,0.0,0.0,0.0
12-08-2014,65.5,1081.0,46.64,0.0,0.0,0.0,0.0,6.0
13-08-2014,65.5,1081.0,46.64,0.0,0.0,0.0,0.0,0.0
14-08-2014,65.5,1081.0,46.64,0.0,0.0,0.0,0.0,0.0
15-08-2014,65.5,1081.0,46.64,0.0,0.0,0.0,0.0,0.0
16-08-2014,65.5,1081.0,46.64,0.0,0.0,0.0,0.0,4.0
17-08-2014,65.5,1081.0,46.64,0.0,0.0,0.0,0.0,0.0
18-08-2014,65.5,1081.0,46.64,0.0,0.0,0.0,0.0,0.0
19-08-2014,65.5,1081.0,46.64,0.0,0.0,0.0,0.0,0.0
20-08-2014,65.5,1081.0,46.64,0.0,0.0,0.0,0.0,0.0
21-08-2014,65.5,1081.0,46.64,0.0,0.0,0.0,0.0,0.0
22-08-2014,65.5,1081.0,46.64,0.0,0.0,0.0,0.0,0.0
23-08-2014,65.5,1081.0,46.64,0.0,0.0,0.0,0.0,0.0
24-08-2014,65.5,1081.0,46.64,0.0,0.0,0.0,0.0,0.0
25-08-2014,65.5,1081.0,46.64,0.0,0.0,0.0,0.0,10.0
26-08-2014,65.5,1081.0,46.64,0.0,0.0,0.0,0.0,0.0
27-08-2014,65.5,1081.0,46.64,0.0,0.0,0.0,0.0,2.0
28-08-2014,65.5,1081.0,46.64,0.0,0.0,0.0,0.0,0.0
29-08-2014,65.5,1081.0,46.64,0.0,0.0,0.0,0.0,0.0
30-08-2014,65.5,1081.0,46.64,0.0,0.0,0.0,0.0,0.0
31-08-2014,65.5,1081.0,46.64,0.0,0.0,0.0,0.0,0.0
01-09-2014,65.5,1081.0,46.64,0.0,0.0,0.0,0.0,0.0
02-09-2014,65.5,1081.0,46.64,0.0,0.0,0.0,0.0,0.0
03-09-2014,65.5,1081.0,46.64,0.0,0.0,0.0,0.0,0.0
04-09-2014,65.5,1081.0,46.64,0.0,0.0,0.0,0.0,33.0
05-09-2014,65.5,1081.0,46.64,0.0,0.0,0.0,0.0,0.0
06-09-2014,65.5,1081.0,46.64,0.0,0.0,0.0,0.0,26.0
07-09-2014,65.5,1081.0,46.64,0.0,0.0,0.0,0.0,4.0
08-09-2014,65.5,1081.0,46.64,0.0,0.0,0.0,0.0,2.0
09-09-2014,65.5,1081.0,46.64,0.0,0.0,0.0,0.0,0.0
10-09-2014,65.5,1081.0,46.64,0.0,0.0,0.0,0.0,0.0
11-09-2014,65.5,1081.0,46.64,0.0,0.0,0.0,0.0,0.0
12-09-2014,65.5,1081.0,46.64,0.0,0.0,0.0,0.0,0.0
13-09-2014,65.5,1081.0,46.64,0.0,0.0,0.0,0.0,19.0
14-09-2014,65.5,1081.0,46.64,0.0,0.0,0.0,0.0,0.0
15-09-2014,65.5,1081.0,46.64,0.0,0.0,0.0,0.0,6.0
16-09-2014,65.5,1081.0,46.64,0.0,0.0,0.0,0.0,14.0
17-09-2014,65.5,1081.0,46.64,0.0,0.0,0.0,0.0,0.0
18-09-2014,65.5,1081.0,46.64,0.0,0.0,0.0,0.0,7.0
19-09-2014,65.5,1081.0,46.64,0.0,0.0,0.0,0.0,0.0
20-09-2014,65.5,1081.0,46.64,0.0,0.0,0.0,0.0,0.0
21-09-2014,65.5,1081.0,46.64,0.0,0.0,0.0,0.0,0.0
22-09-2014,65.5,1081.0,46.64,0.0,0.0,0.0,0.0,3.0
23-09-2014,65.5,1081.0,46.64,0.0,0.0,0.0,0.0,0.0
24-09-2014,65.5,1081.0,46.64,0.0,0.0,0.0,0.0,0.0
25-09-2014,65.5,1081.0,46.64,0.0,0.0,0.0,0.0,0.0
26-09-2014,65.5,1081.0,46.64,0.0,0.0,0.0,0.0,0.0
27-09-2014,65.5,1081.0,46.64,0.0,0.0,0.0,0.0,0.0
28-09-2014,65.5,1081.0,46.64,0.0,0.0,0.0,0.0,0.0
29-09-2014,65.5,1081.0,46.64,0.0,0.0,0.0,0.0,0.0
30-09-2014,65.5,1081.0,46.64,0.0,0.0,0.0,0.0,0.0
01-10-2014,65.5,1081.0,46.64,0.0,0.0,0.0,0.0,0.0
02-10-2014,65.5,1081.0,46.64,0.0,0.0,0.0,0.0,0.0
03-10-2014,65.5,1081.0,46.64,0.0,0.0,0.0,0.0,0.0
04-10-2014,65.5,1081.0,46.64,0.0,0.0,0.0,0.0,0.0
05-10-2014,65.5,1081.0,46.64,0.0,0.0,0.0,0.0,0.0
06-10-2014,65.5,1081.0,46.64,0.0,0.0,0.0,0.0,0.0
07-10-2014,65.5,1081.0,46.64,0.0,0.0,0.0,0.0,0.0
08-10-2014,65.5,1081.0,46.64,0.0,0.0,0.0,0.0,0.0
09-10-2014,65.5,1081.0,46.64,0.0,0.0,0.0,0.0,0.0
10-10-2014,65.5,1081.0,46.64,0.0,0.0,0.0,0.0,0.0
11-10-2014,65.5,1081.0,46.64,0.0,0.0,0.0,0.0,0.0
12-10-2014,65.5,1081.0,46.64,0.0,0.0,0.0,0.0,0.0
13-10-2014,65.5,1081.0,46.64,0.0,0.0,0.0,0.0,0.0
14-10-2014,65.5,1081.0,46.64,0.0,0.0,0.0,0.0,0.0
15-10-2014,65.5,1081.0,46.64,0.0,0.0,0.0,0.0,0.0
16-10-2014,65.5,1081.0,46.64,0.0,0.0,0.0,0.0,10.0
17-10-2014,65.5,1081.0,46.64,0.0,0.0,0.0,0.0,2.0
18-10-2014,65.5,1081.0,46.64,0.0,0.0,0.0,0.0,30.0
19-10-2014,65.5,1081.0,46.64,0.0,0.0,0.0,0.0,49.0
20-10-2014,65.5,1081.0,46.64,0.0,0.0,0.0,0.0,54.0
21-10-2014,65.5,1081.0,46.64,0.0,0.0,0.0,0.0,8.0
22-10-2014,65.5,1081.0,46.64,0.0,0.0,0.0,0.0,0.0
23-10-2014,65.5,1081.0,46.64,0.0,0.0,0.0,0.0,5.0
24-10-2014,65.5,1081.0,46.64,0.0,0.0,0.0,0.0,67.0
25-10-2014,65.5,1081.0,46.64,15.0,1.39,174.0,0.0,4.0
26-10-2014,65.5,1081.0,46.64,30.0,2.78,174.0,0.0,0.0
27-10-2014,65.5,1081.0,45.9,42.0,3.89,139.0,0.0,0.0
28-10-2014,65.5,1081.0,46.11,46.0,4.26,46.0,0.0,3.0
29-10-2014,65.5,1081.0,46.11,46.0,4.26,0.0,0.0,0.0
30-10-2014,65.5,1081.0,46.11,46.0,4.26,0.0,0.0,0.0
31-10-2014,65.5,1081.0,46.11,46.0,4.26,0.0,0.0,0.0
01-11-2014,65.5,1081.0,46.11,46.0,4.26,0.0,0.0,18.0
02-11-2014,65.5,1081.0,46.25,49.0,4.53,35.0,0.0,36.0
03-11-2014,65.5,1081.0,46.4,52.0,4.81,35.0,0.0,15.0
04-11-2014,65.5,1081.0,46.4,52.0,4.81,0.0,0.0,0.0
05-11-2014,65.5,1081.0,46.4,52.0,4.81,0.0,0.0,0.0
06-11-2014,65.5,1081.0,46.4,52.0,4.81,0.0,0.0,0.0
07-11-2014,65.5,1081.0,46.4,52.0,4.81,0.0,0.0,0.0
08-11-2014,65.5,1081.0,46.4,52.0,4.81,0.0,0.0,0.0
09-11-2014,65.5,1081.0,46.4,52.0,4.81,0.0,0.0,0.0
10-11-2014,65.5,1081.0,46.4,52.0,4.81,0.0,0.0,0.0
11-11-2014,65.5,1081.0,46.4,52.0,4.81,0.0,0.0,0.0
12-11-2014,65.5,1081.0,46.4,52.0,4.81,0.0,0.0,4.0
13-11-2014,65.5,1081.0,46.69,58.0,5.37,70.0,0.0,113.0
14-11-2014,65.5,1081.0,46.82,61.0,5.64,35.0,0.0,40.0
15-11-2014,65.5,1081.0,46.82,61.0,5.64,0.0,0.0,0.0
16-11-2014,65.5,1081.0,46.82,61.0,5.64,0.0,0.0,0.0
17-11-2014,65.5,1081.0,46.82,61.0,5.64,0.0,0.0,0.0
18-11-2014,65.5,1081.0,46.82,61.0,5.64,0.0,0.0,0.0
19-11-2014,65.5,1081.0,46.82,61.0,5.64,0.0,0.0,0.0
20-11-2014,65.5,1081.0,46.82,61.0,5.64,0.0,0.0,0.0
21-11-2014,65.5,1081.0,46.82,61.0,5.64,0.0,0.0,0.0
22-11-2014,65.5,1081.0,46.82,61.0,5.64,0.0,0.0,0.0
23-11-2014,65.5,1081.0,46.82,61.0,5.64,0.0,0.0,0.0
24-11-2014,65.5,1081.0,46.82,61.0,5.64,0.0,0.0,0.0
25-11-2014,65.5,1081.0,46.82,61.0,5.64,0.0,0.0,0.0
26-11-2014,65.5,1081.0,46.82,61.0,5.64,0.0,0.0,0.0
27-11-2014,65.5,1081.0,46.82,61.0,5.64,0.0,0.0,0.0
28-11-2014,65.5,1081.0,46.82,61.0,5.64,0.0,0.0,0.0
29-11-2014,65.5,1081.0,46.82,61.0,5.64,0.0,0.0,0.0
30-11-2014,65.5,1081.0,46.82,61.0,5.64,0.0,0.0,0.0
01-12-2014,65.5,1081.0,46.82,61.0,5.64,0.0,0.0,0.0
02-12-2014,65.5,1081.0,46.82,61.0,5.64,0.0,0.0,0.0
03-12-2014,65.5,1081.0,46.82,61.0,5.64,0.0,0.0,0.0
04-12-2014,65.5,1081.0,46.82,61.0,5.64,0.0,0.0,0.0
05-12-2014,65.5,1081.0,46.82,61.0,5.64,0.0,0.0,0.0
06-12-2014,65.5,1081.0,46.82,61.0,5.64,0.0,0.0,0.0
07-12-2014,65.5,1081.0,46.82,61.0,5.64,0.0,0.0,0.0
08-12-2014,65.5,1081.0,46.82,61.0,5.64,0.0,0.0,0.0
09-12-2014,65.5,1081.0,46.82,61.0,5.64,0.0,0.0,0.0
10-12-2014,65.5,1081.0,46.82,61.0,5.64,0.0,0.0,9.0
11-12-2014,65.5,1081.0,47.18,69.0,6.38,93.0,0.0,30.0
12-12-2014,65.5,1081.0,47.54,77.0,7.12,93.0,0.0,6.0
13-12-2014,65.5,1081.0,47.78,83.0,7.68,69.0,0.0,4.0
14-12-2014,65.5,1081.0,48.11,91.0,8.42,93.0,0.0,7.0
15-12-2014,65.5,1081.0,48.43,99.0,9.16,60.0,0.0,0.0
16-12-2014,65.5,1081.0,48.62,104.0,9.62,58.0,0.0,0.0
17-12-2014,65.5,1081.0,48.77,108.0,9.99,46.0,0.0,0.0
18-12-2014,65.5,1081.0,48.84,110.0,10.18,23.0,0.0,4.0
19-12-2014,65.5,1081.0,48.84,110.0,10.18,0.0,0.0,1.0
20-12-2014,65.5,1081.0,48.84,110.0,10.18,0.0,0.0,0.0
21-12-2014,65.5,1081.0,48.84,110.0,10.18,0.0,0.0,0.0
22-12-2014,65.5,1081.0,48.84,110.0,10.18,0.0,0.0,4.0
23-12-2014,65.5,1081.0,48.84,110.0,10.18,0.0,0.0,0.0
24-12-2014,65.5,1081.0,48.84,110.0,10.18,0.0,0.0,0.0
25-12-2014,65.5,1081.0,48.84,110.0,10.18,0.0,0.0,0.0
26-12-2014,65.5,1081.0,48.84,110.0,10.18,0.0,0.0,0.0
27-12-2014,65.5,1081.0,48.84,110.0,10.18,0.0,0.0,0.0
28-12-2014,65.5,1081.0,48.84,110.0,10.18,0.0,0.0,0.0
29-12-2014,65.5,1081.0,48.84,110.0,10.18,0.0,0.0,8.0
30-12-2014,65.5,1081.0,49.24,121.0,11.19,127.0,0.0,41.0
31-12-2014,65.5,1081.0,49.31,123.0,11.38,23.0,0.0,3.0
01-01-2015,65.5,1081.0,49.31,123.0,11.38,0.0,0.0,0.0
02-01-2015,65.5,1081.0,49.31,123.0,11.38,0.0,0.0,0.0
03-01-2015,65.5,1081.0,49.31,123.0,11.38,0.0,0.0,0.0
04-01-2015,65.5,1081.0,49.31,123.0,11.38,0.0,0.0,0.0
05-01-2015,65.5,1081.0,49.31,123.0,11.38,0.0,0.0,0.0
06-01-2015,65.5,1081.0,49.31,123.0,11.38,0.0,0.0,0.0
07-01-2015,65.5,1081.0,49.31,123.0,11.38,0.0,0.0,0.0
08-01-2015,65.5,1081.0,49.31,123.0,11.38,0.0,0.0,0.0
09-01-2015,65.5,1081.0,49.31,123.0,11.38,0.0,0.0,0.0
10-01-2015,65.5,1081.0,49.31,123.0,11.38,0.0,0.0,0.0
11-01-2015,65.5,1081.0,49.31,123.0,11.38,0.0,0.0,0.0
12-01-2015,65.5,1081.0,49.31,123.0,11.38,0.0,0.0,0.0
13-01-2015,65.5,1081.0,49.28,122.0,11.29,0.0,0.0,0.0
14-01-2015,65.5,1081.0,49.28,122.0,11.29,0.0,0.0,0.0
15-01-2015,65.5,1081.0,49.24,121.0,11.19,0.0,0.0,0.0
16-01-2015,65.5,1081.0,49.24,121.0,11.19,0.0,0.0,0.0
17-01-2015,65.5,1081.0,60.77,622.0,57.54,0.0,30.0,0.0
18-01-2015,65.5,1081.0,49.2,120.0,11.1,0.0,0.0,0.0
19-01-2015,65.5,1081.0,49.17,119.0,11.01,0.0,0.0,0.0
20-01-2015,65.5,1081.0,49.17,119.0,11.01,0.0,0.0,0.0
21-01-2015,65.5,1081.0,49.13,118.0,10.92,0.0,0.0,0.0
22-01-2015,65.5,1081.0,49.13,118.0,10.92,0.0,0.0,0.0
23-01-2015,65.5,1081.0,49.1,117.0,10.82,0.0,0.0,0.0
24-01-2015,65.5,1081.0,49.1,117.0,10.82,0.0,0.0,0.0
25-01-2015,65.5,1081.0,49.1,117.0,10.82,0.0,0.0,0.0
26-01-2015,65.5,1081.0,49.09,116.0,10.73,0.0,0.0,0.0
27-01-2015,65.5,1081.0,49.02,115.0,10.64,0.0,0.0,0.0
28-01-2015,65.5,1081.0,49.02,115.0,10.64,0.0,0.0,0.0
29-01-2015,65.5,1081.0,48.99,114.0,10.55,0.0,0.0,0.0
30-01-2015,65.5,1081.0,48.99,114.0,10.55,0.0,0.0,0.0
31-01-2015,65.5,1081.0,48.95,113.0,10.45,0.0,0.0,0.0
01-02-2015,65.5,1081.0,48.95,113.0,10.45,0.0,0.0,0.0
02-02-2015,65.5,1081.0,48.91,112.0,10.36,0.0,0.0,0.0
03-02-2015,65.5,1081.0,48.91,112.0,10.36,0.0,0.0,0.0
04-02-2015,65.5,1081.0,48.84,110.0,10.18,0.0,0.0,0.0
05-02-2015,65.5,1081.0,48.84,110.0,10.18,0.0,0.0,0.0
06-02-2015,65.5,1081.0,48.8,109.0,10.08,0.0,0.0,0.0
07-02-2015,65.5,1081.0,48.8,109.0,10.08,0.0,0.0,0.0
08-02-2015,65.5,1081.0,48.76,108.0,9.99,0.0,0.0,0.0
09-02-2015,65.5,1081.0,48.76,108.0,9.99,0.0,0.0,0.0
10-02-2015,65.5,1081.0,48.69,106.0,9.81,0.0,0.0,0.0
11-02-2015,65.5,1081.0,48.69,106.0,9.81,0.0,0.0,0.0
12-02-2015,65.5,1081.0,48.65,105.0,9.71,0.0,0.0,0.0
13-02-2015,65.5,1081.0,48.65,105.0,9.71,0.0,0.0,0.0
14-02-2015,65.5,1081.0,48.62,104.0,9.62,0.0,0.0,0.0
15-02-2015,65.5,1081.0,48.62,104.0,9.62,0.0,0.0,0.0
16-02-2015,65.5,1081.0,48.58,103.0,9.53,0.0,0.0,0.0
17-02-2015,65.5,1081.0,48.54,102.0,9.44,0.0,0.0,0.0
18-02-2015,65.5,1081.0,48.54,102.0,9.44,0.0,0.0,0.0
19-02-2015,65.5,1081.0,48.5,101.0,9.34,0.0,0.0,0.0
20-02-2015,65.5,1081.0,48.38,98.0,9.07,0.0,30.0,0.0
21-02-2015,65.5,1081.0,48.23,94.0,8.7,0.0,30.0,0.0
22-02-2015,65.5,1081.0,48.11,91.0,8.42,0.0,30.0,0.0
23-02-2015,65.5,1081.0,47.95,87.0,8.05,0.0,30.0,0.0
24-02-2015,65.5,1081.0,47.86,85.0,7.86,0.0,18.0,0.0
25-02-2015,65.5,1081.0,47.78,83.0,7.68,0.0,18.0,0.0
26-02-2015,65.5,1081.0,47.7,81.0,7.49,0.0,18.0,0.0
27-02-2015,65.5,1081.0,47.62,79.0,7.31,0.0,18.0,0.0
28-02-2015,65.5,1081.0,47.53,77.0,7.12,0.0,18.0,0.0
01-03-2015,65.5,1081.0,47.45,75.0,6.94,0.0,18.0,0.0
02-03-2015,65.5,1081.0,47.4,74.0,6.85,0.0,8.0,0.0
03-03-2015,65.5,1081.0,47.36,73.0,6.75,0.0,8.0,0.0
04-03-2015,65.5,1081.0,47.36,73.0,6.75,0.0,5.0,0.0
05-03-2015,65.5,1081.0,47.32,72.0,6.66,0.0,5.0,0.0
06-03-2015,65.5,1081.0,47.32,72.0,6.66,0.0,5.0,0.0
07-03-2015,65.5,1081.0,47.27,71.0,6.57,0.0,3.0,0.0
08-03-2015,65.5,1081.0,47.27,71.0,6.57,0.0,3.0,0.0
09-03-2015,65.5,1081.0,47.23,70.0,6.48,0.0,3.0,0.0
10-03-2015,65.5,1081.0,47.23,70.0,6.48,0.0,3.0,0.0
11-03-2015,65.5,1081.0,47.23,70.0,6.48,0.0,3.0,0.0
12-03-2015,65.5,1081.0,47.23,70.0,6.48,0.0,0.0,0.0
13-03-2015,65.5,1081.0,47.23,70.0,6.48,0.0,0.0,0.0
14-03-2015,65.5,1081.0,47.23,70.0,6.48,0.0,0.0,0.0
15-03-2015,65.5,1081.0,47.23,70.0,6.48,0.0,0.0,0.0
16-03-2015,65.5,1081.0,47.23,70.0,6.48,0.0,0.0,0.0
17-03-2015,65.5,1081.0,47.23,70.0,6.48,0.0,0.0,0.0
18-03-2015,65.5,1081.0,47.23,70.0,6.48,0.0,0.0,0.0
19-03-2015,65.5,1081.0,47.23,70.0,6.48,0.0,0.0,0.0
20-03-2015,65.5,1081.0,47.23,70.0,6.48,0.0,0.0,0.0
21-03-2015,65.5,1081.0,47.23,70.0,6.48,0.0,0.0,0.0
22-03-2015,65.5,1081.0,47.23,70.0,6.48,0.0,0.0,0.0
23-03-2015,65.5,1081.0,47.23,70.0,6.48,0.0,0.0,0.0
24-03-2015,65.5,1081.0,47.23,70.0,6.48,0.0,0.0,0.0
25-03-2015,65.5,1081.0,47.23,70.0,6.48,0.0,0.0,0.0
26-03-2015,65.5,1081.0,47.23,70.0,6.48,0.0,0.0,0.0
27-03-2015,65.5,1081.0,47.23,70.0,6.48,0.0,5.0,0.0
28-03-2015,65.5,1081.0,47.18,69.0,6.38,0.0,10.0,0.0
29-03-2015,65.5,1081.0,47.14,68.0,6.29,0.0,10.0,0.0
30-03-2015,65.5,1081.0,47.1,67.0,6.2,0.0,15.0,0.0
31-03-2015,65.5,1081.0,47.01,65.0,6.01,0.0,15.0,0.0
01-04-2015,65.5,1081.0,46.96,64.0,5.92,0.0,15.0,0.0
02-04-2015,65.5,1081.0,46.87,62.0,5.74,0.0,15.0,0.0
03-04-2015,65.5,1081.0,46.82,61.0,5.64,0.0,15.0,0.0
04-04-2015,65.5,1081.0,46.73,59.0,5.46,0.0,15.0,0.0
05-04-2015,65.5,1081.0,46.68,58.0,5.37,0.0,15.0,0.0
06-04-2015,65.5,1081.0,46.59,56.0,5.18,0.0,15.0,0.0
07-04-2015,65.5,1081.0,46.52,54.5,5.04,0.0,17.0,0.0
08-04-2015,65.5,1081.0,46.45,53.0,4.9,0.0,17.0,0.0
09-04-2015,65.5,1081.0,46.37,51.5,4.76,0.0,17.0,0.0
10-04-2015,65.5,1081.0,46.3,50.0,4.63,0.0,17.0,0.0
11-04-2015,65.5,1081.0,46.23,48.5,4.49,0.0,17.0,0.0
12-04-2015,65.5,1081.0,46.15,47.0,4.35,0.0,17.0,0.0
13-04-2015,65.5,1081.0,46.08,45.5,4.21,0.0,17.0,0.0
14-04-2015,65.5,1081.0,46.0,44.0,4.07,0.0,17.0,3.0
15-04-2015,65.5,1081.0,45.93,42.5,3.93,0.0,17.0,7.0
16-04-2015,65.5,1081.0,45.85,41.0,3.79,0.0,17.0,0.0
17-04-2015,65.5,1081.0,45.77,39.5,3.65,0.0,17.0,0.0
18-04-2015,65.5,1081.0,45.69,38.0,3.52,0.0,17.0,0.0
19-04-2015,65.5,1081.0,45.61,36.5,3.38,0.0,17.0,0.0
20-04-2015,65.5,1081.0,45.53,35.0,3.24,0.0,17.0,0.0
21-04-2015,65.5,1081.0,45.45,33.5,3.1,0.0,17.0,0.0
22-04-2015,65.5,1081.0,45.37,32.0,2.96,0.0,17.0,0.0
23-04-2015,65.5,1081.0,45.28,30.5,2.82,0.0,17.0,0.0
24-04-2015,65.5,1081.0,45.2,29.0,2.68,0.0,17.0,0.0
25-04-2015,65.5,1081.0,45.12,27.5,2.54,0.0,17.0,16.0
26-04-2015,65.5,1081.0,45.04,26.0,2.41,0.0,17.0,0.0
27-04-2015,65.5,1081.0,45.04,24.5,2.27,0.0,17.0,0.0
28-04-2015,65.5,1081.0,45.04,23.0,2.13,0.0,17.0,0.0
29-04-2015,65.5,1081.0,45.04,21.5,1.99,0.0,17.0,0.0
30-04-2015,65.5,1081.0,45.04,20.0,1.85,0.0,17.0,0.0
01-05-2015,65.5,1081.0,45.04,18.5,1.71,0.0,17.0,0.0
02-05-2015,65.5,1081.0,45.04,17.0,1.57,0.0,17.0,0.0
03-05-2015,65.5,1081.0,45.04,15.5,1.43,0.0,17.0,3.0
04-05-2015,65.5,1081.0,45.04,14.0,1.3,0.0,17.0,0.0
05-05-2015,65.5,1081.0,45.04,12.5,1.16,0.0,17.0,0.0
06-05-2015,65.5,1081.0,45.04,11.0,1.02,0.0,17.0,0.0
07-05-2015,65.5,1081.0,45.04,9.5,0.88,0.0,17.0,0.0
08-05-2015,65.5,1081.0,45.04,8.0,0.74,0.0,17.0,0.0
09-05-2015,65.5,1081.0,45.04,6.5,0.6,0.0,17.0,0.0
10-05-2015,65.5,1081.0,45.04,5.0,0.46,0.0,17.0,0.0
11-05-2015,65.5,1081.0,45.04,3.5,0.32,0.0,17.0,0.0
12-05-2015,65.5,1081.0,45.04,2.0,0.19,0.0,17.0,0.0
13-05-2015,65.5,1081.0,45.04,0.5,0.05,0.0,17.0,0.0
14-05-2015,65.5,1081.0,45.04,0.0,0.0,0.0,15.0,0.0
15-05-2015,65.5,1081.0,45.04,0.0,0.0,0.0,15.0,0.0
16-05-2015,65.5,1081.0,45.04,0.0,0.0,0.0,15.0,0.0
17-05-2015,65.5,1081.0,45.04,0.0,0.0,0.0,15.0,12.0
18-05-2015,65.5,1081.0,45.04,0.0,0.0,0.0,15.0,0.0
19-05-2015,65.5,1081.0,45.04,0.0,0.0,0.0,10.0,0.0
20-05-2015,65.5,1081.0,45.04,0.0,0.0,0.0,5.0,0.0
21-05-2015,65.5,1081.0,45.04,0.0,0.0,0.0,0.0,0.0
22-05-2015,65.5,1081.0,45.04,0.0,0.0,0.0,0.0,0.0
23-05-2015,65.5,1081.0,45.04,0.0,0.0,0.0,0.0,0.0
24-05-2015,65.5,1081.0,45.04,0.0,0.0,0.0,0.0,0.0
25-05-2015,65.5,1081.0,45.04,0.0,0.0,0.0,0.0,0.0
26-05-2015,65.5,1081.0,45.04,0.0,0.0,0.0,0.0,0.0
27-05-2015,65.5,1081.0,45.04,0.0,0.0,0.0,0.0,0.0
28-05-2015,65.5,1081.0,45.04,0.0,0.0,0.0,0.0,0.0
29-05-2015,65.5,1081.0,45.04,0.0,0.0,0.0,0.0,0.0
30-05-2015,65.5,1081.0,45.04,0.0,0.0,0.0,0.0,0.0
31-05-2015,65.5,1081.0,45.04,0.0,0.0,0.0,0.0,0.0
01-06-2015,65.5,1081.0,45.04,0.0,0.0,0.0,0.0,0.0
02-06-2015,65.5,1081.0,45.04,0.0,0.0,0.0,0.0,0.0
03-06-2015,65.5,1081.0,45.04,0.0,0.0,0.0,0.0,0.0
04-06-2015,65.5,1081.0,45.04,0.0,0.0,0.0,0.0,0.0
05-06-2015,65.5,1081.0,45.04,0.0,0.0,0.0,0.0,0.0
06-06-2015,65.5,1081.0,45.04,0.0,0.0,0.0,0.0,0.0
07-06-2015,65.5,1081.0,45.04,0.0,0.0,0.0,0.0,0.0
08-06-2015,65.5,1081.0,45.04,0.0,0.0,0.0,0.0,0.0
09-06-2015,65.5,1081.0,45.04,0.0,0.0,0.0,0.0,0.0
10-06-2015,65.5,1081.0,45.04,0.0,0.0,0.0,0.0,18.0
11-06-2015,65.5,1081.0,45.04,0.0,0.0,0.0,0.0,0.0
12-06-2015,65.5,1081.0,45.04,0.0,0.0,0.0,0.0,0.0
13-06-2015,65.5,1081.0,45.04,0.0,0.0,0.0,0.0,0.0
14-06-2015,65.5,1081.0,45.04,0.0,0.0,0.0,0.0,0.0
15-06-2015,65.5,1081.0,45.04,0.0,0.0,0.0,0.0,4.0
16-06-2015,65.5,1081.0,45.04,0.0,0.0,0.0,0.0,0.0
17-06-2015,65.5,1081.0,45.04,0.0,0.0,0.0,0.0,10.0
18-06-2015,65.5,1081.0,45.04,0.0,0.0,0.0,0.0,0.0
19-06-2015,65.5,1081.0,45.04,0.0,0.0,0.0,0.0,2.0
20-06-2015,65.5,1081.0,45.04,0.0,0.0,0.0,0.0,2.0
21-06-2015,65.5,1081.0,45.04,0.0,0.0,0.0,0.0,8.0
22-06-2015,65.5,1081.0,45.04,0.0,0.0,0.0,0.0,5.0
23-06-2015,65.5,1081.0,45.04,0.0,0.0,0.0,0.0,0.0
24-06-2015,65.5,1081.0,45.04,0.0,0.0,0.0,0.0,0.0
25-06-2015,65.5,1081.0,45.04,0.0,0.0,0.0,0.0,0.0
26-06-2015,65.5,1081.0,45.04,0.0,0.0,0.0,0.0,0.0
27-06-2015,65.5,1081.0,45.04,0.0,0.0,0.0,0.0,0.0
28-06-2015,65.5,1081.0,45.04,0.0,0.0,0.0,0.0,0.0
29-06-2015,65.5,1081.0,45.04,0.0,0.0,0.0,0.0,0.0
30-06-2015,65.5,1081.0,45.04,0.0,0.0,0.0,0.0,0.0
01-07-2015,65.5,1081.0,45.04,0.0,0.0,0.0,0.0,0.0
02-07-2015,65.5,1081.0,45.04,0.0,0.0,0.0,0.0,0.0
03-07-2015,65.5,1081.0,45.04,0.0,0.0,0.0,0.0,0.0
04-07-2015,65.5,1081.0,45.04,0.0,0.0,0.0,0.0,0.0
05-07-2015,65.5,1081.0,45.04,0.0,0.0,0.0,0.0,0.0
06-07-2015,65.5,1081.0,45.04,0.0,0.0,0.0,0.0,0.0
07-07-2015,65.5,1081.0,45.04,0.0,0.0,0.0,0.0,0.0
08-07-2015,65.5,1081.0,45.04,0.0,0.0,0.0,0.0,0.0
09-07-2015,65.5,1081.0,45.04,0.0,0.0,0.0,0.0,0.0
10-07-2015,65.5,1081.0,45.04,0.0,0.0,0.0,0.0,0.0
11-07-2015,65.5,1081.0,45.04,0.0,0.0,0.0,0.0,12.0
12-07-2015,65.5,1081.0,45.04,0.0,0.0,0.0,0.0,0.0
13-07-2015,65.5,1081.0,45.04,0.0,0.0,0.0,0.0,0.0
14-07-2015,65.5,1081.0,45.04,0.0,0.0,0.0,0.0,0.0
15-07-2015,65.5,1081.0,45.04,0.0,0.0,0.0,0.0,0.0
16-07-2015,65.5,1081.0,45.04,0.0,0.0,0.0,0.0,5.0
17-07-2015,65.5,1081.0,45.04,0.0,0.0,0.0,0.0,0.0
18-07-2015,65.5,1081.0,45.04,0.0,0.0,0.0,0.0,0.0
19-07-2015,65.5,1081.0,45.04,0.0,0.0,0.0,0.0,6.0
20-07-2015,65.5,1081.0,45.04,0.0,0.0,0.0,0.0,3.0
21-07-2015,65.5,1081.0,45.04,0.0,0.0,0.0,0.0,0.0
22-07-2015,65.5,1081.0,45.04,0.0,0.0,0.0,0.0,0.0
23-07-2015,65.5,1081.0,45.04,0.0,0.0,0.0,0.0,29.0
24-07-2015,65.5,1081.0,45.04,0.0,0.0,0.0,0.0,44.0
25-07-2015,65.5,1081.0,45.04,0.0,0.0,0.0,0.0,31.0
26-07-2015,65.5,1081.0,45.04,0.0,0.0,0.0,0.0,0.0
27-07-2015,65.5,1081.0,45.04,0.0,0.0,0.0,0.0,11.0
28-07-2015,65.5,1081.0,45.04,0.0,0.0,0.0,0.0,26.0
29-07-2015,65.5,1081.0,45.04,0.0,0.0,0.0,0.0,13.0
30-07-2015,65.5,1081.0,45.04,0.0,0.0,0.0,0.0,4.0
31-07-2015,65.5,1081.0,45.04,0.0,0.0,0.0,0.0,0.0
01-08-2015,65.5,1081.0,45.04,0.0,0.0,0.0,0.0,4.0
02-08-2015,65.5,1081.0,45.04,0.0,0.0,0.0,0.0,3.0
03-08-2015,65.5,1081.0,45.04,0.0,0.0,0.0,0.0,3.0
04-08-2015,65.5,1081.0,45.04,0.0,0.0,0.0,0.0,2.0
05-08-2015,65.5,1081.0,45.04,0.0,0.0,0.0,0.0,31.0
06-08-2015,65.5,1081.0,45.04,0.0,0.0,0.0,0.0,0.0
07-08-2015,65.5,1081.0,45.04,0.0,0.0,0.0,0.0,0.0
08-08-2015,65.5,1081.0,45.04,0.0,0.0,0.0,0.0,0.0
09-08-2015,65.5,1081.0,45.04,0.0,0.0,0.0,0.0,0.0
10-08-2015,65.5,1081.0,45.04,0.0,0.0,0.0,0.0,0.0
11-08-2015,65.5,1081.0,45.04,0.0,0.0,0.0,0.0,0.0
12-08-2015,65.5,1081.0,45.04,0.0,0.0,0.0,0.0,0.0
13-08-2015,65.5,1081.0,45.04,0.0,0.0,0.0,0.0,0.0
14-08-2015,65.5,1081.0,45.04,0.0,0.0,0.0,0.0,0.0
15-08-2015,65.5,1081.0,45.04,0.0,0.0,0.0,0.0,0.0
16-08-2015,65.5,1081.0,45.04,0.0,0.0,0.0,0.0,0.0
17-08-2015,65.5,1081.0,45.04,0.0,0.0,0.0,0.0,0.0
18-08-2015,65.5,1081.0,45.04,0.0,0.0,0.0,0.0,0.0
19-08-2015,65.5,1081.0,45.04,0.0,0.0,0.0,0.0,0.0
20-08-2015,65.5,1081.0,45.04,0.0,0.0,0.0,0.0,0.0
21-08-2015,65.5,1081.0,45.04,0.0,0.0,0.0,0.0,17.0
22-08-2015,65.5,1081.0,45.04,0.0,0.0,0.0,0.0,37.0
23-08-2015,65.5,1081.0,45.04,0.0,0.0,0.0,0.0,35.0
24-08-2015,65.5,1081.0,45.04,0.0,0.0,0.0,0.0,24.0
25-08-2015,65.5,1081.0,45.04,0.0,0.0,0.0,0.0,0.0
26-08-2015,65.5,1081.0,45.04,0.0,0.0,0.0,0.0,0.0
27-08-2015,65.5,1081.0,45.04,0.0,0.0,0.0,0.0,2.0
28-08-2015,65.5,1081.0,45.04,0.0,0.0,0.0,0.0,0.0
29-08-2015,65.5,1081.0,45.04,0.0,0.0,0.0,0.0,0.0
30-08-2015,65.5,1081.0,45.04,0.0,0.0,0.0,0.0,0.0
31-08-2015,65.5,1081.0,45.04,0.0,0.0,0.0,0.0,12.0
01-09-2015,65.5,1081.0,45.04,0.0,0.0,0.0,0.0,0.0
02-09-2015,65.5,1081.0,45.04,0.0,0.0,0.0,0.0,0.0
03-09-2015,65.5,1081.0,45.04,0.0,0.0,0.0,0.0,0.0
04-09-2015,65.5,1081.0,45.04,0.0,0.0,0.0,0.0,0.0
05-09-2015,65.5,1081.0,45.04,0.0,0.0,0.0,0.0,0.0
06-09-2015,65.5,1081.0,45.04,0.0,0.0,0.0,0.0,0.0
07-09-2015,65.5,1081.0,45.04,0.0,0.0,0.0,0.0,2.0
08-09-2015,65.5,1081.0,45.04,0.0,0.0,0.0,0.0,0.0
09-09-2015,65.5,1081.0,45.04,0.0,0.0,0.0,0.0,0.0
10-09-2015,65.5,1081.0,45.04,0.0,0.0,0.0,0.0,0.0
11-09-2015,65.5,1081.0,45.04,0.0,0.0,0.0,0.0,2.0
12-09-2015,65.5,1081.0,45.04,0.0,0.0,0.0,0.0,0.0
13-09-2015,65.5,1081.0,45.04,0.0,0.0,0.0,0.0,0.0
14-09-2015,65.5,1081.0,45.04,0.0,0.0,0.0,0.0,0.0
15-09-2015,65.5,1081.0,45.04,0.0,0.0,0.0,0.0,0.0
16-09-2015,65.5,1081.0,45.04,0.0,0.0,0.0,0.0,3.0
17-09-2015,65.5,1081.0,45.04,0.0,0.0,0.0,0.0,0.0
18-09-2015,65.5,1081.0,45.04,0.0,0.0,0.0,0.0,0.0
19-09-2015,65.5,1081.0,45.04,0.0,0.0,0.0,0.0,14.0
20-09-2015,65.5,1081.0,45.04,0.0,0.0,0.0,0.0,0.0
21-09-2015,65.5,1081.0,45.04,0.0,0.0,0.0,0.0,11.0
22-09-2015,65.5,1081.0,45.04,0.0,0.0,0.0,0.0,0.0
23-09-2015,65.5,1081.0,45.04,0.0,0.0,0.0,0.0,0.0
24-09-2015,65.5,1081.0,45.04,0.0,0.0,0.0,0.0,0.0
25-09-2015,65.5,1081.0,45.04,0.0,0.0,0.0,0.0,0.0
26-09-2015,65.5,1081.0,45.04,0.0,0.0,0.0,0.0,61.0
27-09-2015,65.5,1081.0,45.04,0.0,0.0,0.0,0.0,0.0
28-09-2015,65.5,1081.0,45.04,0.0,0.0,0.0,0.0,0.0
29-09-2015,65.5,1081.0,45.04,0.0,0.0,0.0,0.0,0.0
30-09-2015,65.5,1081.0,45.04,0.0,0.0,0.0,0.0,0.0
01-10-2015,65.5,1081.0,45.04,0.0,0.0,0.0,0.0,0.0
02-10-2015,65.5,1081.0,45.04,0.0,0.0,0.0,0.0,0.0
03-10-2015,65.5,1081.0,45.04,0.0,0.0,0.0,0.0,37.0
04-10-2015,65.5,1081.0,45.04,0.0,0.0,0.0,0.0,0.0
05-10-2015,65.5,1081.0,45.04,0.0,0.0,0.0,0.0,0.0
06-10-2015,65.5,1081.0,45.04,0.0,0.0,0.0,0.0,0.0
07-10-2015,65.5,1081.0,45.04,0.0,0.0,0.0,0.0,7.0
08-10-2015,65.5,1081.0,45.04,0.0,0.0,0.0,0.0,14.0
09-10-2015,65.5,1081.0,45.04,0.0,0.0,0.0,0.0,13.0
10-10-2015,65.5,1081.0,45.04,0.0,0.0,0.0,0.0,12.0
11-10-2015,65.5,1081.0,45.04,0.0,0.0,0.0,0.0,17.0
12-10-2015,65.5,1081.0,45.04,0.0,0.0,0.0,0.0,0.0
13-10-2015,65.5,1081.0,45.04,0.0,0.0,0.0,0.0,0.0
14-10-2015,65.5,1081.0,45.04,0.0,0.0,0.0,0.0,0.0
15-10-2015,65.5,1081.0,45.04,0.0,0.0,0.0,0.0,0.0
16-10-2015,65.5,1081.0,45.04,0.0,0.0,0.0,0.0,0.0
17-10-2015,65.5,1081.0,45.04,0.0,0.0,0.0,0.0,0.0
18-10-2015,65.5,1081.0,45.04,0.0,0.0,0.0,0.0,0.0
19-10-2015,65.5,1081.0,45.04,0.0,0.0,0.0,0.0,0.0
20-10-2015,65.5,1081.0,45.04,0.0,0.0,0.0,0.0,0.0
21-10-2015,65.5,1081.0,45.04,0.0,0.0,0.0,0.0,0.0
22-10-2015,65.5,1081.0,45.04,0.0,0.0,0.0,0.0,0.0
23-10-2015,65.5,1081.0,45.04,0.0,0.0,0.0,0.0,0.0
24-10-2015,65.5,1081.0,45.04,0.0,0.0,0.0,0.0,0.0
25-10-2015,65.5,1081.0,45.04,0.0,0.0,0.0,0.0,0.0
26-10-2015,65.5,1081.0,45.04,0.0,0.0,0.0,0.0,0.0
27-10-2015,65.5,1081.0,45.04,0.0,0.0,0.0,0.0,3.0
28-10-2015,65.5,1081.0,45.04,0.0,0.0,0.0,0.0,4.0
29-10-2015,65.5,1081.0,45.04,0.0,0.0,0.0,0.0,28.0
30-10-2015,65.5,1081.0,45.04,0.0,0.0,0.0,0.0,4.0
31-10-2015,65.5,1081.0,45.04,0.0,0.0,0.0,0.0,7.0
01-11-2015,65.5,1081.0,45.04,0.0,0.0,0.0,0.0,4.0
02-11-2015,65.5,1081.0,45.04,10.0,0.93,116.0,0.0,32.0
03-11-2015,65.5,1081.0,45.04,11.0,1.02,12.0,0.0,0.0
04-11-2015,65.5,1081.0,45.04,15.0,1.39,46.0,0.0,31.0
05-11-2015,65.5,1081.0,45.04,16.0,1.48,12.0,0.0,0.0
06-11-2015,65.5,1081.0,45.04,17.0,1.57,12.0,0.0,0.0
07-11-2015,65.5,1081.0,45.04,18.0,1.67,12.0,0.0,0.0
08-11-2015,65.5,1081.0,45.2,29.0,2.68,128.0,0.0,26.0
09-11-2015,65.5,1081.0,46.25,49.0,4.53,232.0,0.0,159.0
10-11-2015,65.5,1081.0,47.91,86.0,7.96,428.0,0.0,82.0
11-11-2015,65.5,1081.0,50.56,160.0,14.8,856.0,0.0,5.0
12-11-2015,65.5,1081.0,51.64,196.0,18.13,417.0,0.0,22.0
13-11-2015,65.5,1081.0,53.56,267.0,24.7,822.0,0.0,147.0
14-11-2015,65.5,1081.0,56.08,375.0,34.69,1250.0,0.0,2.0
15-11-2015,65.5,1081.0,57.51,443.0,40.98,787.0,0.0,0.0
16-11-2015,65.5,1081.0,60.72,619.0,57.26,2137.0,100.0,277.0
17-11-2015,65.5,1081.0,62.0,698.0,64.57,1414.0,500.0,18.0
18-11-2015,65.5,1081.0,61.9,692.0,64.01,781.0,850.0,0.0
19-11-2015,65.5,1081.0,61.3,654.0,60.5,410.0,850.0,0.0
20-11-2015,65.5,1081.0,60.82,625.0,57.82,514.0,850.0,22.0
21-11-2015,65.5,1081.0,60.69,617.0,57.08,757.0,850.0,33.0
22-11-2015,65.5,1081.0,60.6,613.0,56.71,711.0,0.0,45.0
23-11-2015,65.5,1081.0,61.3,654.0,60.5,475.0,0.0,50.0
24-11-2015,65.5,1081.0,61.99,697.0,64.48,498.0,0.0,15.0
25-11-2015,65.5,1081.0,61.89,691.0,63.92,384.0,500.0,0.0
26-11-2015,65.5,1081.0,61.53,668.0,61.79,234.0,500.0,0.0
27-11-2015,65.5,1081.0,61.21,648.0,59.94,269.0,500.0,0.0
28-11-2015,65.5,1081.0,60.8,624.0,57.72,222.0,500.0,0.0
29-11-2015,65.5,1081.0,60.52,607.0,56.15,203.0,400.0,7.0
30-11-2015,65.5,1081.0,60.28,593.0,54.86,238.0,400.0,30.0
01-12-2015,65.5,1081.0,60.32,595.0,55.04,423.0,400.0,36.0
02-12-2015,65.5,1081.0,63.61,804.0,74.38,2807.0,400.0,293.0
03-12-2015,65.5,1081.0,64.7,896.0,82.89,1141.0,400.0,24.0
04-12-2015,65.5,1081.0,64.49,880.0,81.41,175.0,400.0,18.0
05-12-2015,65.5,1081.0,63.68,809.0,74.84,100.0,400.0,2.0
06-12-2015,65.5,1081.0,62.97,762.0,70.49,165.0,400.0,10.0
07-12-2015,65.5,1081.0,63.4,790.0,73.08,720.0,400.0,75.0
08-12-2015,65.5,1081.0,63.47,795.0,73.54,307.0,400.0,0.0
09-12-2015,65.5,1081.0,63.12,772.0,71.42,125.0,400.0,0.0
10-12-2015,65.5,1081.0,62.98,762.0,70.49,285.0,400.0,0.0
11-12-2015,65.5,1081.0,62.51,731.0,67.62,41.0,400.0,0.0
12-12-2015,65.5,1081.0,62.13,706.0,65.31,111.0,400.0,0.0
13-12-2015,65.5,1081.0,61.98,697.0,64.48,150.0,300.0,0.0
14-12-2015,65.5,1081.0,61.98,697.0,64.48,0.0,0.0,0.0
15-12-2015,65.5,1081.0,61.98,697.0,64.48,0.0,0.0,0.0
16-12-2015,65.5,1081.0,61.92,693.0,64.11,0.0,0.0,0.0
17-12-2015,65.5,1081.0,61.89,691.0,63.92,0.0,0.0,0.0
18-12-2015,65.5,1081.0,61.87,690.0,63.83,0.0,0.0,0.0
19-12-2015,65.5,1081.0,61.84,688.0,63.64,0.0,0.0,0.0
20-12-2015,65.5,1081.0,61.72,680.0,62.9,0.0,0.0,0.0
21-12-2015,65.5,1081.0,61.79,685.0,63.37,58.0,0.0,0.0
22-12-2015,65.5,1081.0,61.6,673.0,62.26,260.0,300.0,0.0
23-12-2015,65.5,1081.0,61.9,692.0,64.01,220.0,0.0,0.0
24-12-2015,65.5,1081.0,62.1,704.0,65.12,142.0,0.0,0.0
25-12-2015,65.5,1081.0,62.27,716.0,66.23,139.0,0.0,0.0
26-12-2015,65.5,1081.0,62.42,725.0,67.07,104.0,0.0,0.0
27-12-2015,65.5,1081.0,62.51,731.0,67.62,70.0,0.0,2.0
28-12-2015,65.5,1081.0,62.5,730.0,67.53,0.0,0.0,0.0
29-12-2015,65.5,1081.0,62.45,727.0,67.25,0.0,0.0,0.0
30-12-2015,65.5,1081.0,62.38,723.0,66.88,0.0,0.0,0.0
31-12-2015,65.5,1081.0,62.35,721.0,66.7,0.0,0.0,0.0
01-01-2016,65.5,1081.0,62.3,717.0,66.33,0.0,0.0,0.0
02-01-2016,65.5,1081.0,62.28,716.0,66.23,0.0,0.0,0.0
03-01-2016,65.5,1081.0,62.21,712.0,65.86,0.0,0.0,0.0
04-01-2016,65.5,1081.0,62.14,707.0,65.4,0.0,0.0,0.0
05-01-2016,65.5,1081.0,62.08,703.0,65.03,0.0,0.0,0.0
06-01-2016,65.5,1081.0,61.98,697.0,64.48,0.0,0.0,0.0
07-01-2016,65.5,1081.0,61.9,692.0,64.01,0.0,0.0,0.0
08-01-2016,65.5,1081.0,61.84,688.0,63.64,0.0,20.0,0.0
09-01-2016,65.5,1081.0,61.73,681.0,63.0,0.0,30.0,0.0
10-01-2016,65.5,1081.0,61.6,673.0,62.26,0.0,30.0,0.0
11-01-2016,65.5,1081.0,61.46,664.0,61.42,0.0,30.0,0.0
12-01-2016,65.5,1081.0,61.31,655.0,60.59,0.0,30.0,0.0
13-01-2016,65.5,1081.0,61.21,648.0,59.94,0.0,30.0,0.0
14-01-2016,65.5,1081.0,61.12,643.0,59.48,0.0,30.0,0.0
15-01-2016,65.5,1081.0,60.86,628.0,58.09,0.0,30.0,0.0
16-01-2016,65.5,1081.0,60.86,628.0,58.09,0.0,30.0,0.0
17-01-2016,65.5,1081.0,60.77,622.0,57.54,0.0,30.0,0.0
18-01-2016,65.5,1081.0,60.68,616.0,56.98,0.0,30.0,0.0
19-01-2016,65.5,1081.0,60.58,610.0,56.43,0.0,30.0,0.0
20-01-2016,65.5,1081.0,60.48,604.0,55.87,0.0,30.0,0.0
21-01-2016,65.5,1081.0,60.38,598.0,55.32,0.0,30.0,0.0
22-01-2016,65.5,1081.0,60.29,593.0,54.86,0.0,30.0,0.0
23-01-2016,65.5,1081.0,60.2,588.0,54.39,0.0,30.0,0.0
24-01-2016,65.5,1081.0,60.11,583.0,53.93,0.0,30.0,0.0
25-01-2016,65.5,1081.0,60.03,578.0,53.47,0.0,30.0,0.0
26-01-2016,65.5,1081.0,59.91,571.0,52.82,0.0,30.0,0.0
27-01-2016,65.5,1081.0,59.8,565.0,52.27,0.0,30.0,0.0
28-01-2016,65.5,1081.0,59.7,559.0,51.71,0.0,30.0,0.0
29-01-2016,65.5,1081.0,59.61,544.0,50.32,0.0,30.0,0.0
30-01-2016,65.5,1081.0,59.36,540.0,49.95,0.0,30.0,0.0
31-01-2016,65.5,1081.0,59.31,537.0,49.68,0.0,30.0,0.0
01-02-2016,65.5,1081.0,59.23,533.0,49.31,0.0,30.0,0.0
02-02-2016,65.5,1081.0,59.16,529.0,48.94,0.0,30.0,0.0
03-02-2016,65.5,1081.0,59.09,525.0,48.57,0.0,30.0,0.0
04-02-2016,65.5,1081.0,59.01,521.0,48.2,0.0,30.0,0.0
05-02-2016,65.5,1081.0,58.92,516.0,47.73,0.0,30.0,0.0
06-02-2016,65.5,1081.0,58.83,511.0,47.27,0.0,30.0,0.0
07-02-2016,65.5,1081.0,58.7,505.0,46.72,0.0,30.0,0.0
08-02-2016,65.5,1081.0,58.62,500.0,46.25,0.0,30.0,0.0
09-02-2016,65.5,1081.0,58.53,495.0,45.79,0.0,30.0,0.0
10-02-2016,65.5,1081.0,58.41,489.0,45.24,0.0,30.0,0.0
11-02-2016,65.5,1081.0,58.3,483.0,44.68,0.0,30.0,0.0
12-02-2016,65.5,1081.0,58.18,477.0,44.13,0.0,30.0,0.0
13-02-2016,65.5,1081.0,58.07,471.0,43.57,0.0,30.0,0.0
15-02-2016,65.5,1081.0,57.83,459.0,42.46,0.0,30.0,0.0
16-02-2016,65.5,1081.0,57.71,453.0,41.91,0.0,30.0,0.0
17-02-2016,65.5,1081.0,57.65,447.0,41.35,0.0,30.0,0.0
18-02-2016,65.5,1081.0,57.47,441.0,40.8,0.0,30.0,0.0
19-02-2016,65.5,1081.0,57.35,435.0,40.24,0.0,30.0,0.0
20-02-2016,65.5,1081.0,57.23,429.0,39.69,0.0,30.0,0.0
21-02-2016,65.5,1081.0,57.1,423.0,39.13,0.0,30.0,0.0
22-02-2016,65.5,1081.0,56.98,417.0,38.58,0.0,30.0,0.0
23-02-2016,65.5,1081.0,56.86,411.0,38.02,0.0,30.0,0.0
24-02-2016,65.5,1081.0,56.73,405.0,37.47,0.0,30.0,0.0
25-02-2016,65.5,1081.0,56.6,399.0,36.91,0.0,30.0,0.0
26-02-2016,65.5,1081.0,56.6,394.0,36.45,0.0,30.0,0.0
27-02-2016,65.5,1081.0,56.39,389.0,35.99,0.0,30.0,0.0
28-02-2016,65.5,1081.0,56.3,385.0,35.62,0.0,30.0,0.0
29-02-2016,65.5,1081.0,56.2,380.0,35.15,0.0,30.0,0.0
01-03-2016,65.5,1081.0,56.11,376.0,34.78,0.0,30.0,0.0
02-03-2016,65.5,1081.0,56.03,372.0,34.41,0.0,30.0,0.0
03-03-2016,65.5,1081.0,55.93,368.0,34.04,0.0,30.0,0.0
04-03-2016,65.5,1081.0,55.85,364.0,33.67,0.0,30.0,0.0
05-03-2016,65.5,1081.0,55.76,360.0,33.3,0.0,30.0,0.0
06-03-2016,65.5,1081.0,55.67,356.0,32.93,0.0,30.0,0.0
07-03-2016,65.5,1081.0,55.58,352.0,32.56,0.0,30.0,0.0
08-03-2016,65.5,1081.0,55.49,348.0,32.19,0.0,30.0,0.0
09-03-2016,65.5,1081.0,55.39,344.0,31.82,0.0,30.0,0.0
10-03-2016,65.5,1081.0,55.31,340.0,31.45,0.0,30.0,0.0
11-03-2016,65.5,1081.0,55.21,336.0,31.08,0.0,30.0,0.0
12-03-2016,65.5,1081.0,55.12,332.0,30.71,0.0,30.0,0.0
13-03-2016,65.5,1081.0,55.03,328.0,30.34,0.0,30.0,0.0
14-03-2016,65.5,1081.0,54.94,324.0,29.97,0.0,30.0,0.0
15-03-2016,65.5,1081.0,54.84,320.0,29.6,0.0,30.0,0.0
16-03-2016,65.5,1081.0,54.75,316.0,29.23,0.0,30.0,0.0
17-03-2016,65.5,1081.0,54.66,312.0,28.86,0.0,30.0,0.0
18-03-2016,65.5,1081.0,54.56,308.0,28.49,0.0,30.0,0.0
19-03-2016,65.5,1081.0,54.47,304.0,28.12,0.0,30.0,0.0
20-03-2016,65.5,1081.0,54.37,300.0,27.75,0.0,30.0,0.0
21-03-2016,65.5,1081.0,54.27,296.0,27.38,0.0,30.0,0.0
22-03-2016,65.5,1081.0,54.18,292.0,27.01,0.0,30.0,0.0
23-03-2016,65.5,1081.0,54.08,288.0,26.64,0.0,30.0,0.0
24-03-2016,65.5,1081.0,53.98,284.0,26.27,0.0,30.0,0.0
26-03-2016,65.5,1081.0,53.79,276.0,25.53,0.0,30.0,0.0
27-03-2016,65.5,1081.0,43.68,272.0,25.16,0.0,30.0,0.0
28-03-2016,65.5,1081.0,53.58,268.0,24.79,0.0,30.0,0.0
29-03-2016,65.5,1081.0,53.48,264.0,24.42,0.0,30.0,0.0
30-03-2016,65.5,1081.0,53.38,260.0,24.05,0.0,30.0,0.0
31-03-2016,65.5,1081.0,53.28,256.0,23.68,0.0,30.0,0.0
01-04-2016,65.5,1081.0,53.18,252.0,23.31,0.0,30.0,0.0
02-04-2016,65.5,1081.0,53.06,248.0,22.94,0.0,25.0,0.0
03-04-2016,65.5,1081.0,52.96,244.0,22.57,0.0,25.0,0.0
04-04-2016,65.5,1081.0,52.86,240.0,22.2,0.0,25.0,0.0
05-04-2016,65.5,1081.0,52.75,236.0,21.83,0.0,15.0,0.0
06-04-2016,65.5,1081.0,52.65,232.0,21.46,0.0,15.0,0.0
07-04-2016,65.5,1081.0,52.54,228.0,21.09,0.0,15.0,0.0
08-04-2016,65.5,1081.0,52.48,224.0,20.72,0.0,15.0,0.0
09-04-2016,65.5,1081.0,52.31,220.0,20.35,0.0,15.0,0.0
10-04-2016,65.5,1081.0,52.3,216.0,19.98,0.0,15.0,0.0
11-04-2016,65.5,1081.0,52.1,212.0,19.61,0.0,15.0,0.0
12-04-2016,65.5,1081.0,51.98,208.0,19.24,0.0,15.0,0.0
13-04-2016,65.5,1081.0,51.86,204.0,18.87,0.0,15.0,0.0
15-04-2016,65.5,1081.0,51.64,196.0,18.13,0.0,15.0,0.0
16-04-2016,65.5,1081.0,51.53,192.0,17.76,0.0,15.0,0.0
18-04-2016,65.5,1081.0,51.29,184.0,17.02,0.0,15.0,0.0
20-04-2016,65.5,1081.0,51.05,176.0,16.28,0.0,15.0,0.0
21-04-2016,65.5,1081.0,50.93,172.0,15.91,0.0,15.0,0.0
22-04-2016,65.5,1081.0,50.81,168.0,15.54,0.0,15.0,0.0
24-04-2016,65.5,1081.0,50.56,160.0,14.8,0.0,15.0,0.0
25-04-2016,65.5,1081.0,50.42,156.0,14.43,0.0,15.0,0.0
26-04-2016,65.5,1081.0,50.3,152.0,14.06,0.0,15.0,0.0
27-04-2016,65.5,1081.0,50.16,148.0,13.69,0.0,15.0,0.0
28-04-2016,65.5,1081.0,50.04,144.0,13.32,0.0,15.0,0.0
29-04-2016,65.5,1081.0,49.73,135.0,12.49,0.0,85.0,0.0
30-04-2016,65.5,1081.0,49.46,127.0,11.75,0.0,85.0,0.0
01-05-2016,65.5,1081.0,49.21,120.0,11.1,0.0,75.0,0.0
02-05-2016,65.5,1081.0,48.95,113.0,10.45,0.0,75.0,0.0
03-05-2016,65.5,1081.0,48.69,106.0,9.81,0.0,75.0,0.0
04-05-2016,65.5,1081.0,48.5,101.0,9.34,0.0,50.0,0.0
05-05-2016,65.5,1081.0,48.43,99.0,9.16,0.0,23.0,0.0
06-05-2016,65.5,1081.0,48.35,97.0,8.97,0.0,23.0,0.0
07-05-2016,65.5,1081.0,48.3,96.0,8.88,0.0,10.0,0.0
08-05-2016,65.5,1081.0,48.26,95.0,8.79,0.0,10.0,0.0
09-05-2016,65.5,1081.0,48.23,94.0,8.7,0.0,10.0,0.0
10-05-2016,65.5,1081.0,48.19,93.0,8.6,0.0,10.0,0.0
11-05-2016,65.5,1081.0,48.15,92.0,8.51,0.0,10.0,0.0
12-05-2016,65.5,1081.0,48.07,90.0,8.33,0.0,10.0,0.0
13-05-2016,65.5,1081.0,48.03,89.0,8.23,0.0,10.0,0.0
14-05-2016,65.5,1081.0,47.95,87.0,8.05,0.0,10.0,0.0
15-05-2016,65.5,1081.0,47.95,87.0,8.05,0.0,10.0,0.0
16-05-2016,65.5,1081.0,47.87,85.0,7.86,0.0,10.0,0.0
17-05-2016,65.5,1081.0,47.82,84.0,7.77,0.0,10.0,37.0
18-05-2016,65.5,1081.0,48.11,91.0,8.42,91.0,10.0,114.0
19-05-2016,65.5,1081.0,48.38,98.0,9.07,91.0,10.0,76.0
20-05-2016,65.5,1081.0,48.38,98.0,9.07,10.0,10.0,0.0
21-05-2016,65.5,1081.0,48.31,96.0,8.88,0.0,10.0,0.0
22-05-2016,65.5,1081.0,48.23,94.0,8.7,0.0,10.0,0.0
23-05-2016,65.5,1081.0,48.15,92.0,8.51,0.0,10.0,0.0
24-05-2016,65.5,1081.0,48.11,91.0,8.42,0.0,10.0,0.0
25-05-2016,65.5,1081.0,48.07,90.0,8.33,0.0,10.0,0.0
26-05-2016,65.5,1081.0,48.04,89.0,8.23,0.0,10.0,0.0
27-05-2016,65.5,1081.0,47.99,88.0,8.14,0.0,10.0,0.0
28-05-2016,65.5,1081.0,47.95,87.0,8.05,0.0,10.0,0.0
29-05-2016,65.5,1081.0,47.91,86.0,7.96,0.0,10.0,0.0
30-05-2016,65.5,1081.0,47.87,85.0,7.86,0.0,10.0,0.0
31-05-2016,65.5,1081.0,47.82,84.0,7.77,0.0,10.0,0.0
01-06-2016,65.5,1081.0,47.78,83.0,7.68,0.0,10.0,0.0
02-06-2016,65.5,1081.0,47.74,82.0,7.59,0.0,10.0,0.0
03-06-2016,65.5,1081.0,47.7,81.0,7.49,0.0,10.0,0.0
04-06-2016,65.5,1081.0,47.7,81.0,7.49,0.0,5.0,0.0
05-06-2016,65.5,1081.0,47.66,80.0,7.4,0.0,5.0,0.0
06-06-2016,65.5,1081.0,47.66,80.0,7.4,0.0,5.0,0.0
07-06-2016,65.5,1081.0,47.62,79.0,7.31,0.0,5.0,3.0
08-06-2016,65.5,1081.0,47.74,82.0,7.59,40.0,5.0,36.0
09-06-2016,65.5,1081.0,47.74,82.0,7.59,5.0,5.0,0.0
10-06-2016,65.5,1081.0,47.74,82.0,7.59,0.0,5.0,0.0
11-06-2016,65.5,1081.0,47.74,82.0,7.59,0.0,0.0,0.0
12-06-2016,65.5,1081.0,47.74,82.0,7.59,0.0,0.0,0.0
13-06-2016,65.5,1081.0,47.74,82.0,7.59,0.0,0.0,0.0
14-06-2016,65.5,1081.0,47.74,82.0,7.59,0.0,0.0,0.0
15-06-2016,65.5,1081.0,47.74,82.0,7.59,0.0,0.0,0.0
16-06-2016,65.5,1081.0,47.74,82.0,7.59,0.0,0.0,0.0
17-06-2016,65.5,1081.0,47.74,82.0,7.59,0.0,0.0,0.0
18-06-2016,65.5,1081.0,47.7,81.0,7.49,0.0,0.0,0.0
19-06-2016,65.5,1081.0,47.79,81.0,7.49,0.0,0.0,0.0
20-06-2016,65.5,1081.0,47.7,81.0,7.49,0.0,0.0,20.0
21-06-2016,65.5,1081.0,47.7,81.0,7.49,0.0,0.0,0.0
22-06-2016,65.5,1081.0,47.7,81.0,7.49,0.0,0.0,2.0
23-06-2016,65.5,1081.0,47.7,81.0,7.49,0.0,0.0,4.0
24-06-2016,65.5,1081.0,47.7,81.0,7.49,0.0,0.0,0.0
25-06-2016,65.5,1081.0,47.66,80.0,7.4,0.0,0.0,1.0
26-06-2016,65.5,1081.0,47.66,80.0,7.4,0.0,0.0,0.0
27-06-2016,65.5,1081.0,47.66,80.0,7.4,0.0,0.0,14.0
28-06-2016,65.5,1081.0,47.66,80.0,7.4,0.0,0.0,0.0
29-06-2016,65.5,1081.0,47.66,80.0,7.4,0.0,0.0,22.0
30-06-2016,65.5,1081.0,47.66,80.0,7.4,0.0,0.0,3.0
01-07-2016,65.5,1081.0,47.66,80.0,7.4,0.0,0.0,0.0
02-07-2016,65.5,1081.0,47.62,79.0,7.31,0.0,0.0,0.0
03-07-2016,65.5,1081.0,47.62,79.0,7.31,0.0,0.0,9.0
04-07-2016,65.5,1081.0,47.62,79.0,7.31,0.0,0.0,0.0
05-07-2016,65.5,1081.0,47.62,79.0,7.31,0.0,0.0,0.0
06-07-2016,65.5,1081.0,47.62,79.0,7.31,0.0,0.0,0.0
07-07-2016,65.5,1081.0,47.62,79.0,7.31,0.0,0.0,4.0
08-07-2016,65.5,1081.0,47.62,79.0,7.31,0.0,0.0,0.0
09-07-2016,65.5,1081.0,47.62,79.0,7.31,0.0,0.0,0.0
10-07-2016,65.5,1081.0,47.62,79.0,7.31,0.0,0.0,0.0
11-07-2016,65.5,1081.0,47.62,79.0,7.31,0.0,0.0,0.0
12-07-2016,65.5,1081.0,47.62,79.0,7.31,0.0,0.0,0.0
13-07-2016,65.5,1081.0,47.62,79.0,7.31,0.0,0.0,0.0
14-07-2016,65.5,1081.0,47.62,79.0,7.31,0.0,0.0,0.0
15-07-2016,65.5,1081.0,47.62,79.0,7.31,0.0,0.0,0.0
16-07-2016,65.5,1081.0,47.62,79.0,7.31,0.0,0.0,0.0
17-07-2016,65.5,1081.0,47.62,79.0,7.31,0.0,0.0,0.0
18-07-2016,65.5,1081.0,47.62,79.0,7.31,0.0,0.0,1.0
19-07-2016,65.5,1081.0,47.58,78.0,7.22,0.0,8.0,2.0
20-07-2016,65.5,1081.0,47.53,77.0,7.12,0.0,8.0,3.0
21-07-2016,65.5,1081.0,47.49,76.0,7.03,0.0,8.0,0.0
22-07-2016,65.5,1081.0,47.45,75.0,6.94,0.0,8.0,0.0
23-07-2016,65.5,1081.0,47.41,74.0,6.85,0.0,8.0,1.0
24-07-2016,65.5,1081.0,47.36,73.0,6.75,0.0,8.0,0.0
25-07-2016,65.5,1081.0,47.36,73.0,6.75,0.0,0.0,1.0
26-07-2016,65.5,1081.0,47.36,73.0,6.75,0.0,0.0,0.0
27-07-2016,65.5,1081.0,47.36,73.0,6.75,0.0,0.0,0.0
28-07-2016,65.5,1081.0,47.36,73.0,6.75,0.0,0.0,0.0
29-07-2016,65.5,1081.0,47.36,73.0,6.75,0.0,0.0,4.0
30-07-2016,65.5,1081.0,47.36,73.0,6.75,0.0,0.0,0.0
31-07-2016,65.5,1081.0,47.36,73.0,6.75,0.0,0.0,0.0
01-08-2016,65.5,1081.0,47.36,73.0,6.75,0.0,0.0,0.0
02-08-2016,65.5,1081.0,47.36,73.0,6.75,0.0,0.0,1.0
03-08-2016,65.5,1081.0,47.36,73.0,6.75,0.0,0.0,0.0
04-08-2016,65.5,1081.0,47.36,73.0,6.75,0.0,0.0,0.0
05-08-2016,65.5,1081.0,47.36,73.0,6.75,0.0,0.0,0.0
06-08-2016,65.5,1081.0,47.36,73.0,6.75,0.0,0.0,0.0
07-08-2016,65.5,1081.0,47.36,73.0,6.75,0.0,0.0,0.0
08-08-2016,65.5,1081.0,47.36,73.0,6.75,0.0,0.0,1.0
09-08-2016,65.5,1081.0,47.36,73.0,6.75,0.0,0.0,0.0
10-08-2016,65.5,1081.0,47.36,73.0,6.75,0.0,0.0,1.0
11-08-2016,65.5,1081.0,47.36,73.0,6.75,0.0,0.0,2.0
12-08-2016,65.5,1081.0,47.36,73.0,6.75,0.0,0.0,0.0
13-08-2016,65.5,1081.0,47.36,73.0,6.75,0.0,0.0,0.0
14-08-2016,65.5,1081.0,47.32,72.0,6.66,0.0,0.0,1.0
15-08-2016,65.5,1081.0,47.32,72.0,6.66,0.0,0.0,0.0
16-08-2016,65.5,1081.0,47.32,72.0,6.66,0.0,0.0,0.0
17-08-2016,65.5,1081.0,47.32,72.0,6.66,0.0,0.0,0.0
18-08-2016,65.5,1081.0,47.32,72.0,6.66,0.0,0.0,0.0
19-08-2016,65.5,1081.0,47.32,72.0,6.66,0.0,0.0,0.0
20-08-2016,65.5,1081.0,47.32,72.0,6.66,0.0,0.0,0.0
21-08-2016,65.5,1081.0,47.32,72.0,6.66,0.0,0.0,0.0
22-08-2016,65.5,1081.0,47.32,72.0,6.66,0.0,0.0,0.0
23-08-2016,65.5,1081.0,47.32,72.0,6.66,0.0,0.0,0.0
24-08-2016,65.5,1081.0,47.32,72.0,6.66,0.0,0.0,1.0
25-08-2016,65.5,1081.0,47.27,71.0,6.57,0.0,0.0,0.0
26-08-2016,65.5,1081.0,47.27,71.0,6.57,0.0,0.0,0.0
27-08-2016,65.5,1081.0,47.27,71.0,6.57,0.0,0.0,0.0
28-08-2016,65.5,1081.0,47.27,71.0,6.57,0.0,0.0,0.0
29-08-2016,65.5,1081.0,47.23,70.0,6.48,0.0,0.0,0.0
30-08-2016,65.5,1081.0,47.23,70.0,6.48,0.0,0.0,3.0
31-08-2016,65.5,1081.0,47.19,69.0,6.38,0.0,0.0,2.0
01-09-2016,65.5,1081.0,47.19,69.0,6.38,0.0,0.0,0.0
02-09-2016,65.5,1081.0,47.23,70.0,6.48,12.0,0.0,83.0
03-09-2016,65.5,1081.0,47.18,69.0,6.38,12.0,0.0,0.0
04-09-2016,65.5,1081.0,47.18,69.0,6.38,0.0,0.0,38.0
05-09-2016,65.5,1081.0,47.14,68.0,6.29,0.0,0.0,0.0
06-09-2016,65.5,1081.0,47.1,67.0,6.2,0.0,0.0,0.0
07-09-2016,65.5,1081.0,47.1,67.0,6.2,0.0,0.0,0.0
08-09-2016,65.5,1081.0,47.05,66.0,6.11,0.0,0.0,0.0
09-09-2016,65.5,1081.0,47.05,66.0,6.11,0.0,0.0,0.0
10-09-2016,65.5,1081.0,47.05,66.0,6.11,0.0,0.0,13.0
11-09-2016,65.5,1081.0,47.01,65.0,6.01,0.0,0.0,0.0
12-09-2016,65.5,1081.0,47.01,65.0,6.01,0.0,0.0,0.0
13-09-2016,65.5,1081.0,46.96,64.0,5.92,0.0,0.0,0.0
14-09-2016,65.5,1081.0,46.96,64.0,5.92,0.0,0.0,0.0
15-09-2016,65.5,1081.0,46.91,63.0,5.83,0.0,0.0,0.0
16-09-2016,65.5,1081.0,47.01,65.0,6.01,23.0,0.0,78.0
17-09-2016,65.5,1081.0,47.82,84.0,7.77,220.0,0.0,20.0
18-09-2016,65.5,1081.0,48.2,93.0,8.6,104.0,0.0,0.0
19-09-2016,65.5,1081.0,48.39,98.0,9.07,58.0,0.0,0.0
20-09-2016,65.5,1081.0,0.0,101.0,9.34,35.0,0.0,0.0
21-09-2016,65.5,1081.0,48.62,104.0,9.62,35.0,0.0,3.0
22-09-2016,65.5,1081.0,48.66,105.0,9.71,0.0,0.0,0.0
23-09-2016,65.5,1081.0,48.66,105.0,9.71,0.0,0.0,0.0
24-09-2016,65.5,1081.0,48.62,104.0,9.62,0.0,0.0,0.0
25-09-2016,65.5,1081.0,48.58,103.0,9.53,0.0,0.0,0.0
26-09-2016,65.5,1081.0,48.54,102.0,9.44,0.0,0.0,0.0
27-09-2016,65.5,1081.0,48.5,101.0,9.34,0.0,0.0,0.0
28-09-2016,65.5,1081.0,48.46,100.0,9.25,0.0,0.0,0.0
29-09-2016,65.5,1081.0,48.46,100.0,9.25,0.0,0.0,14.0
30-09-2016,65.5,1081.0,48.46,100.0,9.25,0.0,0.0,2.0
01-10-2016,65.5,1081.0,48.46,100.0,9.25,0.0,0.0,3.0
02-10-2016,65.5,1081.0,48.43,99.0,9.16,0.0,0.0,0.0
03-10-2016,65.5,1081.0,48.38,98.0,9.07,0.0,0.0,0.0
04-10-2016,65.5,1081.0,48.35,97.0,8.97,0.0,0.0,0.0
05-10-2016,65.5,1081.0,48.3,96.0,8.88,0.0,0.0,0.0
06-10-2016,65.5,1081.0,48.37,95.0,8.79,0.0,0.0,0.0
07-10-2016,65.5,1081.0,48.19,93.0,8.6,0.0,0.0,0.0
08-10-2016,65.5,1081.0,48.19,93.0,8.6,0.0,0.0,0.0
09-10-2016,65.5,1081.0,48.15,92.0,8.51,0.0,0.0,3.0
10-10-2016,65.5,1081.0,48.11,91.0,8.42,0.0,0.0,0.0
11-10-2016,65.5,1081.0,48.07,90.0,8.33,0.0,0.0,0.0
12-10-2016,65.5,1081.0,48.03,89.0,8.23,0.0,0.0,0.0
13-10-2016,65.5,1081.0,47.99,88.0,8.14,0.0,0.0,0.0
14-10-2016,65.5,1081.0,47.95,87.0,8.05,0.0,0.0,0.0
15-10-2016,65.5,1081.0,47.91,86.0,7.96,0.0,0.0,0.0
16-10-2016,65.5,1081.0,47.82,84.0,7.77,0.0,15.0,0.0
17-10-2016,65.5,1081.0,47.74,82.0,7.59,0.0,15.0,0.0
18-10-2016,65.5,1081.0,47.66,80.0,7.4,0.0,15.0,0.0
19-10-2016,65.5,1081.0,47.57,78.0,7.22,0.0,15.0,0.0
20-10-2016,65.5,1081.0,47.49,76.0,7.03,0.0,15.0,0.0
21-10-2016,65.5,1081.0,47.4,74.0,6.85,0.0,15.0,0.0
22-10-2016,65.5,1081.0,47.36,73.0,6.75,0.0,8.0,0.0
23-10-2016,65.5,1081.0,47.32,72.0,6.66,0.0,5.0,0.0
24-10-2016,65.5,1081.0,47.32,72.0,6.66,0.0,5.0,0.0
25-10-2016,65.5,1081.0,47.32,72.0,6.66,0.0,0.0,0.0
26-10-2016,65.5,1081.0,47.32,72.0,6.66,0.0,0.0,0.0
27-10-2016,65.5,1081.0,47.32,72.0,6.66,0.0,0.0,0.0
28-10-2016,65.5,1081.0,47.32,72.0,6.66,0.0,0.0,0.0
29-10-2016,65.5,1081.0,47.32,72.0,6.66,0.0,0.0,0.0
30-10-2016,65.5,1081.0,47.27,71.0,6.57,0.0,0.0,1.0
31-10-2016,65.5,1081.0,47.27,71.0,6.57,0.0,0.0,2.0
01-11-2016,65.5,1081.0,47.32,72.0,6.66,12.0,0.0,15.0
02-11-2016,65.5,1081.0,47.36,73.0,6.75,12.0,0.0,4.0
03-11-2016,65.5,1081.0,47.45,75.0,6.94,23.0,0.0,20.0
04-11-2016,65.5,1081.0,47.53,77.0,7.12,35.0,12.0,6.0
05-11-2016,65.5,1081.0,47.58,78.0,7.22,23.0,12.0,0.0
06-11-2016,65.5,1081.0,47.58,78.0,7.22,12.0,12.0,0.0
07-11-2016,65.5,1081.0,47.58,78.0,7.22,12.0,12.0,0.0
08-11-2016,65.5,1081.0,47.58,78.0,7.22,12.0,12.0,0.0
09-11-2016,65.5,1081.0,47.53,77.0,7.12,0.0,12.0,0.0
10-11-2016,65.5,1081.0,47.49,76.0,7.03,0.0,12.0,0.0
11-11-2016,65.5,1081.0,47.45,75.0,6.94,0.0,8.0,0.0
12-11-2016,65.5,1081.0,47.4,74.0,6.85,0.0,8.0,0.0
13-11-2016,65.5,1081.0,47.4,74.0,6.85,0.0,0.0,0.0
14-11-2016,65.5,1081.0,47.4,74.0,6.85,0.0,0.0,0.0
15-11-2016,65.5,1081.0,47.4,74.0,6.85,0.0,0.0,0.0
16-11-2016,65.5,1081.0,47.4,74.0,6.85,0.0,0.0,0.0
17-11-2016,65.5,1081.0,47.4,74.0,6.85,0.0,0.0,0.0
18-11-2016,65.5,1081.0,37.36,73.0,6.75,0.0,0.0,0.0
19-11-2016,65.5,1081.0,47.36,73.0,6.75,0.0,0.0,0.0
20-11-2016,65.5,1081.0,47.36,73.0,6.75,0.0,0.0,0.0
21-11-2016,65.5,1081.0,47.36,73.0,6.75,0.0,0.0,0.0
22-11-2016,65.5,1081.0,47.36,73.0,6.75,0.0,0.0,0.0
23-11-2016,65.5,1081.0,47.36,73.0,6.75,0.0,0.0,0.0
24-11-2016,65.5,1081.0,47.36,73.0,6.75,0.0,0.0,0.0
25-11-2016,65.5,1081.0,47.36,73.0,6.75,0.0,0.0,0.0
26-11-2016,65.5,1081.0,47.36,73.0,6.75,0.0,0.0,0.0
27-11-2016,65.5,1081.0,47.36,73.0,6.75,0.0,0.0,0.0
28-11-2016,65.5,1081.0,47.36,73.0,6.75,0.0,0.0,0.0
29-11-2016,65.5,1081.0,47.36,73.0,6.75,0.0,0.0,0.0
30-11-2016,65.5,1081.0,47.36,73.0,6.75,0.0,5.0,0.0
01-12-2016,65.5,1081.0,47.32,72.0,6.66,0.0,11.0,0.0
02-12-2016,65.5,1081.0,47.36,73.0,6.75,23.0,11.0,57.0
03-12-2016,65.5,1081.0,47.62,79.0,7.31,70.0,0.0,7.0
04-12-2016,65.5,1081.0,47.62,84.0,7.77,58.0,0.0,20.0
05-12-2016,65.5,1081.0,47.83,84.0,7.77,0.0,0.0,0.0
06-12-2016,65.5,1081.0,47.83,84.0,7.77,0.0,0.0,0.0
07-12-2016,65.5,1081.0,47.83,84.0,7.77,0.0,0.0,0.0
08-12-2016,65.5,1081.0,47.83,84.0,7.77,0.0,0.0,0.0
09-12-2016,65.5,1081.0,47.83,84.0,7.77,0.0,0.0,0.0
10-12-2016,65.5,1081.0,47.79,83.0,7.68,0.0,12.0,0.0
11-12-2016,65.5,1081.0,47.74,82.0,7.59,0.0,12.0,0.0
12-12-2016,65.5,1081.0,47.83,84.0,7.77,35.0,12.0,37.0
13-12-2016,65.5,1081.0,49.25,121.0,11.19,448.0,20.0,110.0
14-12-2016,65.5,1081.0,49.13,118.0,10.92,0.0,40.0,0.0
15-12-2016,65.5,1081.0,47.03,115.0,10.64,0.0,40.0,0.0
16-12-2016,65.5,1081.0,48.88,111.0,10.27,0.0,40.0,0.0
18-12-2016,65.5,1081.0,48.58,103.0,9.53,0.0,40.0,0.0
19-12-2016,65.5,1081.0,48.42,99.0,9.16,0.0,40.0,0.0
20-12-2016,65.5,1081.0,48.26,95.0,8.79,0.0,35.0,0.0
21-12-2016,65.5,1081.0,48.15,92.0,8.51,0.0,30.0,0.0
22-12-2016,65.5,1081.0,48.03,89.0,8.23,0.0,30.0,0.0
23-12-2016,65.5,1081.0,47.96,88.0,8.14,0.0,23.0,0.0
24-12-2016,65.5,1081.0,47.95,87.0,8.05,0.0,10.0,0.0
25-12-2016,65.5,1081.0,47.91,86.0,7.96,0.0,10.0,0.0
26-12-2016,65.5,1081.0,47.87,85.0,7.86,0.0,10.0,0.0
27-12-2016,65.5,1081.0,47.83,84.0,7.77,0.0,5.0,0.0
28-12-2016,65.5,1081.0,47.83,84.0,7.77,0.0,5.0,0.0
29-12-2016,65.5,1081.0,47.78,83.0,7.68,0.0,5.0,0.0
30-12-2016,65.5,1081.0,47.78,83.0,7.68,0.0,5.0,0.0
31-12-2016,65.5,1081.0,47.78,83.0,7.68,0.0,5.0,0.0
01-01-2017,65.5,1081.0,47.74,82.0,7.59,0.0,3.0,0.0
02-01-2017,65.5,1081.0,47.74,82.0,7.59,0.0,3.0,0.0
03-01-2017,65.5,1081.0,47.74,82.0,7.59,0.0,3.0,0.0
04-01-2017,65.5,1081.0,47.74,82.0,7.59,0.0,3.0,0.0
05-01-2017,65.5,1081.0,58.71,505.0,46.72,0.0,0.0,0.0
06-01-2017,65.5,1081.0,47.7,81.0,7.49,0.0,3.0,0.0
07-01-2017,65.5,1081.0,47.7,81.0,7.49,0.0,3.0,0.0
08-01-2017,65.5,1081.0,47.7,81.0,7.49,0.0,3.0,0.0
09-01-2017,65.5,1081.0,47.66,80.0,7.4,0.0,3.0,0.0
10-01-2017,65.5,1081.0,47.66,80.0,7.4,0.0,3.0,0.0
11-01-2017,65.5,1081.0,47.66,80.0,7.4,0.0,3.0,0.0
12-01-2017,65.5,1081.0,47.62,79.0,7.31,0.0,3.0,0.0
13-01-2017,65.5,1081.0,47.62,79.0,7.31,0.0,3.0,0.0
14-01-2017,65.5,1081.0,47.62,79.0,7.31,0.0,3.0,0.0
15-01-2017,65.5,1081.0,47.57,78.0,7.22,0.0,3.0,0.0
16-01-2017,65.5,1081.0,47.57,78.0,7.22,0.0,3.0,0.0
17-01-2017,65.5,1081.0,47.57,78.0,7.22,0.0,3.0,0.0
18-01-2017,65.5,1081.0,47.57,78.0,7.22,0.0,3.0,0.0
19-01-2017,65.5,1081.0,47.57,78.0,7.22,0.0,0.0,0.0
20-01-2017,65.5,1081.0,47.57,78.0,7.22,0.0,0.0,0.0
21-01-2017,65.5,1081.0,47.57,78.0,7.22,0.0,0.0,0.0
22-01-2017,65.5,1081.0,47.53,77.0,7.12,0.0,0.0,0.0
23-01-2017,65.5,1081.0,47.53,77.0,7.12,0.0,0.0,0.0
24-01-2017,65.5,1081.0,47.53,77.0,7.12,0.0,0.0,0.0
25-01-2017,65.5,1081.0,47.53,77.0,7.12,0.0,0.0,0.0
26-01-2017,65.5,1081.0,47.53,77.0,7.12,0.0,0.0,0.0
27-01-2017,65.5,1081.0,47.49,76.0,7.03,0.0,6.0,3.0
28-01-2017,65.5,1081.0,47.45,75.0,6.94,0.0,13.0,0.0
29-01-2017,65.5,1081.0,47.36,73.0,6.75,0.0,15.0,0.0
30-01-2017,65.5,1081.0,47.31,72.0,6.66,0.0,15.0,0.0
31-01-2017,65.5,1081.0,47.27,71.0,6.57,0.0,15.0,0.0
01-02-2017,65.5,1081.0,47.18,69.0,6.38,0.0,15.0,0.0
02-02-2017,65.5,1081.0,47.14,68.0,6.29,0.0,15.0,0.0
03-02-2017,65.5,1081.0,47.09,67.0,6.2,0.0,15.0,0.0
06-02-2017,65.5,1081.0,46.87,62.0,5.74,0.0,18.0,0.0
07-02-2017,65.5,1081.0,46.82,61.0,5.64,0.0,18.0,0.0
08-02-2017,65.5,1081.0,46.73,59.0,5.46,0.0,18.0,0.0
09-02-2017,65.5,1081.0,46.68,58.0,5.37,0.0,18.0,0.0
10-02-2017,65.5,1081.0,46.59,56.0,5.18,0.0,18.0,0.0
11-02-2017,65.5,1081.0,46.55,55.0,5.09,0.0,18.0,0.0
12-02-2017,65.5,1081.0,46.45,53.0,4.9,0.0,18.0,0.0
13-02-2017,65.5,1081.0,46.4,52.0,4.81,0.0,18.0,0.0
14-02-2017,65.5,1081.0,46.3,50.0,4.63,0.0,18.0,0.0
15-02-2017,65.5,1081.0,46.25,49.0,4.53,0.0,18.0,0.0
16-02-2017,65.5,1081.0,46.15,47.0,4.35,0.0,18.0,0.0
17-02-2017,65.5,1081.0,46.1,46.0,4.26,0.0,18.0,0.0
19-02-2017,65.5,1081.0,45.95,43.0,3.98,0.0,18.0,0.0
20-02-2017,65.5,1081.0,45.84,41.0,3.79,0.0,18.0,0.0
21-02-2017,65.5,1081.0,45.79,40.0,3.7,0.0,18.0,0.0
22-02-2017,65.5,1081.0,45.69,38.0,3.52,0.0,18.0,0.0
23-02-2017,65.5,1081.0,45.64,37.0,3.42,0.0,17.0,0.0
24-02-2017,65.5,1081.0,45.53,35.0,3.24,0.0,18.0,0.0
25-02-2017,65.5,1081.0,45.48,34.0,3.15,0.0,17.0,0.0
27-02-2017,65.5,1081.0,45.31,31.0,2.87,0.0,18.0,0.0
28-02-2017,65.5,1081.0,45.2,29.0,2.68,0.0,18.0,0.0
01-03-2017,65.5,1081.0,45.14,28.0,2.59,0.0,18.0,0.0
02-03-2017,65.5,1081.0,45.04,26.0,2.41,0.0,18.0,0.0
03-03-2017,65.5,1081.0,17.86,25.0,2.31,0.0,18.0,0.0
04-03-2017,65.5,1081.0,0.0,23.0,2.13,0.0,17.0,0.0
05-03-2017,65.5,1081.0,0.0,22.0,2.04,0.0,17.0,0.0
06-03-2017,65.5,1081.0,0.0,20.0,1.85,0.0,18.0,0.0
07-03-2017,65.5,1081.0,0.0,19.0,1.76,0.0,17.0,0.0
08-03-2017,65.5,1081.0,0.0,17.0,1.57,0.0,16.0,0.0
09-03-2017,65.5,1081.0,0.0,16.0,1.48,0.0,14.0,0.0
10-03-2017,65.5,1081.0,0.0,15.0,1.39,0.0,10.0,0.0
11-03-2017,65.5,1081.0,0.0,14.0,1.3,0.0,10.0,0.0
12-03-2017,65.5,1081.0,0.0,13.0,1.2,0.0,10.0,0.0
13-03-2017,65.5,1081.0,0.0,12.0,1.11,0.0,10.0,0.0
14-03-2017,65.5,1081.0,0.0,11.0,1.02,0.0,10.0,0.0
15-03-2017,65.5,1081.0,0.0,10.0,0.93,0.0,10.0,0.0
16-03-2017,65.5,1081.0,0.0,9.0,0.83,0.0,10.0,0.0
17-03-2017,65.5,1081.0,0.0,8.0,0.74,0.0,10.0,0.0
18-03-2017,65.5,1081.0,0.0,7.0,0.65,0.0,7.0,0.0
19-03-2017,65.5,1081.0,0.0,6.0,0.56,0.0,3.0,0.0
20-03-2017,65.5,1081.0,0.0,6.0,0.56,0.0,3.0,0.0
21-03-2017,65.5,1081.0,0.0,6.0,0.56,0.0,0.0,0.0
22-03-2017,65.5,1081.0,0.0,5.0,0.46,0.0,9.0,0.0
23-03-2017,65.5,1081.0,0.0,4.0,0.37,0.0,10.0,0.0
24-03-2017,65.5,1081.0,0.0,3.0,0.28,0.0,10.0,0.0
25-03-2017,65.5,1081.0,0.0,2.0,0.19,0.0,10.0,0.0
26-03-2017,65.5,1081.0,0.0,1.0,0.09,0.0,10.0,0.0
27-03-2017,65.5,1081.0,0.0,0.0,0.0,0.0,10.0,0.0
28-03-2017,65.5,1081.0,0.0,0.0,0.0,0.0,10.0,0.0
29-03-2017,65.5,1081.0,0.0,0.0,0.0,0.0,10.0,0.0
30-03-2017,65.5,1081.0,0.0,0.0,0.0,0.0,10.0,0.0
31-03-2017,65.5,1081.0,0.0,0.0,0.0,0.0,10.0,0.0
01-04-2017,65.5,1081.0,0.0,0.0,0.0,0.0,10.0,0.0
02-04-2017,65.5,1081.0,0.0,0.0,0.0,0.0,10.0,0.0
03-04-2017,65.5,1081.0,0.0,0.0,0.0,0.0,10.0,0.0
04-04-2017,65.5,1081.0,0.0,0.0,0.0,0.0,4.0,0.0
05-04-2017,65.5,1081.0,0.0,0.0,0.0,0.0,0.0,0.0
06-04-2017,65.5,1081.0,0.0,0.0,0.0,0.0,0.0,0.0
07-04-2017,65.5,1081.0,0.0,0.0,0.0,0.0,0.0,0.0
08-04-2017,65.5,1081.0,0.0,0.0,0.0,0.0,0.0,0.0
09-04-2017,65.5,1081.0,0.0,0.0,0.0,0.0,0.0,0.0
10-04-2017,65.5,1081.0,0.0,0.0,0.0,0.0,0.0,0.0
11-04-2017,65.5,1081.0,0.0,0.0,0.0,0.0,0.0,0.0
12-04-2017,65.5,1081.0,0.0,0.0,0.0,0.0,0.0,0.0
13-04-2017,65.5,1081.0,0.0,0.0,0.0,0.0,0.0,0.0
14-04-2017,65.5,1081.0,0.0,0.0,0.0,0.0,0.0,0.0
15-04-2017,65.5,1081.0,0.0,0.0,0.0,0.0,0.0,0.0
16-04-2017,65.5,1081.0,0.0,0.0,0.0,0.0,0.0,0.0
17-04-2017,65.5,1081.0,0.0,0.0,0.0,0.0,0.0,0.0
18-04-2017,65.5,1081.0,0.0,0.0,0.0,0.0,0.0,0.0
19-04-2017,65.5,1081.0,0.0,0.0,0.0,0.0,0.0,0.0
20-04-2017,65.5,1081.0,0.0,0.0,0.0,0.0,0.0,0.0
21-04-2017,65.5,1081.0,0.0,0.0,0.0,0.0,0.0,0.0
22-04-2017,65.5,1081.0,0.0,0.0,0.0,0.0,0.0,0.0
23-04-2017,65.5,1081.0,0.0,0.0,0.0,0.0,0.0,0.0
24-04-2017,65.5,1081.0,0.0,0.0,0.0,0.0,0.0,0.0
25-04-2017,65.5,1081.0,0.0,0.0,0.0,0.0,0.0,0.0
26-04-2017,65.5,1081.0,0.0,0.0,0.0,0.0,0.0,0.0
27-04-2017,65.5,1081.0,0.0,0.0,0.0,0.0,0.0,0.0
28-04-2017,65.5,1081.0,0.0,0.0,0.0,0.0,0.0,0.0
29-04-2017,65.5,1081.0,0.0,0.0,0.0,0.0,0.0,0.0
30-04-2017,65.5,1081.0,0.0,0.0,0.0,0.0,0.0,0.0
01-05-2017,65.5,1081.0,0.0,0.0,0.0,0.0,0.0,0.0
02-05-2017,65.5,1081.0,0.0,0.0,0.0,0.0,0.0,0.0
03-05-2017,65.5,1081.0,0.0,0.0,0.0,0.0,0.0,0.0
04-05-2017,65.5,1081.0,0.0,0.0,0.0,0.0,0.0,0.0
05-05-2017,65.5,1081.0,0.0,0.0,0.0,0.0,0.0,0.0
06-05-2017,65.5,1081.0,0.0,0.0,0.0,0.0,0.0,0.0
07-05-2017,65.5,1081.0,0.0,0.0,0.0,0.0,0.0,0.0
08-05-2017,65.5,1081.0,0.0,0.0,0.0,0.0,0.0,0.0
09-05-2017,65.5,1081.0,0.0,0.0,0.0,0.0,0.0,0.0
10-05-2017,65.5,1081.0,0.0,0.0,0.0,0.0,0.0,0.0
11-05-2017,65.5,1081.0,0.0,0.0,0.0,0.0,0.0,0.0
12-05-2017,65.5,1081.0,0.0,0.0,0.0,0.0,0.0,0.0
13-05-2017,65.5,1081.0,0.0,0.0,0.0,0.0,0.0,0.0
14-05-2017,65.5,1081.0,0.0,0.0,0.0,0.0,0.0,0.0
15-05-2017,65.5,1081.0,0.0,0.0,0.0,0.0,0.0,0.0
16-05-2017,65.5,1081.0,0.0,0.0,0.0,0.0,0.0,0.0
17-05-2017,65.5,1081.0,0.0,0.0,0.0,0.0,0.0,0.0
18-05-2017,65.5,1081.0,0.0,0.0,0.0,0.0,0.0,0.0
19-05-2017,65.5,1081.0,0.0,0.0,0.0,0.0,0.0,0.0
20-05-2017,65.5,1081.0,0.0,0.0,0.0,0.0,0.0,0.0
21-05-2017,65.5,1081.0,0.0,0.0,0.0,0.0,0.0,0.0
22-05-2017,65.5,1081.0,0.0,0.0,0.0,0.0,0.0,0.0
23-05-2017,65.5,1081.0,0.0,0.0,0.0,0.0,0.0,0.0
24-05-2017,65.5,1081.0,0.0,0.0,0.0,0.0,0.0,0.0
25-05-2017,65.5,1081.0,0.0,0.0,0.0,0.0,0.0,0.0
26-05-2017,65.5,1081.0,0.0,0.0,0.0,0.0,0.0,0.0
27-05-2017,65.5,1081.0,0.0,0.0,0.0,0.0,0.0,0.0
28-05-2017,65.5,1081.0,0.0,0.0,0.0,0.0,0.0,0.0
29-05-2017,65.5,1081.0,0.0,0.0,0.0,0.0,0.0,0.0
30-05-2017,65.5,1081.0,0.0,0.0,0.0,0.0,0.0,12.0
31-05-2017,65.5,1081.0,0.0,0.0,0.0,0.0,0.0,0.0
01-06-2017,65.5,1081.0,0.0,0.0,0.0,0.0,0.0,0.0
02-06-2017,65.5,1081.0,0.0,0.0,0.0,0.0,0.0,0.0
03-06-2017,65.5,1081.0,0.0,0.0,0.0,0.0,0.0,0.0
04-06-2017,65.5,1081.0,0.0,0.0,0.0,0.0,0.0,0.0
05-06-2017,65.5,1081.0,0.0,0.0,0.0,0.0,0.0,0.0
06-06-2017,65.5,1081.0,0.0,0.0,0.0,0.0,0.0,0.0
07-06-2017,65.5,1081.0,0.0,0.0,0.0,0.0,0.0,22.0
08-06-2017,65.5,1081.0,0.0,0.0,0.0,0.0,0.0,0.0
09-06-2017,65.5,1081.0,0.0,0.0,0.0,0.0,0.0,0.0
10-06-2017,65.5,1081.0,0.0,0.0,0.0,0.0,0.0,0.0
11-06-2017,65.5,1081.0,0.0,0.0,0.0,0.0,0.0,0.0
12-06-2017,65.5,1081.0,0.0,0.0,0.0,0.0,0.0,0.0
13-06-2017,65.5,1081.0,0.0,0.0,0.0,0.0,0.0,0.0
14-06-2017,65.5,1081.0,0.0,0.0,0.0,0.0,0.0,0.0
15-06-2017,65.5,1081.0,0.0,0.0,0.0,0.0,0.0,1.0
16-06-2017,65.5,1081.0,0.0,0.0,0.0,0.0,0.0,0.0
17-06-2017,65.5,1081.0,0.0,0.0,0.0,0.0,0.0,1.0
18-06-2017,65.5,1081.0,0.0,0.0,0.0,0.0,0.0,0.0
19-06-2017,65.5,1081.0,0.0,0.0,0.0,0.0,0.0,15.0
20-06-2017,65.5,1081.0,0.0,0.0,0.0,0.0,0.0,17.0
21-06-2017,65.5,1081.0,0.0,0.0,0.0,0.0,0.0,0.0
22-06-2017,65.5,1081.0,0.0,0.0,0.0,0.0,0.0,0.0
23-06-2017,65.5,1081.0,0.0,0.0,0.0,0.0,0.0,0.0
24-06-2017,65.5,1081.0,0.0,0.0,0.0,0.0,0.0,8.0
25-06-2017,65.5,1081.0,0.0,0.0,0.0,0.0,0.0,0.0
26-06-2017,65.5,1081.0,0.0,0.0,0.0,0.0,0.0,7.0
27-06-2017,65.5,1081.0,0.0,0.0,0.0,0.0,0.0,0.0
28-06-2017,65.5,1081.0,0.0,0.0,0.0,0.0,0.0,4.0
29-06-2017,65.5,1081.0,0.0,0.0,0.0,0.0,0.0,0.0
30-06-2017,65.5,1081.0,0.0,0.0,0.0,0.0,0.0,0.0
01-07-2017,65.5,1081.0,0.0,0.0,0.0,0.0,0.0,0.0
02-07-2017,65.5,1081.0,0.0,0.0,0.0,0.0,0.0,0.0
03-07-2017,65.5,1081.0,0.0,0.0,0.0,0.0,0.0,0.0
04-07-2017,65.5,1081.0,0.0,0.0,0.0,0.0,0.0,6.0
05-07-2017,65.5,1081.0,0.0,0.0,0.0,0.0,0.0,0.0
06-07-2017,65.5,1081.0,0.0,0.0,0.0,0.0,0.0,0.0
07-07-2017,65.5,1081.0,0.0,0.0,0.0,0.0,0.0,5.0
08-07-2017,65.5,1081.0,0.0,0.0,0.0,0.0,0.0,6.0
09-07-2017,65.5,1081.0,0.0,0.0,0.0,0.0,0.0,0.0
10-07-2017,65.5,1081.0,0.0,0.0,0.0,0.0,0.0,18.0
11-07-2017,65.5,1081.0,0.0,0.0,0.0,0.0,0.0,0.0
12-07-2017,65.5,1081.0,0.0,0.0,0.0,0.0,0.0,47.0
13-07-2017,65.5,1081.0,0.0,0.0,0.0,0.0,0.0,0.0
14-07-2017,65.5,1081.0,0.0,0.0,0.0,0.0,0.0,0.0
15-07-2017,65.5,1081.0,0.0,0.0,0.0,0.0,0.0,0.0
16-07-2017,65.5,1081.0,0.0,0.0,0.0,0.0,0.0,0.0
17-07-2017,65.5,1081.0,0.0,0.0,0.0,0.0,0.0,0.0
18-07-2017,65.5,1081.0,0.0,0.0,0.0,0.0,0.0,0.0
19-07-2017,65.5,1081.0,0.0,0.0,0.0,0.0,0.0,0.0
20-07-2017,65.5,1081.0,0.0,0.0,0.0,0.0,0.0,1.0
21-07-2017,65.5,1081.0,0.0,0.0,0.0,0.0,0.0,0.0
22-07-2017,65.5,1081.0,0.0,0.0,0.0,0.0,0.0,0.0
23-07-2017,65.5,1081.0,0.0,0.0,0.0,0.0,0.0,0.0
24-07-2017,65.5,1081.0,0.0,0.0,0.0,0.0,0.0,0.0
25-07-2017,65.5,1081.0,0.0,0.0,0.0,0.0,0.0,0.0
26-07-2017,65.5,1081.0,0.0,0.0,0.0,0.0,0.0,0.0
27-07-2017,65.5,1081.0,0.0,0.0,0.0,0.0,0.0,0.0
28-07-2017,65.5,1081.0,0.0,0.0,0.0,0.0,0.0,0.0
29-07-2017,65.5,1081.0,0.0,0.0,0.0,0.0,0.0,0.0
30-07-2017,65.5,1081.0,0.0,0.0,0.0,0.0,0.0,6.0
31-07-2017,65.5,1081.0,0.0,0.0,0.0,0.0,0.0,0.0
01-08-2017,65.5,1081.0,0.0,0.0,0.0,0.0,0.0,0.0
02-08-2017,65.5,1081.0,0.0,0.0,0.0,0.0,0.0,0.0
03-08-2017,65.5,1081.0,0.0,0.0,0.0,0.0,0.0,8.0
04-08-2017,65.5,1081.0,0.0,0.0,0.0,0.0,0.0,0.0
05-08-2017,65.5,1081.0,0.0,0.0,0.0,0.0,0.0,2.0
06-08-2017,65.5,1081.0,0.0,0.0,0.0,0.0,0.0,4.0
07-08-2017,65.5,1081.0,0.0,0.0,0.0,0.0,0.0,4.0
08-08-2017,65.5,1081.0,0.0,0.0,0.0,0.0,0.0,0.0
09-08-2017,65.5,1081.0,0.0,0.0,0.0,0.0,0.0,0.0
10-08-2017,65.5,1081.0,0.0,0.0,0.0,0.0,0.0,34.0
11-08-2017,65.5,1081.0,0.0,0.0,0.0,0.0,0.0,0.0
12-08-2017,65.5,1081.0,0.0,0.0,0.0,0.0,0.0,45.0
13-08-2017,65.5,1081.0,0.0,0.0,0.0,0.0,0.0,0.0
14-08-2017,65.5,1081.0,0.0,0.0,0.0,0.0,0.0,0.0
15-08-2017,65.5,1081.0,0.0,0.0,0.0,0.0,0.0,26.0
16-08-2017,65.5,1081.0,0.0,0.0,0.0,0.0,0.0,0.0
17-08-2017,65.5,1081.0,0.0,0.0,0.0,0.0,0.0,0.0
18-08-2017,65.5,1081.0,0.0,0.0,0.0,0.0,0.0,45.0
19-08-2017,65.5,1081.0,0.0,0.0,0.0,0.0,0.0,76.0
20-08-2017,65.5,1081.0,45.04,5.0,0.46,60.0,0.0,10.0
21-08-2017,65.5,1081.0,0.0,8.0,0.74,35.0,0.0,13.0
22-08-2017,65.5,1081.0,0.0,11.0,1.02,35.0,0.0,2.0
23-08-2017,65.5,1081.0,0.0,13.0,1.2,23.0,0.0,0.0
24-08-2017,65.5,1081.0,0.0,15.0,1.39,23.0,0.0,1.0
25-08-2017,65.5,1081.0,0.0,17.0,1.57,23.0,0.0,7.0
26-08-2017,65.5,1081.0,0.0,19.0,1.76,23.0,0.0,0.0
27-08-2017,65.5,1081.0,0.0,21.0,1.94,23.0,0.0,11.0
28-08-2017,65.5,1081.0,0.0,21.0,1.94,0.0,0.0,0.0
29-08-2017,65.5,1081.0,0.0,21.0,1.94,0.0,0.0,0.0
30-08-2017,65.5,1081.0,0.0,21.0,1.94,0.0,0.0,0.0
31-08-2017,65.5,1081.0,0.0,22.0,2.04,12.0,0.0,15.0
01-09-2017,65.5,1081.0,0.0,22.0,2.04,0.0,0.0,0.0
02-09-2017,65.5,1081.0,0.0,25.0,2.31,35.0,0.0,44.0
03-09-2017,65.5,1081.0,0.0,25.0,2.31,0.0,0.0,4.0
04-09-2017,65.5,1081.0,0.0,25.0,2.31,0.0,0.0,0.0
05-09-2017,65.5,1081.0,0.0,25.0,2.31,0.0,0.0,0.0
06-09-2017,65.5,1081.0,0.0,25.0,2.31,0.0,0.0,0.0
07-09-2017,65.5,1081.0,0.0,25.0,2.31,0.0,0.0,0.0
08-09-2017,65.5,1081.0,0.0,25.0,2.31,0.0,0.0,0.0
09-09-2017,65.5,1081.0,0.0,25.0,2.31,0.0,0.0,10.0
10-09-2017,65.5,1081.0,0.0,25.0,2.31,0.0,0.0,5.0
11-09-2017,65.5,1081.0,0.0,25.0,2.31,0.0,0.0,0.0
12-09-2017,65.5,1081.0,0.0,25.0,2.31,0.0,0.0,5.0
13-09-2017,65.5,1081.0,0.0,25.0,2.31,0.0,0.0,0.0
14-09-2017,65.5,1081.0,0.0,25.0,2.31,0.0,0.0,0.0
15-09-2017,65.5,1081.0,0.0,25.0,2.31,0.0,0.0,0.0
16-09-2017,65.5,1081.0,0.0,25.0,2.31,0.0,0.0,0.0
17-09-2017,65.5,1081.0,0.0,25.0,2.31,0.0,0.0,5.0
18-09-2017,65.5,1081.0,0.0,25.0,2.31,0.0,0.0,2.0
19-09-2017,65.5,1081.0,45.04,26.0,2.41,12.0,0.0,8.0
20-09-2017,65.5,1081.0,45.04,26.0,2.41,0.0,0.0,0.0
21-09-2017,65.5,1081.0,45.04,26.0,2.41,0.0,0.0,0.0
22-09-2017,65.5,1081.0,45.04,26.0,2.41,0.0,0.0,5.0
23-09-2017,65.5,1081.0,45.04,26.0,2.41,0.0,0.0,0.0
24-09-2017,65.5,1081.0,45.04,26.0,2.41,0.0,0.0,0.0
25-09-2017,65.5,1081.0,45.04,26.0,2.41,0.0,0.0,0.0
26-09-2017,65.5,1081.0,45.04,26.0,2.41,0.0,0.0,0.0
27-09-2017,65.5,1081.0,45.04,26.0,2.41,0.0,0.0,0.0
28-09-2017,65.5,1081.0,45.04,26.0,2.41,0.0,0.0,0.0
29-09-2017,65.5,1081.0,45.04,26.0,2.41,0.0,0.0,1.0
30-09-2017,65.5,1081.0,45.04,26.0,2.41,0.0,0.0,10.0
01-10-2017,65.5,1081.0,45.59,36.0,3.33,116.0,0.0,117.0
02-10-2017,65.5,1081.0,46.11,46.0,4.26,116.0,0.0,0.0
03-10-2017,65.5,1081.0,46.21,48.0,4.44,23.0,0.0,0.0
04-10-2017,65.5,1081.0,46.35,51.0,4.72,35.0,0.0,25.0
05-10-2017,65.5,1081.0,46.4,52.0,4.81,12.0,0.0,8.0
06-10-2017,65.5,1081.0,46.4,52.0,4.81,0.0,0.0,0.0
07-10-2017,65.5,1081.0,46.78,60.0,5.55,93.0,0.0,26.0
08-10-2017,65.5,1081.0,47.23,70.0,6.48,116.0,0.0,0.0
09-10-2017,65.5,1081.0,47.5,76.0,7.03,69.0,0.0,0.0
10-10-2017,65.5,1081.0,47.58,78.0,7.22,23.0,0.0,0.0
11-10-2017,65.5,1081.0,47.58,78.0,7.22,0.0,0.0,0.0
12-10-2017,65.5,1081.0,47.7,81.0,7.49,35.0,0.0,15.0
13-10-2017,65.5,1081.0,47.79,83.0,7.68,23.0,0.0,0.0
14-10-2017,65.5,1081.0,47.87,85.0,7.86,23.0,0.0,0.0
15-10-2017,65.5,1081.0,47.87,85.0,7.86,0.0,0.0,0.0
16-10-2017,65.5,1081.0,47.87,85.0,7.86,0.0,0.0,6.0
17-10-2017,65.5,1081.0,48.04,89.0,8.23,46.0,0.0,18.0
18-10-2017,65.5,1081.0,48.11,91.0,8.42,28.0,0.0,2.0
19-10-2017,65.5,1081.0,48.11,91.0,8.42,0.0,0.0,0.0
20-10-2017,65.5,1081.0,48.11,91.0,8.42,0.0,0.0,0.0
21-10-2017,65.5,1081.0,48.11,91.0,8.42,0.0,0.0,0.0
22-10-2017,65.5,1081.0,48.11,91.0,8.42,0.0,0.0,0.0
23-10-2017,65.5,1081.0,48.11,91.0,8.42,0.0,0.0,0.0
24-10-2017,65.5,1081.0,48.11,91.0,8.42,0.0,0.0,0.0
25-10-2017,65.5,1081.0,48.11,91.0,8.42,0.0,0.0,0.0
26-10-2017,65.5,1081.0,48.11,91.0,8.42,0.0,0.0,0.0
27-10-2017,65.5,1081.0,48.11,91.0,8.42,0.0,0.0,3.0
28-10-2017,65.5,1081.0,48.11,91.0,8.42,0.0,0.0,0.0
29-10-2017,65.5,1081.0,48.11,91.0,8.42,0.0,0.0,0.0
30-10-2017,65.5,1081.0,48.11,91.0,8.42,0.0,0.0,12.0
31-10-2017,65.5,1081.0,49.2,120.0,11.1,336.0,0.0,95.0
01-11-2017,65.5,1081.0,51.18,180.0,16.65,694.0,0.0,55.0
02-11-2017,65.5,1081.0,52.45,225.0,20.81,521.0,0.0,25.0
03-11-2017,65.5,1081.0,53.11,250.0,23.13,289.0,0.0,86.0
04-11-2017,65.5,1081.0,54.4,301.0,27.84,590.0,0.0,42.0
05-11-2017,65.5,1081.0,55.63,354.0,32.75,613.0,0.0,30.0
06-11-2017,65.5,1081.0,56.89,412.0,38.11,671.0,0.0,41.0
07-11-2017,65.5,1081.0,57.93,464.0,42.92,602.0,0.0,5.0
08-11-2017,65.5,1081.0,58.9,515.0,47.64,590.0,0.0,45.0
09-11-2017,65.5,1081.0,59.38,541.0,50.05,301.0,0.0,0.0
10-11-2017,65.5,1081.0,59.59,553.0,51.16,139.0,0.0,0.0
11-11-2017,65.5,1081.0,59.8,565.0,52.27,139.0,0.0,4.0
12-11-2017,65.5,1081.0,59.83,567.0,52.45,23.0,0.0,4.0
13-11-2017,65.5,1081.0,59.95,573.0,53.01,69.0,0.0,33.0
14-11-2017,65.5,1081.0,60.18,587.0,54.3,162.0,0.0,40.0
15-11-2017,65.5,1081.0,60.52,607.0,56.15,231.0,0.0,18.0
16-11-2017,65.5,1081.0,60.65,607.0,56.15,92.0,0.0,0.0
17-11-2017,65.5,1081.0,60.69,607.0,56.15,23.0,0.0,0.0
18-11-2017,65.5,1081.0,60.69,617.0,57.08,0.0,0.0,0.0
19-11-2017,65.5,1081.0,60.69,617.0,57.08,0.0,0.0,0.0
20-11-2017,65.5,1081.0,60.69,617.0,57.08,0.0,0.0,0.0
21-11-2017,65.5,1081.0,60.66,615.0,56.89,0.0,0.0,0.0
22-11-2017,65.5,1081.0,60.64,614.0,56.8,0.0,0.0,2.0
23-11-2017,65.5,1081.0,60.59,611.0,56.52,0.0,0.0,0.0
24-11-2017,65.5,1081.0,60.54,608.0,56.24,0.0,0.0,0.0
25-11-2017,65.5,1081.0,60.49,605.0,55.97,0.0,0.0,0.0
26-11-2017,65.5,1081.0,60.44,602.0,55.69,0.0,0.0,0.0
27-11-2017,65.5,1081.0,60.39,599.0,55.41,0.0,0.0,3.0
28-11-2017,65.5,1081.0,60.33,596.0,55.13,0.0,0.0,0.0
29-11-2017,65.5,1081.0,60.27,592.0,54.76,0.0,0.0,0.0
30-11-2017,65.5,1081.0,60.23,590.0,54.58,0.0,0.0,31.0
01-12-2017,65.5,1081.0,60.32,595.0,55.04,58.0,0.0,67.0
02-12-2017,65.5,1081.0,60.39,599.0,55.41,46.0,0.0,0.0
03-12-2017,65.5,1081.0,60.44,602.0,55.69,35.0,0.0,0.0
04-12-2017,65.5,1081.0,60.4,600.0,55.5,0.0,0.0,0.0
05-12-2017,65.5,1081.0,60.33,596.0,55.13,0.0,0.0,0.0
06-12-2017,65.5,1081.0,60.27,592.0,54.76,0.0,0.0,0.0
07-12-2017,65.5,1081.0,60.2,588.0,54.39,0.0,0.0,0.0
08-12-2017,65.5,1081.0,60.13,584.0,54.02,0.0,0.0,0.0
09-12-2017,65.5,1081.0,60.07,580.0,53.65,0.0,0.0,0.0
10-12-2017,65.5,1081.0,60.03,578.0,53.47,0.0,0.0,0.0
11-12-2017,65.5,1081.0,60.0,576.0,53.28,0.0,0.0,0.0
12-12-2017,65.5,1081.0,59.94,573.0,53.01,0.0,0.0,0.0
13-12-2017,65.5,1081.0,59.89,570.0,52.73,0.0,0.0,0.0
14-12-2017,65.5,1081.0,59.84,567.0,52.45,0.0,0.0,0.0
15-12-2017,65.5,1081.0,59.78,564.0,52.17,0.0,0.0,0.0
16-12-2017,65.5,1081.0,59.74,561.0,51.9,0.0,0.0,0.0
17-12-2017,65.5,1081.0,59.68,558.0,51.62,0.0,0.0,0.0
18-12-2017,65.5,1081.0,59.63,555.0,51.34,0.0,0.0,0.0
19-12-2017,65.5,1081.0,59.58,552.0,51.06,0.0,0.0,0.0
20-12-2017,65.5,1081.0,59.52,549.0,50.79,0.0,0.0,0.0
21-12-2017,65.5,1081.0,59.47,546.0,50.51,0.0,0.0,0.0
22-12-2017,65.5,1081.0,59.42,543.0,50.23,0.0,0.0,0.0
23-12-2017,65.5,1081.0,59.37,540.0,49.95,0.0,0.0,1.0
24-12-2017,65.5,1081.0,59.31,537.0,49.68,0.0,0.0,0.0
25-12-2017,65.5,1081.0,59.25,534.0,49.4,0.0,0.0,0.0
26-12-2017,65.5,1081.0,59.2,531.0,49.12,0.0,0.0,0.0
27-12-2017,65.5,1081.0,59.15,528.0,48.84,0.0,0.0,0.0
28-12-2017,65.5,1081.0,59.09,525.0,48.57,0.0,0.0,0.0
29-12-2017,65.5,1081.0,59.04,522.0,48.29,0.0,0.0,0.0
30-12-2017,65.5,1081.0,58.98,519.0,48.01,0.0,0.0,0.0
31-12-2017,65.5,1081.0,58.92,516.0,47.73,0.0,0.0,0.0
01-01-2018,65.5,1081.0,58.87,513.0,47.46,0.0,0.0,0.0
02-01-2018,65.5,1081.0,58.83,511.0,47.27,0.0,0.0,0.0
03-01-2018,65.5,1081.0,58.79,509.0,47.09,0.0,0.0,0.0
04-01-2018,65.5,1081.0,58.75,507.0,46.9,0.0,0.0,0.0
05-01-2018,65.5,1081.0,58.71,505.0,46.72,0.0,0.0,0.0
06-01-2018,65.5,1081.0,58.67,503.0,46.53,0.0,0.0,0.0
07-01-2018,65.5,1081.0,58.64,501.0,46.35,0.0,0.0,0.0
08-01-2018,65.5,1081.0,58.62,499.0,46.16,0.0,0.0,0.0
09-01-2018,65.5,1081.0,58.57,497.0,45.98,0.0,0.0,0.0
10-01-2018,65.5,1081.0,58.53,495.0,45.79,0.0,0.0,0.0
11-01-2018,65.5,1081.0,58.5,493.0,45.61,0.0,0.0,0.0
12-01-2018,65.5,1081.0,58.46,491.0,45.42,0.0,0.0,0.0
13-01-2018,65.5,1081.0,58.42,489.0,45.24,0.0,0.0,0.0
14-01-2018,65.5,1081.0,58.38,487.0,45.05,0.0,0.0,0.0
15-01-2018,65.5,1081.0,58.34,485.0,44.87,0.0,0.0,0.0
16-01-2018,65.5,1081.0,58.3,483.0,44.68,0.0,0.0,0.0
17-01-2018,65.5,1081.0,58.26,481.0,44.5,0.0,0.0,0.0
18-01-2018,65.5,1081.0,58.22,479.0,44.31,0.0,0.0,0.0
19-01-2018,65.5,1081.0,58.19,477.0,44.13,0.0,0.0,0.0
20-01-2018,65.5,1081.0,58.15,475.0,43.94,0.0,0.0,0.0
21-01-2018,65.5,1081.0,58.11,473.0,43.76,0.0,0.0,0.0
22-01-2018,65.5,1081.0,58.07,471.0,43.57,0.0,0.0,0.0
23-01-2018,65.5,1081.0,58.03,469.0,43.39,0.0,0.0,0.0
24-01-2018,65.5,1081.0,57.99,467.0,43.2,0.0,0.0,0.0
25-01-2018,65.5,1081.0,57.95,465.0,43.02,0.0,0.0,0.0
26-01-2018,65.5,1081.0,57.91,463.0,42.83,0.0,0.0,0.0
27-01-2018,65.5,1081.0,57.87,461.0,42.65,0.0,0.0,0.0
28-01-2018,65.5,1081.0,57.84,459.0,42.46,0.0,0.0,0.0
29-01-2018,65.5,1081.0,57.8,457.0,42.28,0.0,0.0,0.0
30-01-2018,65.5,1081.0,57.76,455.0,42.09,0.0,0.0,0.0
31-01-2018,65.5,1081.0,57.72,453.0,41.91,0.0,0.0,0.0
01-02-2018,65.5,1081.0,57.68,451.0,41.72,0.0,0.0,0.0
02-02-2018,65.5,1081.0,57.64,449.0,41.54,0.0,0.0,0.0
03-02-2018,65.5,1081.0,57.62,448.0,41.44,0.0,0.0,0.0
04-02-2018,65.5,1081.0,57.59,446.0,41.26,0.0,0.0,0.0
05-02-2018,65.5,1081.0,57.57,445.0,41.17,0.0,0.0,0.0
06-02-2018,65.5,1081.0,57.53,443.0,40.98,0.0,0.0,0.0
07-02-2018,65.5,1081.0,57.51,442.0,40.89,0.0,0.0,0.0
08-02-2018,65.5,1081.0,57.47,440.0,40.7,0.0,0.0,0.0
09-02-2018,65.5,1081.0,57.43,438.0,40.52,0.0,0.0,0.0
10-02-2018,65.5,1081.0,57.41,437.0,40.43,0.0,0.0,0.0
11-02-2018,65.5,1081.0,57.37,435.0,40.24,0.0,0.0,0.0
12-02-2018,65.5,1081.0,57.34,434.0,40.15,0.0,0.0,0.0
13-02-2018,65.5,1081.0,57.3,432.0,39.96,0.0,0.0,0.0
14-02-2018,65.5,1081.0,57.26,430.0,39.78,0.0,0.0,0.0
15-02-2018,65.5,1081.0,57.24,429.0,39.69,0.0,0.0,0.0
16-02-2018,65.5,1081.0,57.2,427.0,39.5,0.0,0.0,0.0
17-02-2018,65.5,1081.0,57.18,426.0,39.41,0.0,0.0,0.0
18-02-2018,65.5,1081.0,57.14,424.0,39.22,0.0,0.0,0.0
19-02-2018,65.5,1081.0,57.12,423.0,39.13,0.0,0.0,0.0
20-02-2018,65.5,1081.0,57.08,421.0,38.95,0.0,0.0,0.0
21-02-2018,65.5,1081.0,57.06,420.0,38.85,0.0,0.0,0.0
22-02-2018,65.5,1081.0,57.02,418.0,38.67,0.0,0.0,0.0
23-02-2018,65.5,1081.0,57.0,417.0,38.58,0.0,0.0,0.0
24-02-2018,65.5,1081.0,56.95,415.0,38.39,0.0,0.0,0.0
25-02-2018,65.5,1081.0,56.93,414.0,38.3,0.0,0.0,0.0
26-02-2018,65.5,1081.0,56.89,412.0,38.11,0.0,0.0,0.0
27-02-2018,65.5,1081.0,56.82,409.0,37.84,0.0,50.0,0.0
28-02-2018,65.5,1081.0,56.7,403.0,37.28,0.0,50.0,0.0
01-03-2018,65.5,1081.0,56.59,398.0,36.82,0.0,50.0,0.0
02-03-2018,65.5,1081.0,56.49,393.0,36.36,0.0,50.0,0.0
03-03-2018,65.5,1081.0,56.4,389.0,35.99,0.0,50.0,0.0
04-03-2018,65.5,1081.0,56.29,384.0,35.52,0.0,50.0,0.0
05-03-2018,65.5,1081.0,56.18,379.0,35.06,0.0,50.0,0.0
06-03-2018,65.5,1081.0,56.08,374.0,34.6,0.0,50.0,0.0
07-03-2018,65.5,1081.0,55.97,369.0,34.14,0.0,50.0,0.0
08-03-2018,65.5,1081.0,55.85,364.0,33.67,0.0,50.0,0.0
09-03-2018,65.5,1081.0,55.75,359.0,33.21,0.0,50.0,0.0
10-03-2018,65.5,1081.0,55.63,354.0,32.75,0.0,50.0,0.0
11-03-2018,65.5,1081.0,55.53,349.0,32.28,0.0,50.0,0.0
12-03-2018,65.5,1081.0,55.41,344.0,31.82,0.0,50.0,0.0
13-03-2018,65.5,1081.0,55.19,334.0,30.9,0.0,120.0,0.0
14-03-2018,65.5,1081.0,54.99,326.0,30.16,0.0,120.0,0.0
15-03-2018,65.5,1081.0,54.81,318.0,29.42,0.0,120.0,0.0
16-03-2018,65.5,1081.0,54.62,310.0,28.68,0.0,120.0,0.0
17-03-2018,65.5,1081.0,54.44,302.0,27.94,0.0,120.0,1.0
18-03-2018,65.5,1081.0,54.24,294.0,27.2,0.0,120.0,0.0
19-03-2018,65.5,1081.0,54.04,286.0,26.46,0.0,120.0,0.0
20-03-2018,65.5,1081.0,53.79,276.0,25.53,0.0,120.0,0.0
21-03-2018,65.5,1081.0,53.54,266.0,24.61,0.0,120.0,0.0
22-03-2018,65.5,1081.0,53.12,249.0,23.03,0.0,200.0,0.0
23-03-2018,65.5,1081.0,52.65,232.0,21.46,0.0,20.0,0.0
24-03-2018,65.5,1081.0,52.17,214.0,19.8,0.0,200.0,0.0
25-03-2018,65.5,1081.0,51.65,196.0,18.13,0.0,200.0,0.0
26-03-2018,65.5,1081.0,51.11,178.0,16.47,0.0,200.0,0.0
27-03-2018,65.5,1081.0,50.58,160.0,14.8,0.0,200.0,0.0
28-03-2018,65.5,1081.0,49.99,142.0,13.14,0.0,200.0,0.0
29-03-2018,65.5,1081.0,49.51,128.0,11.84,0.0,170.0,0.0
30-03-2018,65.5,1081.0,49.06,115.0,10.64,0.0,150.0,0.0
31-03-2018,65.5,1081.0,48.71,106.0,9.81,0.0,120.0,0.0
01-04-2018,65.5,1081.0,48.49,100.0,9.25,0.0,80.0,0.0
02-04-2018,65.5,1081.0,48.34,96.0,8.88,0.0,50.0,0.0
03-04-2018,65.5,1081.0,48.2,93.0,8.6,0.0,30.0,0.0
04-04-2018,65.5,1081.0,48.13,91.0,8.42,0.0,25.0,0.0
05-04-2018,65.5,1081.0,48.06,89.0,8.23,0.0,25.0,0.0
06-04-2018,65.5,1081.0,47.97,87.0,8.05,0.0,25.0,0.0
07-04-2018,65.5,1081.0,47.9,85.0,7.86,0.0,20.0,0.0
08-04-2018,65.5,1081.0,47.81,83.0,7.68,0.0,20.0,0.0
09-04-2018,65.5,1081.0,47.75,82.0,7.59,0.0,15.0,0.0
10-04-2018,65.5,1081.0,47.72,81.0,7.49,0.0,12.0,0.0
11-04-2018,65.5,1081.0,47.67,80.0,7.4,0.0,12.0,0.0
12-04-2018,65.5,1081.0,47.63,79.0,7.31,0.0,12.0,0.0
13-04-2018,65.5,1081.0,47.58,78.0,7.22,0.0,12.0,0.0
14-04-2018,65.5,1081.0,47.54,77.0,7.12,0.0,10.0,0.0
15-04-2018,65.5,1081.0,47.5,76.0,7.03,0.0,10.0,0.0
16-04-2018,65.5,1081.0,47.45,75.0,6.94,0.0,10.0,0.0
17-04-2018,65.5,1081.0,47.41,74.0,6.85,0.0,10.0,0.0
18-04-2018,65.5,1081.0,47.36,73.0,6.75,0.0,10.0,0.0
19-04-2018,65.5,1081.0,47.36,72.0,6.66,0.0,10.0,0.0
20-04-2018,65.5,1081.0,47.32,72.0,6.66,0.0,5.0,0.0
21-04-2018,65.5,1081.0,47.32,72.0,6.66,0.0,5.0,0.0
22-04-2018,65.5,1081.0,47.28,71.0,6.57,0.0,5.0,0.0
23-04-2018,65.5,1081.0,47.28,71.0,6.57,0.0,5.0,0.0
24-04-2018,65.5,1081.0,47.28,71.0,6.57,0.0,5.0,0.0
25-04-2018,65.5,1081.0,47.28,71.0,6.57,0.0,5.0,0.0
26-04-2018,65.5,1081.0,47.28,71.0,6.57,0.0,5.0,0.0
27-04-2018,65.5,1081.0,47.28,71.0,6.57,0.0,3.0,0.0
28-04-2018,65.5,1081.0,47.28,71.0,6.57,0.0,3.0,0.0
29-04-2018,65.5,1081.0,47.23,70.0,6.48,0.0,3.0,0.0
30-04-2018,65.5,1081.0,47.23,70.0,6.48,0.0,3.0,0.0
01-05-2018,65.5,1081.0,47.23,70.0,6.48,0.0,2.0,0.0
02-05-2018,65.5,1081.0,47.23,70.0,6.48,0.0,2.0,0.0
03-05-2018,65.5,1081.0,47.23,70.0,6.48,0.0,2.0,0.0
04-05-2018,65.5,1081.0,47.23,70.0,6.48,0.0,2.0,0.0
05-05-2018,65.5,1081.0,47.23,70.0,6.48,0.0,0.0,0.0
06-05-2018,65.5,1081.0,47.23,70.0,6.48,0.0,0.0,0.0
07-05-2018,65.5,1081.0,47.23,70.0,6.48,0.0,0.0,0.0
08-05-2018,65.5,1081.0,47.23,70.0,6.48,0.0,0.0,0.0
09-05-2018,65.5,1081.0,47.23,70.0,6.48,0.0,0.0,0.0
10-05-2018,65.5,1081.0,47.23,70.0,6.48,0.0,0.0,0.0
11-05-2018,65.5,1081.0,47.23,70.0,6.48,0.0,0.0,0.0
12-05-2018,65.5,1081.0,47.23,70.0,6.48,0.0,0.0,0.0
13-05-2018,65.5,1081.0,47.23,70.0,6.48,0.0,0.0,0.0
14-05-2018,65.5,1081.0,47.23,70.0,6.48,0.0,0.0,0.0
15-05-2018,65.5,1081.0,47.23,70.0,6.48,0.0,0.0,0.0
16-05-2018,65.5,1081.0,47.23,70.0,6.48,0.0,0.0,0.0
17-05-2018,65.5,1081.0,47.23,70.0,6.48,0.0,0.0,0.0
18-05-2018,65.5,1081.0,47.23,70.0,6.48,0.0,0.0,0.0
19-05-2018,65.5,1081.0,47.19,69.0,6.38,0.0,0.0,0.0
20-05-2018,65.5,1081.0,47.19,69.0,6.38,0.0,0.0,0.0
21-05-2018,65.5,1081.0,47.19,69.0,6.38,0.0,0.0,0.0
22-05-2018,65.5,1081.0,47.19,69.0,6.38,0.0,0.0,0.0
23-05-2018,65.5,1081.0,47.19,69.0,6.38,0.0,0.0,0.0
24-05-2018,65.5,1081.0,47.19,69.0,6.38,0.0,0.0,0.0
25-05-2018,65.5,1081.0,47.19,69.0,6.38,0.0,0.0,0.0
26-05-2018,65.5,1081.0,47.19,69.0,6.38,0.0,0.0,0.0
27-05-2018,65.5,1081.0,47.19,69.0,6.38,0.0,0.0,0.0
28-05-2018,65.5,1081.0,47.19,69.0,6.38,0.0,0.0,0.0
29-05-2018,65.5,1081.0,47.19,69.0,6.38,0.0,0.0,0.0
30-05-2018,65.5,1081.0,47.15,68.0,6.29,0.0,0.0,0.0
31-05-2018,65.5,1081.0,47.15,68.0,6.29,0.0,0.0,0.0
01-06-2018,65.5,1081.0,47.15,68.0,6.29,0.0,0.0,0.0
02-06-2018,65.5,1081.0,47.15,68.0,6.29,0.0,0.0,0.0
03-06-2018,65.5,1081.0,47.15,68.0,6.29,0.0,0.0,0.0
04-06-2018,65.5,1081.0,47.15,68.0,6.29,0.0,0.0,0.0
05-06-2018,65.5,1081.0,44.15,68.0,6.29,0.0,0.0,0.0
06-06-2018,65.5,1081.0,44.15,68.0,6.29,0.0,0.0,0.0
07-06-2018,65.5,1081.0,47.15,68.0,6.29,0.0,0.0,15.0
08-06-2018,65.5,1081.0,47.15,68.0,6.29,0.0,0.0,0.0
09-06-2018,65.5,1081.0,47.15,68.0,6.29,0.0,0.0,0.0
10-06-2018,65.5,1081.0,47.15,68.0,6.29,0.0,0.0,0.0
11-06-2018,65.5,1081.0,47.15,68.0,6.29,0.0,0.0,0.0
12-06-2018,65.5,1081.0,47.15,68.0,6.29,0.0,0.0,0.0
13-06-2018,65.5,1081.0,47.15,68.0,6.29,0.0,0.0,0.0
14-06-2018,65.5,1081.0,47.15,68.0,6.29,0.0,0.0,0.0
15-06-2018,65.5,1081.0,47.15,68.0,6.29,0.0,0.0,0.0
16-06-2018,65.5,1081.0,47.15,68.0,6.29,0.0,0.0,4.0
17-06-2018,65.5,1081.0,47.15,68.0,6.29,0.0,0.0,0.0
18-06-2018,65.5,1081.0,47.15,68.0,6.29,0.0,0.0,3.0
19-06-2018,65.5,1081.0,47.15,68.0,6.29,0.0,0.0,0.0
20-06-2018,65.5,1081.0,47.15,68.0,6.29,0.0,0.0,0.0
21-06-2018,65.5,1081.0,47.15,68.0,6.29,0.0,0.0,0.0
22-06-2018,65.5,1081.0,47.15,68.0,6.29,0.0,0.0,0.0
23-06-2018,65.5,1081.0,47.15,68.0,6.29,0.0,0.0,0.0
24-06-2018,65.5,1081.0,47.15,68.0,6.29,0.0,0.0,2.0
25-06-2018,65.5,1081.0,47.15,68.0,6.29,0.0,0.0,3.0
26-06-2018,65.5,1081.0,47.1,67.0,6.2,0.0,10.0,0.0
27-06-2018,65.5,1081.0,47.06,66.0,6.11,0.0,13.0,0.0
28-06-2018,65.5,1081.0,47.01,65.0,6.01,0.0,13.0,1.0
29-06-2018,65.5,1081.0,46.97,64.0,5.92,0.0,13.0,3.0
30-06-2018,65.5,1081.0,46.92,63.0,5.83,0.0,13.0,0.0
01-07-2018,65.5,1081.0,46.83,61.0,5.64,0.0,13.0,0.0
02-07-2018,65.5,1081.0,46.78,60.0,5.55,0.0,13.0,0.0
03-07-2018,65.5,1081.0,46.74,59.0,5.46,0.0,13.0,22.0
04-07-2018,65.5,1081.0,46.69,58.0,5.37,0.0,13.0,0.0
05-07-2018,65.5,1081.0,0.0,57.0,5.27,0.0,13.0,0.0
06-07-2018,65.5,1081.0,0.0,56.0,5.18,0.0,13.0,0.0
07-07-2018,65.5,1081.0,0.0,55.0,5.09,0.0,13.0,0.0
08-07-2018,65.5,1081.0,0.0,53.0,4.9,0.0,13.0,0.0
09-07-2018,65.5,1081.0,0.0,52.0,4.81,0.0,13.0,0.0
10-07-2018,65.5,1081.0,0.0,51.0,4.72,0.0,13.0,5.0
11-07-2018,65.5,1081.0,0.0,50.0,4.63,0.0,13.0,0.0
12-07-2018,65.5,1081.0,0.0,49.0,4.53,0.0,13.0,14.0
13-07-2018,65.5,1081.0,0.0,48.0,4.44,0.0,13.0,5.0
14-07-2018,65.5,1081.0,0.0,47.0,4.35,0.0,13.0,0.0
15-07-2018,65.5,1081.0,0.0,46.0,4.26,0.0,13.0,0.0
16-07-2018,65.5,1081.0,0.0,44.0,4.07,0.0,13.0,0.0
17-07-2018,65.5,1081.0,0.0,43.0,3.98,0.0,13.0,0.0
18-07-2018,65.5,1081.0,0.0,42.0,3.89,0.0,13.0,0.0
19-07-2018,65.5,1081.0,0.0,41.0,3.79,0.0,13.0,0.0
20-07-2018,65.5,1081.0,0.0,40.0,3.7,0.0,13.0,0.0
21-07-2018,65.5,1081.0,0.0,39.0,3.61,0.0,13.0,0.0
22-07-2018,65.5,1081.0,0.0,38.0,3.52,0.0,13.0,0.0
23-07-2018,65.5,1081.0,0.0,37.0,3.42,0.0,13.0,0.0
24-07-2018,65.5,1081.0,0.0,35.0,3.24,0.0,13.0,0.0
25-07-2018,65.5,1081.0,0.0,34.0,3.15,0.0,13.0,0.0
26-07-2018,65.5,1081.0,0.0,33.0,3.05,0.0,13.0,0.0
27-07-2018,65.5,1081.0,0.0,32.0,2.96,0.0,13.0,0.0
28-07-2018,65.5,1081.0,0.0,31.0,2.87,0.0,13.0,0.0
29-07-2018,65.5,1081.0,0.0,30.0,2.78,0.0,13.0,0.0
30-07-2018,65.5,1081.0,0.0,29.0,2.68,0.0,13.0,0.0
31-07-2018,65.5,1081.0,0.0,27.0,2.5,0.0,13.0,0.0
01-08-2018,65.5,1081.0,0.0,26.0,2.41,0.0,13.0,0.0
02-08-2018,65.5,1081.0,0.0,25.0,2.31,0.0,13.0,0.0
03-08-2018,65.5,1081.0,0.0,24.0,2.22,0.0,13.0,0.0
04-08-2018,65.5,1081.0,0.0,23.0,2.13,0.0,13.0,7.0
05-08-2018,65.5,1081.0,0.0,22.0,2.04,0.0,13.0,28.0
06-08-2018,65.5,1081.0,0.0,21.0,1.94,0.0,12.0,0.0
07-08-2018,65.5,1081.0,0.0,20.0,1.85,0.0,13.0,0.0
08-08-2018,65.5,1081.0,0.0,18.0,1.67,0.0,13.0,0.0
09-08-2018,65.5,1081.0,0.0,17.0,1.57,0.0,13.0,7.0
10-08-2018,65.5,1081.0,0.0,16.0,1.48,0.0,13.0,18.0
11-08-2018,65.5,1081.0,0.0,15.0,1.39,0.0,13.0,7.0
12-08-2018,65.5,1081.0,0.0,13.0,1.2,0.0,13.0,4.0
13-08-2018,65.5,1081.0,0.0,12.0,1.11,0.0,13.0,0.0
14-08-2018,65.5,1081.0,0.0,11.0,1.02,0.0,13.0,0.0
15-08-2018,65.5,1081.0,0.0,10.0,0.93,0.0,13.0,26.0
16-08-2018,65.5,1081.0,0.0,9.0,0.83,0.0,13.0,14.0
17-08-2018,65.5,1081.0,0.0,8.0,0.74,0.0,13.0,6.0
18-08-2018,65.5,1081.0,0.0,7.0,0.65,0.0,13.0,0.0
19-08-2018,65.5,1081.0,0.0,6.0,0.56,0.0,13.0,0.0
20-08-2018,65.5,1081.0,0.0,5.0,0.46,0.0,12.0,0.0
21-08-2018,65.5,1081.0,0.0,4.0,0.37,0.0,12.0,0.0
22-08-2018,65.5,1081.0,0.0,3.0,0.28,0.0,12.0,0.0
23-08-2018,65.5,1081.0,0.0,2.0,0.19,0.0,10.0,0.0
24-08-2018,65.5,1081.0,0.0,1.0,0.09,0.0,8.0,4.0
25-08-2018,65.5,1081.0,0.0,1.0,0.09,0.0,0.0,0.0
26-08-2018,65.5,1081.0,0.0,1.0,0.09,0.0,0.0,4.0
27-08-2018,65.5,1081.0,0.0,1.0,0.09,0.0,0.0,0.0
28-08-2018,65.5,1081.0,0.0,1.0,0.09,0.0,0.0,33.0
29-08-2018,65.5,1081.0,0.0,1.0,0.09,0.0,0.0,0.0
30-08-2018,65.5,1081.0,0.0,1.0,0.09,0.0,0.0,0.0
31-08-2018,65.5,1081.0,0.0,1.0,0.09,0.0,0.0,35.0
01-09-2018,65.5,1081.0,0.0,1.0,0.09,0.0,0.0,13.0
02-09-2018,65.5,1081.0,0.0,1.0,0.09,0.0,0.0,0.0
03-09-2018,65.5,1081.0,0.0,1.0,0.09,0.0,0.0,0.0
04-09-2018,65.5,1081.0,0.0,1.0,0.09,0.0,0.0,0.0
05-09-2018,65.5,1081.0,0.0,1.0,0.09,0.0,0.0,0.0
06-09-2018,65.5,1081.0,0.0,1.0,0.09,0.0,0.0,0.0
07-09-2018,65.5,1081.0,0.0,1.0,0.09,0.0,0.0,0.0
08-09-2018,65.5,1081.0,0.0,1.0,0.09,0.0,0.0,0.0
09-09-2018,65.5,1081.0,0.0,1.0,0.09,0.0,0.0,0.0
10-09-2018,65.5,1081.0,0.0,1.0,0.09,0.0,0.0,0.0
11-09-2018,65.5,1081.0,0.0,1.0,0.09,0.0,0.0,0.0
12-09-2018,65.5,1081.0,0.0,1.0,0.09,0.0,0.0,0.0
13-09-2018,65.5,1081.0,0.0,1.0,0.09,0.0,0.0,0.0
14-09-2018,65.5,1081.0,0.0,1.0,0.09,0.0,0.0,3.0
15-09-2018,65.5,1081.0,0.0,1.0,0.09,0.0,0.0,0.0
16-09-2018,65.5,1081.0,0.0,1.0,0.09,0.0,0.0,0.0
17-09-2018,65.5,1081.0,0.0,1.0,0.09,0.0,0.0,54.0
18-09-2018,65.5,1081.0,0.0,1.0,0.09,0.0,0.0,61.0
19-09-2018,65.5,1081.0,0.0,7.0,0.65,69.0,0.0,27.0
20-09-2018,65.5,1081.0,0.0,8.0,0.74,12.0,0.0,1.0
21-09-2018,65.5,1081.0,0.0,8.0,0.74,0.0,0.0,0.0
22-09-2018,65.5,1081.0,0.0,8.0,0.74,0.0,0.0,0.0
23-09-2018,65.5,1081.0,0.0,8.0,0.74,0.0,0.0,0.0
24-09-2018,65.5,1081.0,0.0,8.0,0.74,0.0,0.0,0.0
25-09-2018,65.5,1081.0,0.0,8.0,0.74,0.0,0.0,0.0
26-09-2018,65.5,1081.0,0.0,8.0,0.74,0.0,0.0,0.0
27-09-2018,65.5,1081.0,0.0,8.0,0.74,0.0,0.0,0.0
28-09-2018,65.5,1081.0,0.0,8.0,0.74,0.0,0.0,0.0
29-09-2018,65.5,1081.0,0.0,8.0,0.74,0.0,0.0,0.0
30-09-2018,65.5,1081.0,0.0,8.0,0.74,0.0,0.0,0.0
01-10-2018,65.5,1081.0,0.0,8.0,0.74,0.0,0.0,0.0
02-10-2018,65.5,1081.0,0.0,8.0,0.74,0.0,0.0,0.0
03-10-2018,65.5,1081.0,0.0,8.0,0.74,0.0,0.0,0.0
04-10-2018,65.5,1081.0,0.0,8.0,0.74,0.0,0.0,19.0
05-10-2018,65.5,1081.0,0.0,11.0,1.02,35.0,0.0,86.0
06-10-2018,65.5,1081.0,0.0,14.0,1.3,35.0,0.0,25.0
07-10-2018,65.5,1081.0,0.0,16.0,1.48,24.0,0.0,25.0
08-10-2018,65.5,1081.0,0.0,17.0,1.57,12.0,0.0,16.0
09-10-2018,65.5,1081.0,0.0,17.0,1.57,0.0,0.0,0.0
10-10-2018,65.5,1081.0,0.0,17.0,1.57,0.0,0.0,0.0
11-10-2018,65.5,1081.0,0.0,17.0,1.57,0.0,0.0,0.0
12-10-2018,65.5,1081.0,0.0,17.0,1.57,0.0,0.0,0.0
13-10-2018,65.5,1081.0,0.0,17.0,1.57,0.0,0.0,0.0
14-10-2018,65.5,1081.0,0.0,17.0,1.57,0.0,0.0,0.0
15-10-2018,65.5,1081.0,0.0,17.0,1.57,0.0,0.0,0.0
16-10-2018,65.5,1081.0,0.0,17.0,1.57,0.0,0.0,0.0
17-10-2018,65.5,1081.0,0.0,17.0,1.57,0.0,0.0,0.0
18-10-2018,65.5,1081.0,0.0,17.0,1.57,0.0,0.0,9.0
19-10-2018,65.5,1081.0,0.0,17.0,1.57,0.0,0.0,0.0
20-10-2018,65.5,1081.0,0.0,17.0,1.57,0.0,0.0,0.0
21-10-2018,65.5,1081.0,0.0,17.0,1.57,0.0,0.0,0.0
22-10-2018,65.5,1081.0,0.0,17.0,1.57,0.0,0.0,0.0
23-10-2018,65.5,1081.0,0.0,17.0,1.57,0.0,0.0,0.0
24-10-2018,65.5,1081.0,0.0,17.0,1.57,0.0,0.0,0.0
25-10-2018,65.5,1081.0,0.0,17.0,1.57,0.0,0.0,0.0
26-10-2018,65.5,1081.0,0.0,17.0,1.57,0.0,0.0,0.0
27-10-2018,65.5,1081.0,0.0,17.0,1.57,0.0,0.0,0.0
28-10-2018,65.5,1081.0,0.0,17.0,1.57,0.0,0.0,0.0
29-10-2018,65.5,1081.0,0.0,17.0,1.57,0.0,0.0,0.0
30-10-2018,65.5,1081.0,0.0,17.0,1.57,0.0,0.0,0.0
31-10-2018,65.5,1081.0,0.0,17.0,1.57,0.0,0.0,15.0
01-11-2018,65.5,1081.0,0.0,20.0,1.85,35.0,0.0,40.0
02-11-2018,65.5,1081.0,0.0,22.0,2.04,23.0,0.0,14.0
03-11-2018,65.5,1081.0,0.0,22.0,2.04,0.0,0.0,0.0
04-11-2018,65.5,1081.0,0.0,22.0,2.04,0.0,0.0,4.0
05-11-2018,65.5,1081.0,0.0,22.0,2.04,0.0,0.0,4.0
06-11-2018,65.5,1081.0,0.0,22.0,2.04,0.0,0.0,0.0
07-11-2018,65.5,1081.0,0.0,22.0,2.04,0.0,0.0,0.0
08-11-2018,65.5,1081.0,0.0,22.0,2.04,0.0,0.0,0.0
09-11-2018,65.5,1081.0,0.0,22.0,2.04,0.0,0.0,0.0
10-11-2018,65.5,1081.0,0.0,22.0,2.04,0.0,0.0,0.0
11-11-2018,65.5,1081.0,0.0,22.0,2.04,0.0,0.0,0.0
12-11-2018,65.5,1081.0,0.0,22.0,2.04,0.0,0.0,0.0
13-11-2018,65.5,1081.0,0.0,22.0,2.04,0.0,0.0,0.0
14-11-2018,65.5,1081.0,0.0,22.0,2.04,0.0,0.0,0.0
15-11-2018,65.5,1081.0,0.0,22.0,2.04,0.0,0.0,4.0
16-11-2018,65.5,1081.0,0.0,22.0,2.04,0.0,0.0,19.0
17-11-2018,65.5,1081.0,0.0,22.0,2.04,0.0,0.0,0.0
18-11-2018,65.5,1081.0,0.0,22.0,2.04,0.0,0.0,0.0
19-11-2018,65.5,1081.0,0.0,22.0,2.04,0.0,0.0,0.0
20-11-2018,65.5,1081.0,0.0,22.0,2.04,0.0,0.0,0.0
21-11-2018,65.5,1081.0,0.0,24.0,2.22,25.0,0.0,19.0
22-11-2018,65.5,1081.0,0.0,30.0,2.78,69.0,0.0,120.0
23-11-2018,65.5,1081.0,45.81,40.0,3.7,116.0,0.0,59.0
24-11-2018,65.5,1081.0,45.81,40.0,3.7,0.0,0.0,7.0
25-11-2018,65.5,1081.0,45.81,40.0,3.7,0.0,0.0,0.0
26-11-2018,65.5,1081.0,45.81,40.0,3.7,0.0,0.0,0.0
27-11-2018,65.5,1081.0,45.81,40.0,3.7,0.0,0.0,0.0
28-11-2018,65.5,1081.0,45.81,40.0,3.7,0.0,0.0,0.0
29-11-2018,65.5,1081.0,45.81,40.0,3.7,0.0,0.0,0.0
30-11-2018,65.5,1081.0,45.81,40.0,3.7,0.0,0.0,0.0
01-12-2018,65.5,1081.0,45.81,40.0,3.7,0.0,0.0,0.0
02-12-2018,65.5,1081.0,45.81,40.0,3.7,0.0,0.0,0.0
03-12-2018,65.5,1081.0,45.81,40.0,3.7,0.0,0.0,0.0
04-12-2018,65.5,1081.0,45.9,42.0,3.89,23.0,0.0,80.0
05-12-2018,65.5,1081.0,46.1,46.0,4.26,46.0,0.0,78.0
06-12-2018,65.5,1081.0,46.2,48.0,4.44,23.0,0.0,17.0
07-12-2018,65.5,1081.0,46.2,48.0,4.44,0.0,0.0,0.0
08-12-2018,65.5,1081.0,46.2,48.0,4.44,0.0,0.0,0.0
09-12-2018,65.5,1081.0,46.2,48.0,4.44,0.0,0.0,0.0
10-12-2018,65.5,1081.0,46.2,48.0,4.44,0.0,0.0,0.0
11-12-2018,65.5,1081.0,46.2,48.0,4.44,0.0,0.0,0.0
12-12-2018,65.5,1081.0,46.2,48.0,4.44,0.0,0.0,0.0
13-12-2018,65.5,1081.0,46.2,48.0,4.44,0.0,0.0,0.0
14-12-2018,65.5,1081.0,46.2,48.0,4.44,0.0,0.0,0.0
15-12-2018,65.5,1081.0,46.2,48.0,4.44,0.0,0.0,0.0
16-12-2018,65.5,1081.0,46.2,48.0,4.44,0.0,0.0,0.0
17-12-2018,65.5,1081.0,46.2,48.0,4.44,0.0,0.0,0.0
18-12-2018,65.5,1081.0,46.2,48.0,4.44,0.0,0.0,0.0
19-12-2018,65.5,1081.0,46.2,48.0,4.44,0.0,0.0,0.0
20-12-2018,65.5,1081.0,46.2,48.0,4.44,0.0,0.0,0.0
21-12-2018,65.5,1081.0,46.2,48.0,4.44,0.0,0.0,0.0
22-12-2018,65.5,1081.0,46.2,48.0,4.44,0.0,0.0,0.0
23-12-2018,65.5,1081.0,46.2,48.0,4.44,0.0,0.0,0.0
24-12-2018,65.5,1081.0,46.2,48.0,4.44,0.0,0.0,0.0
25-12-2018,65.5,1081.0,46.2,48.0,4.44,0.0,0.0,0.0
26-12-2018,65.5,1081.0,46.2,48.0,4.44,0.0,0.0,0.0
27-12-2018,65.5,1081.0,46.2,48.0,4.44,0.0,0.0,0.0
28-12-2018,65.5,1081.0,46.2,48.0,4.44,0.0,0.0,0.0
29-12-2018,65.5,1081.0,46.2,48.0,4.44,0.0,0.0,0.0
30-12-2018,65.5,1081.0,46.2,48.0,4.44,0.0,0.0,0.0
31-12-2018,65.5,1081.0,46.2,48.0,4.44,0.0,0.0,0.0
01-01-2019,65.5,1081.0,46.2,48.0,4.44,0.0,0.0,0.0
02-01-2019,65.5,1081.0,46.2,48.0,4.44,0.0,0.0,0.0
03-01-2019,65.5,1081.0,46.2,48.0,4.44,0.0,0.0,0.0
04-01-2019,65.5,1081.0,46.2,48.0,4.44,0.0,0.0,0.0
05-01-2019,65.5,1081.0,46.2,48.0,4.44,0.0,0.0,0.0
06-01-2019,65.5,1081.0,46.2,48.0,4.44,0.0,0.0,0.0
07-01-2019,65.5,1081.0,46.2,48.0,4.44,0.0,0.0,0.0
08-01-2019,65.5,1081.0,46.2,48.0,4.44,0.0,0.0,0.0
09-01-2019,65.5,1081.0,46.2,48.0,4.44,0.0,0.0,0.0
10-01-2019,65.5,1081.0,46.2,48.0,4.44,0.0,0.0,0.0
11-01-2019,65.5,1081.0,46.2,48.0,4.44,0.0,0.0,0.0
12-01-2019,65.5,1081.0,46.2,48.0,4.44,0.0,0.0,0.0
13-01-2019,65.5,1081.0,46.2,48.0,4.44,0.0,0.0,0.0
14-01-2019,65.5,1081.0,46.2,48.0,4.44,0.0,0.0,0.0
15-01-2019,65.5,1081.0,46.2,48.0,4.44,0.0,0.0,0.0
16-01-2019,65.5,1081.0,46.2,48.0,4.44,0.0,0.0,0.0
17-01-2019,65.5,1081.0,46.2,48.0,4.44,0.0,0.0,0.0
18-01-2019,65.5,1081.0,46.2,48.0,4.44,0.0,0.0,0.0
19-01-2019,65.5,1081.0,46.2,48.0,4.44,0.0,0.0,0.0
20-01-2019,65.5,1081.0,46.2,48.0,4.44,0.0,0.0,0.0
21-01-2019,65.5,1081.0,46.2,48.0,4.44,0.0,0.0,0.0
22-01-2019,65.5,1081.0,46.2,48.0,4.44,0.0,0.0,0.0
23-01-2019,65.5,1081.0,46.2,48.0,4.44,0.0,0.0,0.0
24-01-2019,65.5,1081.0,46.2,48.0,4.44,0.0,0.0,0.0
25-01-2019,65.5,1081.0,46.2,48.0,4.44,0.0,0.0,0.0
26-01-2019,65.5,1081.0,46.2,48.0,4.44,0.0,0.0,0.0
27-01-2019,65.5,1081.0,46.2,48.0,4.44,0.0,0.0,0.0
28-01-2019,65.5,1081.0,46.2,48.0,4.44,0.0,0.0,0.0
29-01-2019,65.5,1081.0,46.2,48.0,4.44,0.0,0.0,0.0
30-01-2019,65.5,1081.0,46.2,48.0,4.44,0.0,0.0,0.0
31-01-2019,65.5,1081.0,46.2,48.0,4.44,0.0,0.0,0.0
01-02-2019,65.5,1081.0,46.2,48.0,4.44,0.0,0.0,0.0
02-02-2019,65.5,1081.0,46.2,48.0,4.44,0.0,0.0,0.0
03-02-2019,65.5,1081.0,46.2,48.0,4.44,0.0,0.0,0.0
04-02-2019,65.5,1081.0,46.2,48.0,4.44,0.0,0.0,0.0
05-02-2019,65.5,1081.0,46.2,48.0,4.44,0.0,0.0,0.0
06-02-2019,65.5,1081.0,46.2,48.0,4.44,0.0,0.0,0.0
07-02-2019,65.5,1081.0,46.2,48.0,4.44,0.0,0.0,0.0
08-02-2019,65.5,1081.0,46.2,48.0,4.44,0.0,0.0,0.0
09-02-2019,65.5,1081.0,46.2,48.0,4.44,0.0,0.0,0.0
10-02-2019,65.5,1081.0,46.2,48.0,4.44,0.0,0.0,0.0
11-02-2019,65.5,1081.0,46.2,48.0,4.44,0.0,0.0,0.0
12-02-2019,65.5,1081.0,46.2,48.0,4.44,0.0,0.0,0.0
13-02-2019,65.5,1081.0,46.2,48.0,4.44,0.0,0.0,0.0
14-02-2019,65.5,1081.0,46.2,48.0,4.44,0.0,0.0,0.0
15-02-2019,65.5,1081.0,46.2,48.0,4.44,0.0,0.0,0.0
16-02-2019,65.5,1081.0,46.2,48.0,4.44,0.0,0.0,0.0
17-02-2019,65.5,1081.0,46.2,48.0,4.44,0.0,0.0,0.0
18-02-2019,65.5,1081.0,46.2,48.0,4.44,0.0,0.0,0.0
19-02-2019,65.5,1081.0,46.2,48.0,4.44,0.0,0.0,0.0
20-02-2019,65.5,1081.0,46.2,48.0,4.44,0.0,0.0,0.0
21-02-2019,65.5,1081.0,46.2,48.0,4.44,0.0,0.0,0.0
22-02-2019,65.5,1081.0,46.2,48.0,4.44,0.0,0.0,0.0
23-02-2019,65.5,1081.0,46.2,48.0,4.44,0.0,0.0,0.0
24-02-2019,65.5,1081.0,46.2,48.0,4.44,0.0,0.0,0.0
25-02-2019,65.5,1081.0,46.2,48.0,4.44,0.0,0.0,0.0
26-02-2019,65.5,1081.0,46.2,48.0,4.44,0.0,0.0,0.0
27-02-2019,65.5,1081.0,46.2,48.0,4.44,0.0,0.0,0.0
28-02-2019,65.5,1081.0,46.2,48.0,4.44,0.0,0.0,0.0
01-03-2019,65.5,1081.0,46.2,48.0,4.44,0.0,0.0,0.0
02-03-2019,65.5,1081.0,46.2,48.0,4.44,0.0,0.0,0.0
03-03-2019,65.5,1081.0,46.2,48.0,4.44,0.0,0.0,0.0
04-03-2019,65.5,1081.0,46.2,48.0,4.44,0.0,0.0,0.0
05-03-2019,65.5,1081.0,46.2,48.0,4.44,0.0,0.0,0.0
06-03-2019,65.5,1081.0,46.15,47.0,4.35,0.0,0.0,0.0
07-03-2019,65.5,1081.0,46.15,47.0,4.35,0.0,0.0,0.0
08-03-2019,65.5,1081.0,46.15,47.0,4.35,0.0,0.0,0.0
09-03-2019,65.5,1081.0,46.15,47.0,4.35,0.0,0.0,0.0
10-03-2019,65.5,1081.0,46.15,47.0,4.35,0.0,0.0,0.0
11-03-2019,65.5,1081.0,46.15,47.0,4.35,0.0,0.0,0.0
12-03-2019,65.5,1081.0,46.15,47.0,4.35,0.0,0.0,0.0
13-03-2019,65.5,1081.0,46.15,47.0,4.35,0.0,0.0,0.0
14-03-2019,65.5,1081.0,46.15,47.0,4.35,0.0,0.0,0.0
15-03-2019,65.5,1081.0,46.15,47.0,4.35,0.0,0.0,0.0
16-03-2019,65.5,1081.0,46.15,47.0,4.35,0.0,0.0,0.0
17-03-2019,65.5,1081.0,46.15,47.0,4.35,0.0,0.0,0.0
18-03-2019,65.5,1081.0,46.15,47.0,4.35,0.0,0.0,0.0
19-03-2019,65.5,1081.0,46.15,47.0,4.35,0.0,0.0,0.0
21-03-2019,65.5,1081.0,46.15,47.0,4.35,0.0,0.0,0.0
22-03-2019,65.5,1081.0,46.15,47.0,4.35,0.0,0.0,0.0
23-03-2019,65.5,1081.0,46.15,47.0,4.35,0.0,0.0,0.0
24-03-2019,65.5,1081.0,46.15,47.0,4.35,0.0,0.0,0.0
25-03-2019,65.5,1081.0,46.15,47.0,4.35,0.0,0.0,0.0
26-03-2019,65.5,1081.0,46.15,47.0,4.35,0.0,0.0,0.0
27-03-2019,65.5,1081.0,46.11,46.0,4.26,0.0,8.0,0.0
28-03-2019,65.5,1081.0,46.11,46.0,4.26,0.0,8.0,0.0
29-03-2019,65.5,1081.0,46.05,45.0,4.16,0.0,8.0,0.0
30-03-2019,65.5,1081.0,46.01,44.0,4.07,0.0,10.0,0.0
01-04-2019,65.5,1081.0,45.9,42.0,3.89,0.0,12.0,0.0
02-04-2019,65.5,1081.0,45.85,41.0,3.79,0.0,12.0,0.0
03-04-2019,65.5,1081.0,45.8,40.0,3.7,0.0,12.0,0.0
04-04-2019,65.5,1081.0,45.75,39.0,3.61,0.0,12.0,0.0
05-04-2019,65.5,1081.0,45.69,38.0,3.52,0.0,12.0,0.0
06-04-2019,65.5,1081.0,45.64,37.0,3.42,0.0,12.0,0.0
07-04-2019,65.5,1081.0,45.59,36.0,3.33,0.0,12.0,0.0
08-04-2019,65.5,1081.0,45.54,35.0,3.24,0.0,12.0,0.0
09-04-2019,65.5,1081.0,45.59,34.0,3.15,0.0,12.0,0.0
10-04-2019,65.5,1081.0,45.43,33.0,3.05,0.0,12.0,0.0
11-04-2019,65.5,1081.0,45.37,32.0,2.96,0.0,12.0,0.0
12-04-2019,65.5,1081.0,45.32,31.0,2.87,0.0,12.0,0.0
13-04-2019,65.5,1081.0,45.26,30.0,2.78,0.0,12.0,0.0
14-04-2019,65.5,1081.0,45.2,29.0,2.68,0.0,12.0,0.0
15-04-2019,65.5,1081.0,45.15,28.0,2.59,0.0,12.0,0.0
16-04-2019,65.5,1081.0,45.09,27.0,2.5,0.0,12.0,0.0
17-04-2019,65.5,1081.0,45.04,26.0,2.41,0.0,12.0,0.0
18-04-2019,65.5,1081.0,45.04,25.0,2.31,0.0,11.0,0.0
19-04-2019,65.5,1081.0,0.0,24.0,2.22,0.0,11.0,0.0
20-04-2019,65.5,1081.0,0.0,23.0,2.13,0.0,11.0,0.0
21-04-2019,65.5,1081.0,0.0,21.0,1.94,0.0,11.0,0.0
22-04-2019,65.5,1081.0,0.0,20.0,1.85,0.0,12.0,0.0
23-04-2019,65.5,1081.0,0.0,19.0,1.76,0.0,12.0,3.0
24-04-2019,65.5,1081.0,0.0,17.0,1.57,0.0,12.0,0.0
25-04-2019,65.5,1081.0,0.0,16.0,1.48,0.0,12.0,0.0
26-04-2019,65.5,1081.0,0.0,15.0,1.39,0.0,12.0,0.0
27-04-2019,65.5,1081.0,0.0,14.0,1.3,0.0,12.0,0.0
28-04-2019,65.5,1081.0,0.0,13.0,1.2,0.0,8.0,0.0
29-04-2019,65.5,1081.0,0.0,13.0,1.2,0.0,8.0,0.0
30-04-2019,65.5,1081.0,0.0,12.0,1.11,0.0,8.0,0.0
01-05-2019,65.5,1081.0,0.0,11.0,1.02,0.0,8.0,0.0
02-05-2019,65.5,1081.0,0.0,10.0,0.93,0.0,4.0,0.0
03-05-2019,65.5,1081.0,0.0,9.0,0.83,0.0,0.0,0.0
04-05-2019,65.5,1081.0,0.0,9.0,0.83,0.0,0.0,0.0
05-05-2019,65.5,1081.0,0.0,8.0,0.74,0.0,0.0,0.0
06-05-2019,65.5,1081.0,0.0,8.0,0.74,0.0,0.0,0.0
07-05-2019,65.5,1081.0,0.0,7.0,0.65,0.0,0.0,0.0
08-05-2019,65.5,1081.0,0.0,7.0,0.65,0.0,0.0,0.0
09-05-2019,65.5,1081.0,0.0,6.0,0.56,0.0,0.0,0.0
10-05-2019,65.5,1081.0,0.0,6.0,0.56,0.0,0.0,0.0
11-05-2019,65.5,1081.0,0.0,5.0,0.46,0.0,0.0,0.0
12-05-2019,65.5,1081.0,0.0,5.0,0.46,0.0,0.0,0.0
13-05-2019,65.5,1081.0,0.0,4.0,0.37,0.0,0.0,0.0
14-05-2019,65.5,1081.0,0.0,4.0,0.37,0.0,0.0,0.0
15-05-2019,65.5,1081.0,0.0,4.0,0.37,0.0,0.0,0.0
16-05-2019,65.5,1081.0,0.0,4.0,0.37,0.0,0.0,0.0
17-05-2019,65.5,1081.0,0.0,4.0,0.37,0.0,0.0,0.0
18-05-2019,65.5,1081.0,0.0,4.0,0.37,0.0,0.0,0.0
19-05-2019,65.5,1081.0,0.0,4.0,0.37,0.0,0.0,0.0
20-05-2019,65.5,1081.0,0.0,3.0,0.28,0.0,0.0,0.0
21-05-2019,65.5,1081.0,0.0,3.0,0.28,0.0,0.0,0.0
22-05-2019,65.5,1081.0,0.0,3.0,0.28,0.0,0.0,0.0
23-05-2019,65.5,1081.0,0.0,3.0,0.28,0.0,0.0,0.0
24-05-2019,65.5,1081.0,0.0,3.0,0.28,0.0,0.0,0.0
25-05-2019,65.5,1081.0,0.0,2.0,0.19,0.0,0.0,0.0
26-05-2019,65.5,1081.0,0.0,2.0,0.19,0.0,0.0,0.0
27-05-2019,65.5,1081.0,0.0,2.0,0.19,0.0,0.0,0.0
28-05-2019,65.5,1081.0,0.0,2.0,0.19,0.0,0.0,0.0
29-05-2019,65.5,1081.0,0.0,2.0,0.19,0.0,0.0,0.0
30-05-2019,65.5,1081.0,0.0,2.0,0.19,0.0,0.0,0.0
31-05-2019,65.5,1081.0,0.0,2.0,0.19,0.0,0.0,0.0
01-06-2019,65.5,1081.0,0.0,1.0,0.09,0.0,0.0,0.0
02-06-2019,65.5,1081.0,0.0,1.0,0.09,0.0,0.0,0.0
03-06-2019,65.5,1081.0,0.0,1.0,0.09,0.0,0.0,0.0
04-06-2019,65.5,1081.0,0.0,1.0,0.09,0.0,0.0,0.0
05-06-2019,65.5,1081.0,0.0,1.0,0.09,0.0,0.0,0.0
06-06-2019,65.5,1081.0,0.0,1.0,0.09,0.0,0.0,0.0
07-06-2019,65.5,1081.0,0.0,1.0,0.09,0.0,0.0,0.0
08-06-2019,65.5,1081.0,0.0,1.0,0.09,0.0,0.0,0.0
09-06-2019,65.5,1081.0,0.0,1.0,0.09,0.0,0.0,0.0
10-06-2019,65.5,1081.0,0.0,0.0,0.0,0.0,0.0,0.0
11-06-2019,65.5,1081.0,0.0,0.0,0.0,0.0,0.0,0.0
12-06-2019,65.5,1081.0,0.0,0.0,0.0,0.0,0.0,0.0
13-06-2019,65.5,1081.0,0.0,0.0,0.0,0.0,0.0,0.0
14-06-2019,65.5,1081.0,0.0,0.0,0.0,0.0,0.0,0.0
15-06-2019,65.5,1081.0,0.0,0.0,0.0,0.0,0.0,0.0
16-06-2019,65.5,1081.0,0.0,0.0,0.0,0.0,0.0,0.0
17-06-2019,65.5,1081.0,0.0,0.0,0.0,0.0,0.0,0.0
18-06-2019,65.5,1081.0,0.0,0.0,0.0,0.0,0.0,0.0
19-06-2019,65.5,1081.0,0.0,0.0,0.0,0.0,0.0,0.0
20-06-2019,65.5,1081.0,0.0,0.0,0.0,0.0,0.0,0.0
21-06-2019,65.5,1081.0,0.0,0.0,0.0,0.0,0.0,0.0
22-06-2019,65.5,1081.0,0.0,0.0,0.0,0.0,0.0,0.0
23-06-2019,65.5,1081.0,0.0,0.0,0.0,0.0,0.0,1.0
24-06-2019,65.5,1081.0,0.0,0.0,0.0,0.0,0.0,1.0
25-06-2019,65.5,1081.0,0.0,0.0,0.0,0.0,0.0,0.0
26-06-2019,65.5,1081.0,0.0,0.0,0.0,0.0,0.0,0.0
27-06-2019,65.5,1081.0,0.0,0.0,0.0,0.0,0.0,12.0
28-06-2019,65.5,1081.0,0.0,0.0,0.0,0.0,0.0,0.0
29-06-2019,65.5,1081.0,0.0,0.0,0.0,0.0,0.0,0.0
30-06-2019,65.5,1081.0,0.0,0.0,0.0,0.0,0.0,0.0
01-07-2019,65.5,1081.0,0.0,0.0,0.0,0.0,0.0,0.0
02-07-2019,65.5,1081.0,0.0,0.0,0.0,0.0,0.0,0.0
03-07-2019,65.5,1081.0,0.0,0.0,0.0,0.0,0.0,0.0
04-07-2019,65.5,1081.0,46.64,0.0,0.0,0.0,0.0,0.0
05-07-2019,65.5,1081.0,46.64,0.0,0.0,0.0,0.0,0.0
06-07-2019,65.5,1081.0,46.64,0.0,0.0,0.0,0.0,0.0
07-07-2019,65.5,1081.0,46.64,0.0,0.0,0.0,0.0,0.0
08-07-2019,65.5,1081.0,46.64,0.0,0.0,0.0,0.0,0.0
09-07-2019,65.5,1081.0,46.64,0.0,0.0,0.0,0.0,0.0
10-07-2019,65.5,1081.0,46.64,0.0,0.0,0.0,0.0,3.0
11-07-2019,65.5,1081.0,46.64,0.0,0.0,0.0,0.0,0.0
12-07-2019,65.5,1081.0,46.64,0.0,0.0,0.0,0.0,0.0
13-07-2019,65.5,1081.0,46.64,0.0,0.0,0.0,0.0,0.0
14-07-2019,65.5,1081.0,46.64,0.0,0.0,0.0,0.0,0.0
15-07-2019,65.5,1081.0,46.64,0.0,0.0,0.0,0.0,0.0
16-07-2019,65.5,1081.0,46.64,0.0,0.0,0.0,0.0,9.0
17-07-2019,65.5,1081.0,46.64,0.0,0.0,0.0,0.0,0.0
18-07-2019,65.5,1081.0,46.64,0.0,0.0,0.0,0.0,0.0
19-07-2019,65.5,1081.0,46.64,0.0,0.0,0.0,0.0,26.0
20-07-2019,65.5,1081.0,46.64,0.0,0.0,0.0,0.0,0.0
21-07-2019,65.5,1081.0,46.64,0.0,0.0,0.0,0.0,2.0
22-07-2019,65.5,1081.0,46.64,0.0,0.0,0.0,0.0,0.0
23-07-2019,65.5,1081.0,46.64,0.0,0.0,0.0,0.0,2.0
24-07-2019,65.5,1081.0,46.64,0.0,0.0,0.0,0.0,43.0
25-07-2019,65.5,1081.0,46.64,0.0,0.0,0.0,0.0,7.0
26-07-2019,65.5,1081.0,46.64,0.0,0.0,0.0,0.0,14.0
27-07-2019,65.5,1081.0,46.64,0.0,0.0,0.0,0.0,0.0
28-07-2019,65.5,1081.0,46.64,0.0,0.0,0.0,0.0,0.0
29-07-2019,65.5,1081.0,46.64,0.0,0.0,0.0,0.0,0.0
30-07-2019,65.5,1081.0,46.64,0.0,0.0,0.0,0.0,0.0
31-07-2019,65.5,1081.0,46.64,0.0,0.0,0.0,0.0,0.0
01-08-2019,65.5,1081.0,46.64,0.0,0.0,0.0,0.0,0.0
02-08-2019,65.5,1081.0,46.64,0.0,0.0,0.0,0.0,0.0
03-08-2019,65.5,1081.0,46.64,0.0,0.0,0.0,0.0,0.0
04-08-2019,65.5,1081.0,46.64,0.0,0.0,0.0,0.0,0.0
05-08-2019,65.5,1081.0,46.64,0.0,0.0,0.0,0.0,0.0
06-08-2019,65.5,1081.0,46.64,0.0,0.0,0.0,0.0,2.0
07-08-2019,65.5,1081.0,46.64,0.0,0.0,0.0,0.0,0.0
08-08-2019,65.5,1081.0,46.64,0.0,0.0,0.0,0.0,0.0
09-08-2019,65.5,1081.0,46.64,0.0,0.0,0.0,0.0,4.0
10-08-2019,65.5,1081.0,46.64,0.0,0.0,0.0,0.0,0.0
11-08-2019,65.5,1081.0,46.64,0.0,0.0,0.0,0.0,0.0
12-08-2019,65.5,1081.0,46.64,0.0,0.0,0.0,0.0,0.0
13-08-2019,65.5,1081.0,46.64,0.0,0.0,0.0,0.0,0.0
14-08-2019,65.5,1081.0,46.64,0.0,0.0,0.0,0.0,0.0
15-08-2019,65.5,1081.0,46.64,0.0,0.0,0.0,0.0,58.0
16-08-2019,65.5,1081.0,46.64,0.0,0.0,0.0,0.0,0.0
17-08-2019,65.5,1081.0,46.64,0.0,0.0,0.0,0.0,28.0
18-08-2019,65.5,1081.0,46.64,0.0,0.0,0.0,0.0,8.0
19-08-2019,65.5,1081.0,46.64,0.0,0.0,0.0,0.0,52.0
20-08-2019,65.5,1081.0,46.64,0.0,0.0,0.0,0.0,0.0
21-08-2019,65.5,1081.0,46.64,0.0,0.0,0.0,0.0,19.0
22-08-2019,65.5,1081.0,46.64,0.0,0.0,0.0,0.0,0.0
23-08-2019,65.5,1081.0,46.64,0.0,0.0,0.0,0.0,27.0
24-08-2019,65.5,1081.0,46.64,0.0,0.0,0.0,0.0,0.0
25-08-2019,65.5,1081.0,46.64,0.0,0.0,0.0,0.0,0.0
26-08-2019,65.5,1081.0,46.64,0.0,0.0,0.0,0.0,0.0
27-08-2019,65.5,1081.0,46.64,0.0,0.0,0.0,0.0,0.0
28-08-2019,65.5,1081.0,46.64,0.0,0.0,0.0,0.0,0.0
29-08-2019,65.5,1081.0,46.64,0.0,0.0,0.0,0.0,31.0
30-08-2019,65.5,1081.0,46.64,0.0,0.0,0.0,0.0,0.0
31-08-2019,65.5,1081.0,46.64,0.0,0.0,0.0,0.0,28.0
01-09-2019,65.5,1081.0,46.64,0.0,0.0,0.0,0.0,7.0
02-09-2019,65.5,1081.0,46.64,0.0,0.0,0.0,0.0,2.0
03-09-2019,65.5,1081.0,46.64,0.0,0.0,0.0,0.0,0.0
04-09-2019,65.5,1081.0,46.64,0.0,0.0,0.0,0.0,13.0
05-09-2019,65.5,1081.0,46.64,0.0,0.0,0.0,0.0,11.0
06-09-2019,65.5,1081.0,46.64,0.0,0.0,0.0,0.0,0.0
07-09-2019,65.5,1081.0,46.64,0.0,0.0,0.0,0.0,0.0
08-09-2019,65.5,1081.0,46.64,0.0,0.0,0.0,0.0,0.0
09-09-2019,65.5,1081.0,46.64,0.0,0.0,0.0,0.0,0.0
10-09-2019,65.5,1081.0,46.64,0.0,0.0,0.0,0.0,0.0
11-09-2019,65.5,1081.0,46.64,0.0,0.0,0.0,0.0,16.0
12-09-2019,65.5,1081.0,46.64,0.0,0.0,0.0,0.0,28.0
13-09-2019,65.5,1081.0,46.64,0.0,0.0,0.0,0.0,0.0
14-09-2019,65.5,1081.0,46.64,0.0,0.0,0.0,0.0,4.0
15-09-2019,65.5,1081.0,46.64,0.0,0.0,0.0,0.0,0.0
16-09-2019,65.5,1081.0,46.64,0.0,0.0,0.0,0.0,4.0
17-09-2019,65.5,1081.0,46.64,0.0,0.0,0.0,0.0,5.0
18-09-2019,65.5,1081.0,46.64,0.0,0.0,0.0,0.0,0.0
19-09-2019,65.5,1081.0,46.64,0.0,0.0,0.0,0.0,135.0
20-09-2019,65.5,1081.0,45.26,30.0,2.78,347.0,0.0,39.0
21-09-2019,65.5,1081.0,45.96,43.0,3.98,150.0,0.0,0.0
22-09-2019,65.5,1081.0,46.2,48.0,4.44,58.0,0.0,0.0
23-09-2019,65.5,1081.0,46.35,51.0,4.72,35.0,0.0,18.0
24-09-2019,65.5,1081.0,46.4,52.0,4.81,12.0,0.0,4.0
25-09-2019,65.5,1081.0,46.4,52.0,4.81,0.0,0.0,0.0
26-09-2019,65.5,1081.0,46.4,52.0,4.81,0.0,0.0,33.0
27-09-2019,65.5,1081.0,46.45,53.0,4.9,12.0,0.0,0.0
28-09-2019,65.5,1081.0,46.45,53.0,4.9,0.0,0.0,0.0
29-09-2019,65.5,1081.0,46.45,53.0,4.9,0.0,0.0,0.0
30-09-2019,65.5,1081.0,46.5,54.0,5.0,12.0,0.0,6.0
01-10-2019,65.5,1081.0,46.5,54.0,5.0,0.0,0.0,0.0
02-10-2019,65.5,1081.0,46.5,54.0,5.0,0.0,0.0,0.0
03-10-2019,65.5,1081.0,46.5,54.0,5.0,0.0,0.0,0.0
04-10-2019,65.5,1081.0,46.5,54.0,5.0,0.0,0.0,0.0
05-10-2019,65.5,1081.0,46.5,54.0,5.0,0.0,0.0,0.0
06-10-2019,65.5,1081.0,46.5,54.0,5.0,0.0,0.0,0.0
07-10-2019,65.5,1081.0,46.5,54.0,5.0,0.0,0.0,0.0
08-10-2019,65.5,1081.0,46.5,54.0,5.0,0.0,0.0,0.0
09-10-2019,65.5,1081.0,46.5,54.0,5.0,0.0,0.0,0.0
10-10-2019,65.5,1081.0,46.5,54.0,5.0,0.0,0.0,0.0
11-10-2019,65.5,1081.0,46.64,57.0,5.27,35.0,0.0,9.0
12-10-2019,65.5,1081.0,46.64,57.0,5.27,0.0,0.0,0.0
13-10-2019,65.5,1081.0,46.64,57.0,5.27,0.0,0.0,0.0
14-10-2019,65.5,1081.0,46.64,57.0,5.27,0.0,0.0,0.0
15-10-2019,65.5,1081.0,46.64,57.0,5.27,0.0,0.0,34.0
16-10-2019,65.5,1081.0,46.83,61.0,5.64,46.0,0.0,87.0
17-10-2019,65.5,1081.0,47.01,65.0,6.01,46.0,0.0,27.0
18-10-2019,65.5,1081.0,47.4,74.0,6.85,104.0,0.0,16.0
19-10-2019,65.5,1081.0,47.58,78.0,7.22,46.0,0.0,7.0
20-10-2019,65.5,1081.0,47.74,82.0,7.59,46.0,0.0,14.0
21-10-2019,65.5,1081.0,48.39,98.0,9.07,185.0,0.0,30.0
22-10-2019,65.5,1081.0,48.64,104.0,9.62,69.0,0.0,35.0
23-10-2019,65.5,1081.0,48.75,107.0,9.9,35.0,0.0,8.0
24-10-2019,65.5,1081.0,48.82,109.0,10.08,24.0,0.0,9.0
25-10-2019,65.5,1081.0,48.82,109.0,10.08,0.0,0.0,0.0
26-10-2019,65.5,1081.0,48.9,111.0,10.27,24.0,0.0,49.0
27-10-2019,65.5,1081.0,48.9,111.0,10.27,0.0,0.0,0.0
28-10-2019,65.5,1081.0,48.97,113.0,10.45,23.0,0.0,24.0
29-10-2019,65.5,1081.0,49.04,115.0,10.64,23.0,0.0,40.0
30-10-2019,65.5,1081.0,49.26,121.0,11.19,70.0,0.0,66.0
31-10-2019,65.5,1081.0,50.54,159.0,14.71,440.0,0.0,47.0
01-11-2019,65.5,1081.0,51.6,194.0,17.95,410.0,0.0,3.0
02-11-2019,65.5,1081.0,51.99,208.0,19.24,160.0,0.0,0.0
03-11-2019,65.5,1081.0,52.37,222.0,20.54,160.0,0.0,0.0
04-11-2019,65.5,1081.0,52.69,233.0,21.55,160.0,0.0,0.0
05-11-2019,65.5,1081.0,52.69,233.0,21.55,100.0,100.0,0.0
06-11-2019,65.5,1081.0,52.55,228.0,21.09,35.0,100.0,0.0
07-11-2019,65.5,1081.0,52.38,222.0,20.54,25.0,100.0,0.0
08-11-2019,65.5,1081.0,52.15,214.0,19.8,8.0,100.0,0.0
09-11-2019,65.5,1081.0,51.9,205.0,18.96,0.0,100.0,0.0
10-11-2019,65.5,1081.0,51.67,197.0,18.22,0.0,100.0,0.0
11-11-2019,65.5,1081.0,51.45,189.0,17.48,0.0,100.0,0.0
12-11-2019,65.5,1081.0,51.19,180.0,16.65,0.0,100.0,0.0
13-11-2019,65.5,1081.0,50.95,172.0,15.91,0.0,100.0,0.0
14-11-2019,65.5,1081.0,50.69,164.0,15.17,0.0,100.0,5.0
15-11-2019,65.5,1081.0,50.41,155.0,14.34,0.0,100.0,15.0
16-11-2019,65.5,1081.0,50.14,147.0,13.6,0.0,100.0,0.0
17-11-2019,65.5,1081.0,49.83,138.0,12.77,0.0,100.0,0.0
18-11-2019,65.5,1081.0,49.56,130.0,12.03,0.0,100.0,3.0
19-11-2019,65.5,1081.0,49.28,122.0,11.29,0.0,92.0,0.0
20-11-2019,65.5,1081.0,49.03,115.0,10.64,0.0,82.0,46.0
21-11-2019,65.5,1081.0,48.92,112.0,10.36,12.0,46.0,11.0
22-11-2019,65.5,1081.0,48.81,109.0,10.08,12.0,46.0,0.0
23-11-2019,65.5,1081.0,48.74,107.0,9.9,0.0,23.0,0.0
24-11-2019,65.5,1081.0,48.67,105.0,9.71,0.0,23.0,0.0
25-11-2019,65.5,1081.0,48.59,103.0,9.53,0.0,23.0,0.0
26-11-2019,65.5,1081.0,48.52,101.0,9.34,0.0,23.0,0.0
27-11-2019,65.5,1081.0,48.44,99.0,9.16,0.0,23.0,0.0
28-11-2019,65.5,1081.0,48.36,97.0,8.97,0.0,23.0,4.0
29-11-2019,65.5,1081.0,48.28,95.0,8.79,0.0,23.0,18.0
30-11-2019,65.5,1081.0,48.24,94.0,8.7,0.0,11.0,9.0
01-12-2019,65.5,1081.0,48.32,96.0,8.88,35.0,11.0,76.0
02-12-2019,65.5,1081.0,49.59,131.0,12.12,440.0,35.0,98.0
03-12-2019,65.5,1081.0,51.8,201.0,18.59,910.0,100.0,0.0
04-12-2019,65.5,1081.0,52.55,228.0,21.09,412.0,100.0,0.0
05-12-2019,65.5,1081.0,52.81,238.0,22.02,216.0,100.0,0.0
06-12-2019,65.5,1081.0,52.95,243.0,22.48,158.0,100.0,0.0
07-12-2019,65.5,1081.0,52.95,243.0,22.48,100.0,100.0,0.0
08-12-2019,65.5,1081.0,52.76,236.0,21.83,20.0,100.0,6.0
09-12-2019,65.5,1081.0,52.55,228.0,21.09,0.0,100.0,0.0
10-12-2019,65.5,1081.0,52.3,219.0,20.26,0.0,100.0,0.0
11-12-2019,65.5,1081.0,52.04,210.0,19.43,0.0,100.0,0.0
12-12-2019,65.5,1081.0,51.8,201.0,18.59,0.0,100.0,0.0
13-12-2019,65.5,1081.0,51.53,192.0,17.76,0.0,100.0,0.0
14-12-2019,65.5,1081.0,51.26,183.0,16.93,0.0,100.0,0.0
15-12-2019,65.5,1081.0,50.99,174.0,16.1,0.0,100.0,4.0
16-12-2019,65.5,1081.0,50.71,165.0,15.26,0.0,100.0,0.0
17-12-2019,65.5,1081.0,50.43,156.0,14.43,0.0,100.0,6.0
18-12-2019,65.5,1081.0,50.13,147.0,13.6,0.0,100.0,2.0
19-12-2019,65.5,1081.0,49.87,139.0,12.86,0.0,90.0,0.0
20-12-2019,65.5,1081.0,49.59,131.0,12.12,0.0,90.0,0.0
21-12-2019,65.5,1081.0,49.31,123.0,11.38,0.0,90.0,0.0
22-12-2019,65.5,1081.0,49.03,115.0,10.64,0.0,90.0,0.0
23-12-2019,65.5,1081.0,48.77,108.0,9.99,0.0,85.0,0.0
24-12-2019,65.5,1081.0,48.5,101.0,9.34,0.0,85.0,0.0
25-12-2019,65.5,1081.0,48.23,94.0,8.7,0.0,85.0,0.0
26-12-2019,65.5,1081.0,47.99,88.0,8.14,0.0,75.0,0.0
27-12-2019,65.5,1081.0,47.7,81.0,7.49,0.0,75.0,0.0
28-12-2019,65.5,1081.0,47.45,75.0,6.94,0.0,70.0,0.0
29-12-2019,65.5,1081.0,47.32,72.0,6.66,0.0,35.0,0.0
30-12-2019,65.5,1081.0,47.23,70.0,6.48,0.0,23.0,14.0
31-12-2019,65.5,1081.0,47.18,69.0,6.38,0.0,12.0,4.0
01-01-2020,65.5,1081.0,47.14,68.0,6.29,0.0,12.0,3.0
02-01-2020,65.5,1081.0,47.18,69.0,6.38,23.0,12.0,47.0
03-01-2020,65.5,1081.0,47.18,69.0,6.38,12.0,12.0,0.0
04-01-2020,65.5,1081.0,47.18,69.0,6.38,0.0,0.0,0.0
05-01-2020,65.5,1081.0,47.18,69.0,6.38,0.0,0.0,1.0
06-01-2020,65.5,1081.0,47.23,70.0,6.48,12.0,0.0,4.0
07-01-2020,65.5,1081.0,47.31,71.0,6.57,12.0,0.0,4.0
08-01-2020,65.5,1081.0,47.34,72.0,6.66,12.0,0.0,0.0
09-01-2020,65.5,1081.0,47.34,72.0,6.66,0.0,0.0,0.0
10-01-2020,65.5,1081.0,47.34,72.0,6.66,0.0,0.0,0.0
11-01-2020,65.5,1081.0,47.34,72.0,6.66,0.0,0.0,0.0
12-01-2020,65.5,1081.0,47.34,72.0,6.66,0.0,0.0,0.0
13-01-2020,65.5,1081.0,47.34,72.0,6.66,0.0,0.0,0.0
14-01-2020,65.5,1081.0,47.34,72.0,6.66,0.0,0.0,0.0
15-01-2020,65.5,1081.0,47.34,72.0,6.66,0.0,0.0,0.0
16-01-2020,65.5,1081.0,47.34,72.0,6.66,0.0,0.0,0.0
17-01-2020,65.5,1081.0,47.34,72.0,6.66,0.0,0.0,0.0
18-01-2020,65.5,1081.0,47.34,72.0,6.66,0.0,0.0,3.0
19-01-2020,65.5,1081.0,47.34,72.0,6.66,0.0,0.0,0.0
20-01-2020,65.5,1081.0,47.34,72.0,6.66,0.0,0.0,0.0
21-01-2020,65.5,1081.0,47.34,72.0,6.66,0.0,0.0,0.0
22-01-2020,65.5,1081.0,47.34,72.0,6.66,0.0,0.0,0.0
23-01-2020,65.5,1081.0,47.34,72.0,6.66,0.0,0.0,0.0
24-01-2020,65.5,1081.0,47.34,72.0,6.66,0.0,0.0,0.0
25-01-2020,65.5,1081.0,47.34,72.0,6.66,0.0,0.0,0.0
26-01-2020,65.5,1081.0,47.34,72.0,6.66,0.0,0.0,0.0
27-01-2020,65.5,1081.0,47.34,72.0,6.66,0.0,0.0,0.0
28-01-2020,65.5,1081.0,47.34,72.0,6.66,0.0,0.0,0.0
29-01-2020,65.5,1081.0,47.34,72.0,6.66,0.0,0.0,0.0
30-01-2020,65.5,1081.0,47.34,72.0,6.66,0.0,0.0,0.0
31-01-2020,65.5,1081.0,47.34,72.0,6.66,0.0,0.0,0.0
01-02-2020,65.5,1081.0,47.34,72.0,6.66,0.0,0.0,0.0
02-02-2020,65.5,1081.0,47.34,72.0,6.66,0.0,0.0,0.0
03-02-2020,65.5,1081.0,47.34,72.0,6.66,0.0,0.0,0.0
04-02-2020,65.5,1081.0,47.34,72.0,6.66,0.0,0.0,0.0
05-02-2020,65.5,1081.0,47.34,72.0,6.66,0.0,0.0,0.0
06-02-2020,65.5,1081.0,47.34,72.0,6.66,0.0,0.0,0.0
07-02-2020,65.5,1081.0,47.34,72.0,6.66,0.0,0.0,0.0
08-02-2020,65.5,1081.0,47.34,72.0,6.66,0.0,0.0,0.0
09-02-2020,65.5,1081.0,47.34,72.0,6.66,0.0,0.0,0.0
10-02-2020,65.5,1081.0,47.34,72.0,6.66,0.0,0.0,0.0
11-02-2020,65.5,1081.0,47.34,72.0,6.66,0.0,0.0,0.0
12-02-2020,65.5,1081.0,59.48,547.0,50.6,497.0,0.0,0.0
13-02-2020,65.5,1081.0,47.34,72.0,6.66,0.0,0.0,0.0
14-02-2020,65.5,1081.0,47.34,72.0,6.66,0.0,0.0,0.0
15-02-2020,65.5,1081.0,47.34,72.0,6.66,0.0,0.0,0.0
16-02-2020,65.5,1081.0,47.34,72.0,6.66,0.0,0.0,0.0
17-02-2020,65.5,1081.0,47.34,72.0,6.66,0.0,0.0,0.0
18-02-2020,65.5,1081.0,47.34,72.0,6.66,0.0,0.0,0.0
19-02-2020,65.5,1081.0,47.34,72.0,6.66,0.0,0.0,0.0
20-02-2020,65.5,1081.0,47.34,72.0,6.66,0.0,0.0,0.0
21-02-2020,65.5,1081.0,47.34,72.0,6.66,0.0,0.0,0.0
22-02-2020,65.5,1081.0,47.34,72.0,6.66,0.0,0.0,0.0
23-02-2020,65.5,1081.0,47.34,72.0,6.66,0.0,0.0,0.0
24-02-2020,65.5,1081.0,47.34,72.0,6.66,0.0,0.0,0.0
25-02-2020,65.5,1081.0,47.34,72.0,6.66,0.0,0.0,0.0
26-02-2020,65.5,1081.0,47.34,72.0,6.66,0.0,0.0,0.0
27-02-2020,65.5,1081.0,47.34,72.0,6.66,0.0,0.0,0.0
28-02-2020,65.5,1081.0,47.34,72.0,6.66,0.0,0.0,0.0
29-02-2020,65.5,1081.0,47.34,72.0,6.66,0.0,0.0,0.0
01-03-2020,65.5,1081.0,47.34,72.0,6.66,0.0,0.0,0.0
02-03-2020,65.5,1081.0,47.34,72.0,6.66,0.0,0.0,0.0
03-03-2020,65.5,1081.0,47.34,72.0,6.66,0.0,0.0,0.0
04-03-2020,65.5,1081.0,47.34,72.0,6.66,0.0,0.0,0.0
05-03-2020,65.5,1081.0,47.34,72.0,6.66,0.0,0.0,0.0
06-03-2020,65.5,1081.0,47.34,72.0,6.66,0.0,0.0,0.0
07-03-2020,65.5,1081.0,47.34,72.0,6.66,0.0,0.0,0.0
08-03-2020,65.5,1081.0,47.34,72.0,6.66,0.0,0.0,0.0
09-03-2020,65.5,1081.0,47.34,72.0,6.66,0.0,0.0,0.0
10-03-2020,65.5,1081.0,47.34,72.0,6.66,0.0,0.0,0.0
11-03-2020,65.5,1081.0,47.34,72.0,6.66,0.0,0.0,0.0
12-03-2020,65.5,1081.0,47.34,72.0,6.66,0.0,0.0,0.0
13-03-2020,65.5,1081.0,47.34,72.0,6.66,0.0,0.0,0.0
14-03-2020,65.5,1081.0,47.34,72.0,6.66,0.0,0.0,0.0
15-03-2020,65.5,1081.0,47.34,72.0,6.66,0.0,0.0,0.0
16-03-2020,65.5,1081.0,47.34,72.0,6.66,0.0,0.0,0.0
17-03-2020,65.5,1081.0,47.34,72.0,6.66,0.0,0.0,0.0
18-03-2020,65.5,1081.0,47.34,72.0,6.66,0.0,0.0,0.0
19-03-2020,65.5,1081.0,47.34,72.0,6.66,0.0,0.0,0.0
21-03-2020,65.5,1081.0,47.34,72.0,6.66,0.0,0.0,0.0
22-03-2020,65.5,1081.0,47.34,72.0,6.66,0.0,0.0,0.0
23-03-2020,65.5,1081.0,47.34,72.0,6.66,0.0,0.0,0.0
24-03-2020,65.5,1081.0,47.34,72.0,6.66,0.0,0.0,0.0
25-03-2020,65.5,1081.0,47.34,72.0,6.66,0.0,0.0,0.0
26-03-2020,65.5,1081.0,47.34,72.0,6.66,0.0,0.0,0.0
27-03-2020,65.5,1081.0,47.34,72.0,6.66,0.0,0.0,0.0
28-03-2020,65.5,1081.0,47.34,72.0,6.66,0.0,0.0,0.0
29-03-2020,65.5,1081.0,47.34,72.0,6.66,0.0,0.0,0.0
30-03-2020,65.5,1081.0,47.34,72.0,6.66,0.0,0.0,0.0
31-03-2020,65.5,1081.0,47.34,72.0,6.66,0.0,0.0,0.0
01-04-2020,65.5,1081.0,47.34,72.0,6.66,0.0,0.0,0.0
02-04-2020,65.5,1081.0,47.34,72.0,6.66,0.0,0.0,0.0
03-04-2020,65.5,1081.0,47.34,72.0,6.66,0.0,0.0,0.0
04-04-2020,65.5,1081.0,47.34,72.0,6.66,0.0,0.0,0.0
05-04-2020,65.5,1081.0,47.34,72.0,6.66,0.0,0.0,0.0
06-04-2020,65.5,1081.0,47.34,72.0,6.66,0.0,0.0,0.0
07-04-2020,65.5,1081.0,47.34,72.0,6.66,0.0,0.0,0.0
08-04-2020,65.5,1081.0,47.34,72.0,6.66,0.0,0.0,0.0
09-04-2020,65.5,1081.0,47.34,72.0,6.66,0.0,0.0,0.0
10-04-2020,65.5,1081.0,47.34,72.0,6.66,0.0,0.0,5.0
11-04-2020,65.5,1081.0,47.34,72.0,6.66,0.0,0.0,0.0
12-04-2020,65.5,1081.0,47.34,72.0,6.66,0.0,0.0,0.0
13-04-2020,65.5,1081.0,47.34,72.0,6.66,0.0,0.0,0.0
14-04-2020,65.5,1081.0,47.34,72.0,6.66,0.0,0.0,0.0
15-04-2020,65.5,1081.0,47.34,72.0,6.66,0.0,0.0,0.0
16-04-2020,65.5,1081.0,47.34,72.0,6.66,0.0,0.0,0.0
17-04-2020,65.5,1081.0,47.34,72.0,6.66,0.0,0.0,0.0
18-04-2020,65.5,1081.0,47.34,72.0,6.66,0.0,0.0,0.0
19-04-2020,65.5,1081.0,47.34,72.0,6.66,0.0,0.0,0.0
20-04-2020,65.5,1081.0,47.34,72.0,6.66,0.0,0.0,0.0
21-04-2020,65.5,1081.0,47.34,72.0,6.66,0.0,0.0,0.0
22-04-2020,65.5,1081.0,47.34,72.0,6.66,0.0,0.0,0.0
23-04-2020,65.5,1081.0,47.34,72.0,6.66,0.0,0.0,0.0
24-04-2020,65.5,1081.0,47.34,72.0,6.66,0.0,0.0,0.0
25-04-2020,65.5,1081.0,47.34,72.0,6.66,0.0,0.0,0.0
26-04-2020,65.5,1081.0,47.34,72.0,6.66,0.0,0.0,18.0
27-04-2020,65.5,1081.0,47.34,72.0,6.66,0.0,0.0,0.0
28-04-2020,65.5,1081.0,47.34,72.0,6.66,0.0,0.0,0.0
29-04-2020,65.5,1081.0,47.34,72.0,6.66,0.0,0.0,0.0
30-04-2020,65.5,1081.0,47.34,72.0,6.66,0.0,0.0,0.0
01-05-2020,65.5,1081.0,47.34,72.0,6.66,0.0,0.0,0.0
02-05-2020,65.5,1081.0,47.34,72.0,6.66,0.0,0.0,0.0
03-05-2020,65.5,1081.0,47.34,72.0,6.66,0.0,0.0,0.0
04-05-2020,65.5,1081.0,47.34,72.0,6.66,0.0,0.0,0.0
05-05-2020,65.5,1081.0,47.34,72.0,6.66,0.0,0.0,0.0
06-05-2020,65.5,1081.0,47.34,72.0,6.66,0.0,0.0,0.0
07-05-2020,65.5,1081.0,47.34,72.0,6.66,0.0,0.0,0.0
08-05-2020,65.5,1081.0,47.34,72.0,6.66,0.0,0.0,0.0
09-05-2020,65.5,1081.0,47.34,72.0,6.66,0.0,0.0,0.0
10-05-2020,65.5,1081.0,47.34,72.0,6.66,0.0,0.0,0.0
11-05-2020,65.5,1081.0,47.34,72.0,6.66,0.0,0.0,0.0
12-05-2020,65.5,1081.0,47.34,72.0,6.66,0.0,0.0,0.0
13-05-2020,65.5,1081.0,47.34,72.0,6.66,0.0,0.0,0.0
14-05-2020,65.5,1081.0,47.34,72.0,6.66,0.0,0.0,0.0
15-05-2020,65.5,1081.0,47.34,72.0,6.66,0.0,0.0,0.0
16-05-2020,65.5,1081.0,47.34,72.0,6.66,0.0,0.0,0.0
17-05-2020,65.5,1081.0,47.34,72.0,6.66,0.0,0.0,0.0
18-05-2020,65.5,1081.0,47.34,72.0,6.66,0.0,0.0,0.0
19-05-2020,65.5,1081.0,47.34,72.0,6.66,0.0,0.0,0.0
20-05-2020,65.5,1081.0,47.34,72.0,6.66,0.0,0.0,0.0
21-05-2020,65.5,1081.0,47.34,72.0,6.66,0.0,0.0,0.0
22-05-2020,65.5,1081.0,47.34,72.0,6.66,0.0,0.0,0.0
23-05-2020,65.5,1081.0,47.34,72.0,6.66,0.0,0.0,0.0
24-05-2020,65.5,1081.0,47.34,72.0,6.66,0.0,0.0,0.0
25-05-2020,65.5,1081.0,47.34,72.0,6.66,0.0,0.0,0.0
26-05-2020,65.5,1081.0,47.34,72.0,6.66,0.0,0.0,0.0
27-05-2020,65.5,1081.0,47.34,72.0,6.66,0.0,0.0,0.0
28-05-2020,65.5,1081.0,47.34,72.0,6.66,0.0,0.0,0.0
29-05-2020,65.5,1081.0,47.34,72.0,6.66,0.0,0.0,0.0
30-05-2020,65.5,1081.0,47.34,72.0,6.66,0.0,0.0,0.0
31-05-2020,65.5,1081.0,47.34,72.0,6.66,0.0,0.0,0.0
01-06-2020,65.5,1081.0,47.34,72.0,6.66,0.0,0.0,0.0
02-06-2020,65.5,1081.0,47.34,72.0,6.66,0.0,0.0,2.0
03-06-2020,65.5,1081.0,47.34,72.0,6.66,0.0,0.0,0.0
04-06-2020,65.5,1081.0,47.34,72.0,6.66,0.0,0.0,0.0
05-06-2020,65.5,1081.0,47.34,72.0,6.66,0.0,0.0,0.0
06-06-2020,65.5,1081.0,47.34,72.0,6.66,0.0,0.0,0.0
07-06-2020,65.5,1081.0,48.17,92.0,8.51,0.0,0.0,0.0
08-06-2020,65.5,1081.0,47.34,72.0,6.66,0.0,0.0,0.0
09-06-2020,65.5,1081.0,47.34,72.0,6.66,0.0,0.0,0.0
10-06-2020,65.5,1081.0,47.34,72.0,6.66,0.0,0.0,0.0
11-06-2020,65.5,1081.0,47.34,72.0,6.66,0.0,0.0,1.0
12-06-2020,65.5,1081.0,47.34,72.0,6.66,0.0,0.0,2.0
13-06-2020,65.5,1081.0,47.34,72.0,6.66,0.0,0.0,0.0
14-06-2020,65.5,1081.0,47.34,72.0,6.66,0.0,0.0,0.0
15-06-2020,65.5,1081.0,47.34,72.0,6.66,0.0,0.0,0.0
16-06-2020,65.5,1081.0,47.34,72.0,6.66,0.0,0.0,0.0
17-06-2020,65.5,1081.0,47.34,72.0,6.66,0.0,0.0,0.0
18-06-2020,65.5,1081.0,47.34,72.0,6.66,0.0,0.0,0.0
19-06-2020,65.5,1081.0,47.34,72.0,6.66,0.0,0.0,0.0
20-06-2020,65.5,1081.0,47.34,72.0,6.66,0.0,0.0,1.0
21-06-2020,65.5,1081.0,47.34,72.0,6.66,0.0,0.0,2.0
22-06-2020,65.5,1081.0,47.34,72.0,6.66,0.0,0.0,2.0
23-06-2020,65.5,1081.0,47.34,72.0,6.66,0.0,0.0,0.0
24-06-2020,65.5,1081.0,47.34,72.0,6.66,0.0,0.0,0.0
25-06-2020,65.5,1081.0,47.34,72.0,6.66,0.0,0.0,0.0
26-06-2020,65.5,1081.0,47.34,72.0,6.66,0.0,0.0,0.0
27-06-2020,65.5,1081.0,47.34,72.0,6.66,0.0,0.0,0.0
28-06-2020,65.5,1081.0,47.34,72.0,6.66,0.0,0.0,2.0
29-06-2020,65.5,1081.0,47.34,72.0,6.66,0.0,0.0,0.0
30-06-2020,65.5,1081.0,47.34,72.0,6.66,0.0,0.0,0.0
01-07-2020,65.5,1081.0,47.34,72.0,6.66,0.0,0.0,0.0
02-07-2020,65.5,1081.0,47.34,72.0,6.66,0.0,0.0,3.0
03-07-2020,65.5,1081.0,47.34,72.0,6.66,0.0,0.0,0.0
04-07-2020,65.5,1081.0,47.34,72.0,6.66,0.0,0.0,3.0
05-07-2020,65.5,1081.0,47.34,72.0,6.66,0.0,0.0,0.0
06-07-2020,65.5,1081.0,47.34,72.0,6.66,0.0,0.0,0.0
07-07-2020,65.5,1081.0,47.34,72.0,6.66,0.0,0.0,0.0
08-07-2020,65.5,1081.0,47.34,72.0,6.66,0.0,0.0,0.0
09-07-2020,65.5,1081.0,47.34,72.0,6.66,0.0,0.0,0.0
10-07-2020,65.5,1081.0,47.34,72.0,6.66,0.0,0.0,4.0
11-07-2020,65.5,1081.0,47.34,72.0,6.66,0.0,0.0,0.0
12-07-2020,65.5,1081.0,47.34,72.0,6.66,0.0,0.0,0.0
13-07-2020,65.5,1081.0,47.34,72.0,6.66,0.0,0.0,55.0
14-07-2020,65.5,1081.0,47.34,72.0,6.66,0.0,0.0,0.0
15-07-2020,65.5,1081.0,47.34,72.0,6.66,0.0,0.0,0.0
16-07-2020,65.5,1081.0,47.34,72.0,6.66,0.0,0.0,5.0
17-07-2020,65.5,1081.0,47.34,72.0,6.66,0.0,0.0,5.0
18-07-2020,65.5,1081.0,47.34,72.0,6.66,0.0,0.0,0.0
19-07-2020,65.5,1081.0,47.34,72.0,6.66,0.0,0.0,2.0
20-07-2020,65.5,1081.0,47.27,71.0,6.57,0.0,0.0,0.0
21-07-2020,65.5,1081.0,47.27,71.0,6.57,0.0,0.0,0.0
22-07-2020,65.5,1081.0,47.27,71.0,6.57,0.0,0.0,0.0
23-07-2020,65.5,1081.0,47.27,71.0,6.57,0.0,0.0,0.0
24-07-2020,65.5,1081.0,47.27,71.0,6.57,0.0,0.0,6.0
25-07-2020,65.5,1081.0,47.27,71.0,6.57,0.0,0.0,0.0
26-07-2020,65.5,1081.0,47.27,71.0,6.57,0.0,0.0,0.0
27-07-2020,65.5,1081.0,47.27,71.0,6.57,0.0,0.0,0.0
28-07-2020,65.5,1081.0,47.27,71.0,6.57,0.0,0.0,0.0
29-07-2020,65.5,1081.0,47.27,71.0,6.57,0.0,0.0,8.0
30-07-2020,65.5,1081.0,47.27,71.0,6.57,0.0,0.0,4.0
31-07-2020,65.5,1081.0,47.27,71.0,6.57,0.0,0.0,0.0
01-08-2020,65.5,1081.0,47.56,77.0,7.12,69.0,0.0,45.0
02-08-2020,65.5,1081.0,47.84,79.0,7.31,23.0,0.0,5.0
03-08-2020,65.5,1081.0,47.94,87.0,8.05,92.0,0.0,24.0
04-08-2020,65.5,1081.0,48.01,88.0,8.14,12.0,0.0,0.0
05-08-2020,65.5,1081.0,48.05,89.0,8.23,12.0,0.0,3.0
06-08-2020,65.5,1081.0,48.09,90.0,8.33,12.0,0.0,0.0
07-08-2020,65.5,1081.0,48.13,91.0,8.42,12.0,0.0,0.0
08-08-2020,65.5,1081.0,48.13,91.0,8.42,0.0,0.0,0.0
09-08-2020,65.5,1081.0,48.33,96.0,8.88,57.0,0.0,50.0
10-08-2020,65.5,1081.0,48.33,96.0,8.88,0.0,0.0,0.0
11-08-2020,65.5,1081.0,48.33,96.0,8.88,0.0,0.0,0.0
12-08-2020,65.5,1081.0,48.33,96.0,8.88,0.0,0.0,22.0
13-08-2020,65.5,1081.0,48.33,96.0,8.88,0.0,0.0,0.0
14-08-2020,65.5,1081.0,48.33,96.0,8.88,0.0,0.0,5.0
15-08-2020,65.5,1081.0,48.33,96.0,8.88,0.0,0.0,0.0
16-08-2020,65.5,1081.0,48.33,96.0,8.88,0.0,0.0,0.0
17-08-2020,65.5,1081.0,48.33,96.0,8.88,0.0,0.0,0.0
18-08-2020,65.5,1081.0,48.33,96.0,8.88,0.0,0.0,0.0
19-08-2020,65.5,1081.0,48.33,96.0,8.88,0.0,0.0,0.0
20-08-2020,65.5,1081.0,48.29,95.0,8.79,0.0,0.0,0.0
21-08-2020,65.5,1081.0,48.29,95.0,8.79,0.0,0.0,0.0
22-08-2020,65.5,1081.0,48.29,95.0,8.79,0.0,0.0,0.0
23-08-2020,65.5,1081.0,48.29,95.0,8.79,0.0,0.0,0.0
24-08-2020,65.5,1081.0,48.29,95.0,8.79,0.0,0.0,0.0
25-08-2020,65.5,1081.0,48.25,94.0,8.7,0.0,0.0,0.0
26-08-2020,65.5,1081.0,48.25,94.0,8.7,0.0,0.0,0.0
27-08-2020,65.5,1081.0,48.25,94.0,8.7,0.0,0.0,0.0
28-08-2020,65.5,1081.0,48.25,94.0,8.7,0.0,0.0,0.0
29-08-2020,65.5,1081.0,48.25,94.0,8.7,0.0,0.0,0.0
30-08-2020,65.5,1081.0,48.25,94.0,8.7,0.0,0.0,0.0
31-08-2020,65.5,1081.0,48.25,94.0,8.7,0.0,0.0,0.0
01-09-2020,65.5,1081.0,48.25,94.0,8.7,0.0,0.0,0.0
02-09-2020,65.5,1081.0,48.21,93.0,8.6,0.0,0.0,0.0
03-09-2020,65.5,1081.0,48.21,93.0,8.6,0.0,0.0,0.0
04-09-2020,65.5,1081.0,48.21,93.0,8.6,0.0,0.0,0.0
05-09-2020,65.5,1081.0,48.17,92.0,8.51,0.0,0.0,0.0
06-09-2020,65.5,1081.0,48.17,92.0,8.51,0.0,0.0,0.0
07-09-2020,65.5,1081.0,48.17,92.0,8.51,0.0,0.0,0.0
08-09-2020,65.5,1081.0,48.17,92.0,8.51,0.0,0.0,20.0
09-09-2020,65.5,1081.0,48.17,92.0,8.51,0.0,0.0,0.0
10-09-2020,65.5,1081.0,48.17,92.0,8.51,0.0,0.0,0.0
11-09-2020,65.5,1081.0,48.17,92.0,8.51,0.0,0.0,0.0
12-09-2020,65.5,1081.0,48.17,92.0,8.51,0.0,0.0,0.0
13-09-2020,65.5,1081.0,48.17,92.0,8.51,0.0,0.0,2.0
14-09-2020,65.5,1081.0,48.17,92.0,8.51,0.0,0.0,20.0
15-09-2020,65.5,1081.0,48.17,92.0,8.51,0.0,0.0,4.0
16-09-2020,65.5,1081.0,48.17,92.0,8.51,0.0,0.0,0.0
17-09-2020,65.5,1081.0,48.17,92.0,8.51,0.0,0.0,0.0
18-09-2020,65.5,1081.0,48.17,92.0,8.51,0.0,0.0,0.0
19-09-2020,65.5,1081.0,48.17,92.0,8.51,0.0,0.0,65.0
20-09-2020,65.5,1081.0,48.33,96.0,8.88,46.0,0.0,0.0
21-09-2020,65.5,1081.0,48.48,100.0,9.25,46.0,0.0,0.0
22-09-2020,65.5,1081.0,48.56,102.0,9.44,23.0,0.0,0.0
23-09-2020,65.5,1081.0,48.56,102.0,9.44,0.0,0.0,0.0
24-09-2020,65.5,1081.0,48.64,104.0,9.62,23.0,0.0,0.0
25-09-2020,65.5,1081.0,48.71,106.0,9.81,23.0,0.0,0.0
26-09-2020,65.5,1081.0,48.79,108.0,9.99,23.0,0.0,20.0
27-09-2020,65.5,1081.0,48.79,108.0,9.99,0.0,0.0,0.0
28-09-2020,65.5,1081.0,48.79,108.0,9.99,0.0,0.0,0.0
29-09-2020,65.5,1081.0,48.79,108.0,9.99,0.0,0.0,0.0
30-09-2020,65.5,1081.0,48.94,112.0,10.36,46.0,0.0,42.0
01-10-2020,65.5,1081.0,48.94,112.0,10.36,0.0,0.0,4.0
02-10-2020,65.5,1081.0,48.94,112.0,10.36,0.0,0.0,0.0
03-10-2020,65.5,1081.0,48.94,112.0,10.36,0.0,0.0,0.0
04-10-2020,65.5,1081.0,48.9,111.0,10.27,0.0,0.0,0.0
05-10-2020,65.5,1081.0,48.9,111.0,10.27,0.0,0.0,0.0
06-10-2020,65.5,1081.0,48.9,111.0,10.27,0.0,0.0,0.0
07-10-2020,65.5,1081.0,48.86,110.0,10.18,0.0,0.0,0.0
08-10-2020,65.5,1081.0,48.86,110.0,10.18,0.0,0.0,0.0
09-10-2020,65.5,1081.0,48.86,110.0,10.18,0.0,0.0,0.0
10-10-2020,65.5,1081.0,48.86,110.0,10.18,0.0,0.0,0.0
11-10-2020,65.5,1081.0,48.82,109.0,10.08,0.0,0.0,0.0
12-10-2020,65.5,1081.0,48.82,109.0,10.08,0.0,0.0,0.0
13-10-2020,65.5,1081.0,48.82,109.0,10.08,0.0,0.0,4.0
14-10-2020,65.5,1081.0,48.82,109.0,10.08,0.0,0.0,0.0
15-10-2020,65.5,1081.0,48.82,109.0,10.08,0.0,0.0,0.0
16-10-2020,65.5,1081.0,48.79,108.0,9.99,0.0,0.0,0.0
17-10-2020,65.5,1081.0,48.79,108.0,9.99,0.0,0.0,0.0
18-10-2020,65.5,1081.0,48.79,108.0,9.99,0.0,0.0,0.0
19-10-2020,65.5,1081.0,48.79,108.0,9.99,0.0,0.0,20.0
20-10-2020,65.5,1081.0,48.79,108.0,9.99,0.0,0.0,0.0
21-10-2020,65.5,1081.0,48.79,108.0,9.99,0.0,0.0,22.0
22-10-2020,65.5,1081.0,48.79,108.0,9.99,0.0,0.0,0.0
23-10-2020,65.5,1081.0,48.86,110.0,10.18,23.0,0.0,26.0
24-10-2020,65.5,1081.0,48.94,112.0,10.36,23.0,0.0,4.0
25-10-2020,65.5,1081.0,49.01,114.0,10.55,23.0,0.0,0.0
26-10-2020,65.5,1081.0,49.09,116.0,10.73,23.0,0.0,0.0
27-10-2020,65.5,1081.0,49.15,118.0,10.92,23.0,0.0,0.0
28-10-2020,65.5,1081.0,49.15,118.0,10.92,0.0,0.0,0.0
29-10-2020,65.5,1081.0,49.49,128.0,11.84,116.0,0.0,55.0
30-10-2020,65.5,1081.0,49.79,136.0,12.58,92.0,0.0,40.0
31-10-2020,65.5,1081.0,49.86,138.0,12.77,23.0,0.0,0.0
01-11-2020,65.5,1081.0,49.86,138.0,12.77,0.0,0.0,0.0
02-11-2020,65.5,1081.0,49.86,138.0,12.77,0.0,0.0,0.0
03-11-2020,65.5,1081.0,49.86,138.0,12.77,0.0,0.0,0.0
04-11-2020,65.5,1081.0,49.86,138.0,12.77,0.0,0.0,0.0
05-11-2020,65.5,1081.0,49.86,138.0,12.77,0.0,0.0,3.0
06-11-2020,65.5,1081.0,49.86,138.0,12.77,0.0,0.0,0.0
07-11-2020,65.5,1081.0,49.86,138.0,12.77,0.0,0.0,4.0
08-11-2020,65.5,1081.0,49.86,138.0,12.77,0.0,0.0,10.0
09-11-2020,65.5,1081.0,49.86,138.0,12.77,0.0,0.0,0.0
10-11-2020,65.5,1081.0,49.86,138.0,12.77,0.0,0.0,0.0
11-11-2020,65.5,1081.0,49.86,138.0,12.77,0.0,0.0,0.0
12-11-2020,65.5,1081.0,49.86,138.0,12.77,0.0,0.0,0.0
13-11-2020,65.5,1081.0,49.92,140.0,12.95,23.0,0.0,10.0
14-11-2020,65.5,1081.0,49.92,140.0,12.95,0.0,0.0,4.0
15-11-2020,65.5,1081.0,49.95,141.0,13.04,12.0,0.0,14.0
16-11-2020,65.5,1081.0,49.99,142.0,13.14,12.0,0.0,15.0
17-11-2020,65.5,1081.0,50.4,155.0,14.34,150.0,0.0,38.0
18-11-2020,65.5,1081.0,50.68,164.0,15.17,104.0,0.0,4.0
19-11-2020,65.5,1081.0,50.89,170.0,15.73,69.0,0.0,0.0
20-11-2020,65.5,1081.0,50.97,173.0,16.0,34.0,0.0,0.0
21-11-2020,65.5,1081.0,51.03,175.0,16.19,23.0,0.0,0.0
23-11-2020,65.5,1081.0,51.03,175.0,16.19,23.0,0.0,0.0
24-11-2020,65.5,1081.0,51.12,178.0,16.47,34.0,0.0,4.0
25-11-2020,65.5,1081.0,51.35,186.0,17.21,92.0,0.0,87.0
26-11-2020,65.5,1081.0,52.95,244.0,22.57,671.0,0.0,159.0
27-11-2020,65.5,1081.0,54.6,310.0,28.68,764.0,0.0,10.0
28-11-2020,65.5,1081.0,55.79,361.0,33.4,590.0,0.0,0.0
29-11-2020,65.5,1081.0,56.08,403.0,37.28,486.0,0.0,0.0
30-11-2020,65.5,1081.0,57.96,465.0,43.02,659.0,0.0,13.0
01-12-2020,65.5,1081.0,58.69,504.0,46.62,451.0,0.0,0.0
02-12-2020,65.5,1081.0,59.48,547.0,50.6,497.0,0.0,0.0
03-12-2020,65.5,1081.0,60.24,590.0,54.58,497.0,0.0,24.0
04-12-2020,65.5,1081.0,61.24,650.0,60.13,694.0,0.0,90.0
05-12-2020,65.5,1081.0,61.24,650.0,60.13,0.0,0.0,51.0
06-12-2020,65.5,1081.0,61.24,650.0,60.13,0.0,0.0,47.0
07-12-2020,65.5,1081.0,61.24,650.0,60.13,0.0,0.0,20.0
08-12-2020,65.5,1081.0,61.92,693.0,64.11,556.0,0.0,11.0
09-12-2020,65.5,1081.0,62.6,737.0,68.18,278.0,0.0,8.0
10-12-2020,65.5,1081.0,62.64,740.0,68.46,0.0,0.0,8.0
11-12-2020,65.5,1081.0,62.64,740.0,68.46,0.0,0.0,0.0
12-12-2020,65.5,1081.0,62.8,750.0,69.38,140.0,0.0,0.0
13-12-2020,65.5,1081.0,62.98,762.0,70.49,140.0,0.0,0.0
14-12-2020,65.5,1081.0,63.15,774.0,71.6,140.0,0.0,0.0
15-12-2020,65.5,1081.0,63.33,786.0,72.71,140.0,0.0,0.0
16-12-2020,65.5,1081.0,63.5,797.0,73.73,50.0,0.0,1.0
17-12-2020,65.5,1081.0,63.51,798.0,73.82,12.0,0.0,7.0
18-12-2020,65.5,1081.0,63.56,801.0,74.1,36.0,0.0,0.0
19-12-2020,65.5,1081.0,63.6,804.0,74.38,36.0,0.0,0.0
20-12-2020,65.5,1081.0,63.65,805.0,74.47,12.0,0.0,0.0
21-12-2020,65.5,1081.0,63.64,806.0,74.56,12.0,0.0,0.0
22-12-2020,65.5,1081.0,63.82,818.0,75.67,150.0,0.0,0.0
23-12-2020,65.5,1081.0,63.99,831.0,76.87,100.0,0.0,0.0
24-12-2020,65.5,1081.0,64.12,840.0,77.71,100.0,0.0,0.0
25-12-2020,65.5,1081.0,64.22,847.0,78.35,100.0,10.0,0.0
26-12-2020,65.5,1081.0,64.36,861.0,79.65,240.0,10.0,0.0
27-12-2020,65.5,1081.0,64.5,881.0,81.5,240.0,10.0,0.0
28-12-2020,65.5,1081.0,64.49,880.0,81.41,0.0,10.0,0.0
29-12-2020,65.5,1081.0,64.48,878.0,81.22,0.0,10.0,0.0
30-12-2020,65.5,1081.0,64.47,877.0,81.13,0.0,10.0,0.0
31-12-2020,65.5,1081.0,64.46,875.0,80.94,0.0,10.0,0.0
01-01-2021,65.5,1081.0,64.45,874.0,80.85,0.0,10.0,0.0
02-01-2021,65.5,1081.0,64.44,872.0,80.67,0.0,10.0,0.0
03-01-2021,65.5,1081.0,64.46,875.0,80.94,45.0,10.0,7.0
04-01-2021,65.5,1081.0,64.47,877.0,81.13,33.0,10.0,0.0
05-01-2021,65.5,1081.0,64.5,881.0,81.5,56.0,10.0,33.0
06-01-2021,65.5,1081.0,64.5,881.0,81.5,0.0,10.0,66.0
07-01-2021,65.5,1081.0,64.5,881.0,81.5,0.0,10.0,8.0
08-01-2021,65.5,1081.0,64.5,881.0,81.5,0.0,10.0,0.0
09-01-2021,65.5,1081.0,64.5,881.0,81.5,0.0,10.0,0.0
10-01-2021,65.5,1081.0,64.5,881.0,81.5,0.0,10.0,4.0
11-01-2021,65.5,1081.0,64.5,881.0,81.5,0.0,10.0,0.0
12-01-2021,65.5,1081.0,64.5,881.0,81.5,0.0,10.0,0.0
13-01-2021,65.5,1081.0,64.5,881.0,81.5,0.0,10.0,0.0
14-01-2021,65.5,1081.0,64.5,881.0,81.5,0.0,10.0,0.0
15-01-2021,65.5,1081.0,64.5,881.0,81.5,0.0,10.0,0.0
16-01-2021,65.5,1081.0,64.5,881.0,81.5,0.0,10.0,0.0
17-01-2021,65.5,1081.0,64.5,881.0,81.5,0.0,10.0,0.0
18-01-2021,65.5,1081.0,64.5,881.0,81.5,0.0,10.0,0.0
19-01-2021,65.5,1081.0,64.5,881.0,81.5,0.0,10.0,0.0
20-01-2021,65.5,1081.0,64.5,881.0,81.5,0.0,10.0,0.0
21-01-2021,65.5,1081.0,64.5,881.0,81.5,0.0,10.0,0.0
22-01-2021,65.5,1081.0,64.5,881.0,81.5,0.0,10.0,0.0
23-01-2021,65.5,1081.0,64.5,881.0,81.5,0.0,10.0,0.0
24-01-2021,65.5,1081.0,64.5,881.0,81.5,0.0,10.0,0.0
25-01-2021,65.5,1081.0,64.5,881.0,81.5,0.0,10.0,0.0
26-01-2021,65.5,1081.0,64.5,881.0,81.5,0.0,10.0,0.0
27-01-2021,65.5,1081.0,64.5,881.0,81.5,0.0,10.0,0.0
28-01-2021,65.5,1081.0,64.5,881.0,81.5,0.0,10.0,0.0
29-01-2021,65.5,1081.0,64.5,881.0,81.5,10.0,10.0,0.0
30-01-2021,65.5,1081.0,64.5,881.0,81.5,10.0,10.0,0.0
31-01-2021,65.5,1081.0,64.5,881.0,81.5,10.0,10.0,0.0
01-02-2021,65.5,1081.0,64.5,881.0,81.5,10.0,10.0,0.0
02-02-2021,65.5,1081.0,64.5,881.0,81.5,10.0,10.0,0.0
03-02-2021,65.5,1081.0,64.5,881.0,81.5,10.0,10.0,0.0
04-02-2021,65.5,1081.0,64.5,881.0,81.5,10.0,10.0,0.0
05-02-2021,65.5,1081.0,64.5,881.0,81.5,10.0,10.0,0.0
06-02-2021,65.5,1081.0,64.5,881.0,81.5,10.0,10.0,0.0
07-02-2021,65.5,1081.0,64.5,881.0,81.5,10.0,10.0,0.0
08-02-2021,65.5,1081.0,64.5,881.0,81.5,10.0,10.0,0.0
09-02-2021,65.5,1081.0,64.5,881.0,81.5,10.0,10.0,0.0
10-02-2021,65.5,1081.0,64.5,881.0,81.5,10.0,10.0,0.0
11-02-2021,65.5,1081.0,64.5,881.0,81.5,10.0,10.0,0.0
12-02-2021,65.5,1081.0,64.5,881.0,81.5,10.0,10.0,0.0
13-02-2021,65.5,1081.0,64.5,881.0,81.5,10.0,10.0,0.0
14-02-2021,65.5,1081.0,64.5,881.0,81.5,10.0,10.0,0.0
15-02-2021,65.5,1081.0,64.5,881.0,81.5,10.0,10.0,0.0
16-02-2021,65.5,1081.0,64.5,881.0,81.5,10.0,10.0,0.0
17-02-2021,65.5,1081.0,64.5,881.0,81.5,10.0,10.0,0.0
18-02-2021,65.5,1081.0,64.5,881.0,81.5,10.0,10.0,0.0
19-02-2021,65.5,1081.0,64.49,880.0,81.41,0.0,10.0,0.0
20-02-2021,65.5,1081.0,64.48,878.0,81.22,0.0,10.0,3.0
21-02-2021,65.5,1081.0,64.47,877.0,81.13,0.0,10.0,1.0
22-02-2021,65.5,1081.0,64.46,875.0,80.94,0.0,10.0,0.0
23-02-2021,65.5,1081.0,64.45,874.0,80.85,0.0,10.0,0.0
24-02-2021,65.5,1081.0,64.43,871.0,80.57,0.0,10.0,0.0
25-02-2021,65.5,1081.0,64.41,868.0,80.3,0.0,10.0,0.0
26-02-2021,65.5,1081.0,64.38,864.0,79.93,0.0,10.0,0.0
27-02-2021,65.5,1081.0,64.36,861.0,79.65,0.0,10.0,0.0
28-02-2021,65.5,1081.0,64.34,858.0,79.37,0.0,10.0,0.0
01-03-2021,65.5,1081.0,64.32,855.0,79.09,0.0,10.0,0.0
02-03-2021,65.5,1081.0,64.28,851.0,78.72,0.0,10.0,0.0
03-03-2021,65.5,1081.0,64.23,847.0,78.35,0.0,10.0,0.0
04-03-2021,65.5,1081.0,64.16,843.0,77.98,0.0,10.0,0.0
05-03-2021,65.5,1081.0,64.1,839.0,77.61,0.0,10.0,0.0
06-03-2021,65.5,1081.0,64.05,835.0,77.24,0.0,10.0,0.0
07-03-2021,65.5,1081.0,63.99,831.0,76.87,0.0,10.0,0.0
08-03-2021,65.5,1081.0,63.94,827.0,76.5,0.0,10.0,0.0
09-03-2021,65.5,1081.0,63.89,823.0,76.13,0.0,10.0,0.0
10-03-2021,65.5,1081.0,63.85,820.0,75.86,0.0,10.0,0.0
11-03-2021,65.5,1081.0,63.81,817.0,75.58,0.0,10.0,0.0
12-03-2021,65.5,1081.0,63.76,814.0,75.3,0.0,10.0,0.0
13-03-2021,65.5,1081.0,63.72,811.0,75.02,0.0,10.0,0.0
14-03-2021,65.5,1081.0,63.67,808.0,74.75,0.0,10.0,0.0
15-03-2021,65.5,1081.0,63.64,806.0,74.56,0.0,10.0,0.0
16-03-2021,65.5,1081.0,63.59,803.0,74.28,0.0,10.0,0.0
17-03-2021,65.5,1081.0,63.56,801.0,74.1,0.0,10.0,0.0
18-03-2021,65.5,1081.0,63.53,799.0,73.91,0.0,10.0,0.0
19-03-2021,65.5,1081.0,63.5,797.0,73.73,0.0,10.0,0.0
20-03-2021,65.5,1081.0,63.47,795.0,73.54,0.0,10.0,0.0
21-03-2021,65.5,1081.0,63.44,793.0,73.36,0.0,10.0,0.0
22-03-2021,65.5,1081.0,63.4,790.0,73.08,0.0,10.0,0.0
23-03-2021,65.5,1081.0,63.37,788.0,72.9,0.0,10.0,0.0
24-03-2021,65.5,1081.0,63.34,786.0,72.71,0.0,10.0,0.0
25-03-2021,65.5,1081.0,63.31,784.0,72.53,0.0,10.0,0.0
26-03-2021,65.5,1081.0,63.27,782.0,72.34,0.0,10.0,0.0
27-03-2021,65.5,1081.0,63.24,780.0,72.16,0.0,10.0,0.0
28-03-2021,65.5,1081.0,63.21,778.0,71.97,0.0,10.0,0.0
29-03-2021,65.5,1081.0,63.18,776.0,71.79,0.0,10.0,0.0
30-03-2021,65.5,1081.0,63.15,774.0,71.6,0.0,10.0,0.0
31-03-2021,65.5,1081.0,63.12,772.0,71.42,0.0,10.0,0.0
01-04-2021,65.5,1081.0,63.09,770.0,71.23,0.0,10.0,0.0
02-04-2021,65.5,1081.0,63.06,768.0,71.05,0.0,10.0,0.0
03-04-2021,65.5,1081.0,63.03,766.0,70.86,0.0,10.0,0.0
04-04-2021,65.5,1081.0,63.0,764.0,70.68,0.0,10.0,0.0
05-04-2021,65.5,1081.0,62.97,762.0,70.49,0.0,10.0,0.0
06-04-2021,65.5,1081.0,62.94,760.0,70.31,0.0,10.0,0.0
07-04-2021,65.5,1081.0,62.9,757.0,70.03,0.0,10.0,0.0
08-04-2021,65.5,1081.0,62.85,754.0,69.75,0.0,10.0,0.0
09-04-2021,65.5,1081.0,62.82,752.0,69.57,0.0,10.0,0.0
10-04-2021,65.5,1081.0,62.79,750.0,69.38,0.0,10.0,0.0
11-04-2021,65.5,1081.0,62.76,748.0,69.2,0.0,10.0,0.0
12-04-2021,65.5,1081.0,62.73,746.0,69.01,0.0,10.0,0.0
13-04-2021,65.5,1081.0,62.69,743.0,68.73,0.0,10.0,0.0
14-04-2021,65.5,1081.0,62.64,740.0,68.46,0.0,10.0,0.0
15-04-2021,65.5,1081.0,62.61,738.0,68.27,0.0,10.0,26.0
16-04-2021,65.5,1081.0,62.58,736.0,68.09,0.0,10.0,0.0
17-04-2021,65.5,1081.0,62.57,735.0,67.99,0.0,10.0,0.0
18-04-2021,65.5,1081.0,62.55,734.0,67.9,0.0,10.0,0.0
19-04-2021,65.5,1081.0,62.54,733.0,67.81,0.0,10.0,0.0
20-04-2021,65.5,1081.0,62.52,732.0,67.72,0.0,10.0,0.0
21-04-2021,65.5,1081.0,62.51,731.0,67.62,0.0,10.0,0.0
22-04-2021,65.5,1081.0,62.48,729.0,67.44,0.0,10.0,0.0
23-04-2021,65.5,1081.0,62.45,727.0,67.25,0.0,10.0,0.0
24-04-2021,65.5,1081.0,62.42,725.0,67.07,0.0,10.0,0.0
25-04-2021,65.5,1081.0,62.37,722.0,66.79,0.0,10.0,0.0
26-04-2021,65.5,1081.0,62.32,719.0,66.51,0.0,10.0,0.0
27-04-2021,65.5,1081.0,62.28,716.0,66.23,0.0,10.0,0.0
28-04-2021,65.5,1081.0,62.23,713.0,65.96,0.0,10.0,0.0
29-04-2021,65.5,1081.0,62.18,710.0,65.68,0.0,10.0,0.0
30-04-2021,65.5,1081.0,62.14,707.0,65.4,0.0,10.0,0.0
01-05-2021,65.5,1081.0,62.09,704.0,65.12,0.0,10.0,0.0
02-05-2021,65.5,1081.0,62.05,701.0,64.85,0.0,10.0,0.0
03-05-2021,65.5,1081.0,62.0,698.0,64.57,0.0,10.0,0.0
04-05-2021,65.5,1081.0,61.95,695.0,64.29,0.0,10.0,0.0
05-05-2021,65.5,1081.0,61.92,692.0,64.01,0.0,10.0,0.0
06-05-2021,65.5,1081.0,61.88,690.0,63.83,0.0,10.0,0.0
07-05-2021,65.5,1081.0,61.84,688.0,63.64,0.0,10.0,0.0
08-05-2021,65.5,1081.0,61.83,687.0,63.55,0.0,10.0,0.0
09-05-2021,65.5,1081.0,61.81,686.0,63.46,0.0,10.0,0.0
10-05-2021,65.5,1081.0,61.77,684.0,63.27,0.0,10.0,0.0
11-05-2021,65.5,1081.0,61.75,682.0,63.09,0.0,10.0,0.0
12-05-2021,65.5,1081.0,61.72,680.0,62.9,0.0,10.0,0.0
13-05-2021,65.5,1081.0,61.68,678.0,62.72,0.0,10.0,0.0
14-05-2021,65.5,1081.0,61.65,676.0,62.53,0.0,10.0,0.0
15-05-2021,65.5,1081.0,61.62,674.0,62.35,0.0,10.0,0.0
16-05-2021,65.5,1081.0,61.59,672.0,62.16,0.0,10.0,0.0
17-05-2021,65.5,1081.0,61.56,670.0,61.98,0.0,10.0,0.0
18-05-2021,65.5,1081.0,61.53,668.0,61.79,0.0,10.0,0.0
19-05-2021,65.5,1081.0,61.48,665.0,61.52,0.0,10.0,0.0
20-05-2021,65.5,1081.0,61.43,662.0,61.24,0.0,10.0,0.0
21-05-2021,65.5,1081.0,61.38,659.0,60.96,0.0,10.0,0.0
22-05-2021,65.5,1081.0,61.33,656.0,60.68,0.0,10.0,5.0
23-05-2021,65.5,1081.0,61.28,653.0,60.41,0.0,10.0,0.0
24-05-2021,65.5,1081.0,61.23,650.0,60.13,0.0,10.0,0.0
25-05-2021,65.5,1081.0,61.19,647.0,59.85,0.0,10.0,0.0
26-05-2021,65.5,1081.0,61.14,644.0,59.57,0.0,10.0,0.0
27-05-2021,65.5,1081.0,61.09,641.0,59.3,0.0,10.0,0.0
28-05-2021,65.5,1081.0,61.04,638.0,59.02,0.0,10.0,0.0
29-05-2021,65.5,1081.0,60.99,635.0,58.74,0.0,10.0,0.0
30-05-2021,65.5,1081.0,60.94,632.0,58.46,0.0,10.0,0.0
31-05-2021,65.5,1081.0,60.89,629.0,58.19,0.0,10.0,0.0
01-06-2021,65.5,1081.0,60.84,626.0,57.91,0.0,10.0,0.0
02-06-2021,65.5,1081.0,60.79,623.0,57.63,0.0,10.0,0.0
03-06-2021,65.5,1081.0,60.74,620.0,57.35,0.0,10.0,0.0
04-06-2021,65.5,1081.0,60.69,617.0,57.08,0.0,10.0,0.0
05-06-2021,65.5,1081.0,60.64,614.0,56.8,0.0,10.0,0.0
06-06-2021,65.5,1081.0,60.59,611.0,56.52,0.0,10.0,0.0
07-06-2021,65.5,1081.0,60.54,608.0,56.24,0.0,10.0,0.0
08-06-2021,65.5,1081.0,60.49,605.0,55.97,0.0,10.0,1.0
09-06-2021,65.5,1081.0,60.44,602.0,55.69,0.0,10.0,0.0
10-06-2021,65.5,1081.0,60.39,599.0,55.41,0.0,10.0,0.0
11-06-2021,65.5,1081.0,60.34,596.0,55.13,0.0,10.0,0.0
12-06-2021,65.5,1081.0,60.28,593.0,54.86,0.0,10.0,0.0
13-06-2021,65.5,1081.0,60.24,590.0,54.58,0.0,10.0,5.0
14-06-2021,65.5,1081.0,60.18,587.0,54.3,0.0,10.0,0.0
15-06-2021,65.5,1081.0,60.13,584.0,54.02,0.0,10.0,0.0
16-06-2021,65.5,1081.0,60.08,581.0,53.75,0.0,10.0,0.0
17-06-2021,65.5,1081.0,60.1,582.0,53.84,40.0,10.0,0.0
18-06-2021,65.5,1081.0,60.14,584.0,54.02,40.0,10.0,0.0
19-06-2021,65.5,1081.0,60.17,586.0,54.21,40.0,10.0,0.0
20-06-2021,65.5,1081.0,60.2,588.0,54.39,40.0,10.0,0.0
21-06-2021,65.5,1081.0,60.22,589.0,54.49,25.0,10.0,0.0
22-06-2021,65.5,1081.0,60.24,590.0,54.58,32.0,10.0,0.0
23-06-2021,65.5,1081.0,60.26,591.0,54.67,32.0,10.0,0.0
24-06-2021,65.5,1081.0,60.28,592.0,54.76,32.0,10.0,15.0
25-06-2021,65.5,1081.0,60.29,593.0,54.86,32.0,10.0,0.0
26-06-2021,65.5,1081.0,60.31,594.0,54.95,32.0,10.0,0.0
27-06-2021,65.5,1081.0,60.33,595.0,55.04,32.0,10.0,0.0
28-06-2021,65.5,1081.0,60.35,596.0,55.13,27.0,10.0,13.0
29-06-2021,65.5,1081.0,60.35,596.0,55.13,32.0,10.0,3.0
30-06-2021,65.5,1081.0,60.3,594.0,54.95,0.0,10.0,0.0
01-07-2021,65.5,1081.0,60.28,593.0,54.86,0.0,10.0,0.0
02-07-2021,65.5,1081.0,60.25,591.0,54.67,0.0,10.0,0.0
03-07-2021,65.5,1081.0,60.22,589.0,54.49,0.0,10.0,18.0
04-07-2021,65.5,1081.0,60.19,587.0,54.3,0.0,10.0,0.0
05-07-2021,65.5,1081.0,60.15,585.0,54.12,0.0,10.0,0.0
06-07-2021,65.5,1081.0,60.11,583.0,53.93,0.0,10.0,0.0
07-07-2021,65.5,1081.0,60.1,582.0,53.84,0.0,10.0,0.0
08-07-2021,65.5,1081.0,60.07,580.0,53.65,0.0,10.0,0.0
09-07-2021,65.5,1081.0,60.07,580.0,53.65,0.0,10.0,30.0
10-07-2021,65.5,1081.0,60.07,580.0,53.65,0.0,10.0,0.0
11-07-2021,65.5,1081.0,60.05,579.0,53.56,0.0,10.0,0.0
12-07-2021,65.5,1081.0,60.01,577.0,53.38,0.0,10.0,0.0
13-07-2021,65.5,1081.0,59.98,575.0,53.19,0.0,10.0,0.0
14-07-2021,65.5,1081.0,59.94,573.0,53.01,0.0,10.0,0.0
15-07-2021,65.5,1081.0,60.0,576.0,53.28,44.0,10.0,18.0
16-07-2021,65.5,1081.0,60.0,576.0,53.28,0.0,10.0,0.0
17-07-2021,65.5,1081.0,60.11,582.0,53.84,75.0,10.0,35.0
18-07-2021,65.5,1081.0,60.21,588.0,54.39,70.0,10.0,16.0
19-07-2021,65.5,1081.0,60.4,599.0,55.41,137.0,10.0,30.0
20-07-2021,65.5,1081.0,60.7,617.0,57.08,218.0,10.0,40.0
21-07-2021,65.5,1081.0,60.9,629.0,58.19,148.0,10.0,16.0
22-07-2021,65.5,1081.0,60.9,629.0,58.19,0.0,10.0,0.0
23-07-2021,65.5,1081.0,60.9,629.0,58.19,10.0,10.0,0.0
24-07-2021,65.5,1081.0,60.9,629.0,58.19,10.0,10.0,0.0
25-07-2021,65.5,1081.0,60.88,628.0,58.09,0.0,10.0,0.0
26-07-2021,65.5,1081.0,60.9,629.0,58.19,23.0,10.0,46.0
27-07-2021,65.5,1081.0,60.9,629.0,58.19,10.0,10.0,0.0
28-07-2021,65.5,1081.0,60.88,628.0,58.09,0.0,10.0,0.0
29-07-2021,65.5,1081.0,60.86,627.0,58.0,0.0,10.0,0.0
30-07-2021,65.5,1081.0,60.83,625.0,57.82,0.0,10.0,0.0
31-07-2021,65.5,1081.0,60.8,624.0,57.72,0.0,10.0,0.0
01-08-2021,65.5,1081.0,60.76,622.0,57.54,0.0,10.0,21.0
02-08-2021,65.5,1081.0,60.74,621.0,57.45,0.0,10.0,0.0
03-08-2021,65.5,1081.0,60.72,619.0,57.26,0.0,10.0,5.0
04-08-2021,65.5,1081.0,60.69,617.0,57.08,0.0,10.0,3.0
05-08-2021,65.5,1081.0,60.66,615.0,56.89,0.0,10.0,0.0
06-08-2021,65.5,1081.0,60.62,613.0,56.71,0.0,10.0,9.0
07-08-2021,65.5,1081.0,60.59,611.0,56.52,0.0,10.0,0.0
08-08-2021,65.5,1081.0,60.54,608.0,56.24,0.0,10.0,0.0
09-08-2021,65.5,1081.0,60.51,606.0,56.06,0.0,10.0,0.0
10-08-2021,65.5,1081.0,60.65,614.0,56.8,102.0,10.0,68.0
11-08-2021,65.5,1081.0,60.67,616.0,56.98,34.0,10.0,0.0
12-08-2021,65.5,1081.0,60.67,616.0,56.98,10.0,10.0,0.0
13-08-2021,65.5,1081.0,60.67,616.0,56.98,10.0,10.0,0.0
14-08-2021,65.5,1081.0,60.66,615.0,56.89,0.0,10.0,0.0
15-08-2021,65.5,1081.0,60.63,613.0,56.71,0.0,10.0,0.0
16-08-2021,65.5,1081.0,60.61,612.0,56.61,0.0,10.0,0.0
17-08-2021,65.5,1081.0,60.66,615.0,56.89,44.0,10.0,64.0
18-08-2021,65.5,1081.0,60.66,615.0,56.89,10.0,10.0,0.0
19-08-2021,65.5,1081.0,60.64,614.0,56.8,0.0,10.0,0.0
20-08-2021,65.5,1081.0,60.61,612.0,56.61,0.0,10.0,0.0
21-08-2021,65.5,1081.0,60.6,611.0,56.52,0.0,10.0,0.0
22-08-2021,65.5,1081.0,60.67,616.0,56.98,67.0,10.0,45.0
23-08-2021,65.5,1081.0,60.67,616.0,56.98,10.0,10.0,0.0
24-08-2021,65.5,1081.0,60.66,615.0,56.89,0.0,10.0,0.0
25-08-2021,65.5,1081.0,60.62,613.0,56.71,0.0,10.0,3.0
26-08-2021,65.5,1081.0,60.61,612.0,56.61,0.0,10.0,0.0
27-08-2021,65.5,1081.0,60.67,616.0,56.98,56.0,10.0,74.0
28-08-2021,65.5,1081.0,60.71,618.0,57.17,40.0,10.0,13.0
29-08-2021,65.5,1081.0,60.75,622.0,57.54,56.0,10.0,44.0
30-08-2021,65.5,1081.0,60.92,630.0,58.28,102.0,10.0,0.0
31-08-2021,65.5,1081.0,61.05,638.0,59.02,102.0,10.0,0.0
01-09-2021,65.5,1081.0,61.08,640.0,59.2,40.0,10.0,0.0
02-09-2021,65.5,1081.0,61.11,642.0,59.39,40.0,10.0,0.0
03-09-2021,65.5,1081.0,61.12,643.0,59.48,40.0,10.0,0.0
04-09-2021,65.5,1081.0,61.14,644.0,59.57,40.0,10.0,0.0
05-09-2021,65.5,1081.0,61.15,645.0,59.67,40.0,10.0,4.0
06-09-2021,65.5,1081.0,61.15,645.0,59.67,40.0,10.0,0.0
07-09-2021,65.5,1081.0,61.17,646.0,59.76,40.0,10.0,0.0
08-09-2021,65.5,1081.0,61.17,646.0,59.76,40.0,10.0,0.0
09-09-2021,65.5,1081.0,61.17,646.0,59.76,40.0,10.0,0.0
10-09-2021,65.5,1081.0,61.17,646.0,59.76,40.0,10.0,0.0
11-09-2021,65.5,1081.0,61.17,646.0,59.76,40.0,15.0,0.0
12-09-2021,65.5,1081.0,61.17,646.0,59.76,40.0,15.0,0.0
13-09-2021,65.5,1081.0,61.17,646.0,59.76,40.0,15.0,0.0
14-09-2021,65.5,1081.0,61.17,646.0,59.76,40.0,15.0,0.0
15-09-2021,65.5,1081.0,61.17,646.0,59.76,40.0,15.0,0.0
16-09-2021,65.5,1081.0,61.17,646.0,59.76,40.0,15.0,0.0
17-09-2021,65.5,1081.0,61.17,646.0,59.76,40.0,15.0,0.0
18-09-2021,65.5,1081.0,61.17,646.0,59.76,40.0,15.0,0.0
19-09-2021,65.5,1081.0,61.17,646.0,59.76,40.0,15.0,0.0
20-09-2021,65.5,1081.0,61.17,646.0,59.76,40.0,15.0,0.0
21-09-2021,65.5,1081.0,61.17,646.0,59.76,40.0,15.0,0.0
22-09-2021,65.5,1081.0,61.17,646.0,59.76,40.0,15.0,39.0
23-09-2021,65.5,1081.0,61.17,646.0,59.76,40.0,15.0,8.0
24-09-2021,65.5,1081.0,61.17,646.0,59.76,40.0,15.0,0.0
25-09-2021,65.5,1081.0,61.17,646.0,59.76,40.0,15.0,42.0
26-09-2021,65.5,1081.0,61.17,646.0,59.76,40.0,15.0,4.0
27-09-2021,65.5,1081.0,61.17,646.0,59.76,40.0,15.0,0.0
28-09-2021,65.5,1081.0,61.17,646.0,59.76,40.0,15.0,0.0
29-09-2021,65.5,1081.0,61.17,646.0,59.76,40.0,15.0,0.0
30-09-2021,65.5,1081.0,61.17,646.0,59.76,40.0,15.0,0.0
01-10-2021,65.5,1081.0,61.17,646.0,59.76,40.0,15.0,6.0
02-10-2021,65.5,1081.0,61.17,646.0,59.76,40.0,15.0,0.0
03-10-2021,65.5,1081.0,61.17,646.0,59.76,40.0,15.0,0.0
04-10-2021,65.5,1081.0,61.17,646.0,59.76,40.0,15.0,0.0
05-10-2021,65.5,1081.0,61.17,646.0,59.76,40.0,15.0,10.0
06-10-2021,65.5,1081.0,61.63,674.0,62.35,339.0,15.0,80.0
07-10-2021,65.5,1081.0,61.63,674.0,62.35,40.0,15.0,3.0
08-10-2021,65.5,1081.0,61.63,674.0,62.35,40.0,15.0,0.0
09-10-2021,65.5,1081.0,61.64,675.0,62.44,40.0,15.0,0.0
10-10-2021,65.5,1081.0,61.67,677.0,62.63,40.0,15.0,0.0
11-10-2021,65.5,1081.0,61.7,679.0,62.81,40.0,15.0,16.0
12-10-2021,65.5,1081.0,61.7,679.0,62.81,40.0,15.0,0.0
13-10-2021,65.5,1081.0,61.72,680.0,62.9,40.0,15.0,31.0
14-10-2021,65.5,1081.0,61.92,693.0,64.11,165.0,15.0,0.0
15-10-2021,65.5,1081.0,62.2,711.0,65.77,223.0,15.0,0.0
16-10-2021,65.5,1081.0,62.5,730.0,67.53,234.0,15.0,58.0
17-10-2021,65.5,1081.0,62.61,738.0,68.27,107.0,15.0,0.0
18-10-2021,65.5,1081.0,62.82,751.0,69.47,165.0,15.0,43.0
19-10-2021,65.5,1081.0,62.91,757.0,70.03,90.0,15.0,0.0
20-10-2021,65.5,1081.0,63.02,765.0,70.77,107.0,15.0,0.0
21-10-2021,65.5,1081.0,63.11,771.0,71.32,90.0,15.0,0.0
22-10-2021,65.5,1081.0,63.21,777.0,71.88,90.0,15.0,4.0
23-10-2021,65.5,1081.0,63.3,783.0,72.43,90.0,15.0,0.0
24-10-2021,65.5,1081.0,63.39,789.0,72.99,90.0,15.0,6.0
25-10-2021,65.5,1081.0,63.44,793.0,73.36,90.0,15.0,0.0
26-10-2021,65.5,1081.0,63.5,797.0,73.73,90.0,15.0,0.0
27-10-2021,65.5,1081.0,63.55,800.0,74.01,90.0,15.0,0.0
28-10-2021,65.5,1081.0,63.61,804.0,74.38,90.0,15.0,0.0
29-10-2021,65.5,1081.0,63.67,808.0,74.75,90.0,15.0,6.0
30-10-2021,65.5,1081.0,63.82,818.0,75.67,130.0,15.0,62.0
31-10-2021,65.5,1081.0,63.9,823.0,76.13,73.0,15.0,20.0
01-11-2021,65.5,1081.0,64.03,834.0,77.15,142.0,15.0,58.0
02-11-2021,65.5,1081.0,64.17,843.0,77.98,119.0,15.0,25.0
03-11-2021,65.5,1081.0,62.82,752.0,69.57,1102.0,1415.0,0.0
04-11-2021,65.5,1081.0,64.5,881.0,81.5,439.0,115.0,35.0
05-11-2021,65.5,1081.0,64.5,881.0,81.5,215.0,215.0,12.0
06-11-2021,65.5,1081.0,64.5,881.0,81.5,15.0,15.0,8.0
07-11-2021,65.5,1081.0,64.73,915.0,84.64,508.0,115.0,93.0
08-11-2021,65.5,1081.0,64.64,908.0,84.0,528.0,1215.0,125.0
09-11-2021,65.5,1081.0,64.4,866.0,80.11,1215.0,1215.0,31.0
10-11-2021,65.5,1081.0,64.11,839.0,77.61,1076.0,1215.0,17.0
11-11-2021,65.5,1081.0,64.54,887.0,82.05,6737.0,2015.0,220.0
12-11-2021,65.5,1081.0,64.87,932.0,86.22,2237.0,2515.0,102.0
13-11-2021,65.5,1081.0,63.88,821.0,75.95,647.0,1515.0,10.0
14-11-2021,65.5,1081.0,63.7,810.0,74.93,992.0,1015.0,0.0
15-11-2021,65.5,1081.0,63.5,797.0,73.73,864.0,1015.0,0.0
16-11-2021,65.5,1081.0,63.5,797.0,73.73,215.0,215.0,2.0
17-11-2021,65.5,1081.0,63.5,797.0,73.73,215.0,215.0,0.0
18-11-2021,65.5,1081.0,63.26,781.0,72.25,437.0,715.0,42.0
19-11-2021,65.5,1081.0,63.44,793.0,73.36,854.0,215.0,104.0
20-11-2021,65.5,1081.0,64.02,833.0,77.06,970.0,415.0,6.0
21-11-2021,65.5,1081.0,64.01,832.0,76.97,172.0,415.0,4.0
22-11-2021,65.5,1081.0,63.78,815.0,75.39,241.0,415.0,0.0
23-11-2021,65.5,1081.0,63.81,817.0,75.58,372.0,615.0,70.0
24-11-2021,65.5,1081.0,63.5,797.0,73.73,372.0,615.0,0.0
25-11-2021,65.5,1081.0,63.2,777.0,71.88,372.0,615.0,0.0
26-11-2021,65.5,1081.0,62.89,756.0,69.94,372.0,615.0,11.0
27-11-2021,65.5,1081.0,63.72,812.0,75.12,1263.0,615.0,148.0
28-11-2021,65.5,1081.0,64.28,851.0,78.72,1832.0,1415.0,51.0
29-11-2021,65.5,1081.0,64.32,855.0,79.09,582.0,1415.0,89.0
30-11-2021,65.5,1081.0,64.08,837.0,77.43,998.0,1415.0,62.0
01-12-2021,65.5,1081.0,63.8,817.0,75.58,1137.0,1415.0,23.0
02-12-2021,65.5,1081.0,63.3,784.0,72.53,1068.0,1415.0,0.0
03-12-2021,65.5,1081.0,62.82,752.0,69.57,1102.0,1415.0,0.0
04-12-2021,65.5,1081.0,62.64,740.0,68.46,576.0,715.0,0.0
05-12-2021,65.5,1081.0,62.87,755.0,69.84,866.0,415.0,0.0
06-12-2021,65.5,1081.0,63.38,789.0,72.99,808.0,415.0,0.0
07-12-2021,65.5,1081.0,63.76,814.0,75.3,705.0,415.0,0.0
08-12-2021,65.5,1081.0,64.03,834.0,77.15,750.0,515.0,0.0
09-12-2021,65.5,1081.0,64.34,858.0,79.37,750.0,515.0,2.0
10-12-2021,65.5,1081.0,64.5,881.0,81.5,560.0,315.0,0.0
11-12-2021,65.5,1081.0,64.5,881.0,81.5,315.0,315.0,0.0
12-12-2021,65.5,1081.0,64.5,881.0,81.5,315.0,315.0,0.0
13-12-2021,65.5,1081.0,64.5,881.0,81.5,315.0,315.0,4.0
14-12-2021,65.5,1081.0,64.5,881.0,81.5,315.0,315.0,8.0
15-12-2021,65.5,1081.0,64.5,881.0,81.5,315.0,315.0,0.0
16-12-2021,65.5,1081.0,64.5,881.0,81.5,315.0,315.0,0.0
17-12-2021,65.5,1081.0,64.5,881.0,81.5,115.0,115.0,0.0
18-12-2021,65.5,1081.0,64.5,881.0,81.5,115.0,115.0,0.0
19-12-2021,65.5,1081.0,64.5,881.0,81.5,115.0,115.0,0.0
20-12-2021,65.5,1081.0,64.5,881.0,81.5,115.0,115.0,0.0
21-12-2021,65.5,1081.0,64.5,881.0,81.5,115.0,115.0,0.0
22-12-2021,65.5,1081.0,64.5,881.0,81.5,115.0,115.0,0.0
23-12-2021,65.5,1081.0,64.5,881.0,81.5,115.0,115.0,0.0
24-12-2021,65.5,1081.0,64.5,881.0,81.5,15.0,15.0,0.0
25-12-2021,65.5,1081.0,64.5,881.0,81.5,15.0,15.0,0.0
26-12-2021,65.5,1081.0,64.5,881.0,81.5,15.0,15.0,0.0
27-12-2021,65.5,1081.0,64.5,881.0,81.5,15.0,15.0,0.0
28-12-2021,65.5,1081.0,64.5,881.0,81.5,15.0,15.0,0.0
29-12-2021,65.5,1081.0,64.5,881.0,81.5,15.0,15.0,0.0
30-12-2021,65.5,1081.0,64.5,881.0,81.5,15.0,15.0,0.0
31-12-2021,65.5,1081.0,64.53,885.0,81.87,965.0,965.0,90.0
01-01-2022,65.5,1081.0,64.5,881.0,81.5,1261.0,1365.0,104.0
02-01-2022,65.5,1081.0,64.45,874.0,80.85,622.0,865.0,6.0
03-01-2022,65.5,1081.0,64.31,853.0,78.91,161.0,265.0,0.0
04-01-2022,65.5,1081.0,64.38,863.0,79.83,154.0,15.0,0.0
05-01-2022,65.5,1081.0,64.46,875.0,80.94,154.0,15.0,0.0
06-01-2022,65.5,1081.0,64.51,882.0,81.59,15.0,15.0,0.0
07-01-2022,65.5,1081.0,64.51,882.0,81.59,15.0,15.0,0.0
08-01-2022,65.5,1081.0,64.51,882.0,81.59,15.0,15.0,0.0
09-01-2022,65.5,1081.0,64.51,882.0,81.59,15.0,15.0,0.0
10-01-2022,65.5,1081.0,64.51,882.0,81.59,15.0,15.0,0.0
11-01-2022,65.5,1081.0,64.51,882.0,81.59,15.0,15.0,0.0
12-01-2022,65.5,1081.0,64.51,882.0,81.59,15.0,15.0,0.0
13-01-2022,65.5,1081.0,64.51,882.0,81.59,15.0,15.0,0.0
14-01-2022,65.5,1081.0,64.51,882.0,81.59,15.0,15.0,0.0
15-01-2022,65.5,1081.0,64.51,882.0,81.59,15.0,15.0,0.0
16-01-2022,65.5,1081.0,64.51,882.0,81.59,15.0,15.0,0.0
17-01-2022,65.5,1081.0,64.51,882.0,81.59,15.0,15.0,0.0
18-01-2022,65.5,1081.0,64.51,882.0,81.59,15.0,15.0,0.0
19-01-2022,65.5,1081.0,64.51,882.0,81.59,15.0,15.0,0.0
20-01-2022,65.5,1081.0,64.51,882.0,81.59,15.0,15.0,0.0
21-01-2022,65.5,1081.0,64.51,882.0,81.59,15.0,15.0,0.0
22-01-2022,65.5,1081.0,64.51,882.0,81.59,15.0,15.0,0.0
23-01-2022,65.5,1081.0,64.51,882.0,81.59,15.0,15.0,0.0
24-01-2022,65.5,1081.0,64.51,882.0,81.59,15.0,15.0,0.0
25-01-2022,65.5,1081.0,64.51,882.0,81.59,15.0,15.0,0.0
26-01-2022,65.5,1081.0,64.51,882.0,81.59,15.0,15.0,0.0
27-01-2022,65.5,1081.0,64.51,882.0,81.59,15.0,15.0,0.0
28-01-2022,65.5,1081.0,64.51,882.0,81.59,15.0,15.0,0.0
29-01-2022,65.5,1081.0,64.51,882.0,81.59,15.0,15.0,0.0
30-01-2022,65.5,1081.0,64.51,882.0,81.59,15.0,15.0,0.0
31-01-2022,65.5,1081.0,64.51,882.0,81.59,15.0,15.0,0.0
01-02-2022,65.5,1081.0,64.51,882.0,81.59,15.0,15.0,0.0
02-02-2022,65.5,1081.0,64.51,882.0,81.59,15.0,15.0,0.0
03-02-2022,65.5,1081.0,64.51,882.0,81.59,15.0,15.0,0.0
04-02-2022,65.5,1081.0,64.51,882.0,81.59,15.0,15.0,0.0
05-02-2022,65.5,1081.0,64.51,882.0,81.59,15.0,15.0,0.0
06-02-2022,65.5,1081.0,64.51,882.0,81.59,15.0,15.0,0.0
07-02-2022,65.5,1081.0,64.51,882.0,81.59,15.0,15.0,0.0
08-02-2022,65.5,1081.0,64.51,882.0,81.59,15.0,15.0,0.0
09-02-2022,65.5,1081.0,64.51,882.0,81.59,15.0,15.0,0.0
10-02-2022,65.5,1081.0,64.51,882.0,81.59,15.0,15.0,0.0
11-02-2022,65.5,1081.0,64.51,882.0,81.59,15.0,15.0,0.0
12-02-2022,65.5,1081.0,64.5,881.0,81.5,0.0,15.0,0.0
13-02-2022,65.5,1081.0,64.49,880.0,81.41,0.0,15.0,0.0
14-02-2022,65.5,1081.0,64.48,878.0,81.22,0.0,15.0,0.0
15-02-2022,65.5,1081.0,64.47,876.0,81.04,0.0,15.0,0.0
16-02-2022,65.5,1081.0,64.46,875.0,80.94,0.0,15.0,0.0
17-02-2022,65.5,1081.0,64.45,873.0,80.76,0.0,15.0,0.0
18-02-2022,65.5,1081.0,64.43,871.0,80.57,0.0,15.0,0.0
19-02-2022,65.5,1081.0,64.42,869.0,80.39,0.0,15.0,0.0
20-02-2022,65.5,1081.0,64.4,867.0,80.2,0.0,15.0,0.0
21-02-2022,65.5,1081.0,64.38,865.0,80.02,0.0,15.0,0.0
22-02-2022,65.5,1081.0,64.37,862.0,79.74,0.0,15.0,0.0
23-02-2022,65.5,1081.0,64.36,860.0,79.56,0.0,15.0,0.0
24-02-2022,65.5,1081.0,64.34,857.0,79.28,0.0,15.0,0.0
25-02-2022,65.5,1081.0,64.32,855.0,79.09,0.0,15.0,0.0
26-02-2022,65.5,1081.0,64.3,852.0,78.82,0.0,15.0,0.0
27-02-2022,65.5,1081.0,64.27,850.0,78.63,0.0,15.0,0.0
28-02-2022,65.5,1081.0,64.22,847.0,78.35,0.0,15.0,0.0
01-03-2022,65.5,1081.0,64.18,844.0,78.08,0.0,15.0,0.0
02-03-2022,65.5,1081.0,64.13,841.0,77.8,0.0,15.0,0.0
03-03-2022,65.5,1081.0,64.09,838.0,77.52,0.0,15.0,0.0
04-03-2022,65.5,1081.0,64.04,835.0,77.24,0.0,15.0,0.0
05-03-2022,65.5,1081.0,64.0,832.0,76.97,0.0,15.0,6.0
06-03-2022,65.5,1081.0,63.96,829.0,76.69,0.0,15.0,0.0
07-03-2022,65.5,1081.0,63.93,826.0,76.41,0.0,15.0,0.0
08-03-2022,65.5,1081.0,63.89,823.0,76.13,0.0,15.0,0.0
09-03-2022,65.5,1081.0,63.84,820.0,75.86,0.0,15.0,0.0
10-03-2022,65.5,1081.0,63.8,817.0,75.58,0.0,15.0,0.0
11-03-2022,65.5,1081.0,63.75,814.0,75.3,0.0,15.0,0.0
12-03-2022,65.5,1081.0,63.7,810.0,74.93,0.0,15.0,0.0
13-03-2022,65.5,1081.0,63.65,807.0,74.65,0.0,15.0,0.0
14-03-2022,65.5,1081.0,63.6,804.0,74.38,0.0,15.0,0.0
15-03-2022,65.5,1081.0,63.56,801.0,74.1,0.0,15.0,0.0
16-03-2022,65.5,1081.0,63.51,798.0,73.82,0.0,15.0,0.0
17-03-2022,65.5,1081.0,63.47,795.0,73.54,0.0,15.0,0.0
18-03-2022,65.5,1081.0,63.42,792.0,73.27,0.0,15.0,0.0
19-03-2022,65.5,1081.0,63.38,789.0,72.99,0.0,15.0,0.0
20-03-2022,65.5,1081.0,63.09,770.0,71.23,0.0,215.0,0.0
21-03-2022,65.5,1081.0,62.82,752.0,69.57,0.0,215.0,0.0
22-03-2022,65.5,1081.0,62.54,733.0,67.81,0.0,215.0,0.0
23-03-2022,65.5,1081.0,62.25,714.0,66.05,0.0,215.0,0.0
24-03-2022,65.5,1081.0,61.93,694.0,64.2,0.0,215.0,0.0
25-03-2022,65.5,1081.0,61.65,676.0,62.53,0.0,215.0,0.0
26-03-2022,65.5,1081.0,61.41,661.0,61.15,0.0,215.0,0.0
27-03-2022,65.5,1081.0,61.22,649.0,60.04,0.0,215.0,0.0
28-03-2022,65.5,1081.0,61.06,639.0,59.11,0.0,215.0,0.0
29-03-2022,65.5,1081.0,60.86,627.0,58.0,0.0,215.0,0.0
30-03-2022,65.5,1081.0,60.62,613.0,56.71,0.0,215.0,0.0
31-03-2022,65.5,1081.0,60.39,599.0,55.41,0.0,215.0,0.0
01-04-2022,65.5,1081.0,60.08,581.0,53.75,0.0,215.0,0.0
02-04-2022,65.5,1081.0,59.73,561.0,51.9,0.0,215.0,0.0
03-04-2022,65.5,1081.0,59.34,539.0,49.86,0.0,224.0,0.0
04-04-2022,65.5,1081.0,58.97,519.0,48.01,0.0,224.0,0.0
05-04-2022,65.5,1081.0,58.56,497.0,45.98,0.0,224.0,0.0
06-04-2022,65.5,1081.0,58.22,479.0,44.31,0.0,224.0,0.0
07-04-2022,65.5,1081.0,57.94,465.0,43.02,0.0,224.0,0.0
08-04-2022,65.5,1081.0,57.68,451.0,41.72,0.0,224.0,0.0
09-04-2022,65.5,1081.0,57.44,439.0,40.61,0.0,224.0,0.0
10-04-2022,65.5,1081.0,57.19,427.0,39.5,0.0,224.0,0.0
11-04-2022,65.5,1081.0,56.95,415.0,38.39,0.0,224.0,0.0
12-04-2022,65.5,1081.0,56.7,403.0,37.28,0.0,224.0,0.0
13-04-2022,65.5,1081.0,56.39,389.0,35.99,0.0,224.0,0.0
14-04-2022,65.5,1081.0,56.1,375.0,34.69,0.0,224.0,0.0
15-04-2022,65.5,1081.0,55.83,363.0,33.58,0.0,224.0,0.0
16-04-2022,65.5,1081.0,55.57,351.0,32.47,0.0,224.0,0.0
17-04-2022,65.5,1081.0,55.34,341.0,31.54,0.0,224.0,0.0
18-04-2022,65.5,1081.0,55.12,331.0,30.62,0.0,224.0,0.0
19-04-2022,65.5,1081.0,54.93,323.0,29.88,0.0,224.0,0.0
20-04-2022,65.5,1081.0,54.74,315.0,29.14,0.0,224.0,0.0
21-04-2022,65.5,1081.0,54.56,307.0,28.4,0.0,224.0,0.0
22-04-2022,65.5,1081.0,54.36,299.0,27.66,0.0,224.0,0.0
23-04-2022,65.5,1081.0,54.17,291.0,26.92,0.0,224.0,0.0
24-04-2022,65.5,1081.0,53.98,283.0,26.18,0.0,224.0,0.0
25-04-2022,65.5,1081.0,53.78,275.0,25.44,0.0,224.0,0.0
26-04-2022,65.5,1081.0,53.46,263.0,24.33,0.0,224.0,0.0
27-04-2022,65.5,1081.0,53.15,251.0,23.22,0.0,224.0,0.0
28-04-2022,65.5,1081.0,52.72,235.0,21.74,0.0,224.0,0.0
29-04-2022,65.5,1081.0,52.17,215.0,19.89,0.0,224.0,0.0
30-04-2022,65.5,1081.0,51.6,195.0,18.04,0.0,224.0,0.0
01-05-2022,65.5,1081.0,51.01,175.0,16.19,0.0,224.0,0.0
02-05-2022,65.5,1081.0,50.38,155.0,14.34,0.0,224.0,0.0
03-05-2022,65.5,1081.0,50.2,149.0,13.78,0.0,134.0,0.0
04-05-2022,65.5,1081.0,50.08,145.0,13.41,0.0,89.0,0.0
05-05-2022,65.5,1081.0,49.98,142.0,13.14,0.0,89.0,0.0
06-05-2022,65.5,1081.0,49.87,139.0,12.86,0.0,89.0,0.0
07-05-2022,65.5,1081.0,49.8,137.0,12.67,0.0,54.0,0.0
08-05-2022,65.5,1081.0,49.73,135.0,12.49,0.0,54.0,0.0
09-05-2022,65.5,1081.0,49.67,133.0,12.3,0.0,54.0,0.0
10-05-2022,65.5,1081.0,49.65,132.0,12.21,0.0,39.0,0.0
11-05-2022,65.5,1081.0,49.6,131.0,12.12,0.0,39.0,14.0
12-05-2022,65.5,1081.0,49.57,130.0,12.03,0.0,39.0,0.0
13-05-2022,65.5,1081.0,49.53,129.0,11.93,0.0,39.0,0.0
14-05-2022,65.5,1081.0,49.5,128.0,11.84,0.0,39.0,0.0
15-05-2022,65.5,1081.0,49.47,127.0,11.75,0.0,30.0,0.0
16-05-2022,65.5,1081.0,49.43,126.0,11.66,0.0,30.0,0.0
17-05-2022,65.5,1081.0,49.4,125.0,11.56,0.0,25.0,0.0
18-05-2022,65.5,1081.0,49.78,136.0,12.58,150.0,25.0,42.0
19-05-2022,65.5,1081.0,49.86,138.0,12.77,49.0,25.0,0.0
20-05-2022,65.5,1081.0,49.76,136.0,12.58,0.0,20.0,0.0
21-05-2022,65.5,1081.0,49.74,135.0,12.49,0.0,15.0,0.0
22-05-2022,65.5,1081.0,49.71,134.0,12.4,0.0,15.0,0.0
23-05-2022,65.5,1081.0,49.71,134.0,12.4,0.0,10.0,0.0
24-05-2022,65.5,1081.0,49.71,134.0,12.4,0.0,10.0,0.0
25-05-2022,65.5,1081.0,49.67,133.0,12.3,0.0,10.0,0.0
26-05-2022,65.5,1081.0,49.67,133.0,12.3,0.0,5.0,0.0
27-05-2022,65.5,1081.0,49.67,133.0,12.3,0.0,5.0,0.0
28-05-2022,65.5,1081.0,49.67,133.0,12.3,0.0,5.0,14.0
29-05-2022,65.5,1081.0,49.67,133.0,12.3,0.0,5.0,0.0
30-05-2022,65.5,1081.0,49.67,133.0,12.3,0.0,5.0,0.0
31-05-2022,65.5,1081.0,49.67,133.0,12.3,0.0,5.0,0.0
01-06-2022,65.5,1081.0,49.67,133.0,12.3,0.0,5.0,0.0
02-06-2022,65.5,1081.0,49.67,133.0,12.3,0.0,5.0,0.0
03-06-2022,65.5,1081.0,49.67,133.0,12.3,0.0,5.0,0.0
04-06-2022,65.5,1081.0,49.67,133.0,12.3,0.0,5.0,0.0
05-06-2022,65.5,1081.0,49.63,132.0,12.21,0.0,5.0,0.0
06-06-2022,65.5,1081.0,49.63,132.0,12.21,0.0,5.0,0.0
07-06-2022,65.5,1081.0,49.63,132.0,12.21,0.0,5.0,0.0
08-06-2022,65.5,1081.0,49.63,132.0,12.21,0.0,5.0,0.0
09-06-2022,65.5,1081.0,49.6,131.0,12.12,0.0,5.0,0.0
10-06-2022,65.5,1081.0,49.6,131.0,12.12,0.0,5.0,0.0
11-06-2022,65.5,1081.0,49.6,131.0,12.12,0.0,5.0,0.0
12-06-2022,65.5,1081.0,49.6,131.0,12.12,0.0,5.0,0.0
13-06-2022,65.5,1081.0,49.6,131.0,12.12,0.0,5.0,0.0
14-06-2022,65.5,1081.0,49.6,131.0,12.12,0.0,5.0,0.0
15-06-2022,65.5,1081.0,49.6,131.0,12.12,0.0,5.0,0.0
16-06-2022,65.5,1081.0,49.57,130.0,12.03,0.0,5.0,0.0
17-06-2022,65.5,1081.0,49.57,130.0,12.03,0.0,5.0,0.0
18-06-2022,65.5,1081.0,49.57,130.0,12.03,0.0,5.0,0.0
19-06-2022,65.5,1081.0,49.57,130.0,12.03,0.0,5.0,0.0
20-06-2022,65.5,1081.0,49.65,132.0,12.21,26.0,5.0,47.0
21-06-2022,65.5,1081.0,49.72,135.0,12.49,40.0,5.0,59.0
22-06-2022,65.5,1081.0,49.83,138.0,12.77,40.0,5.0,42.0
23-06-2022,65.5,1081.0,49.83,138.0,12.77,5.0,5.0,0.0
24-06-2022,65.5,1081.0,49.8,137.0,12.67,0.0,5.0,0.0
25-06-2022,65.5,1081.0,49.8,137.0,12.67,0.0,5.0,12.0
26-06-2022,65.5,1081.0,49.8,137.0,12.67,0.0,5.0,14.0
27-06-2022,65.5,1081.0,49.76,136.0,12.58,0.0,5.0,0.0
28-06-2022,65.5,1081.0,49.72,135.0,12.49,0.0,5.0,0.0
29-06-2022,65.5,1081.0,49.69,134.0,12.4,0.0,5.0,0.0
30-06-2022,65.5,1081.0,49.69,134.0,12.4,0.0,5.0,2.0
01-07-2022,65.5,1081.0,49.69,134.0,12.4,0.0,0.0,9.0
02-07-2022,65.5,1081.0,49.69,134.0,12.4,0.0,5.0,13.0
03-07-2022,65.5,1081.0,49.69,134.0,12.4,0.0,5.0,0.0
04-07-2022,65.5,1081.0,49.69,134.0,12.4,0.0,59.0,9.0
05-07-2022,65.5,1081.0,49.69,134.0,12.4,0.0,5.0,0.0
06-07-2022,65.5,1081.0,49.69,134.0,12.4,0.0,5.0,5.0
07-07-2022,65.5,1081.0,49.69,134.0,12.4,0.0,5.0,0.0
08-07-2022,65.5,1081.0,49.69,134.0,12.4,0.0,5.0,0.0
09-07-2022,65.5,1081.0,49.69,134.0,12.4,0.0,5.0,0.0
10-07-2022,65.5,1081.0,49.69,134.0,12.4,0.0,5.0,6.0
11-07-2022,65.5,1081.0,49.66,133.0,12.3,0.0,5.0,3.0
12-07-2022,65.5,1081.0,49.62,132.0,12.21,0.0,5.0,0.0
13-07-2022,65.5,1081.0,49.59,131.0,12.12,0.0,5.0,2.0
14-07-2022,65.5,1081.0,49.55,130.0,12.03,0.0,5.0,5.0
15-07-2022,65.5,1081.0,49.52,129.0,11.93,0.0,5.0,0.0
16-07-2022,65.5,1081.0,49.48,128.0,11.84,0.0,5.0,0.0
17-07-2022,65.5,1081.0,49.48,128.0,11.84,0.0,5.0,3.0
18-07-2022,65.5,1081.0,49.48,128.0,11.84,0.0,5.0,0.0
19-07-2022,65.5,1081.0,49.45,127.0,11.75,0.0,5.0,0.0
20-07-2022,65.5,1081.0,49.45,127.0,11.75,0.0,5.0,0.0
21-07-2022,65.5,1081.0,49.45,127.0,11.75,0.0,5.0,0.0
22-07-2022,65.5,1081.0,49.52,129.0,11.93,28.0,5.0,73.4
23-07-2022,65.5,1081.0,49.52,129.0,11.93,5.0,5.0,0.0
24-07-2022,65.5,1081.0,49.52,129.0,11.93,0.0,5.0,0.0
25-07-2022,65.5,1081.0,49.52,129.0,11.93,0.0,5.0,0.0
26-07-2022,65.5,1081.0,49.48,128.0,11.84,0.0,5.0,0.0
27-07-2022,65.5,1081.0,49.48,128.0,11.84,0.0,5.0,0.0
28-07-2022,65.5,1081.0,49.48,128.0,11.84,0.0,5.0,0.0
29-07-2022,65.5,1081.0,49.48,128.0,11.84,0.0,5.0,0.0
30-07-2022,65.5,1081.0,49.48,128.0,11.84,30.0,5.0,0.0
31-07-2022,65.5,1081.0,49.54,129.0,11.93,30.0,5.0,0.0
01-08-2022,65.5,1081.0,49.58,130.0,12.03,30.0,5.0,0.0
02-08-2022,65.5,1081.0,49.58,130.0,12.03,30.0,5.0,0.0
03-08-2022,65.5,1081.0,49.58,130.0,12.03,30.0,5.0,0.0
04-08-2022,65.5,1081.0,49.58,130.0,12.03,30.0,5.0,4.0
05-08-2022,65.5,1081.0,49.61,131.0,12.12,30.0,5.0,11.0
06-08-2022,65.5,1081.0,49.61,131.0,12.12,30.0,5.0,0.0
07-08-2022,65.5,1081.0,49.61,131.0,12.12,30.0,5.0,0.0
08-08-2022,65.5,1081.0,49.61,131.0,12.12,30.0,5.0,0.0
09-08-2022,65.5,1081.0,49.61,131.0,12.12,30.0,5.0,0.0
10-08-2022,65.5,1081.0,49.61,131.0,12.12,30.0,5.0,0.0
11-08-2022,65.5,1081.0,49.61,131.0,12.12,30.0,5.0,0.0
12-08-2022,65.5,1081.0,49.61,131.0,12.12,30.0,5.0,0.0
13-08-2022,65.5,1081.0,45.61,131.0,12.12,30.0,5.0,0.0
14-08-2022,65.5,1081.0,49.61,131.0,12.12,30.0,5.0,0.0
15-08-2022,65.5,1081.0,49.61,131.0,12.12,30.0,5.0,0.0
16-08-2022,65.5,1081.0,49.61,131.0,12.12,30.0,5.0,0.0
17-08-2022,65.5,1081.0,49.61,131.0,12.12,30.0,5.0,0.0
18-08-2022,65.5,1081.0,49.61,131.0,12.12,30.0,5.0,0.0
19-08-2022,65.5,1081.0,49.61,131.0,12.12,30.0,5.0,0.0
20-08-2022,65.5,1081.0,49.61,131.0,12.12,30.0,5.0,0.0
21-08-2022,65.5,1081.0,49.61,131.0,12.12,30.0,5.0,0.0
22-08-2022,65.5,1081.0,49.61,131.0,12.12,30.0,5.0,0.0
23-08-2022,65.5,1081.0,49.61,131.0,12.12,30.0,5.0,4.0
24-08-2022,65.5,1081.0,49.61,131.0,12.12,30.0,5.0,0.0
25-08-2022,65.5,1081.0,49.61,131.0,12.12,30.0,5.0,14.0
26-08-2022,65.5,1081.0,49.61,131.0,12.12,30.0,5.0,10.0
27-08-2022,65.5,1081.0,49.65,132.0,12.21,30.0,5.0,7.0
28-08-2022,65.5,1081.0,49.65,132.0,12.21,30.0,5.0,7.0
29-08-2022,65.5,1081.0,49.65,132.0,12.21,30.0,5.0,0.0
30-08-2022,65.5,1081.0,49.65,132.0,12.21,30.0,5.0,6.0
31-08-2022,65.5,1081.0,49.65,132.0,12.21,30.0,5.0,0.0
01-09-2022,65.5,1081.0,49.65,132.0,12.21,30.0,5.0,0.0
02-09-2022,65.5,1081.0,49.68,133.0,12.3,30.0,5.0,35.0
03-09-2022,65.5,1081.0,49.68,133.0,12.3,30.0,5.0,0.0
04-09-2022,65.5,1081.0,49.68,133.0,12.3,30.0,5.0,0.0
05-09-2022,65.5,1081.0,49.68,133.0,12.3,30.0,5.0,0.0
06-09-2022,65.5,1081.0,49.68,133.0,12.3,30.0,5.0,0.0
07-09-2022,65.5,1081.0,49.68,133.0,12.3,30.0,5.0,0.0
08-09-2022,65.5,1081.0,49.68,133.0,12.3,30.0,5.0,4.0
09-09-2022,65.5,1081.0,49.71,134.0,12.4,30.0,5.0,0.0
10-09-2022,65.5,1081.0,49.71,134.0,12.4,30.0,5.0,4.0
11-09-2022,65.5,1081.0,49.71,134.0,12.4,30.0,5.0,0.0
12-09-2022,65.5,1081.0,49.71,134.0,12.4,30.0,5.0,0.0
13-09-2022,65.5,1081.0,49.71,134.0,12.4,30.0,5.0,0.0
14-09-2022,65.5,1081.0,49.71,134.0,12.4,30.0,5.0,0.0
15-09-2022,65.5,1081.0,49.71,134.0,12.4,30.0,5.0,0.0
16-09-2022,65.5,1081.0,49.71,134.0,12.4,30.0,5.0,0.0
17-09-2022,65.5,1081.0,49.71,134.0,12.4,30.0,5.0,15.0
18-09-2022,65.5,1081.0,49.71,134.0,12.4,30.0,5.0,0.0
19-09-2022,65.5,1081.0,49.71,134.0,12.4,30.0,5.0,0.0
20-09-2022,65.5,1081.0,49.78,136.0,12.58,30.0,5.0,16.0
21-09-2022,65.5,1081.0,49.82,137.0,12.67,30.0,5.0,0.0
22-09-2022,65.5,1081.0,49.85,138.0,12.77,30.0,5.0,0.0
23-09-2022,65.5,1081.0,49.85,138.0,12.77,30.0,5.0,0.0
24-09-2022,65.5,1081.0,49.85,138.0,12.77,30.0,5.0,0.0
25-09-2022,65.5,1081.0,49.85,138.0,12.77,10.0,5.0,0.0
26-09-2022,65.5,1081.0,49.85,138.0,12.77,10.0,5.0,0.0
27-09-2022,65.5,1081.0,49.85,138.0,12.77,10.0,5.0,0.0
28-09-2022,65.5,1081.0,49.85,138.0,12.77,10.0,5.0,4.0
29-09-2022,65.5,1081.0,49.85,138.0,12.77,10.0,5.0,0.0
30-09-2022,65.5,1081.0,49.85,138.0,12.77,10.0,5.0,0.0
01-10-2022,65.5,1081.0,49.85,138.0,12.77,10.0,5.0,2.0
02-10-2022,65.5,1081.0,49.85,138.0,12.77,10.0,5.0,0.0
03-10-2022,65.5,1081.0,49.85,138.0,12.77,10.0,5.0,0.0
04-10-2022,65.5,1081.0,49.85,138.0,12.77,10.0,5.0,0.0
05-10-2022,65.5,1081.0,49.85,138.0,12.77,10.0,5.0,0.0
06-10-2022,65.5,1081.0,49.85,138.0,12.77,10.0,5.0,6.0
07-10-2022,65.5,1081.0,49.91,140.0,12.95,26.0,3.0,19.0
08-10-2022,65.5,1081.0,49.98,142.0,13.14,26.0,3.0,0.0
09-10-2022,65.5,1081.0,50.11,146.0,13.51,49.0,3.0,16.0
10-10-2022,65.5,1081.0,50.44,156.0,14.43,119.0,3.0,8.4
11-10-2022,65.5,1081.0,50.63,162.0,14.99,72.0,3.0,5.0
12-10-2022,65.5,1081.0,50.69,164.0,15.17,26.0,3.0,0.0
13-10-2022,65.5,1081.0,50.69,164.0,15.17,10.0,3.0,6.0
14-10-2022,65.5,1081.0,50.69,164.0,15.17,10.0,3.0,0.0
15-10-2022,65.5,1081.0,50.69,164.0,15.17,10.0,3.0,0.0
17-10-2022,65.5,1081.0,50.69,164.0,15.17,10.0,3.0,3.0
18-10-2022,65.5,1081.0,50.69,164.0,15.17,10.0,3.0,0.0
19-10-2022,65.5,1081.0,50.73,165.0,15.26,10.0,3.0,0.0
20-10-2022,65.5,1081.0,50.76,166.0,15.36,10.0,3.0,1.4
21-10-2022,65.5,1081.0,50.95,172.0,15.91,72.0,3.0,26.0
22-10-2022,65.5,1081.0,51.09,177.0,16.37,60.0,3.0,4.0
23-10-2022,65.5,1081.0,51.21,181.0,16.74,49.0,3.0,0.0
24-10-2022,65.5,1081.0,51.3,184.0,17.02,37.0,3.0,0.0
25-10-2022,65.5,1081.0,51.3,184.0,17.02,10.0,3.0,0.0
26-10-2022,65.5,1081.0,51.3,184.0,17.02,10.0,3.0,0.0
27-10-2022,65.5,1081.0,51.3,184.0,17.02,10.0,3.0,0.0
28-10-2022,65.5,1081.0,51.36,186.0,17.21,26.0,3.0,9.0
29-10-2022,65.5,1081.0,51.42,188.0,17.39,26.0,3.0,0.0
30-10-2022,65.5,1081.0,51.42,188.0,17.39,10.0,3.0,0.0
31-10-2022,65.5,1081.0,51.42,188.0,17.39,10.0,3.0,0.0
01-11-2022,65.5,1081.0,51.6,194.0,17.95,66.0,3.0,79.0
02-11-2022,65.5,1081.0,52.11,212.0,19.61,214.0,3.0,78.0
03-11-2022,65.5,1081.0,52.86,240.0,22.2,327.0,3.0,0.0
04-11-2022,65.5,1081.0,53.26,258.0,23.87,211.0,3.0,45.0
05-11-2022,65.5,1081.0,53.72,273.0,25.25,177.0,3.0,13.0
06-11-2022,65.5,1081.0,54.12,290.0,26.83,299.0,3.0,0.0
07-11-2022,65.5,1081.0,54.2,293.0,27.1,38.0,3.0,0.0
08-11-2022,65.5,1081.0,54.2,293.0,27.1,10.0,3.0,0.0
09-11-2022,65.5,1081.0,54.2,293.0,27.1,10.0,3.0,0.0
10-11-2022,65.5,1081.0,54.2,293.0,27.1,10.0,3.0,4.0
11-11-2022,65.5,1081.0,65.5,310.0,28.68,200.0,3.0,61.0
12-11-2022,65.5,1081.0,55.16,333.0,30.8,269.0,3.0,52.0
13-11-2022,65.5,1081.0,55.56,351.0,32.47,211.0,3.0,80.0
14-11-2022,65.5,1081.0,65.5,386.0,35.71,408.0,3.0,51.5
15-11-2022,65.5,1081.0,56.72,404.0,37.37,211.0,3.0,0.0
16-11-2022,65.5,1081.0,56.94,415.0,38.39,130.0,3.0,0.0
17-11-2022,65.5,1081.0,56.94,415.0,38.39,10.0,3.0,0.0
18-11-2022,65.5,1081.0,56.97,416.0,38.48,10.0,3.0,0.0
19-11-2022,65.5,1081.0,56.99,417.0,38.58,10.0,3.0,0.0
20-11-2022,65.5,1081.0,56.99,417.0,38.58,10.0,3.0,0.0
21-11-2022,65.5,1081.0,57.01,418.0,38.67,10.0,3.0,0.0
22-11-2022,65.5,1081.0,57.01,418.0,38.67,10.0,3.0,0.0
23-11-2022,65.5,1081.0,57.35,435.0,40.24,194.0,3.0,34.0
24-11-2022,65.5,1081.0,57.8,457.0,42.28,257.0,3.0,24.0
25-11-2022,65.5,1081.0,58.0,467.0,43.2,119.0,3.0,0.0
26-11-2022,65.5,1081.0,58.31,483.0,44.68,186.0,3.0,0.0
27-11-2022,65.5,1081.0,58.57,497.0,45.98,160.0,3.0,0.0
28-11-2022,65.5,1081.0,58.74,507.0,46.9,126.0,3.0,0.0
29-11-2022,65.5,1081.0,58.89,514.0,47.55,96.0,3.0,0.0
30-11-2022,65.5,1081.0,58.99,520.0,48.1,72.0,3.0,0.0
01-12-2022,65.5,1081.0,59.1,526.0,48.66,72.0,9.0,6.2
02-12-2022,65.5,1081.0,59.16,529.0,48.94,56.0,9.0,0.0
03-12-2022,65.5,1081.0,59.22,532.0,49.21,46.0,9.0,0.0
04-12-2022,65.5,1081.0,59.25,534.0,49.4,36.0,9.0,0.0
05-12-2022,65.5,1081.0,59.29,536.0,49.58,36.0,9.0,0.0
06-12-2022,65.5,1081.0,59.3,537.0,49.68,26.0,9.0,0.0
07-12-2022,65.5,1081.0,59.3,537.0,49.68,10.0,9.0,0.0
08-12-2022,65.5,1081.0,59.3,537.0,49.68,10.0,9.0,0.0
09-12-2022,65.5,1081.0,59.34,539.0,49.86,36.0,9.0,22.0
10-12-2022,65.5,1081.0,59.61,554.0,51.25,287.0,9.0,129.0
11-12-2022,65.5,1081.0,60.58,610.0,56.43,657.0,9.0,11.0
12-12-2022,65.5,1081.0,61.83,687.0,63.55,900.0,9.0,15.0
13-12-2022,65.5,1081.0,63.28,782.0,72.34,1109.0,9.0,33.0
14-12-2022,65.5,1081.0,63.75,813.0,75.21,200.0,15.0,0.0
15-12-2022,65.5,1081.0,63.85,820.0,75.86,107.0,15.0,0.0
16-12-2022,65.5,1081.0,63.87,822.0,76.04,38.0,15.0,0.0
17-12-2022,65.5,1081.0,63.89,823.0,76.13,38.0,15.0,0.0
18-12-2022,65.5,1081.0,63.89,823.0,76.13,15.0,15.0,0.0
19-12-2022,65.5,1081.0,63.89,823.0,76.13,15.0,15.0,0.0
20-12-2022,65.5,1081.0,63.89,823.0,76.13,15.0,15.0,0.0
21-12-2022,65.5,1081.0,63.89,823.0,76.13,15.0,15.0,0.0
22-12-2022,65.5,1081.0,63.89,823.0,76.13,15.0,15.0,0.0
23-12-2022,65.5,1081.0,63.89,823.0,76.13,15.0,15.0,0.0
24-12-2022,65.5,1081.0,63.89,823.0,76.13,15.0,15.0,0.0
25-12-2022,65.5,1081.0,63.93,826.0,76.41,49.0,15.0,9.0
26-12-2022,65.5,1081.0,63.96,829.0,76.69,49.0,15.0,6.0
27-12-2022,65.5,1081.0,63.99,831.0,76.87,38.0,15.0,0.0
28-12-2022,65.5,1081.0,63.99,831.0,76.87,15.0,15.0,0.0
29-12-2022,65.5,1081.0,63.99,831.0,76.87,15.0,15.0,0.0
30-12-2022,65.5,1081.0,63.99,831.0,76.87,15.0,15.0,0.0
31-12-2022,65.5,1081.0,63.99,831.0,76.87,15.0,15.0,0.0
01-01-2023,65.5,1081.0,63.99,831.0,76.87,15.0,15.0,0.0
02-01-2023,65.5,1081.0,63.99,831.0,76.87,15.0,15.0,0.0
03-01-2023,65.5,1081.0,63.99,831.0,76.87,15.0,15.0,0.0
04-01-2023,65.5,1081.0,63.99,831.0,76.87,15.0,15.0,0.0
05-01-2023,65.5,1081.0,63.99,831.0,76.87,15.0,15.0,0.0
06-01-2023,65.5,1081.0,63.99,831.0,76.87,15.0,15.0,0.0
07-01-2023,65.5,1081.0,63.99,831.0,76.87,15.0,15.0,0.0
08-01-2023,65.5,1081.0,63.99,831.0,76.87,15.0,15.0,0.0
09-01-2023,65.5,1081.0,63.99,831.0,76.87,15.0,15.0,0.0
10-01-2023,65.5,1081.0,63.99,831.0,76.87,15.0,15.0,0.0
11-01-2023,65.5,1081.0,63.99,831.0,76.87,15.0,15.0,0.0
12-01-2023,65.5,1081.0,63.99,831.0,76.87,15.0,15.0,0.0
13-01-2023,65.5,1081.0,63.99,831.0,76.87,15.0,15.0,0.0
14-01-2023,65.5,1081.0,63.99,831.0,76.87,15.0,15.0,0.0
15-01-2023,65.5,1081.0,63.99,831.0,76.87,15.0,15.0,0.0
16-01-2023,65.5,1081.0,63.99,831.0,76.87,15.0,15.0,0.0
17-01-2023,65.5,1081.0,63.99,831.0,76.87,15.0,15.0,0.0
18-01-2023,65.5,1081.0,63.99,831.0,76.87,15.0,15.0,0.0
19-01-2023,65.5,1081.0,63.99,831.0,76.87,15.0,15.0,0.0
20-01-2023,65.5,1081.0,63.99,831.0,76.87,15.0,15.0,0.0
21-01-2023,65.5,1081.0,63.99,831.0,76.87,15.0,15.0,0.0
22-01-2023,65.5,1081.0,63.99,831.0,76.87,15.0,15.0,0.0
23-01-2023,65.5,1081.0,63.99,831.0,76.87,15.0,15.0,0.0
24-01-2023,65.5,1081.0,63.99,831.0,76.87,15.0,15.0,0.0
25-01-2023,65.5,1081.0,63.99,831.0,76.87,20.0,15.0,0.0
26-01-2023,65.5,1081.0,63.99,831.0,76.87,20.0,15.0,0.0
27-01-2023,65.5,1081.0,63.99,831.0,76.87,20.0,15.0,0.0
28-01-2023,65.5,1081.0,63.99,831.0,76.87,20.0,15.0,0.0
29-01-2023,65.5,1081.0,63.99,831.0,76.87,20.0,15.0,0.0
30-01-2023,65.5,1081.0,63.99,831.0,76.87,20.0,15.0,0.0
31-01-2023,65.5,1081.0,63.99,831.0,76.87,20.0,15.0,0.0
01-02-2023,65.5,1081.0,63.99,831.0,76.87,20.0,15.0,0.0
02-02-2023,65.5,1081.0,63.99,831.0,76.87,20.0,15.0,0.0
03-02-2023,65.5,1081.0,63.99,831.0,76.87,20.0,15.0,0.0
04-02-2023,65.5,1081.0,63.99,831.0,76.87,20.0,15.0,0.0
05-02-2023,65.5,1081.0,63.99,831.0,76.87,20.0,15.0,0.0
06-02-2023,65.5,1081.0,63.99,831.0,76.87,20.0,15.0,0.0
07-02-2023,65.5,1081.0,63.99,831.0,76.87,20.0,15.0,0.0
08-02-2023,65.5,1081.0,63.99,831.0,76.87,20.0,15.0,0.0
09-02-2023,65.5,1081.0,63.99,831.0,76.87,20.0,15.0,0.0
10-02-2023,65.5,1081.0,63.99,831.0,76.87,20.0,15.0,0.0
11-02-2023,65.5,1081.0,63.99,831.0,76.87,20.0,15.0,0.0
12-02-2023,65.5,1081.0,63.99,831.0,76.87,20.0,15.0,0.0
13-02-2023,65.5,1081.0,63.99,831.0,76.87,20.0,15.0,0.0
14-02-2023,65.5,1081.0,63.99,831.0,76.87,20.0,15.0,0.0
15-02-2023,65.5,1081.0,63.99,831.0,76.87,20.0,15.0,0.0
16-02-2023,65.5,1081.0,63.99,831.0,76.87,20.0,15.0,0.0
17-02-2023,65.5,1081.0,63.99,831.0,76.87,20.0,15.0,0.0
18-02-2023,65.5,1081.0,63.99,831.0,76.87,20.0,15.0,0.0
19-02-2023,65.5,1081.0,63.99,831.0,76.87,20.0,15.0,0.0
20-02-2023,65.5,1081.0,63.99,831.0,76.87,20.0,15.0,0.0
21-02-2023,65.5,1081.0,63.99,831.0,76.87,20.0,15.0,0.0
22-02-2023,65.5,1081.0,63.99,831.0,76.87,20.0,15.0,0.0
23-02-2023,65.5,1081.0,63.99,831.0,76.87,20.0,15.0,0.0
24-02-2023,65.5,1081.0,63.99,831.0,76.87,20.0,15.0,0.0
25-02-2023,65.5,1081.0,63.99,831.0,76.87,20.0,15.0,0.0
26-02-2023,65.5,1081.0,63.99,831.0,76.87,20.0,15.0,0.0
27-02-2023,65.5,1081.0,63.99,831.0,76.87,20.0,15.0,0.0
28-02-2023,65.5,1081.0,63.99,831.0,76.87,20.0,15.0,0.0
01-03-2023,65.5,1081.0,63.99,831.0,76.87,20.0,15.0,0.0
02-03-2023,65.5,1081.0,63.99,831.0,76.87,20.0,20.0,0.0
03-03-2023,65.5,1081.0,63.99,831.0,76.87,20.0,20.0,0.0
04-03-2023,65.5,1081.0,63.99,831.0,76.87,20.0,20.0,0.0
05-03-2023,65.5,1081.0,63.99,831.0,76.87,20.0,20.0,0.0
06-03-2023,65.5,1081.0,63.99,831.0,76.87,20.0,20.0,0.0
07-03-2023,65.5,1081.0,63.99,831.0,76.87,20.0,20.0,0.0
08-03-2023,65.5,1081.0,63.99,831.0,76.87,20.0,20.0,0.0
09-03-2023,65.5,1081.0,63.99,831.0,76.87,20.0,20.0,0.0
10-03-2023,65.5,1081.0,63.99,831.0,76.87,20.0,20.0,0.0
11-03-2023,65.5,1081.0,63.99,831.0,76.87,20.0,20.0,0.0
12-03-2023,65.5,1081.0,63.99,831.0,76.87,20.0,20.0,0.0
13-03-2023,65.5,1081.0,63.99,831.0,76.87,20.0,20.0,0.0
14-03-2023,65.5,1081.0,63.99,831.0,76.87,20.0,20.0,0.0
15-03-2023,65.5,1081.0,63.99,831.0,76.87,20.0,20.0,0.0
16-03-2023,65.5,1081.0,63.99,831.0,76.87,20.0,20.0,0.0
17-03-2023,65.5,1081.0,63.99,831.0,76.87,20.0,20.0,0.0
18-03-2023,65.5,1081.0,63.99,831.0,76.87,20.0,20.0,0.0
19-03-2023,65.5,1081.0,63.99,831.0,76.87,20.0,20.0,0.0
20-03-2023,65.5,1081.0,63.99,831.0,76.87,20.0,20.0,5.0
21-03-2023,65.5,1081.0,63.99,831.0,76.87,20.0,20.0,25.0
22-03-2023,65.5,1081.0,63.99,831.0,76.87,20.0,20.0,0.0
23-03-2023,65.5,1081.0,63.98,830.0,76.78,10.0,20.0,0.0
24-03-2023,65.5,1081.0,63.96,829.0,76.69,10.0,20.0,0.0
25-03-2023,65.5,1081.0,63.95,828.0,76.6,10.0,20.0,0.0
26-03-2023,65.5,1081.0,63.94,827.0,76.5,10.0,20.0,0.0
27-03-2023,65.5,1081.0,63.92,825.0,76.32,10.0,20.0,0.0
28-03-2023,65.5,1081.0,63.91,824.0,76.23,10.0,20.0,0.0
29-03-2023,65.5,1081.0,63.89,823.0,76.13,10.0,20.0,0.0
30-03-2023,65.5,1081.0,63.88,822.0,76.04,10.0,20.0,0.0
31-03-2023,65.5,1081.0,63.87,821.0,75.95,10.0,20.0,0.0
01-04-2023,65.5,1081.0,63.85,820.0,75.86,10.0,20.0,0.0
02-04-2023,65.5,1081.0,63.83,819.0,75.76,10.0,20.0,0.0
03-04-2023,65.5,1081.0,63.82,818.0,75.67,10.0,20.0,0.0
04-04-2023,65.5,1081.0,63.8,817.0,75.58,10.0,20.0,0.0
05-04-2023,65.5,1081.0,63.79,816.0,75.49,10.0,20.0,0.0
06-04-2023,65.5,1081.0,63.77,815.0,75.39,10.0,20.0,0.0
07-04-2023,65.5,1081.0,63.76,814.0,75.3,10.0,20.0,0.0
08-04-2023,65.5,1081.0,63.74,813.0,75.21,10.0,20.0,0.0
09-04-2023,65.5,1081.0,63.73,812.0,75.12,10.0,20.0,0.0
10-04-2023,65.5,1081.0,63.72,811.0,75.02,10.0,20.0,0.0
11-04-2023,65.5,1081.0,63.7,810.0,74.93,10.0,20.0,0.0
12-04-2023,65.5,1081.0,63.68,809.0,74.84,10.0,20.0,0.0
13-04-2023,65.5,1081.0,63.66,808.0,74.75,10.0,20.0,0.0
14-04-2023,65.5,1081.0,63.65,807.0,74.65,10.0,20.0,0.0
15-04-2023,65.5,1081.0,63.63,806.0,74.56,10.0,20.0,0.0
16-04-2023,65.5,1081.0,63.62,805.0,74.47,10.0,20.0,0.0
17-04-2023,65.5,1081.0,63.6,804.0,74.38,10.0,20.0,0.0
18-04-2023,65.5,1081.0,63.59,803.0,74.28,10.0,20.0,0.0
19-04-2023,65.5,1081.0,63.57,802.0,74.19,10.0,20.0,0.0
20-04-2023,65.5,1081.0,63.56,801.0,74.1,10.0,20.0,0.0
21-04-2023,65.5,1081.0,63.53,799.0,73.91,225.0,20.0,0.0
22-04-2023,65.5,1081.0,63.48,796.0,73.64,0.0,20.0,0.0
23-04-2023,65.5,1081.0,63.45,794.0,73.45,0.0,20.0,8.0
24-04-2023,65.5,1081.0,63.42,792.0,73.27,0.0,20.0,6.0
25-04-2023,65.5,1081.0,63.39,790.0,73.08,0.0,20.0,0.0
26-04-2023,65.5,1081.0,63.35,787.0,72.8,0.0,20.0,0.0
27-04-2023,65.5,1081.0,63.32,785.0,72.62,0.0,20.0,0.0
28-04-2023,65.5,1081.0,63.29,783.0,72.43,0.0,20.0,0.0
29-04-2023,65.5,1081.0,63.24,780.0,72.16,0.0,20.0,0.0
30-04-2023,65.5,1081.0,63.22,778.0,71.97,0.0,20.0,0.0
01-05-2023,65.5,1081.0,63.18,776.0,71.79,0.0,20.0,0.0
02-05-2023,65.5,1081.0,63.15,774.0,71.6,0.0,20.0,15.0
03-05-2023,65.5,1081.0,63.11,771.0,71.32,0.0,20.0,3.0
04-05-2023,65.5,1081.0,63.08,769.0,71.14,0.0,20.0,0.0
05-05-2023,65.5,1081.0,63.05,767.0,70.95,0.0,20.0,0.0
06-05-2023,65.5,1081.0,63.0,764.0,70.68,0.0,20.0,5.0
07-05-2023,65.5,1081.0,62.97,762.0,70.49,0.0,20.0,0.0
08-05-2023,65.5,1081.0,62.94,760.0,70.31,0.0,20.0,0.0
09-05-2023,65.5,1081.0,62.9,757.0,70.03,0.0,20.0,0.0
10-05-2023,65.5,1081.0,62.87,755.0,69.84,0.0,20.0,0.0
11-05-2023,65.5,1081.0,62.84,753.0,69.66,0.0,20.0,0.0
12-05-2023,65.5,1081.0,62.79,750.0,69.38,0.0,20.0,0.0
13-05-2023,65.5,1081.0,62.76,748.0,69.2,0.0,20.0,0.0
14-05-2023,65.5,1081.0,62.74,746.0,69.01,0.0,20.0,0.0
15-05-2023,65.5,1081.0,62.69,743.0,68.73,0.0,20.0,0.0
16-05-2023,65.5,1081.0,62.66,741.0,68.55,0.0,20.0,0.0
17-05-2023,65.5,1081.0,62.63,739.0,68.36,0.0,20.0,0.0
18-05-2023,65.5,1081.0,62.58,736.0,68.09,0.0,20.0,0.0
19-05-2023,65.5,1081.0,62.55,734.0,67.9,0.0,20.0,0.0
20-05-2023,65.5,1081.0,62.52,732.0,67.72,0.0,20.0,0.0
21-05-2023,65.5,1081.0,62.48,729.0,67.44,0.0,20.0,0.0
22-05-2023,65.5,1081.0,62.45,727.0,67.25,0.0,20.0,0.0
23-05-2023,65.5,1081.0,62.42,725.0,67.07,0.0,20.0,0.0
24-05-2023,65.5,1081.0,62.37,722.0,66.79,0.0,20.0,0.0
26-05-2023,65.5,1081.0,62.29,717.0,66.33,0.0,20.0,0.0
27-05-2023,65.5,1081.0,62.26,715.0,66.14,0.0,20.0,0.0
28-05-2023,65.5,1081.0,62.23,713.0,65.96,0.0,20.0,0.0
29-05-2023,65.5,1081.0,62.18,710.0,65.68,0.0,20.0,0.0
30-05-2023,65.5,1081.0,62.15,708.0,65.49,0.0,20.0,0.0
31-05-2023,65.5,1081.0,62.12,706.0,65.31,0.0,20.0,2.0
01-06-2023,65.5,1081.0,62.08,703.0,65.03,0.0,20.0,0.0
02-06-2023,65.5,1081.0,62.05,701.0,64.85,0.0,20.0,0.0
03-06-2023,65.5,1081.0,62.0,698.0,64.57,0.0,20.0,0.0
05-06-2023,65.5,1081.0,61.92,693.0,64.11,0.0,20.0,0.0
06-06-2023,65.5,1081.0,61.62,674.0,62.35,0.0,220.0,0.0
07-06-2023,65.5,1081.0,61.32,655.0,60.59,0.0,220.0,0.0
08-06-2023,65.5,1081.0,61.01,636.0,58.83,0.0,220.0,0.0
09-06-2023,65.5,1081.0,60.69,617.0,57.08,0.0,220.0,0.0
10-06-2023,65.5,1081.0,60.37,598.0,55.32,0.0,220.0,0.0
11-06-2023,65.5,1081.0,60.05,579.0,53.56,0.0,220.0,0.0
12-06-2023,65.5,1081.0,59.71,560.0,51.8,0.0,220.0,7.0
13-06-2023,65.5,1081.0,59.37,541.0,50.05,0.0,220.0,0.0
14-06-2023,65.5,1081.0,59.04,522.0,48.29,0.0,220.0,0.0
15-06-2023,65.5,1081.0,58.67,503.0,46.53,0.0,220.0,0.0
16-06-2023,65.5,1081.0,58.32,484.0,44.77,0.0,220.0,0.0
17-06-2023,65.5,1081.0,57.95,465.0,43.02,0.0,220.0,0.0
18-06-2023,65.5,1081.0,57.57,446.0,41.26,0.0,220.0,0.0
19-06-2023,65.5,1081.0,57.21,428.0,39.59,12.0,220.0,16.0
20-06-2023,65.5,1081.0,57.03,419.0,38.76,115.0,220.0,32.0
21-06-2023,65.5,1081.0,56.89,403.0,37.28,36.0,220.0,6.0
22-06-2023,65.5,1081.0,56.32,386.0,35.71,12.0,220.0,0.0
23-06-2023,65.5,1081.0,56.01,371.0,34.32,0.0,220.0,0.0
24-06-2023,65.5,1081.0,55.79,361.0,33.4,93.0,220.0,19.0
25-06-2023,65.5,1081.0,55.45,346.0,32.01,46.0,220.0,0.0
26-06-2023,65.5,1081.0,55.11,331.0,30.62,23.0,220.0,0.0
27-06-2023,65.5,1081.0,54.76,316.0,29.23,0.0,220.0,0.0
28-06-2023,65.5,1081.0,54.41,301.0,27.84,0.0,220.0,0.0
29-06-2023,65.5,1081.0,54.05,286.0,26.46,0.0,220.0,3.0
30-06-2023,65.5,1081.0,53.67,271.0,25.07,0.0,220.0,4.0
01-07-2023,65.5,1081.0,53.34,258.0,23.87,0.0,220.0,0.0
02-07-2023,65.5,1081.0,53.04,246.0,22.76,0.0,220.0,0.0
03-07-2023,65.5,1081.0,52.71,234.0,21.65,0.0,220.0,4.0
04-07-2023,65.5,1081.0,52.38,222.0,20.54,0.0,220.0,0.0
05-07-2023,65.5,1081.0,52.09,211.0,19.52,0.0,220.0,0.0
06-07-2023,65.5,1081.0,51.74,199.0,18.41,0.0,220.0,0.0
07-07-2023,65.5,1081.0,51.43,188.0,17.39,0.0,220.0,0.0
08-07-2023,65.5,1081.0,51.07,176.0,16.28,0.0,220.0,0.0
09-07-2023,65.5,1081.0,50.73,165.0,15.26,0.0,220.0,0.0
10-07-2023,65.5,1081.0,50.42,155.0,14.34,0.0,220.0,5.0
11-07-2023,65.5,1081.0,50.03,143.0,13.23,0.0,220.0,0.0
12-07-2023,65.5,1081.0,49.66,132.0,12.21,0.0,220.0,0.0
13-07-2023,65.5,1081.0,49.38,124.0,11.47,0.0,180.0,3.0
14-07-2023,65.5,1081.0,49.09,116.0,10.73,0.0,180.0,13.0
15-07-2023,65.5,1081.0,48.8,108.0,9.99,0.0,160.0,0.0
16-07-2023,65.5,1081.0,48.54,101.0,9.34,0.0,160.0,0.0
17-07-2023,65.5,1081.0,48.3,95.0,8.79,0.0,160.0,0.0
18-07-2023,65.5,1081.0,48.07,89.0,8.23,0.0,160.0,0.0
19-07-2023,65.5,1081.0,47.98,87.0,8.05,0.0,55.0,0.0
20-07-2023,65.5,1081.0,47.94,86.0,7.96,0.0,55.0,0.0
21-07-2023,65.5,1081.0,47.9,85.0,7.86,0.0,25.0,0.0
22-07-2023,65.5,1081.0,47.86,84.0,7.77,0.0,25.0,0.0
23-07-2023,65.5,1081.0,47.94,86.0,7.96,45.0,25.0,11.0
24-07-2023,65.5,1081.0,48.1,90.0,8.33,71.0,25.0,5.0
25-07-2023,65.5,1081.0,48.41,98.0,9.07,111.0,25.0,16.0
26-07-2023,65.5,1081.0,48.53,101.0,9.34,54.0,25.0,3.0
27-07-2023,65.5,1081.0,48.68,105.0,9.71,63.0,25.0,0.0
28-07-2023,65.5,1081.0,48.71,106.0,9.81,34.0,25.0,0.0
29-07-2023,65.5,1081.0,48.76,107.0,9.9,34.0,25.0,0.0
30-07-2023,65.5,1081.0,48.76,107.0,9.9,22.0,25.0,0.0
31-07-2023,65.5,1081.0,48.76,107.0,9.9,22.0,25.0,0.0
01-08-2023,65.5,1081.0,48.76,107.0,9.9,22.0,25.0,0.0
02-08-2023,65.5,1081.0,48.76,107.0,9.9,22.0,25.0,0.0
03-08-2023,65.5,1081.0,48.76,107.0,9.9,22.0,25.0,0.0
04-08-2023,65.5,1081.0,48.76,107.0,9.9,22.0,25.0,0.0
05-08-2023,65.5,1081.0,48.76,107.0,9.9,22.0,25.0,2.0
06-08-2023,65.5,1081.0,48.76,107.0,9.9,22.0,25.0,0.0
07-08-2023,65.5,1081.0,48.76,107.0,9.9,22.0,25.0,3.0
08-08-2023,65.5,1081.0,48.76,107.0,9.9,22.0,25.0,0.0
09-08-2023,65.5,1081.0,48.76,107.0,9.9,22.0,25.0,0.0
10-08-2023,65.5,1081.0,48.76,107.0,9.9,22.0,25.0,0.0
11-08-2023,65.5,1081.0,48.76,107.0,9.9,22.0,25.0,0.0
12-08-2023,65.5,1081.0,48.76,107.0,9.9,22.0,25.0,0.0
13-08-2023,65.5,1081.0,48.76,107.0,9.9,22.0,25.0,6.0
14-08-2023,65.5,1081.0,48.76,107.0,9.9,22.0,25.0,10.0
15-08-2023,65.5,1081.0,48.76,107.0,9.9,22.0,25.0,12.0
16-08-2023,65.5,1081.0,48.8,109.0,10.08,48.0,25.0,32.0
17-08-2023,65.5,1081.0,48.83,110.0,10.18,38.0,25.0,16.0
18-08-2023,65.5,1081.0,48.83,110.0,10.18,22.0,25.0,11.0
19-08-2023,65.5,1081.0,48.83,110.0,10.18,22.0,25.0,0.0
20-08-2023,65.5,1081.0,48.83,110.0,10.18,22.0,25.0,13.0
21-08-2023,65.5,1081.0,48.83,110.0,10.18,22.0,25.0,0.0
22-08-2023,65.5,1081.0,48.83,110.0,10.18,22.0,25.0,0.0
23-08-2023,65.5,1081.0,48.83,110.0,10.18,22.0,25.0,34.0
24-08-2023,65.5,1081.0,48.91,112.0,10.36,48.0,25.0,36.0
25-08-2023,65.5,1081.0,48.91,112.0,10.36,22.0,25.0,0.0
26-08-2023,65.5,1081.0,48.91,112.0,10.36,22.0,25.0,0.0
27-08-2023,65.5,1081.0,49.07,116.0,10.73,71.0,25.0,55.0
28-08-2023,65.5,1081.0,49.14,118.0,10.92,48.0,25.0,0.0
29-08-2023,65.5,1081.0,49.29,122.0,11.29,71.0,25.0,17.0
30-08-2023,65.5,1081.0,49.35,124.0,11.47,48.0,25.0,0.0
31-08-2023,65.5,1081.0,49.43,126.0,11.66,48.0,25.0,6.0
01-09-2023,65.5,1081.0,49.43,126.0,11.66,22.0,25.0,0.0
02-09-2023,65.5,1081.0,49.43,126.0,11.66,22.0,25.0,0.0
03-09-2023,65.5,1081.0,49.43,126.0,11.66,22.0,125.0,3.0
04-09-2023,65.5,1081.0,49.43,126.0,11.66,22.0,25.0,0.0
06-09-2023,65.5,1081.0,49.43,126.0,11.66,22.0,25.0,0.0
07-09-2023,65.5,1081.0,49.43,126.0,11.66,22.0,25.0,7.0
08-09-2023,65.5,1081.0,49.51,128.0,11.84,48.0,25.0,28.0
09-09-2023,65.5,1081.0,49.51,128.0,11.84,22.0,25.0,0.0
10-09-2023,65.5,1081.0,49.51,128.0,11.84,22.0,25.0,2.0
11-09-2023,65.5,1081.0,49.47,127.0,11.75,22.0,25.0,0.0
12-09-2023,65.5,1081.0,49.47,127.0,11.75,22.0,25.0,0.0
13-09-2023,65.5,1081.0,49.47,127.0,11.75,22.0,25.0,0.0
14-09-2023,65.5,1081.0,49.47,127.0,11.75,22.0,25.0,2.0
15-09-2023,65.5,1081.0,49.47,127.0,11.75,22.0,25.0,0.0
16-09-2023,65.5,1081.0,49.52,129.0,11.93,48.0,25.0,18.0
17-09-2023,65.5,1081.0,49.63,132.0,12.21,60.0,25.0,48.0
18-09-2023,65.5,1081.0,49.63,132.0,12.21,22.0,25.0,3.0
19-09-2023,65.5,1081.0,49.77,136.0,12.58,82.0,35.0,35.0
20-09-2023,65.5,1081.0,49.84,138.0,12.77,58.0,35.0,0.0
26-09-2023,65.5,1081.0,50.72,165.0,15.26,93.0,35.0,23.0
27-09-2023,65.5,1081.0,51.48,190.0,17.58,572.0,40.0,18.0
28-09-2023,65.5,1081.0,52.95,243.0,22.48,652.0,40.0,0.0
29-09-2023,65.5,1081.0,54.1,289.0,26.73,537.0,5.0,0.0
30-09-2023,65.5,1081.0,55.31,340.0,31.45,595.0,5.0,6.0
01-10-2023,65.5,1081.0,56.35,387.0,35.8,547.0,5.0,4.0
02-10-2023,65.5,1081.0,57.0,418.0,38.67,374.0,10.0,0.0
03-10-2023,65.5,1081.0,57.5,442.0,40.89,287.0,10.0,0.0
04-10-2023,65.5,1081.0,57.8,457.0,42.28,184.0,10.0,0.0
05-10-2023,65.5,1081.0,57.97,466.0,43.11,114.0,10.0,0.0
06-10-2023,65.5,1081.0,58.1,473.0,43.76,91.0,10.0,31.0
07-10-2023,65.5,1081.0,58.34,485.0,44.87,149.0,10.0,0.0
08-10-2023,65.5,1081.0,58.51,494.0,45.7,117.0,10.0,2.0
10-10-2023,65.5,1081.0,58.59,498.0,46.07,22.0,10.0,0.0
11-10-2023,65.5,1081.0,58.63,500.0,46.25,22.0,10.0,0.0
12-10-2023,65.5,1081.0,58.64,501.0,46.35,22.0,10.0,0.0
13-10-2023,65.5,1081.0,58.66,502.0,46.44,22.0,10.0,0.0
14-10-2023,65.5,1081.0,56.68,503.0,46.53,22.0,10.0,0.0
15-10-2023,65.5,1081.0,58.76,507.0,46.9,58.0,10.0,0.0
16-10-2023,65.5,1081.0,58.82,510.0,47.18,48.0,10.0,0.0
17-10-2023,65.5,1081.0,58.83,511.0,47.27,22.0,10.0,0.0
18-10-2023,65.5,1081.0,58.85,512.0,47.36,22.0,10.0,0.0
19-10-2023,65.5,1081.0,58.87,513.0,47.46,22.0,10.0,0.0
20-10-2023,65.5,1081.0,59.02,521.0,48.2,102.0,10.0,0.0
21-10-2023,65.5,1081.0,59.18,530.0,49.03,102.0,10.0,0.0
22-10-2023,65.5,1081.0,59.33,538.0,49.77,102.0,10.0,0.0
23-10-2023,65.5,1081.0,59.49,547.0,50.6,102.0,10.0,0.0
24-10-2023,65.5,1081.0,59.63,555.0,51.34,102.0,10.0,0.0
25-10-2023,65.5,1081.0,59.79,564.0,52.17,102.0,10.0,0.0
26-10-2023,65.5,1081.0,59.93,572.0,52.91,102.0,10.0,0.0
27-10-2023,65.5,1081.0,60.0,576.0,53.28,58.0,12.0,0.0
28-10-2023,65.5,1081.0,60.01,577.0,53.38,22.0,12.0,0.0
29-10-2023,65.5,1081.0,60.04,578.0,53.47,22.0,12.0,0.0
30-10-2023,65.5,1081.0,60.05,579.0,53.56,22.0,12.0,0.0
31-10-2023,65.5,1081.0,60.19,587.0,54.3,105.0,12.0,16.0
01-11-2023,65.5,1081.0,60.23,590.0,54.58,48.0,12.0,0.0
02-11-2023,65.5,1081.0,60.31,594.0,54.95,58.0,12.0,15.0
03-11-2023,65.5,1081.0,60.39,599.0,55.41,68.0,12.0,2.0
04-11-2023,65.5,1081.0,60.49,605.0,55.97,82.0,12.0,8.6
05-11-2023,65.5,1081.0,60.63,613.0,56.71,104.0,12.0,6.0
06-11-2023,65.5,1081.0,60.7,617.0,57.08,58.0,12.0,0.0
07-11-2023,65.5,1081.0,60.8,624.0,57.72,92.0,12.0,9.0
08-11-2023,65.5,1081.0,60.84,626.0,57.91,36.0,12.0,5.0
09-11-2023,65.5,1081.0,60.84,626.0,57.91,12.0,12.0,0.0
10-11-2023,65.5,1081.0,60.85,627.0,58.0,26.0,12.0,16.0
11-11-2023,65.5,1081.0,60.85,627.0,58.0,12.0,12.0,0.0
12-11-2023,65.5,1081.0,60.85,627.0,58.0,12.0,12.0,0.0
13-11-2023,65.5,1081.0,60.85,627.0,58.0,12.0,12.0,0.0
14-11-2023,65.5,1081.0,60.88,629.0,58.19,35.0,12.0,13.0
15-11-2023,65.5,1081.0,61.01,636.0,58.83,93.0,12.0,35.0
16-11-2023,65.5,1081.0,61.11,642.0,59.39,81.0,12.0,16.6
17-11-2023,65.5,1081.0,61.17,646.0,59.76,58.0,12.0,0.0
18-11-2023,65.5,1081.0,61.21,648.0,59.94,36.0,12.0,0.0
19-11-2023,65.5,1081.0,61.27,652.0,60.31,66.0,12.0,0.0
20-11-2023,65.5,1081.0,61.37,658.0,60.87,66.0,12.0,1.0
21-11-2023,65.5,1081.0,61.6,673.0,62.26,186.0,12.0,37.0
22-11-2023,65.5,1081.0,61.65,676.0,62.53,66.0,12.0,15.0
23-11-2023,65.5,1081.0,61.91,692.0,64.01,197.0,12.0,35.4
24-11-2023,65.5,1081.0,62.21,711.0,65.77,231.0,12.0,17.0
25-11-2023,65.5,1081.0,62.48,729.0,67.44,220.0,12.0,18.0
26-11-2023,65.5,1081.0,62.48,729.0,67.44,12.0,12.0,0.0
27-11-2023,65.5,1081.0,62.69,743.0,68.73,174.0,12.0,50.0
28-11-2023,65.5,1081.0,62.98,762.0,70.49,231.0,12.0,40.0
29-11-2023,65.5,1081.0,63.47,795.0,73.54,393.0,12.0,36.0
30-11-2023,65.5,1081.0,64.28,851.0,78.72,362.0,362.0,130.6
01-12-2023,65.5,1081.0,63.79,816.0,75.49,242.0,612.0,2.0
02-12-2023,65.5,1081.0,63.29,783.0,72.43,279.0,612.0,1.0
03-12-2023,65.5,1081.0,63.2,777.0,71.88,890.0,612.0,66.0
04-12-2023,65.5,1081.0,64.5,881.0,81.5,4506.0,2562.0,201.0
05-12-2023,65.5,1081.0,63.5,1081.0,100.0,3562.0,3562.0,185.0
06-12-2023,65.5,1081.0,65.5,1081.0,100.0,2662.0,2662.0,0.0
07-12-2023,65.5,1081.0,65.18,1003.0,92.78,2309.0,2716.0,0.0
08-12-2023,65.5,1081.0,64.52,884.0,81.78,800.0,2016.0,0.0
09-12-2023,65.5,1081.0,63.89,823.0,76.13,750.0,1736.0,0.0
10-12-2023,65.5,1081.0,63.4,790.0,73.08,750.0,1456.0,0.0
11-12-2023,65.5,1081.0,63.02,765.0,70.77,556.0,846.0,0.0
12-12-2023,65.5,1081.0,62.78,749.0,69.29,328.0,536.0,0.0
13-12-2023,65.5,1081.0,62.6,737.0,68.18,257.0,396.0,0.0
14-12-2023,65.5,1081.0,62.63,739.0,68.36,46.0,16.0,0.0
15-12-2023,65.5,1081.0,62.68,742.0,68.64,46.0,16.0,0.0
16-12-2023,65.5,1081.0,62.85,754.0,69.75,155.0,16.0,7.2
17-12-2023,65.5,1081.0,62.94,760.0,70.31,85.0,16.0,0.0
18-12-2023,65.5,1081.0,62.85,754.0,69.75,155.0,16.0,7.2
19-12-2023,65.5,1081.0,62.99,763.0,70.58,16.0,16.0,0.0
20-12-2023,65.5,1081.0,63.04,766.0,70.86,51.0,16.0,0.0
21-12-2023,65.5,1081.0,63.1,770.0,71.23,51.0,16.0,0.0
22-12-2023,65.5,1081.0,63.16,774.0,71.6,51.0,16.0,0.0
23-12-2023,65.5,1081.0,63.2,777.0,71.88,51.0,16.0,0.0
24-12-2023,65.5,1081.0,63.2,777.0,71.88,28.0,16.0,0.0
25-12-2023,65.5,1081.0,63.2,777.0,71.88,28.0,16.0,0.0
26-12-2023,65.5,1081.0,63.2,777.0,71.88,28.0,16.0,0.0
27-12-2023,65.5,1081.0,63.2,777.0,71.88,16.0,16.0,0.0
28-12-2023,65.5,1081.0,63.2,777.0,71.88,16.0,16.0,0.0
29-12-2023,65.5,1081.0,63.2,777.0,71.88,16.0,16.0,0.0
30-12-2023,65.5,1081.0,63.2,777.0,71.88,16.0,16.0,0.0
31-12-2023,65.5,1081.0,63.2,777.0,71.88,16.0,16.0,0.0
01-01-2024,65.5,1081.0,63.2,777.0,71.88,16.0,16.0,0.0
02-01-2024,65.5,1081.0,63.2,777.0,71.88,16.0,16.0,0.0
03-01-2024,65.5,1081.0,63.2,777.0,71.88,16.0,16.0,0.0
04-01-2024,65.5,1081.0,63.2,777.0,71.88,16.0,16.0,0.0
05-01-2024,65.5,1081.0,63.2,777.0,71.88,16.0,16.0,0.0
06-01-2024,65.5,1081.0,63.2,777.0,71.88,16.0,16.0,0.0
07-01-2024,65.5,1081.0,63.2,777.0,71.88,16.0,16.0,0.0
08-01-2024,65.5,1081.0,63.3,784.0,72.53,97.0,16.0,29.0
09-01-2024,65.5,1081.0,63.38,789.0,72.99,74.0,16.0,2.0
10-01-2024,65.5,1081.0,63.41,791.0,73.17,39.0,16.0,0.0
11-01-2024,65.5,1081.0,63.41,791.0,73.17,16.0,16.0,0.0
12-01-2024,65.5,1081.0,63.41,791.0,73.17,16.0,16.0,0.0
13-01-2024,65.5,1081.0,63.41,791.0,73.17,16.0,16.0,0.0
14-01-2024,65.5,1081.0,63.41,791.0,73.17,16.0,16.0,0.0
15-01-2024,65.5,1081.0,63.41,791.0,73.17,16.0,16.0,0.0
16-01-2024,65.5,1081.0,63.41,791.0,73.17,16.0,16.0,0.0
17-01-2024,65.5,1081.0,63.41,791.0,73.17,16.0,16.0,0.0
18-01-2024,65.5,1081.0,63.41,791.0,73.17,16.0,16.0,0.0
19-01-2024,65.5,1081.0,63.41,791.0,73.17,16.0,16.0,0.0
20-01-2024,65.5,1081.0,63.39,790.0,73.08,0.0,16.0,0.0
21-01-2024,65.5,1081.0,63.38,789.0,72.99,0.0,16.0,0.0
22-01-2024,65.5,1081.0,63.36,788.0,72.9,0.0,16.0,0.0
23-01-2024,65.5,1081.0,63.35,787.0,72.8,0.0,16.0,0.0
24-01-2024,65.5,1081.0,63.32,785.0,72.62,0.0,16.0,0.0
25-01-2024,65.5,1081.0,63.3,784.0,72.53,0.0,16.0,0.0
26-01-2024,65.5,1081.0,63.27,782.0,72.34,0.0,16.0,0.0
27-01-2024,65.5,1081.0,63.26,781.0,72.25,0.0,16.0,0.0
28-01-2024,65.5,1081.0,63.25,780.0,72.16,0.0,16.0,0.0
29-01-2024,65.5,1081.0,63.24,779.0,72.06,0.0,16.0,0.0
30-01-2024,65.5,1081.0,63.22,778.0,71.97,0.0,16.0,0.0
31-01-2024,65.5,1081.0,63.2,777.0,71.88,0.0,16.0,0.0
01-02-2024,65.5,1081.0,63.19,776.0,71.79,0.0,16.0,0.0
02-02-2024,65.5,1081.0,63.18,775.0,71.69,0.0,16.0,0.0
03-02-2024,65.5,1081.0,63.16,774.0,71.6,0.0,16.0,0.0
04-02-2024,65.5,1081.0,63.15,773.0,71.51,0.0,16.0,0.0
05-02-2024,65.5,1081.0,63.13,772.0,71.42,0.0,16.0,0.0
06-02-2024,65.5,1081.0,63.12,771.0,71.32,0.0,16.0,0.0
07-02-2024,65.5,1081.0,63.1,770.0,71.23,0.0,16.0,0.0
08-02-2024,65.5,1081.0,63.09,769.0,71.14,0.0,16.0,0.0
09-02-2024,65.5,1081.0,63.07,768.0,71.05,0.0,16.0,0.0
10-02-2024,65.5,1081.0,63.0,767.0,70.95,0.0,16.0,0.0
11-02-2024,65.5,1081.0,63.04,766.0,70.86,0.0,16.0,0.0
12-02-2024,65.5,1081.0,63.02,765.0,70.77,0.0,16.0,0.0
13-02-2024,65.5,1081.0,63.01,764.0,70.68,0.0,16.0,0.0
14-02-2024,65.5,1081.0,63.0,763.0,70.58,0.0,16.0,0.0
15-02-2024,65.5,1081.0,62.98,762.0,70.49,0.0,16.0,0.0
16-02-2024,65.5,1081.0,62.97,761.0,70.4,0.0,16.0,0.0
17-02-2024,65.5,1081.0,62.95,760.0,70.31,0.0,16.0,0.0
18-02-2024,65.5,1081.0,62.94,759.0,70.21,0.0,16.0,0.0
19-02-2024,65.5,1081.0,62.92,758.0,70.12,0.0,16.0,0.0
20-02-2024,65.5,1081.0,62.91,757.0,70.03,0.0,16.0,0.0
21-02-2024,65.5,1081.0,62.89,756.0,69.94,0.0,16.0,0.0
22-02-2024,65.5,1081.0,62.88,755.0,69.84,0.0,16.0,0.0
23-02-2024,65.5,1081.0,62.86,754.0,69.75,0.0,16.0,0.0
24-02-2024,65.5,1081.0,62.85,753.0,69.66,0.0,16.0,0.0
25-02-2024,65.5,1081.0,62.83,752.0,69.57,0.0,16.0,0.0
26-02-2024,65.5,1081.0,62.82,751.0,69.47,0.0,16.0,0.0
27-02-2024,65.5,1081.0,62.8,750.0,69.38,0.0,16.0,0.0
28-02-2024,65.5,1081.0,62.79,749.0,69.29,0.0,16.0,0.0
29-02-2024,65.5,1081.0,62.77,748.0,69.2,0.0,16.0,0.0
01-03-2024,65.5,1081.0,62.76,747.0,69.1,0.0,16.0,0.0
02-03-2024,65.5,1081.0,62.74,746.0,69.01,0.0,16.0,0.0
03-03-2024,65.5,1081.0,62.73,745.0,68.92,0.0,16.0,0.0
04-03-2024,65.5,1081.0,62.71,744.0,68.83,0.0,16.0,0.0
05-03-2024,65.5,1081.0,62.7,743.0,68.73,0.0,16.0,0.0
06-03-2024,65.5,1081.0,62.14,707.0,65.4,0.0,416.0,0.0
07-03-2024,65.5,1081.0,61.58,671.0,62.07,0.0,416.0,0.0
08-03-2024,65.5,1081.0,60.78,623.0,57.63,0.0,551.0,0.0
09-03-2024,65.5,1081.0,59.98,575.0,53.19,0.0,551.0,0.0
10-03-2024,65.5,1081.0,59.18,530.0,49.03,0.0,551.0,0.0
11-03-2024,65.5,1081.0,58.4,488.0,45.14,0.0,551.0,0.0
12-03-2024,65.5,1081.0,57.7,452.0,41.81,0.0,546.0,0.0
13-03-2024,65.5,1081.0,56.99,417.0,38.58,0.0,546.0,0.0
14-03-2024,65.5,1081.0,56.64,382.0,35.34,0.0,546.0,0.0
15-03-2024,65.5,1081.0,55.69,357.0,33.02,0.0,546.0,0.0
16-03-2024,65.5,1081.0,54.99,326.0,30.16,0.0,546.0,0.0
17-03-2024,65.5,1081.0,54.28,296.0,27.38,0.0,546.0,0.0
18-03-2024,65.5,1081.0,53.89,280.0,25.9,0.0,546.0,0.0
19-03-2024,65.5,1081.0,53.2,253.0,23.4,0.0,523.0,0.0
20-03-2024,65.5,1081.0,52.39,223.0,20.63,0.0,463.0,0.0
21-03-2024,65.5,1081.0,52.27,218.0,20.17,0.0,8.0,0.0
22-03-2024,65.5,1081.0,52.27,218.0,20.17,0.0,8.0,0.0
23-03-2024,65.5,1081.0,52.27,218.0,20.17,0.0,8.0,0.0
24-03-2024,65.5,1081.0,52.27,218.0,20.17,0.0,8.0,0.0
25-03-2024,65.5,1081.0,52.27,218.0,20.17,0.0,8.0,0.0
26-03-2024,65.5,1081.0,52.27,218.0,20.17,0.0,8.0,0.0
27-03-2024,65.5,1081.0,52.27,218.0,20.17,0.0,8.0,0.0
28-03-2024,65.5,1081.0,52.27,218.0,20.17,0.0,8.0,0.0
29-03-2024,65.5,1081.0,52.27,218.0,20.17,0.0,8.0,0.0
30-03-2024,65.5,1081.0,52.27,218.0,20.17,0.0,8.0,0.0
31-03-2024,65.5,1081.0,52.27,218.0,20.17,0.0,8.0,0.0
01-04-2024,65.5,1081.0,52.27,218.0,20.17,0.0,8.0,0.0
02-04-2024,65.5,1081.0,52.27,218.0,20.17,0.0,8.0,0.0
03-04-2024,65.5,1081.0,52.27,218.0,20.17,0.0,8.0,0.0
04-04-2024,65.5,1081.0,52.27,218.0,20.17,0.0,8.0,0.0
05-04-2024,65.5,1081.0,52.27,218.0,20.17,0.0,8.0,0.0
06-04-2024,65.5,1081.0,52.27,218.0,20.17,0.0,8.0,0.0
07-04-2024,65.5,1081.0,52.27,218.0,20.17,0.0,8.0,0.0
08-04-2024,65.5,1081.0,52.27,218.0,20.17,0.0,8.0,0.0
09-04-2024,65.5,1081.0,52.27,218.0,20.17,0.0,8.0,0.0
10-04-2024,65.5,1081.0,52.24,217.0,20.07,0.0,8.0,0.0
11-04-2024,65.5,1081.0,52.24,217.0,20.07,0.0,8.0,0.0
12-04-2024,65.5,1081.0,52.21,216.0,19.98,0.0,8.0,0.0
13-04-2024,65.5,1081.0,52.21,216.0,19.98,0.0,8.0,0.0
14-04-2024,65.5,1081.0,52.21,216.0,19.98,0.0,8.0,0.0
15-04-2024,65.5,1081.0,52.21,216.0,19.98,0.0,8.0,0.0
16-04-2024,65.5,1081.0,52.21,216.0,19.98,0.0,8.0,0.0
17-04-2024,65.5,1081.0,52.18,215.0,19.89,0.0,8.0,0.0
18-04-2024,65.5,1081.0,52.18,215.0,19.89,0.0,8.0,0.0
19-04-2024,65.5,1081.0,52.18,215.0,19.89,0.0,8.0,0.0
20-04-2024,65.5,1081.0,52.18,215.0,19.89,0.0,8.0,0.0
21-04-2024,65.5,1081.0,51.76,200.0,18.5,0.0,208.0,0.0
22-04-2024,65.5,1081.0,51.39,187.0,17.3,0.0,208.0,0.0
23-04-2024,65.5,1081.0,50.98,173.0,16.0,0.0,208.0,0.0
24-04-2024,65.5,1081.0,50.54,159.0,14.71,0.0,208.0,0.0
25-04-2024,65.5,1081.0,50.07,145.0,13.41,0.0,208.0,0.0
26-04-2024,65.5,1081.0,49.58,130.0,12.03,0.0,208.0,0.0
27-04-2024,65.5,1081.0,49.14,118.0,10.92,0.0,168.0,0.0
28-04-2024,65.5,1081.0,48.84,110.0,10.18,0.0,118.0,0.0
29-04-2024,65.5,1081.0,48.78,108.0,9.99,0.0,23.0,0.0
30-04-2024,65.5,1081.0,48.78,108.0,9.99,0.0,8.0,0.0
01-05-2024,65.5,1081.0,48.78,108.0,9.99,0.0,8.0,0.0
02-05-2024,65.5,1081.0,48.78,108.0,9.99,0.0,8.0,0.0
03-05-2024,65.5,1081.0,48.78,108.0,9.99,0.0,8.0,0.0
04-05-2024,65.5,1081.0,48.78,108.0,9.99,0.0,8.0,0.0
05-05-2024,65.5,1081.0,48.78,108.0,9.99,0.0,8.0,0.0
06-05-2024,65.5,1081.0,48.74,107.0,9.9,0.0,8.0,0.0
07-05-2024,65.5,1081.0,48.74,107.0,9.9,0.0,8.0,0.0
08-05-2024,65.5,1081.0,48.74,107.0,9.9,0.0,8.0,0.0
09-05-2024,65.5,1081.0,48.74,107.0,9.9,0.0,8.0,0.0
10-05-2024,65.5,1081.0,48.7,106.0,9.81,0.0,8.0,0.0
11-05-2024,65.5,1081.0,48.7,106.0,9.81,0.0,8.0,2.0
12-05-2024,65.5,1081.0,48.7,106.0,9.81,0.0,8.0,0.0
13-05-2024,65.5,1081.0,48.7,106.0,9.81,0.0,8.0,0.0
14-05-2024,65.5,1081.0,48.66,105.0,9.71,0.0,8.0,0.0
15-05-2024,65.5,1081.0,48.66,105.0,9.71,0.0,8.0,0.0
16-05-2024,65.5,1081.0,48.66,105.0,9.71,0.0,8.0,0.0
17-05-2024,65.5,1081.0,48.66,105.0,9.71,0.0,8.0,5.0
18-05-2024,65.5,1081.0,48.66,105.0,9.71,0.0,8.0,0.0
19-05-2024,65.5,1081.0,48.62,104.0,9.62,0.0,8.0,4.0
20-05-2024,65.5,1081.0,48.62,104.0,9.62,0.0,8.0,0.0
21-05-2024,65.5,1081.0,48.62,104.0,9.62,0.0,8.0,0.0
22-05-2024,65.5,1081.0,48.62,104.0,9.62,0.0,8.0,0.0
23-05-2024,65.5,1081.0,48.62,104.0,9.62,0.0,8.0,0.0
24-05-2024,65.5,1081.0,48.62,104.0,9.62,0.0,8.0,0.0
25-05-2024,65.5,1081.0,48.62,104.0,9.62,0.0,8.0,0.0
26-05-2024,65.5,1081.0,48.62,104.0,9.62,0.0,8.0,0.0
27-05-2024,65.5,1081.0,48.62,104.0,9.62,0.0,8.0,0.0
28-05-2024,65.5,1081.0,48.62,104.0,9.62,0.0,8.0,0.0
29-05-2024,65.5,1081.0,48.62,104.0,9.62,0.0,8.0,0.0
30-05-2024,65.5,1081.0,48.62,104.0,9.62,0.0,8.0,0.0
31-05-2024,65.5,1081.0,48.62,104.0,9.62,0.0,8.0,0.0
01-06-2024,65.5,1081.0,48.62,104.0,9.62,0.0,8.0,0.0
02-06-2024,65.5,1081.0,48.62,104.0,9.62,0.0,8.0,0.0
03-06-2024,65.5,1081.0,48.62,104.0,9.62,0.0,8.0,0.0
04-06-2024,65.5,1081.0,48.62,104.0,9.62,0.0,8.0,0.0
05-06-2024,65.5,1081.0,48.62,104.0,9.62,0.0,8.0,27.0
06-06-2024,65.5,1081.0,48.62,104.0,9.62,0.0,8.0,5.0
07-06-2024,65.5,1081.0,48.62,104.0,9.62,0.0,8.0,26.0
08-06-2024,65.5,1081.0,48.74,107.0,9.9,43.0,8.0,21.0
09-06-2024,65.5,1081.0,48.74,107.0,9.9,8.0,8.0,0.0
10-06-2024,65.5,1081.0,48.74,107.0,9.9,8.0,8.0,0.0
11-06-2024,65.5,1081.0,48.74,107.0,9.9,0.0,8.0,0.0
12-06-2024,65.5,1081.0,48.74,107.0,9.9,0.0,8.0,21.0
13-06-2024,65.5,1081.0,48.85,110.0,10.18,43.0,8.0,35.0
14-06-2024,65.5,1081.0,48.97,113.0,10.45,43.0,8.0,0.0
15-06-2024,65.5,1081.0,48.97,113.0,10.45,8.0,8.0,0.0
16-06-2024,65.5,1081.0,48.97,113.0,10.45,8.0,8.0,0.0
17-06-2024,65.5,1081.0,48.97,113.0,10.45,8.0,8.0,10.0
18-06-2024,65.5,1081.0,49.08,116.0,10.73,43.0,8.0,12.0
19-06-2024,65.5,1081.0,49.29,122.0,11.29,77.0,8.0,21.0
20-06-2024,65.5,1081.0,49.35,124.0,11.47,28.0,5.0,5.2
21-06-2024,65.5,1081.0,49.35,124.0,11.47,5.0,5.0,1.0
22-06-2024,65.5,1081.0,49.35,124.0,11.47,5.0,5.0,0.0
23-06-2024,65.5,1081.0,49.35,124.0,11.47,5.0,5.0,0.0
23-06-2024,65.5,1081.0,49.35,124.0,11.47,5.0,5.0,0.0
23-06-2024,65.5,1081.0,49.35,124.0,11.47,5.0,5.0,0.0
23-06-2024,65.5,1081.0,49.35,124.0,11.47,5.0,5.0,0.0
23-06-2024,65.5,1081.0,49.35,124.0,11.47,5.0,5.0,0.0
23-06-2024,65.5,1081.0,49.35,124.0,11.47,5.0,5.0,0.0
24-06-2024,65.5,1081.0,49.35,124.0,11.47,5.0,5.0,0.0
25-06-2024,65.5,1081.0,49.35,124.0,11.47,5.0,5.0,0.0
26-06-2024,65.5,1081.0,49.35,124.0,11.47,5.0,5.0,0.0
27-06-2024,65.5,1081.0,49.35,124.0,11.47,5.0,5.0,0.0
28-06-2024,65.5,1081.0,49.35,124.0,11.47,5.0,5.0,0.0
29-06-2024,65.5,1081.0,49.35,124.0,11.47,5.0,5.0,0.0
30-06-2024,65.5,1081.0,49.35,124.0,11.47,5.0,5.0,0.0
01-07-2024,65.5,1081.0,49.35,124.0,11.47,5.0,5.0,2.0
02-07-2024,65.5,1081.0,49.35,124.0,11.47,5.0,5.0,0.0
03-07-2024,65.5,1081.0,49.35,124.0,11.47,0.0,4.0,0.0
04-07-2024,65.5,1081.0,49.49,128.0,11.84,49.0,3.0,42.0
05-07-2024,65.5,1081.0,49.49,128.0,11.84,3.0,3.0,0.0
06-07-2024,65.5,1081.0,49.53,129.0,11.93,15.0,3.0,13.8
07-07-2024,65.5,1081.0,49.53,129.0,11.93,3.0,3.0,0.0
08-07-2024,65.5,1081.0,49.53,129.0,11.93,3.0,3.0,12.0
09-07-2024,65.5,1081.0,49.53,129.0,11.93,0.0,3.0,0.0
10-07-2024,65.5,1081.0,49.53,129.0,11.93,0.0,3.0,0.0
11-07-2024,65.5,1081.0,49.56,130.0,12.03,15.0,3.0,54.0
12-07-2024,65.5,1081.0,49.56,130.0,12.03,0.0,3.0,0.0
13-07-2024,65.5,1081.0,49.7,134.0,12.4,49.0,3.0,57.0
14-07-2024,65.5,1081.0,49.77,136.0,12.58,26.0,3.0,1.0
15-07-2024,65.5,1081.0,49.77,136.0,12.58,3.0,3.0,1.8
16-07-2024,65.5,1081.0,49.77,136.0,12.58,3.0,3.0,4.2
17-07-2024,65.5,1081.0,49.7,134.0,12.4,0.0,23.0,0.0
18-07-2024,65.5,1081.0,49.63,132.0,12.21,0.0,23.0,2.0
19-07-2024,65.5,1081.0,49.56,130.0,12.03,0.0,23.0,0.0
20-07-2024,65.5,1081.0,49.49,128.0,11.84,0.0,23.0,0.0
21-07-2024,65.5,1081.0,49.42,126.0,11.66,0.0,23.0,0.0
22-07-2024,65.5,1081.0,49.35,124.0,11.47,0.0,23.0,0.4
23-07-2024,65.5,1081.0,49.28,122.0,11.29,0.0,23.0,0.0
24-07-2024,65.5,1081.0,49.21,120.0,11.1,0.0,23.0,0.0
25-07-2024,65.5,1081.0,49.14,118.0,10.92,0.0,23.0,0.0
26-07-2024,65.5,1081.0,49.07,116.0,10.73,0.0,23.0,0.6
27-07-2024,65.5,1081.0,48.99,114.0,10.55,0.0,18.0,0.0
28-07-2024,65.5,1081.0,48.92,112.0,10.36,0.0,18.0,0.0
29-07-2024,65.5,1081.0,48.84,110.0,10.18,0.0,18.0,0.0
30-07-2024,65.5,1081.0,48.77,108.0,9.99,0.0,18.0,8.0
31-07-2024,65.5,1081.0,48.73,107.0,9.9,0.0,12.0,0.0
01-08-2024,65.5,1081.0,48.7,106.0,9.81,0.0,12.0,0.0
02-08-2024,65.5,1081.0,48.66,105.0,9.71,0.0,12.0,0.0
03-08-2024,65.5,1081.0,48.62,104.0,9.62,0.0,12.0,3.0
04-08-2024,65.5,1081.0,48.58,103.0,9.53,0.0,12.0,1.0
05-08-2024,65.5,1081.0,48.54,102.0,9.44,0.0,12.0,22.6
06-08-2024,65.5,1081.0,48.51,101.0,9.34,0.0,12.0,11.4
07-08-2024,65.5,1081.0,48.47,100.0,9.25,0.0,12.0,1.0
08-08-2024,65.5,1081.0,48.43,99.0,9.16,0.0,12.0,8.0
09-08-2024,65.5,1081.0,48.39,98.0,9.07,0.0,12.0,1.6
10-08-2024,65.5,1081.0,48.35,97.0,8.97,0.0,12.0,6.6
11-08-2024,65.5,1081.0,48.31,96.0,8.88,0.0,12.0,0.0
12-08-2024,65.5,1081.0,48.27,95.0,8.79,0.0,12.0,0.0
13-08-2024,65.5,1081.0,48.23,94.0,8.7,0.0,12.0,0.0
14-08-2024,65.5,1081.0,48.19,93.0,8.6,0.0,12.0,0.0
15-08-2024,65.5,1081.0,48.15,92.0,8.51,0.0,12.0,0.0
16-08-2024,65.5,1081.0,48.11,91.0,8.42,0.0,12.0,0.0
17-08-2024,65.5,1081.0,48.08,90.0,8.33,0.0,12.0,4.4
18-08-2024,65.5,1081.0,48.0,88.0,8.14,0.0,20.0,3.0
19-08-2024,65.5,1081.0,47.91,86.0,7.96,0.0,20.0,0.0
20-08-2024,65.5,1081.0,47.83,84.0,7.77,0.0,20.0,0.0
21-08-2024,65.5,1081.0,47.74,82.0,7.59,0.0,20.0,0.0
22-08-2024,65.5,1081.0,47.66,80.0,7.4,0.0,20.0,0.0
23-08-2024,65.5,1081.0,47.58,78.0,7.22,0.0,20.0,0.0
24-08-2024,65.5,1081.0,47.49,76.0,7.03,0.0,20.0,0.0
25-08-2024,65.5,1081.0,47.4,74.0,6.85,0.0,20.0,0.0
26-08-2024,65.5,1081.0,47.32,72.0,6.66,0.0,20.0,0.0
27-08-2024,65.5,1081.0,47.23,70.0,6.48,0.0,20.0,0.0
28-08-2024,65.5,1081.0,47.16,68.0,6.29,0.0,20.0,4.2
29-08-2024,65.5,1081.0,47.06,66.0,6.11,0.0,20.0,1.0
30-08-2024,65.5,1081.0,46.97,64.0,5.92,0.0,20.0,0.0
