Date,Full Tank Level (ft.),Full Capacity (mcft),Level (ft),Storage (mcft),Storage Level (%),Inflow (cusecs),Outflow (cusecs),Rainfall (mm)
01-01-2004,115.35,500.0,0.0,0.0,0.0,0.0,0.0,0.0
02-01-2004,115.35,500.0,0.0,0.0,0.0,0.0,0.0,0.0
03-01-2004,115.35,500.0,0.0,0.0,0.0,0.0,0.0,0.0
04-01-2004,115.35,500.0,0.0,0.0,0.0,0.0,0.0,0.0
05-01-2004,115.35,500.0,0.0,0.0,0.0,0.0,0.0,0.0
06-01-2004,115.35,500.0,0.0,0.0,0.0,0.0,0.0,0.0
07-01-2004,115.35,500.0,0.0,0.0,0.0,0.0,0.0,0.0
08-01-2004,115.35,500.0,0.0,0.0,0.0,0.0,0.0,0.0
09-01-2004,115.35,500.0,0.0,0.0,0.0,0.0,0.0,0.0
10-01-2004,115.35,500.0,0.0,0.0,0.0,0.0,0.0,0.0
11-01-2004,115.35,500.0,0.0,0.0,0.0,0.0,0.0,0.0
12-01-2004,115.35,500.0,0.0,0.0,0.0,0.0,0.0,0.0
13-01-2004,115.35,500.0,0.0,0.0,0.0,0.0,0.0,0.0
14-01-2004,115.35,500.0,0.0,0.0,0.0,0.0,0.0,0.0
15-01-2004,115.35,500.0,0.0,0.0,0.0,0.0,0.0,0.0
16-01-2004,115.35,500.0,0.0,0.0,0.0,0.0,0.0,0.0
17-01-2004,115.35,500.0,0.0,0.0,0.0,0.0,0.0,0.0
18-01-2004,115.35,500.0,0.0,0.0,0.0,0.0,0.0,0.0
19-01-2004,115.35,500.0,0.0,0.0,0.0,0.0,0.0,0.0
20-01-2004,115.35,500.0,0.0,0.0,0.0,0.0,0.0,0.0
21-01-2004,115.35,500.0,0.0,0.0,0.0,0.0,0.0,0.0
22-01-2004,115.35,500.0,0.0,0.0,0.0,0.0,0.0,0.0
23-01-2004,115.35,500.0,0.0,0.0,0.0,0.0,0.0,0.0
24-01-2004,115.35,500.0,0.0,0.0,0.0,0.0,0.0,0.0
25-01-2004,115.35,500.0,0.0,0.0,0.0,0.0,0.0,0.0
26-01-2004,115.35,500.0,0.0,0.0,0.0,0.0,0.0,0.0
27-01-2004,115.35,500.0,0.0,0.0,0.0,0.0,0.0,0.0
28-01-2004,115.35,500.0,0.0,0.0,0.0,0.0,0.0,0.0
29-01-2004,115.35,500.0,0.0,0.0,0.0,0.0,0.0,0.0
30-01-2004,115.35,500.0,0.0,0.0,0.0,0.0,0.0,0.0
31-01-2004,115.35,500.0,0.0,0.0,0.0,0.0,0.0,0.0
01-02-2004,115.35,500.0,0.0,0.0,0.0,0.0,0.0,0.0
02-02-2004,115.35,500.0,0.0,0.0,0.0,0.0,0.0,0.0
03-02-2004,115.35,500.0,0.0,0.0,0.0,0.0,0.0,0.0
04-02-2004,115.35,500.0,0.0,0.0,0.0,0.0,0.0,0.0
05-02-2004,115.35,500.0,0.0,0.0,0.0,0.0,0.0,0.0
06-02-2004,115.35,500.0,0.0,0.0,0.0,0.0,0.0,0.0
07-02-2004,115.35,500.0,0.0,0.0,0.0,0.0,0.0,0.0
08-02-2004,115.35,500.0,0.0,0.0,0.0,0.0,0.0,0.0
09-02-2004,115.35,500.0,0.0,0.0,0.0,0.0,0.0,0.0
10-02-2004,115.35,500.0,0.0,0.0,0.0,0.0,0.0,0.0
11-02-2004,115.35,500.0,0.0,0.0,0.0,0.0,0.0,0.0
12-02-2004,115.35,500.0,0.0,0.0,0.0,0.0,0.0,0.0
13-02-2004,115.35,500.0,0.0,0.0,0.0,0.0,0.0,0.0
14-02-2004,115.35,500.0,0.0,0.0,0.0,0.0,0.0,0.0
15-02-2004,115.35,500.0,0.0,0.0,0.0,0.0,0.0,0.0
16-02-2004,115.35,500.0,0.0,0.0,0.0,0.0,0.0,0.0
17-02-2004,115.35,500.0,0.0,0.0,0.0,0.0,0.0,0.0
18-02-2004,115.35,500.0,0.0,0.0,0.0,0.0,0.0,0.0
19-02-2004,115.35,500.0,0.0,0.0,0.0,0.0,0.0,0.0
20-02-2004,115.35,500.0,0.0,0.0,0.0,0.0,0.0,0.0
21-02-2004,115.35,500.0,0.0,0.0,0.0,0.0,0.0,0.0
22-02-2004,115.35,500.0,0.0,0.0,0.0,0.0,0.0,0.0
23-02-2004,115.35,500.0,0.0,0.0,0.0,0.0,0.0,0.0
24-02-2004,115.35,500.0,0.0,0.0,0.0,0.0,0.0,0.0
25-02-2004,115.35,500.0,0.0,0.0,0.0,0.0,0.0,0.0
26-02-2004,115.35,500.0,0.0,0.0,0.0,0.0,0.0,0.0
27-02-2004,115.35,500.0,0.0,0.0,0.0,0.0,0.0,0.0
28-02-2004,115.35,500.0,0.0,0.0,0.0,0.0,0.0,0.0
29-02-2004,115.35,500.0,0.0,0.0,0.0,0.0,0.0,0.0
01-03-2004,115.35,500.0,0.0,0.0,0.0,0.0,0.0,0.0
02-03-2004,115.35,500.0,0.0,0.0,0.0,0.0,0.0,0.0
03-03-2004,115.35,500.0,0.0,0.0,0.0,0.0,0.0,0.0
04-03-2004,115.35,500.0,0.0,0.0,0.0,0.0,0.0,0.0
05-03-2004,115.35,500.0,0.0,0.0,0.0,0.0,0.0,0.0
06-03-2004,115.35,500.0,0.0,0.0,0.0,0.0,0.0,0.0
07-03-2004,115.35,500.0,0.0,0.0,0.0,0.0,0.0,0.0
08-03-2004,115.35,500.0,0.0,0.0,0.0,0.0,0.0,0.0
09-03-2004,115.35,500.0,0.0,0.0,0.0,0.0,0.0,0.0
10-03-2004,115.35,500.0,0.0,0.0,0.0,0.0,0.0,0.0
11-03-2004,115.35,500.0,0.0,0.0,0.0,0.0,0.0,0.0
12-03-2004,115.35,500.0,0.0,0.0,0.0,0.0,0.0,0.0
13-03-2004,115.35,500.0,0.0,0.0,0.0,0.0,0.0,0.0
14-03-2004,115.35,500.0,0.0,0.0,0.0,0.0,0.0,0.0
15-03-2004,115.35,500.0,0.0,0.0,0.0,0.0,0.0,0.0
16-03-2004,115.35,500.0,0.0,0.0,0.0,0.0,0.0,0.0
17-03-2004,115.35,500.0,0.0,0.0,0.0,0.0,0.0,0.0
18-03-2004,115.35,500.0,0.0,0.0,0.0,0.0,0.0,0.0
19-03-2004,115.35,500.0,0.0,0.0,0.0,0.0,0.0,0.0
20-03-2004,115.35,500.0,0.0,0.0,0.0,0.0,0.0,0.0
21-03-2004,115.35,500.0,0.0,0.0,0.0,0.0,0.0,0.0
22-03-2004,115.35,500.0,0.0,0.0,0.0,0.0,0.0,0.0
23-03-2004,115.35,500.0,0.0,0.0,0.0,0.0,0.0,0.0
24-03-2004,115.35,500.0,0.0,0.0,0.0,0.0,0.0,0.0
25-03-2004,115.35,500.0,0.0,0.0,0.0,0.0,0.0,0.0
26-03-2004,115.35,500.0,0.0,0.0,0.0,0.0,0.0,0.0
27-03-2004,115.35,500.0,0.0,0.0,0.0,0.0,0.0,0.0
28-03-2004,115.35,500.0,0.0,0.0,0.0,0.0,0.0,0.0
29-03-2004,115.35,500.0,0.0,0.0,0.0,0.0,0.0,0.0
30-03-2004,115.35,500.0,0.0,0.0,0.0,0.0,0.0,0.0
31-03-2004,115.35,500.0,0.0,0.0,0.0,0.0,0.0,0.0
01-04-2004,115.35,500.0,0.0,0.0,0.0,0.0,0.0,0.0
02-04-2004,115.35,500.0,0.0,0.0,0.0,0.0,0.0,0.0
03-04-2004,115.35,500.0,0.0,0.0,0.0,0.0,0.0,0.0
04-04-2004,115.35,500.0,0.0,0.0,0.0,0.0,0.0,0.0
05-04-2004,115.35,500.0,0.0,0.0,0.0,0.0,0.0,0.0
06-04-2004,115.35,500.0,0.0,0.0,0.0,0.0,0.0,0.0
07-04-2004,115.35,500.0,0.0,0.0,0.0,0.0,0.0,0.0
08-04-2004,115.35,500.0,0.0,0.0,0.0,0.0,0.0,0.0
09-04-2004,115.35,500.0,0.0,0.0,0.0,0.0,0.0,0.0
10-04-2004,115.35,500.0,0.0,0.0,0.0,0.0,0.0,0.0
11-04-2004,115.35,500.0,0.0,0.0,0.0,0.0,0.0,0.0
12-04-2004,115.35,500.0,0.0,0.0,0.0,0.0,0.0,0.0
13-04-2004,115.35,500.0,0.0,0.0,0.0,0.0,0.0,0.0
14-04-2004,115.35,500.0,0.0,0.0,0.0,0.0,0.0,0.0
15-04-2004,115.35,500.0,0.0,0.0,0.0,0.0,0.0,0.0
16-04-2004,115.35,500.0,0.0,0.0,0.0,0.0,0.0,0.0
17-04-2004,115.35,500.0,0.0,0.0,0.0,0.0,0.0,0.0
18-04-2004,115.35,500.0,0.0,0.0,0.0,0.0,0.0,0.0
19-04-2004,115.35,500.0,0.0,0.0,0.0,0.0,0.0,0.0
20-04-2004,115.35,500.0,0.0,0.0,0.0,0.0,0.0,0.0
21-04-2004,115.35,500.0,0.0,0.0,0.0,0.0,0.0,0.0
22-04-2004,115.35,500.0,0.0,0.0,0.0,0.0,0.0,0.0
23-04-2004,115.35,500.0,0.0,0.0,0.0,0.0,0.0,0.0
24-04-2004,115.35,500.0,0.0,0.0,0.0,0.0,0.0,0.0
25-04-2004,115.35,500.0,0.0,0.0,0.0,0.0,0.0,0.0
26-04-2004,115.35,500.0,0.0,0.0,0.0,0.0,0.0,0.0
27-04-2004,115.35,500.0,0.0,0.0,0.0,0.0,0.0,0.0
28-04-2004,115.35,500.0,0.0,0.0,0.0,0.0,0.0,0.0
29-04-2004,115.35,500.0,0.0,0.0,0.0,0.0,0.0,0.0
30-04-2004,115.35,500.0,0.0,0.0,0.0,0.0,0.0,0.0
01-05-2004,115.35,500.0,0.0,0.0,0.0,0.0,0.0,0.0
02-05-2004,115.35,500.0,0.0,0.0,0.0,0.0,0.0,0.0
03-05-2004,115.35,500.0,0.0,0.0,0.0,0.0,0.0,0.0
04-05-2004,115.35,500.0,0.0,0.0,0.0,0.0,0.0,0.0
05-05-2004,115.35,500.0,0.0,0.0,0.0,0.0,0.0,0.0
06-05-2004,115.35,500.0,0.0,0.0,0.0,0.0,0.0,0.0
07-05-2004,115.35,500.0,0.0,0.0,0.0,0.0,0.0,0.0
08-05-2004,115.35,500.0,0.0,0.0,0.0,0.0,0.0,0.0
09-05-2004,115.35,500.0,0.0,0.0,0.0,0.0,0.0,0.0
10-05-2004,115.35,500.0,0.0,0.0,0.0,0.0,0.0,0.0
11-05-2004,115.35,500.0,0.0,0.0,0.0,0.0,0.0,0.0
12-05-2004,115.35,500.0,0.0,0.0,0.0,0.0,0.0,0.0
13-05-2004,115.35,500.0,0.0,0.0,0.0,0.0,0.0,0.0
14-05-2004,115.35,500.0,0.0,0.0,0.0,0.0,0.0,0.0
15-05-2004,115.35,500.0,0.0,0.0,0.0,0.0,0.0,0.0
16-05-2004,115.35,500.0,0.0,0.0,0.0,0.0,0.0,0.0
17-05-2004,115.35,500.0,0.0,0.0,0.0,0.0,0.0,0.0
18-05-2004,115.35,500.0,0.0,0.0,0.0,0.0,0.0,0.0
19-05-2004,115.35,500.0,0.0,0.0,0.0,0.0,0.0,0.0
20-05-2004,115.35,500.0,0.0,0.0,0.0,0.0,0.0,0.0
21-05-2004,115.35,500.0,0.0,0.0,0.0,0.0,0.0,0.0
22-05-2004,115.35,500.0,0.0,0.0,0.0,0.0,0.0,0.0
23-05-2004,115.35,500.0,0.0,0.0,0.0,0.0,0.0,0.0
24-05-2004,115.35,500.0,0.0,0.0,0.0,0.0,0.0,0.0
25-05-2004,115.35,500.0,0.0,0.0,0.0,0.0,0.0,0.0
26-05-2004,115.35,500.0,0.0,0.0,0.0,0.0,0.0,0.0
27-05-2004,115.35,500.0,0.0,0.0,0.0,0.0,0.0,0.0
28-05-2004,115.35,500.0,0.0,0.0,0.0,0.0,0.0,0.0
29-05-2004,115.35,500.0,0.0,0.0,0.0,0.0,0.0,0.0
30-05-2004,115.35,500.0,0.0,0.0,0.0,0.0,0.0,0.0
31-05-2004,115.35,500.0,0.0,0.0,0.0,0.0,0.0,0.0
01-06-2004,115.35,500.0,0.0,0.0,0.0,0.0,0.0,0.0
02-06-2004,115.35,500.0,0.0,0.0,0.0,0.0,0.0,0.0
03-06-2004,115.35,500.0,0.0,0.0,0.0,0.0,0.0,0.0
04-06-2004,115.35,500.0,0.0,0.0,0.0,0.0,0.0,0.0
05-06-2004,115.35,500.0,0.0,0.0,0.0,0.0,0.0,0.0
06-06-2004,115.35,500.0,0.0,0.0,0.0,0.0,0.0,0.0
07-06-2004,115.35,500.0,0.0,0.0,0.0,0.0,0.0,0.0
08-06-2004,115.35,500.0,0.0,0.0,0.0,0.0,0.0,0.0
09-06-2004,115.35,500.0,0.0,0.0,0.0,0.0,0.0,0.0
10-06-2004,115.35,500.0,0.0,0.0,0.0,0.0,0.0,0.0
11-06-2004,115.35,500.0,0.0,0.0,0.0,0.0,0.0,0.0
12-06-2004,115.35,500.0,0.0,0.0,0.0,0.0,0.0,0.0
13-06-2004,115.35,500.0,0.0,0.0,0.0,0.0,0.0,0.0
14-06-2004,115.35,500.0,0.0,0.0,0.0,0.0,0.0,0.0
15-06-2004,115.35,500.0,0.0,0.0,0.0,0.0,0.0,0.0
16-06-2004,115.35,500.0,0.0,0.0,0.0,0.0,0.0,0.0
17-06-2004,115.35,500.0,0.0,0.0,0.0,0.0,0.0,0.0
18-06-2004,115.35,500.0,0.0,0.0,0.0,0.0,0.0,0.0
19-06-2004,115.35,500.0,0.0,0.0,0.0,0.0,0.0,0.0
20-06-2004,115.35,500.0,0.0,0.0,0.0,0.0,0.0,0.0
21-06-2004,115.35,500.0,0.0,0.0,0.0,0.0,0.0,0.0
22-06-2004,115.35,500.0,0.0,0.0,0.0,0.0,0.0,0.0
23-06-2004,115.35,500.0,0.0,0.0,0.0,0.0,0.0,0.0
24-06-2004,115.35,500.0,0.0,0.0,0.0,0.0,0.0,0.0
25-06-2004,115.35,500.0,0.0,0.0,0.0,0.0,0.0,0.0
26-06-2004,115.35,500.0,0.0,0.0,0.0,0.0,0.0,0.0
27-06-2004,115.35,500.0,0.0,0.0,0.0,0.0,0.0,0.0
28-06-2004,115.35,500.0,0.0,0.0,0.0,0.0,0.0,0.0
29-06-2004,115.35,500.0,0.0,0.0,0.0,0.0,0.0,0.0
30-06-2004,115.35,500.0,0.0,0.0,0.0,0.0,0.0,0.0
01-07-2004,115.35,500.0,0.0,0.0,0.0,0.0,0.0,0.0
02-07-2004,115.35,500.0,0.0,0.0,0.0,0.0,0.0,0.0
03-07-2004,115.35,500.0,0.0,0.0,0.0,0.0,0.0,0.0
04-07-2004,115.35,500.0,0.0,0.0,0.0,0.0,0.0,0.0
05-07-2004,115.35,500.0,0.0,0.0,0.0,0.0,0.0,0.0
06-07-2004,115.35,500.0,0.0,0.0,0.0,0.0,0.0,0.0
07-07-2004,115.35,500.0,0.0,0.0,0.0,0.0,0.0,0.0
08-07-2004,115.35,500.0,0.0,0.0,0.0,0.0,0.0,0.0
09-07-2004,115.35,500.0,0.0,0.0,0.0,0.0,0.0,0.0
10-07-2004,115.35,500.0,0.0,0.0,0.0,0.0,0.0,0.0
11-07-2004,115.35,500.0,0.0,0.0,0.0,0.0,0.0,0.0
12-07-2004,115.35,500.0,0.0,0.0,0.0,0.0,0.0,0.0
13-07-2004,115.35,500.0,0.0,0.0,0.0,0.0,0.0,0.0
14-07-2004,115.35,500.0,0.0,0.0,0.0,0.0,0.0,0.0
15-07-2004,115.35,500.0,0.0,0.0,0.0,0.0,0.0,0.0
16-07-2004,115.35,500.0,0.0,0.0,0.0,0.0,0.0,0.0
17-07-2004,115.35,500.0,0.0,0.0,0.0,0.0,0.0,0.0
18-07-2004,115.35,500.0,0.0,0.0,0.0,0.0,0.0,0.0
19-07-2004,115.35,500.0,0.0,0.0,0.0,0.0,0.0,0.0
20-07-2004,115.35,500.0,0.0,0.0,0.0,0.0,0.0,0.0
21-07-2004,115.35,500.0,0.0,0.0,0.0,0.0,0.0,0.0
22-07-2004,115.35,500.0,0.0,0.0,0.0,0.0,0.0,0.0
23-07-2004,115.35,500.0,0.0,0.0,0.0,0.0,0.0,0.0
24-07-2004,115.35,500.0,0.0,0.0,0.0,0.0,0.0,0.0
25-07-2004,115.35,500.0,0.0,0.0,0.0,0.0,0.0,0.0
26-07-2004,115.35,500.0,0.0,0.0,0.0,0.0,0.0,0.0
27-07-2004,115.35,500.0,0.0,0.0,0.0,0.0,0.0,0.0
28-07-2004,115.35,500.0,0.0,0.0,0.0,0.0,0.0,0.0
29-07-2004,115.35,500.0,0.0,0.0,0.0,0.0,0.0,0.0
30-07-2004,115.35,500.0,0.0,0.0,0.0,0.0,0.0,0.0
31-07-2004,115.35,500.0,0.0,0.0,0.0,0.0,0.0,0.0
01-08-2004,115.35,500.0,0.0,0.0,0.0,0.0,0.0,0.0
02-08-2004,115.35,500.0,0.0,0.0,0.0,0.0,0.0,0.0
03-08-2004,115.35,500.0,0.0,0.0,0.0,0.0,0.0,0.0
04-08-2004,115.35,500.0,0.0,0.0,0.0,0.0,0.0,0.0
05-08-2004,115.35,500.0,0.0,0.0,0.0,0.0,0.0,0.0
06-08-2004,115.35,500.0,0.0,0.0,0.0,0.0,0.0,0.0
07-08-2004,115.35,500.0,0.0,0.0,0.0,0.0,0.0,0.0
08-08-2004,115.35,500.0,0.0,0.0,0.0,0.0,0.0,0.0
09-08-2004,115.35,500.0,0.0,0.0,0.0,0.0,0.0,0.0
10-08-2004,115.35,500.0,0.0,0.0,0.0,0.0,0.0,0.0
11-08-2004,115.35,500.0,0.0,0.0,0.0,0.0,0.0,0.0
12-08-2004,115.35,500.0,0.0,0.0,0.0,0.0,0.0,0.0
13-08-2004,115.35,500.0,0.0,0.0,0.0,0.0,0.0,0.0
14-08-2004,115.35,500.0,0.0,0.0,0.0,0.0,0.0,0.0
15-08-2004,115.35,500.0,0.0,0.0,0.0,0.0,0.0,0.0
16-08-2004,115.35,500.0,0.0,0.0,0.0,0.0,0.0,0.0
17-08-2004,115.35,500.0,0.0,0.0,0.0,0.0,0.0,0.0
18-08-2004,115.35,500.0,0.0,0.0,0.0,0.0,0.0,0.0
19-08-2004,115.35,500.0,0.0,0.0,0.0,0.0,0.0,0.0
20-08-2004,115.35,500.0,0.0,0.0,0.0,0.0,0.0,0.0
21-08-2004,115.35,500.0,0.0,0.0,0.0,0.0,0.0,0.0
22-08-2004,115.35,500.0,0.0,0.0,0.0,0.0,0.0,0.0
23-08-2004,115.35,500.0,0.0,0.0,0.0,0.0,0.0,0.0
24-08-2004,115.35,500.0,0.0,0.0,0.0,0.0,0.0,0.0
25-08-2004,115.35,500.0,0.0,0.0,0.0,0.0,0.0,0.0
26-08-2004,115.35,500.0,0.0,0.0,0.0,0.0,0.0,0.0
27-08-2004,115.35,500.0,0.0,0.0,0.0,0.0,0.0,0.0
28-08-2004,115.35,500.0,0.0,0.0,0.0,0.0,0.0,0.0
29-08-2004,115.35,500.0,0.0,0.0,0.0,0.0,0.0,0.0
30-08-2004,115.35,500.0,0.0,0.0,0.0,0.0,0.0,0.0
31-08-2004,115.35,500.0,0.0,0.0,0.0,0.0,0.0,0.0
01-09-2004,115.35,500.0,0.0,0.0,0.0,0.0,0.0,0.0
02-09-2004,115.35,500.0,0.0,0.0,0.0,0.0,0.0,0.0
03-09-2004,115.35,500.0,0.0,0.0,0.0,0.0,0.0,0.0
04-09-2004,115.35,500.0,0.0,0.0,0.0,0.0,0.0,0.0
05-09-2004,115.35,500.0,0.0,0.0,0.0,0.0,0.0,0.0
06-09-2004,115.35,500.0,0.0,0.0,0.0,0.0,0.0,0.0
07-09-2004,115.35,500.0,0.0,0.0,0.0,0.0,0.0,0.0
08-09-2004,115.35,500.0,0.0,0.0,0.0,0.0,0.0,0.0
09-09-2004,115.35,500.0,0.0,0.0,0.0,0.0,0.0,0.0
10-09-2004,115.35,500.0,0.0,0.0,0.0,0.0,0.0,0.0
11-09-2004,115.35,500.0,0.0,0.0,0.0,0.0,0.0,0.0
12-09-2004,115.35,500.0,0.0,0.0,0.0,0.0,0.0,0.0
13-09-2004,115.35,500.0,0.0,0.0,0.0,0.0,0.0,0.0
14-09-2004,115.35,500.0,0.0,0.0,0.0,0.0,0.0,0.0
15-09-2004,115.35,500.0,0.0,0.0,0.0,0.0,0.0,0.0
16-09-2004,115.35,500.0,0.0,0.0,0.0,0.0,0.0,0.0
17-09-2004,115.35,500.0,0.0,0.0,0.0,0.0,0.0,0.0
18-09-2004,115.35,500.0,0.0,0.0,0.0,0.0,0.0,0.0
19-09-2004,115.35,500.0,0.0,0.0,0.0,0.0,0.0,0.0
20-09-2004,115.35,500.0,0.0,0.0,0.0,0.0,0.0,0.0
21-09-2004,115.35,500.0,0.0,0.0,0.0,0.0,0.0,0.0
22-09-2004,115.35,500.0,0.0,0.0,0.0,0.0,0.0,0.0
23-09-2004,115.35,500.0,0.0,0.0,0.0,0.0,0.0,0.0
24-09-2004,115.35,500.0,0.0,0.0,0.0,0.0,0.0,0.0
25-09-2004,115.35,500.0,0.0,0.0,0.0,0.0,0.0,0.0
26-09-2004,115.35,500.0,0.0,0.0,0.0,0.0,0.0,0.0
27-09-2004,115.35,500.0,0.0,0.0,0.0,0.0,0.0,0.0
28-09-2004,115.35,500.0,0.0,0.0,0.0,0.0,0.0,0.0
29-09-2004,115.35,500.0,0.0,0.0,0.0,0.0,0.0,0.0
30-09-2004,115.35,500.0,0.0,0.0,0.0,0.0,0.0,0.0
01-10-2004,115.35,500.0,0.0,0.0,0.0,0.0,0.0,0.0
02-10-2004,115.35,500.0,0.0,0.0,0.0,0.0,0.0,0.0
03-10-2004,115.35,500.0,0.0,0.0,0.0,0.0,0.0,0.0
04-10-2004,115.35,500.0,0.0,0.0,0.0,0.0,0.0,0.0
05-10-2004,115.35,500.0,0.0,0.0,0.0,0.0,0.0,0.0
06-10-2004,115.35,500.0,0.0,0.0,0.0,0.0,0.0,0.0
07-10-2004,115.35,500.0,0.0,0.0,0.0,0.0,0.0,0.0
08-10-2004,115.35,500.0,0.0,0.0,0.0,0.0,0.0,0.0
09-10-2004,115.35,500.0,0.0,0.0,0.0,0.0,0.0,0.0
10-10-2004,115.35,500.0,0.0,0.0,0.0,0.0,0.0,0.0
11-10-2004,115.35,500.0,0.0,0.0,0.0,0.0,0.0,0.0
12-10-2004,115.35,500.0,0.0,0.0,0.0,0.0,0.0,0.0
13-10-2004,115.35,500.0,0.0,0.0,0.0,0.0,0.0,0.0
14-10-2004,115.35,500.0,0.0,0.0,0.0,0.0,0.0,0.0
15-10-2004,115.35,500.0,0.0,0.0,0.0,0.0,0.0,0.0
16-10-2004,115.35,500.0,0.0,0.0,0.0,0.0,0.0,0.0
17-10-2004,115.35,500.0,0.0,0.0,0.0,0.0,0.0,0.0
18-10-2004,115.35,500.0,0.0,0.0,0.0,0.0,0.0,0.0
19-10-2004,115.35,500.0,0.0,0.0,0.0,0.0,0.0,0.0
20-10-2004,115.35,500.0,0.0,0.0,0.0,0.0,0.0,0.0
21-10-2004,115.35,500.0,0.0,0.0,0.0,0.0,0.0,0.0
22-10-2004,115.35,500.0,0.0,0.0,0.0,0.0,0.0,0.0
23-10-2004,115.35,500.0,0.0,0.0,0.0,0.0,0.0,0.0
24-10-2004,115.35,500.0,0.0,0.0,0.0,0.0,0.0,0.0
25-10-2004,115.35,500.0,0.0,0.0,0.0,0.0,0.0,0.0
26-10-2004,115.35,500.0,0.0,0.0,0.0,0.0,0.0,0.0
27-10-2004,115.35,500.0,0.0,0.0,0.0,0.0,0.0,0.0
28-10-2004,115.35,500.0,0.0,0.0,0.0,0.0,0.0,0.0
29-10-2004,115.35,500.0,0.0,0.0,0.0,0.0,0.0,0.0
30-10-2004,115.35,500.0,0.0,0.0,0.0,0.0,0.0,0.0
31-10-2004,115.35,500.0,0.0,0.0,0.0,0.0,0.0,0.0
01-11-2004,115.35,500.0,0.0,0.0,0.0,0.0,0.0,0.0
02-11-2004,115.35,500.0,0.0,0.0,0.0,0.0,0.0,0.0
03-11-2004,115.35,500.0,0.0,0.0,0.0,0.0,0.0,0.0
04-11-2004,115.35,500.0,0.0,0.0,0.0,0.0,0.0,0.0
05-11-2004,115.35,500.0,0.0,0.0,0.0,0.0,0.0,0.0
06-11-2004,115.35,500.0,0.0,0.0,0.0,0.0,0.0,0.0
07-11-2004,115.35,500.0,0.0,0.0,0.0,0.0,0.0,0.0
08-11-2004,115.35,500.0,0.0,0.0,0.0,0.0,0.0,0.0
09-11-2004,115.35,500.0,0.0,0.0,0.0,0.0,0.0,0.0
10-11-2004,115.35,500.0,0.0,0.0,0.0,0.0,0.0,0.0
11-11-2004,115.35,500.0,0.0,0.0,0.0,0.0,0.0,0.0
12-11-2004,115.35,500.0,0.0,0.0,0.0,0.0,0.0,0.0
13-11-2004,115.35,500.0,0.0,0.0,0.0,0.0,0.0,0.0
14-11-2004,115.35,500.0,0.0,0.0,0.0,0.0,0.0,0.0
15-11-2004,115.35,500.0,0.0,0.0,0.0,0.0,0.0,0.0
16-11-2004,115.35,500.0,0.0,0.0,0.0,0.0,0.0,0.0
17-11-2004,115.35,500.0,0.0,0.0,0.0,0.0,0.0,0.0
18-11-2004,115.35,500.0,0.0,0.0,0.0,0.0,0.0,0.0
19-11-2004,115.35,500.0,0.0,0.0,0.0,0.0,0.0,0.0
20-11-2004,115.35,500.0,0.0,0.0,0.0,0.0,0.0,0.0
21-11-2004,115.35,500.0,0.0,0.0,0.0,0.0,0.0,0.0
22-11-2004,115.35,500.0,0.0,0.0,0.0,0.0,0.0,0.0
23-11-2004,115.35,500.0,0.0,0.0,0.0,0.0,0.0,0.0
24-11-2004,115.35,500.0,0.0,0.0,0.0,0.0,0.0,0.0
25-11-2004,115.35,500.0,0.0,0.0,0.0,0.0,0.0,0.0
26-11-2004,115.35,500.0,0.0,0.0,0.0,0.0,0.0,0.0
27-11-2004,115.35,500.0,0.0,0.0,0.0,0.0,0.0,0.0
28-11-2004,115.35,500.0,0.0,0.0,0.0,0.0,0.0,0.0
29-11-2004,115.35,500.0,0.0,0.0,0.0,0.0,0.0,0.0
30-11-2004,115.35,500.0,0.0,0.0,0.0,0.0,0.0,0.0
01-12-2004,115.35,500.0,0.0,0.0,0.0,0.0,0.0,0.0
02-12-2004,115.35,500.0,0.0,0.0,0.0,0.0,0.0,0.0
03-12-2004,115.35,500.0,0.0,0.0,0.0,0.0,0.0,0.0
04-12-2004,115.35,500.0,0.0,0.0,0.0,0.0,0.0,0.0
05-12-2004,115.35,500.0,0.0,0.0,0.0,0.0,0.0,0.0
06-12-2004,115.35,500.0,0.0,0.0,0.0,0.0,0.0,0.0
07-12-2004,115.35,500.0,0.0,0.0,0.0,0.0,0.0,0.0
08-12-2004,115.35,500.0,0.0,0.0,0.0,0.0,0.0,0.0
09-12-2004,115.35,500.0,0.0,0.0,0.0,0.0,0.0,0.0
10-12-2004,115.35,500.0,0.0,0.0,0.0,0.0,0.0,0.0
11-12-2004,115.35,500.0,0.0,0.0,0.0,0.0,0.0,0.0
12-12-2004,115.35,500.0,0.0,0.0,0.0,0.0,0.0,0.0
13-12-2004,115.35,500.0,0.0,0.0,0.0,0.0,0.0,0.0
14-12-2004,115.35,500.0,0.0,0.0,0.0,0.0,0.0,0.0
15-12-2004,115.35,500.0,0.0,0.0,0.0,0.0,0.0,0.0
16-12-2004,115.35,500.0,0.0,0.0,0.0,0.0,0.0,0.0
17-12-2004,115.35,500.0,0.0,0.0,0.0,0.0,0.0,0.0
18-12-2004,115.35,500.0,0.0,0.0,0.0,0.0,0.0,0.0
19-12-2004,115.35,500.0,0.0,0.0,0.0,0.0,0.0,0.0
20-12-2004,115.35,500.0,0.0,0.0,0.0,0.0,0.0,0.0
21-12-2004,115.35,500.0,0.0,0.0,0.0,0.0,0.0,0.0
22-12-2004,115.35,500.0,0.0,0.0,0.0,0.0,0.0,0.0
23-12-2004,115.35,500.0,0.0,0.0,0.0,0.0,0.0,0.0
24-12-2004,115.35,500.0,0.0,0.0,0.0,0.0,0.0,0.0
25-12-2004,115.35,500.0,0.0,0.0,0.0,0.0,0.0,0.0
26-12-2004,115.35,500.0,0.0,0.0,0.0,0.0,0.0,0.0
27-12-2004,115.35,500.0,0.0,0.0,0.0,0.0,0.0,0.0
28-12-2004,115.35,500.0,0.0,0.0,0.0,0.0,0.0,0.0
29-12-2004,115.35,500.0,0.0,0.0,0.0,0.0,0.0,0.0
30-12-2004,115.35,500.0,0.0,0.0,0.0,0.0,0.0,0.0
31-12-2004,115.35,500.0,0.0,0.0,0.0,0.0,0.0,0.0
01-01-2005,115.35,500.0,0.0,0.0,0.0,0.0,0.0,0.0
02-01-2005,115.35,500.0,0.0,0.0,0.0,0.0,0.0,0.0
03-01-2005,115.35,500.0,0.0,0.0,0.0,0.0,0.0,0.0
04-01-2005,115.35,500.0,0.0,0.0,0.0,0.0,0.0,0.0
05-01-2005,115.35,500.0,0.0,0.0,0.0,0.0,0.0,0.0
06-01-2005,115.35,500.0,0.0,0.0,0.0,0.0,0.0,0.0
07-01-2005,115.35,500.0,0.0,0.0,0.0,0.0,0.0,0.0
08-01-2005,115.35,500.0,0.0,0.0,0.0,0.0,0.0,0.0
09-01-2005,115.35,500.0,0.0,0.0,0.0,0.0,0.0,0.0
10-01-2005,115.35,500.0,0.0,0.0,0.0,0.0,0.0,0.0
11-01-2005,115.35,500.0,0.0,0.0,0.0,0.0,0.0,0.0
12-01-2005,115.35,500.0,0.0,0.0,0.0,0.0,0.0,0.0
13-01-2005,115.35,500.0,0.0,0.0,0.0,0.0,0.0,0.0
14-01-2005,115.35,500.0,0.0,0.0,0.0,0.0,0.0,0.0
15-01-2005,115.35,500.0,0.0,0.0,0.0,0.0,0.0,0.0
16-01-2005,115.35,500.0,0.0,0.0,0.0,0.0,0.0,0.0
17-01-2005,115.35,500.0,0.0,0.0,0.0,0.0,0.0,0.0
18-01-2005,115.35,500.0,0.0,0.0,0.0,0.0,0.0,0.0
19-01-2005,115.35,500.0,0.0,0.0,0.0,0.0,0.0,0.0
20-01-2005,115.35,500.0,0.0,0.0,0.0,0.0,0.0,0.0
21-01-2005,115.35,500.0,0.0,0.0,0.0,0.0,0.0,0.0
22-01-2005,115.35,500.0,0.0,0.0,0.0,0.0,0.0,0.0
23-01-2005,115.35,500.0,0.0,0.0,0.0,0.0,0.0,0.0
24-01-2005,115.35,500.0,0.0,0.0,0.0,0.0,0.0,0.0
25-01-2005,115.35,500.0,0.0,0.0,0.0,0.0,0.0,0.0
26-01-2005,115.35,500.0,0.0,0.0,0.0,0.0,0.0,0.0
27-01-2005,115.35,500.0,0.0,0.0,0.0,0.0,0.0,0.0
28-01-2005,115.35,500.0,0.0,0.0,0.0,0.0,0.0,0.0
29-01-2005,115.35,500.0,0.0,0.0,0.0,0.0,0.0,0.0
30-01-2005,115.35,500.0,0.0,0.0,0.0,0.0,0.0,0.0
31-01-2005,115.35,500.0,0.0,0.0,0.0,0.0,0.0,0.0
01-02-2005,115.35,500.0,0.0,0.0,0.0,0.0,0.0,0.0
02-02-2005,115.35,500.0,0.0,0.0,0.0,0.0,0.0,0.0
03-02-2005,115.35,500.0,0.0,0.0,0.0,0.0,0.0,0.0
04-02-2005,115.35,500.0,0.0,0.0,0.0,0.0,0.0,0.0
05-02-2005,115.35,500.0,0.0,0.0,0.0,0.0,0.0,0.0
06-02-2005,115.35,500.0,0.0,0.0,0.0,0.0,0.0,0.0
07-02-2005,115.35,500.0,0.0,0.0,0.0,0.0,0.0,0.0
08-02-2005,115.35,500.0,0.0,0.0,0.0,0.0,0.0,0.0
09-02-2005,115.35,500.0,0.0,0.0,0.0,0.0,0.0,0.0
10-02-2005,115.35,500.0,0.0,0.0,0.0,0.0,0.0,0.0
11-02-2005,115.35,500.0,0.0,0.0,0.0,0.0,0.0,0.0
12-02-2005,115.35,500.0,0.0,0.0,0.0,0.0,0.0,0.0
13-02-2005,115.35,500.0,0.0,0.0,0.0,0.0,0.0,0.0
14-02-2005,115.35,500.0,0.0,0.0,0.0,0.0,0.0,0.0
15-02-2005,115.35,500.0,0.0,0.0,0.0,0.0,0.0,0.0
16-02-2005,115.35,500.0,0.0,0.0,0.0,0.0,0.0,0.0
17-02-2005,115.35,500.0,0.0,0.0,0.0,0.0,0.0,0.0
18-02-2005,115.35,500.0,0.0,0.0,0.0,0.0,0.0,0.0
19-02-2005,115.35,500.0,0.0,0.0,0.0,0.0,0.0,0.0
20-02-2005,115.35,500.0,0.0,0.0,0.0,0.0,0.0,0.0
21-02-2005,115.35,500.0,0.0,0.0,0.0,0.0,0.0,0.0
22-02-2005,115.35,500.0,0.0,0.0,0.0,0.0,0.0,0.0
23-02-2005,115.35,500.0,0.0,0.0,0.0,0.0,0.0,0.0
24-02-2005,115.35,500.0,0.0,0.0,0.0,0.0,0.0,0.0
25-02-2005,115.35,500.0,0.0,0.0,0.0,0.0,0.0,0.0
26-02-2005,115.35,500.0,0.0,0.0,0.0,0.0,0.0,0.0
27-02-2005,115.35,500.0,0.0,0.0,0.0,0.0,0.0,0.0
28-02-2005,115.35,500.0,0.0,0.0,0.0,0.0,0.0,0.0
01-03-2005,115.35,500.0,0.0,0.0,0.0,0.0,0.0,0.0
02-03-2005,115.35,500.0,0.0,0.0,0.0,0.0,0.0,0.0
03-03-2005,115.35,500.0,0.0,0.0,0.0,0.0,0.0,0.0
04-03-2005,115.35,500.0,0.0,0.0,0.0,0.0,0.0,0.0
05-03-2005,115.35,500.0,0.0,0.0,0.0,0.0,0.0,0.0
06-03-2005,115.35,500.0,0.0,0.0,0.0,0.0,0.0,0.0
07-03-2005,115.35,500.0,0.0,0.0,0.0,0.0,0.0,0.0
08-03-2005,115.35,500.0,0.0,0.0,0.0,0.0,0.0,0.0
09-03-2005,115.35,500.0,0.0,0.0,0.0,0.0,0.0,0.0
10-03-2005,115.35,500.0,0.0,0.0,0.0,0.0,0.0,0.0
11-03-2005,115.35,500.0,0.0,0.0,0.0,0.0,0.0,0.0
12-03-2005,115.35,500.0,0.0,0.0,0.0,0.0,0.0,0.0
13-03-2005,115.35,500.0,0.0,0.0,0.0,0.0,0.0,0.0
14-03-2005,115.35,500.0,0.0,0.0,0.0,0.0,0.0,0.0
15-03-2005,115.35,500.0,0.0,0.0,0.0,0.0,0.0,0.0
16-03-2005,115.35,500.0,0.0,0.0,0.0,0.0,0.0,0.0
17-03-2005,115.35,500.0,0.0,0.0,0.0,0.0,0.0,0.0
18-03-2005,115.35,500.0,0.0,0.0,0.0,0.0,0.0,0.0
19-03-2005,115.35,500.0,0.0,0.0,0.0,0.0,0.0,0.0
20-03-2005,115.35,500.0,0.0,0.0,0.0,0.0,0.0,0.0
21-03-2005,115.35,500.0,0.0,0.0,0.0,0.0,0.0,0.0
22-03-2005,115.35,500.0,0.0,0.0,0.0,0.0,0.0,0.0
23-03-2005,115.35,500.0,0.0,0.0,0.0,0.0,0.0,0.0
24-03-2005,115.35,500.0,0.0,0.0,0.0,0.0,0.0,0.0
25-03-2005,115.35,500.0,0.0,0.0,0.0,0.0,0.0,0.0
26-03-2005,115.35,500.0,0.0,0.0,0.0,0.0,0.0,0.0
27-03-2005,115.35,500.0,0.0,0.0,0.0,0.0,0.0,0.0
28-03-2005,115.35,500.0,0.0,0.0,0.0,0.0,0.0,0.0
29-03-2005,115.35,500.0,0.0,0.0,0.0,0.0,0.0,0.0
30-03-2005,115.35,500.0,0.0,0.0,0.0,0.0,0.0,0.0
31-03-2005,115.35,500.0,0.0,0.0,0.0,0.0,0.0,0.0
01-04-2005,115.35,500.0,0.0,0.0,0.0,0.0,0.0,0.0
02-04-2005,115.35,500.0,0.0,0.0,0.0,0.0,0.0,0.0
03-04-2005,115.35,500.0,0.0,0.0,0.0,0.0,0.0,0.0
04-04-2005,115.35,500.0,0.0,0.0,0.0,0.0,0.0,0.0
05-04-2005,115.35,500.0,0.0,0.0,0.0,0.0,0.0,0.0
06-04-2005,115.35,500.0,0.0,0.0,0.0,0.0,0.0,0.0
07-04-2005,115.35,500.0,0.0,0.0,0.0,0.0,0.0,0.0
08-04-2005,115.35,500.0,0.0,0.0,0.0,0.0,0.0,0.0
09-04-2005,115.35,500.0,0.0,0.0,0.0,0.0,0.0,0.0
10-04-2005,115.35,500.0,0.0,0.0,0.0,0.0,0.0,0.0
11-04-2005,115.35,500.0,0.0,0.0,0.0,0.0,0.0,0.0
12-04-2005,115.35,500.0,0.0,0.0,0.0,0.0,0.0,0.0
13-04-2005,115.35,500.0,0.0,0.0,0.0,0.0,0.0,0.0
14-04-2005,115.35,500.0,0.0,0.0,0.0,0.0,0.0,0.0
15-04-2005,115.35,500.0,0.0,0.0,0.0,0.0,0.0,0.0
16-04-2005,115.35,500.0,0.0,0.0,0.0,0.0,0.0,0.0
17-04-2005,115.35,500.0,0.0,0.0,0.0,0.0,0.0,0.0
18-04-2005,115.35,500.0,0.0,0.0,0.0,0.0,0.0,0.0
19-04-2005,115.35,500.0,0.0,0.0,0.0,0.0,0.0,0.0
20-04-2005,115.35,500.0,0.0,0.0,0.0,0.0,0.0,0.0
21-04-2005,115.35,500.0,0.0,0.0,0.0,0.0,0.0,0.0
22-04-2005,115.35,500.0,0.0,0.0,0.0,0.0,0.0,0.0
23-04-2005,115.35,500.0,0.0,0.0,0.0,0.0,0.0,0.0
24-04-2005,115.35,500.0,0.0,0.0,0.0,0.0,0.0,0.0
25-04-2005,115.35,500.0,0.0,0.0,0.0,0.0,0.0,0.0
26-04-2005,115.35,500.0,0.0,0.0,0.0,0.0,0.0,0.0
27-04-2005,115.35,500.0,0.0,0.0,0.0,0.0,0.0,0.0
28-04-2005,115.35,500.0,0.0,0.0,0.0,0.0,0.0,0.0
29-04-2005,115.35,500.0,0.0,0.0,0.0,0.0,0.0,0.0
30-04-2005,115.35,500.0,0.0,0.0,0.0,0.0,0.0,0.0
01-05-2005,115.35,500.0,0.0,0.0,0.0,0.0,0.0,0.0
02-05-2005,115.35,500.0,0.0,0.0,0.0,0.0,0.0,0.0
03-05-2005,115.35,500.0,0.0,0.0,0.0,0.0,0.0,0.0
04-05-2005,115.35,500.0,0.0,0.0,0.0,0.0,0.0,0.0
05-05-2005,115.35,500.0,0.0,0.0,0.0,0.0,0.0,0.0
06-05-2005,115.35,500.0,0.0,0.0,0.0,0.0,0.0,0.0
07-05-2005,115.35,500.0,0.0,0.0,0.0,0.0,0.0,0.0
08-05-2005,115.35,500.0,0.0,0.0,0.0,0.0,0.0,0.0
09-05-2005,115.35,500.0,0.0,0.0,0.0,0.0,0.0,0.0
10-05-2005,115.35,500.0,0.0,0.0,0.0,0.0,0.0,0.0
11-05-2005,115.35,500.0,0.0,0.0,0.0,0.0,0.0,0.0
12-05-2005,115.35,500.0,0.0,0.0,0.0,0.0,0.0,0.0
13-05-2005,115.35,500.0,0.0,0.0,0.0,0.0,0.0,0.0
14-05-2005,115.35,500.0,0.0,0.0,0.0,0.0,0.0,0.0
15-05-2005,115.35,500.0,0.0,0.0,0.0,0.0,0.0,0.0
16-05-2005,115.35,500.0,0.0,0.0,0.0,0.0,0.0,0.0
17-05-2005,115.35,500.0,0.0,0.0,0.0,0.0,0.0,0.0
18-05-2005,115.35,500.0,0.0,0.0,0.0,0.0,0.0,0.0
19-05-2005,115.35,500.0,0.0,0.0,0.0,0.0,0.0,0.0
20-05-2005,115.35,500.0,0.0,0.0,0.0,0.0,0.0,0.0
21-05-2005,115.35,500.0,0.0,0.0,0.0,0.0,0.0,0.0
22-05-2005,115.35,500.0,0.0,0.0,0.0,0.0,0.0,0.0
23-05-2005,115.35,500.0,0.0,0.0,0.0,0.0,0.0,0.0
24-05-2005,115.35,500.0,0.0,0.0,0.0,0.0,0.0,0.0
25-05-2005,115.35,500.0,0.0,0.0,0.0,0.0,0.0,0.0
26-05-2005,115.35,500.0,0.0,0.0,0.0,0.0,0.0,0.0
27-05-2005,115.35,500.0,0.0,0.0,0.0,0.0,0.0,0.0
28-05-2005,115.35,500.0,0.0,0.0,0.0,0.0,0.0,0.0
29-05-2005,115.35,500.0,0.0,0.0,0.0,0.0,0.0,0.0
30-05-2005,115.35,500.0,0.0,0.0,0.0,0.0,0.0,0.0
31-05-2005,115.35,500.0,0.0,0.0,0.0,0.0,0.0,0.0
01-06-2005,115.35,500.0,0.0,0.0,0.0,0.0,0.0,0.0
02-06-2005,115.35,500.0,0.0,0.0,0.0,0.0,0.0,0.0
03-06-2005,115.35,500.0,0.0,0.0,0.0,0.0,0.0,0.0
04-06-2005,115.35,500.0,0.0,0.0,0.0,0.0,0.0,0.0
05-06-2005,115.35,500.0,0.0,0.0,0.0,0.0,0.0,0.0
06-06-2005,115.35,500.0,0.0,0.0,0.0,0.0,0.0,0.0
07-06-2005,115.35,500.0,0.0,0.0,0.0,0.0,0.0,0.0
08-06-2005,115.35,500.0,0.0,0.0,0.0,0.0,0.0,0.0
09-06-2005,115.35,500.0,0.0,0.0,0.0,0.0,0.0,0.0
10-06-2005,115.35,500.0,0.0,0.0,0.0,0.0,0.0,0.0
11-06-2005,115.35,500.0,0.0,0.0,0.0,0.0,0.0,0.0
12-06-2005,115.35,500.0,0.0,0.0,0.0,0.0,0.0,0.0
13-06-2005,115.35,500.0,0.0,0.0,0.0,0.0,0.0,0.0
14-06-2005,115.35,500.0,0.0,0.0,0.0,0.0,0.0,0.0
15-06-2005,115.35,500.0,0.0,0.0,0.0,0.0,0.0,0.0
16-06-2005,115.35,500.0,0.0,0.0,0.0,0.0,0.0,0.0
17-06-2005,115.35,500.0,0.0,0.0,0.0,0.0,0.0,0.0
18-06-2005,115.35,500.0,0.0,0.0,0.0,0.0,0.0,0.0
19-06-2005,115.35,500.0,0.0,0.0,0.0,0.0,0.0,0.0
20-06-2005,115.35,500.0,0.0,0.0,0.0,0.0,0.0,0.0
21-06-2005,115.35,500.0,0.0,0.0,0.0,0.0,0.0,0.0
22-06-2005,115.35,500.0,0.0,0.0,0.0,0.0,0.0,0.0
23-06-2005,115.35,500.0,0.0,0.0,0.0,0.0,0.0,0.0
24-06-2005,115.35,500.0,0.0,0.0,0.0,0.0,0.0,0.0
25-06-2005,115.35,500.0,0.0,0.0,0.0,0.0,0.0,0.0
26-06-2005,115.35,500.0,0.0,0.0,0.0,0.0,0.0,0.0
27-06-2005,115.35,500.0,0.0,0.0,0.0,0.0,0.0,0.0
28-06-2005,115.35,500.0,0.0,0.0,0.0,0.0,0.0,0.0
29-06-2005,115.35,500.0,0.0,0.0,0.0,0.0,0.0,0.0
30-06-2005,115.35,500.0,0.0,0.0,0.0,0.0,0.0,0.0
01-07-2005,115.35,500.0,0.0,0.0,0.0,0.0,0.0,0.0
02-07-2005,115.35,500.0,0.0,0.0,0.0,0.0,0.0,0.0
03-07-2005,115.35,500.0,0.0,0.0,0.0,0.0,0.0,0.0
04-07-2005,115.35,500.0,0.0,0.0,0.0,0.0,0.0,0.0
05-07-2005,115.35,500.0,0.0,0.0,0.0,0.0,0.0,0.0
06-07-2005,115.35,500.0,0.0,0.0,0.0,0.0,0.0,0.0
07-07-2005,115.35,500.0,0.0,0.0,0.0,0.0,0.0,0.0
08-07-2005,115.35,500.0,0.0,0.0,0.0,0.0,0.0,0.0
09-07-2005,115.35,500.0,0.0,0.0,0.0,0.0,0.0,0.0
10-07-2005,115.35,500.0,0.0,0.0,0.0,0.0,0.0,0.0
11-07-2005,115.35,500.0,0.0,0.0,0.0,0.0,0.0,0.0
12-07-2005,115.35,500.0,0.0,0.0,0.0,0.0,0.0,0.0
13-07-2005,115.35,500.0,0.0,0.0,0.0,0.0,0.0,0.0
14-07-2005,115.35,500.0,0.0,0.0,0.0,0.0,0.0,0.0
15-07-2005,115.35,500.0,0.0,0.0,0.0,0.0,0.0,0.0
16-07-2005,115.35,500.0,0.0,0.0,0.0,0.0,0.0,0.0
17-07-2005,115.35,500.0,0.0,0.0,0.0,0.0,0.0,0.0
18-07-2005,115.35,500.0,0.0,0.0,0.0,0.0,0.0,0.0
19-07-2005,115.35,500.0,0.0,0.0,0.0,0.0,0.0,0.0
20-07-2005,115.35,500.0,0.0,0.0,0.0,0.0,0.0,0.0
21-07-2005,115.35,500.0,0.0,0.0,0.0,0.0,0.0,0.0
22-07-2005,115.35,500.0,0.0,0.0,0.0,0.0,0.0,0.0
23-07-2005,115.35,500.0,0.0,0.0,0.0,0.0,0.0,0.0
24-07-2005,115.35,500.0,0.0,0.0,0.0,0.0,0.0,0.0
25-07-2005,115.35,500.0,0.0,0.0,0.0,0.0,0.0,0.0
26-07-2005,115.35,500.0,0.0,0.0,0.0,0.0,0.0,0.0
27-07-2005,115.35,500.0,0.0,0.0,0.0,0.0,0.0,0.0
28-07-2005,115.35,500.0,0.0,0.0,0.0,0.0,0.0,0.0
29-07-2005,115.35,500.0,0.0,0.0,0.0,0.0,0.0,0.0
30-07-2005,115.35,500.0,0.0,0.0,0.0,0.0,0.0,0.0
31-07-2005,115.35,500.0,0.0,0.0,0.0,0.0,0.0,0.0
01-08-2005,115.35,500.0,0.0,0.0,0.0,0.0,0.0,0.0
02-08-2005,115.35,500.0,0.0,0.0,0.0,0.0,0.0,0.0
03-08-2005,115.35,500.0,0.0,0.0,0.0,0.0,0.0,0.0
04-08-2005,115.35,500.0,0.0,0.0,0.0,0.0,0.0,0.0
05-08-2005,115.35,500.0,0.0,0.0,0.0,0.0,0.0,0.0
06-08-2005,115.35,500.0,0.0,0.0,0.0,0.0,0.0,0.0
07-08-2005,115.35,500.0,0.0,0.0,0.0,0.0,0.0,0.0
08-08-2005,115.35,500.0,0.0,0.0,0.0,0.0,0.0,0.0
09-08-2005,115.35,500.0,0.0,0.0,0.0,0.0,0.0,0.0
10-08-2005,115.35,500.0,0.0,0.0,0.0,0.0,0.0,0.0
11-08-2005,115.35,500.0,0.0,0.0,0.0,0.0,0.0,0.0
12-08-2005,115.35,500.0,0.0,0.0,0.0,0.0,0.0,0.0
13-08-2005,115.35,500.0,0.0,0.0,0.0,0.0,0.0,0.0
14-08-2005,115.35,500.0,0.0,0.0,0.0,0.0,0.0,0.0
15-08-2005,115.35,500.0,0.0,0.0,0.0,0.0,0.0,0.0
16-08-2005,115.35,500.0,0.0,0.0,0.0,0.0,0.0,0.0
17-08-2005,115.35,500.0,0.0,0.0,0.0,0.0,0.0,0.0
18-08-2005,115.35,500.0,0.0,0.0,0.0,0.0,0.0,0.0
19-08-2005,115.35,500.0,0.0,0.0,0.0,0.0,0.0,0.0
20-08-2005,115.35,500.0,0.0,0.0,0.0,0.0,0.0,0.0
21-08-2005,115.35,500.0,0.0,0.0,0.0,0.0,0.0,0.0
22-08-2005,115.35,500.0,0.0,0.0,0.0,0.0,0.0,0.0
23-08-2005,115.35,500.0,0.0,0.0,0.0,0.0,0.0,0.0
24-08-2005,115.35,500.0,0.0,0.0,0.0,0.0,0.0,0.0
25-08-2005,115.35,500.0,0.0,0.0,0.0,0.0,0.0,0.0
26-08-2005,115.35,500.0,0.0,0.0,0.0,0.0,0.0,0.0
27-08-2005,115.35,500.0,0.0,0.0,0.0,0.0,0.0,0.0
28-08-2005,115.35,500.0,0.0,0.0,0.0,0.0,0.0,0.0
29-08-2005,115.35,500.0,0.0,0.0,0.0,0.0,0.0,0.0
30-08-2005,115.35,500.0,0.0,0.0,0.0,0.0,0.0,0.0
31-08-2005,115.35,500.0,0.0,0.0,0.0,0.0,0.0,0.0
01-09-2005,115.35,500.0,0.0,0.0,0.0,0.0,0.0,0.0
02-09-2005,115.35,500.0,0.0,0.0,0.0,0.0,0.0,0.0
03-09-2005,115.35,500.0,0.0,0.0,0.0,0.0,0.0,0.0
04-09-2005,115.35,500.0,0.0,0.0,0.0,0.0,0.0,0.0
05-09-2005,115.35,500.0,0.0,0.0,0.0,0.0,0.0,0.0
06-09-2005,115.35,500.0,0.0,0.0,0.0,0.0,0.0,0.0
07-09-2005,115.35,500.0,0.0,0.0,0.0,0.0,0.0,0.0
08-09-2005,115.35,500.0,0.0,0.0,0.0,0.0,0.0,0.0
09-09-2005,115.35,500.0,0.0,0.0,0.0,0.0,0.0,0.0
10-09-2005,115.35,500.0,0.0,0.0,0.0,0.0,0.0,0.0
11-09-2005,115.35,500.0,0.0,0.0,0.0,0.0,0.0,0.0
12-09-2005,115.35,500.0,0.0,0.0,0.0,0.0,0.0,0.0
13-09-2005,115.35,500.0,0.0,0.0,0.0,0.0,0.0,0.0
14-09-2005,115.35,500.0,0.0,0.0,0.0,0.0,0.0,0.0
15-09-2005,115.35,500.0,0.0,0.0,0.0,0.0,0.0,0.0
16-09-2005,115.35,500.0,0.0,0.0,0.0,0.0,0.0,0.0
17-09-2005,115.35,500.0,0.0,0.0,0.0,0.0,0.0,0.0
18-09-2005,115.35,500.0,0.0,0.0,0.0,0.0,0.0,0.0
19-09-2005,115.35,500.0,0.0,0.0,0.0,0.0,0.0,0.0
20-09-2005,115.35,500.0,0.0,0.0,0.0,0.0,0.0,0.0
21-09-2005,115.35,500.0,0.0,0.0,0.0,0.0,0.0,0.0
22-09-2005,115.35,500.0,0.0,0.0,0.0,0.0,0.0,0.0
23-09-2005,115.35,500.0,0.0,0.0,0.0,0.0,0.0,0.0
24-09-2005,115.35,500.0,0.0,0.0,0.0,0.0,0.0,0.0
25-09-2005,115.35,500.0,0.0,0.0,0.0,0.0,0.0,0.0
26-09-2005,115.35,500.0,0.0,0.0,0.0,0.0,0.0,0.0
27-09-2005,115.35,500.0,0.0,0.0,0.0,0.0,0.0,0.0
28-09-2005,115.35,500.0,0.0,0.0,0.0,0.0,0.0,0.0
29-09-2005,115.35,500.0,0.0,0.0,0.0,0.0,0.0,0.0
30-09-2005,115.35,500.0,0.0,0.0,0.0,0.0,0.0,0.0
01-10-2005,115.35,500.0,0.0,0.0,0.0,0.0,0.0,0.0
02-10-2005,115.35,500.0,0.0,0.0,0.0,0.0,0.0,0.0
03-10-2005,115.35,500.0,0.0,0.0,0.0,0.0,0.0,0.0
04-10-2005,115.35,500.0,0.0,0.0,0.0,0.0,0.0,0.0
05-10-2005,115.35,500.0,0.0,0.0,0.0,0.0,0.0,0.0
06-10-2005,115.35,500.0,0.0,0.0,0.0,0.0,0.0,0.0
07-10-2005,115.35,500.0,0.0,0.0,0.0,0.0,0.0,0.0
08-10-2005,115.35,500.0,0.0,0.0,0.0,0.0,0.0,0.0
09-10-2005,115.35,500.0,0.0,0.0,0.0,0.0,0.0,0.0
10-10-2005,115.35,500.0,0.0,0.0,0.0,0.0,0.0,0.0
11-10-2005,115.35,500.0,0.0,0.0,0.0,0.0,0.0,0.0
12-10-2005,115.35,500.0,0.0,0.0,0.0,0.0,0.0,0.0
13-10-2005,115.35,500.0,0.0,0.0,0.0,0.0,0.0,0.0
14-10-2005,115.35,500.0,0.0,0.0,0.0,0.0,0.0,0.0
15-10-2005,115.35,500.0,0.0,0.0,0.0,0.0,0.0,0.0
16-10-2005,115.35,500.0,0.0,0.0,0.0,0.0,0.0,0.0
17-10-2005,115.35,500.0,0.0,0.0,0.0,0.0,0.0,0.0
18-10-2005,115.35,500.0,0.0,0.0,0.0,0.0,0.0,0.0
19-10-2005,115.35,500.0,0.0,0.0,0.0,0.0,0.0,0.0
20-10-2005,115.35,500.0,0.0,0.0,0.0,0.0,0.0,0.0
21-10-2005,115.35,500.0,0.0,0.0,0.0,0.0,0.0,0.0
22-10-2005,115.35,500.0,0.0,0.0,0.0,0.0,0.0,0.0
23-10-2005,115.35,500.0,0.0,0.0,0.0,0.0,0.0,0.0
24-10-2005,115.35,500.0,0.0,0.0,0.0,0.0,0.0,0.0
25-10-2005,115.35,500.0,0.0,0.0,0.0,0.0,0.0,0.0
26-10-2005,115.35,500.0,0.0,0.0,0.0,0.0,0.0,0.0
27-10-2005,115.35,500.0,0.0,0.0,0.0,0.0,0.0,0.0
28-10-2005,115.35,500.0,0.0,0.0,0.0,0.0,0.0,0.0
29-10-2005,115.35,500.0,0.0,0.0,0.0,0.0,0.0,0.0
30-10-2005,115.35,500.0,0.0,0.0,0.0,0.0,0.0,0.0
31-10-2005,115.35,500.0,0.0,0.0,0.0,0.0,0.0,0.0
01-11-2005,115.35,500.0,0.0,0.0,0.0,0.0,0.0,0.0
02-11-2005,115.35,500.0,0.0,0.0,0.0,0.0,0.0,0.0
03-11-2005,115.35,500.0,0.0,0.0,0.0,0.0,0.0,0.0
04-11-2005,115.35,500.0,0.0,0.0,0.0,0.0,0.0,0.0
05-11-2005,115.35,500.0,0.0,0.0,0.0,0.0,0.0,0.0
06-11-2005,115.35,500.0,0.0,0.0,0.0,0.0,0.0,0.0
07-11-2005,115.35,500.0,0.0,0.0,0.0,0.0,0.0,0.0
08-11-2005,115.35,500.0,0.0,0.0,0.0,0.0,0.0,0.0
09-11-2005,115.35,500.0,0.0,0.0,0.0,0.0,0.0,0.0
10-11-2005,115.35,500.0,0.0,0.0,0.0,0.0,0.0,0.0
11-11-2005,115.35,500.0,0.0,0.0,0.0,0.0,0.0,0.0
12-11-2005,115.35,500.0,0.0,0.0,0.0,0.0,0.0,0.0
13-11-2005,115.35,500.0,0.0,0.0,0.0,0.0,0.0,0.0
14-11-2005,115.35,500.0,0.0,0.0,0.0,0.0,0.0,0.0
15-11-2005,115.35,500.0,0.0,0.0,0.0,0.0,0.0,0.0
16-11-2005,115.35,500.0,0.0,0.0,0.0,0.0,0.0,0.0
17-11-2005,115.35,500.0,0.0,0.0,0.0,0.0,0.0,0.0
18-11-2005,115.35,500.0,0.0,0.0,0.0,0.0,0.0,0.0
19-11-2005,115.35,500.0,0.0,0.0,0.0,0.0,0.0,0.0
20-11-2005,115.35,500.0,0.0,0.0,0.0,0.0,0.0,0.0
21-11-2005,115.35,500.0,0.0,0.0,0.0,0.0,0.0,0.0
22-11-2005,115.35,500.0,0.0,0.0,0.0,0.0,0.0,0.0
23-11-2005,115.35,500.0,0.0,0.0,0.0,0.0,0.0,0.0
24-11-2005,115.35,500.0,0.0,0.0,0.0,0.0,0.0,0.0
25-11-2005,115.35,500.0,0.0,0.0,0.0,0.0,0.0,0.0
26-11-2005,115.35,500.0,0.0,0.0,0.0,0.0,0.0,0.0
27-11-2005,115.35,500.0,0.0,0.0,0.0,0.0,0.0,0.0
28-11-2005,115.35,500.0,0.0,0.0,0.0,0.0,0.0,0.0
29-11-2005,115.35,500.0,0.0,0.0,0.0,0.0,0.0,0.0
30-11-2005,115.35,500.0,0.0,0.0,0.0,0.0,0.0,0.0
01-12-2005,115.35,500.0,0.0,0.0,0.0,0.0,0.0,0.0
02-12-2005,115.35,500.0,0.0,0.0,0.0,0.0,0.0,0.0
03-12-2005,115.35,500.0,0.0,0.0,0.0,0.0,0.0,0.0
04-12-2005,115.35,500.0,0.0,0.0,0.0,0.0,0.0,0.0
05-12-2005,115.35,500.0,0.0,0.0,0.0,0.0,0.0,0.0
06-12-2005,115.35,500.0,0.0,0.0,0.0,0.0,0.0,0.0
07-12-2005,115.35,500.0,0.0,0.0,0.0,0.0,0.0,0.0
08-12-2005,115.35,500.0,0.0,0.0,0.0,0.0,0.0,0.0
09-12-2005,115.35,500.0,0.0,0.0,0.0,0.0,0.0,0.0
10-12-2005,115.35,500.0,0.0,0.0,0.0,0.0,0.0,0.0
11-12-2005,115.35,500.0,0.0,0.0,0.0,0.0,0.0,0.0
12-12-2005,115.35,500.0,0.0,0.0,0.0,0.0,0.0,0.0
13-12-2005,115.35,500.0,0.0,0.0,0.0,0.0,0.0,0.0
14-12-2005,115.35,500.0,0.0,0.0,0.0,0.0,0.0,0.0
15-12-2005,115.35,500.0,0.0,0.0,0.0,0.0,0.0,0.0
16-12-2005,115.35,500.0,0.0,0.0,0.0,0.0,0.0,0.0
17-12-2005,115.35,500.0,0.0,0.0,0.0,0.0,0.0,0.0
18-12-2005,115.35,500.0,0.0,0.0,0.0,0.0,0.0,0.0
19-12-2005,115.35,500.0,0.0,0.0,0.0,0.0,0.0,0.0
20-12-2005,115.35,500.0,0.0,0.0,0.0,0.0,0.0,0.0
21-12-2005,115.35,500.0,0.0,0.0,0.0,0.0,0.0,0.0
22-12-2005,115.35,500.0,0.0,0.0,0.0,0.0,0.0,0.0
23-12-2005,115.35,500.0,0.0,0.0,0.0,0.0,0.0,0.0
24-12-2005,115.35,500.0,0.0,0.0,0.0,0.0,0.0,0.0
25-12-2005,115.35,500.0,0.0,0.0,0.0,0.0,0.0,0.0
26-12-2005,115.35,500.0,0.0,0.0,0.0,0.0,0.0,0.0
27-12-2005,115.35,500.0,0.0,0.0,0.0,0.0,0.0,0.0
28-12-2005,115.35,500.0,0.0,0.0,0.0,0.0,0.0,0.0
29-12-2005,115.35,500.0,0.0,0.0,0.0,0.0,0.0,0.0
30-12-2005,115.35,500.0,0.0,0.0,0.0,0.0,0.0,0.0
31-12-2005,115.35,500.0,0.0,0.0,0.0,0.0,0.0,0.0
01-01-2006,115.35,500.0,0.0,0.0,0.0,0.0,0.0,0.0
02-01-2006,115.35,500.0,0.0,0.0,0.0,0.0,0.0,0.0
03-01-2006,115.35,500.0,0.0,0.0,0.0,0.0,0.0,0.0
04-01-2006,115.35,500.0,0.0,0.0,0.0,0.0,0.0,0.0
05-01-2006,115.35,500.0,0.0,0.0,0.0,0.0,0.0,0.0
06-01-2006,115.35,500.0,0.0,0.0,0.0,0.0,0.0,0.0
07-01-2006,115.35,500.0,0.0,0.0,0.0,0.0,0.0,0.0
08-01-2006,115.35,500.0,0.0,0.0,0.0,0.0,0.0,0.0
09-01-2006,115.35,500.0,0.0,0.0,0.0,0.0,0.0,0.0
10-01-2006,115.35,500.0,0.0,0.0,0.0,0.0,0.0,0.0
11-01-2006,115.35,500.0,0.0,0.0,0.0,0.0,0.0,0.0
12-01-2006,115.35,500.0,0.0,0.0,0.0,0.0,0.0,0.0
13-01-2006,115.35,500.0,0.0,0.0,0.0,0.0,0.0,0.0
14-01-2006,115.35,500.0,0.0,0.0,0.0,0.0,0.0,0.0
15-01-2006,115.35,500.0,0.0,0.0,0.0,0.0,0.0,0.0
16-01-2006,115.35,500.0,0.0,0.0,0.0,0.0,0.0,0.0
17-01-2006,115.35,500.0,0.0,0.0,0.0,0.0,0.0,0.0
18-01-2006,115.35,500.0,0.0,0.0,0.0,0.0,0.0,0.0
19-01-2006,115.35,500.0,0.0,0.0,0.0,0.0,0.0,0.0
20-01-2006,115.35,500.0,0.0,0.0,0.0,0.0,0.0,0.0
21-01-2006,115.35,500.0,0.0,0.0,0.0,0.0,0.0,0.0
22-01-2006,115.35,500.0,0.0,0.0,0.0,0.0,0.0,0.0
23-01-2006,115.35,500.0,0.0,0.0,0.0,0.0,0.0,0.0
24-01-2006,115.35,500.0,0.0,0.0,0.0,0.0,0.0,0.0
25-01-2006,115.35,500.0,0.0,0.0,0.0,0.0,0.0,0.0
26-01-2006,115.35,500.0,0.0,0.0,0.0,0.0,0.0,0.0
27-01-2006,115.35,500.0,0.0,0.0,0.0,0.0,0.0,0.0
28-01-2006,115.35,500.0,0.0,0.0,0.0,0.0,0.0,0.0
29-01-2006,115.35,500.0,0.0,0.0,0.0,0.0,0.0,0.0
30-01-2006,115.35,500.0,0.0,0.0,0.0,0.0,0.0,0.0
31-01-2006,115.35,500.0,0.0,0.0,0.0,0.0,0.0,0.0
01-02-2006,115.35,500.0,0.0,0.0,0.0,0.0,0.0,0.0
02-02-2006,115.35,500.0,0.0,0.0,0.0,0.0,0.0,0.0
03-02-2006,115.35,500.0,0.0,0.0,0.0,0.0,0.0,0.0
04-02-2006,115.35,500.0,0.0,0.0,0.0,0.0,0.0,0.0
05-02-2006,115.35,500.0,0.0,0.0,0.0,0.0,0.0,0.0
06-02-2006,115.35,500.0,0.0,0.0,0.0,0.0,0.0,0.0
07-02-2006,115.35,500.0,0.0,0.0,0.0,0.0,0.0,0.0
08-02-2006,115.35,500.0,0.0,0.0,0.0,0.0,0.0,0.0
09-02-2006,115.35,500.0,0.0,0.0,0.0,0.0,0.0,0.0
10-02-2006,115.35,500.0,0.0,0.0,0.0,0.0,0.0,0.0
11-02-2006,115.35,500.0,0.0,0.0,0.0,0.0,0.0,0.0
12-02-2006,115.35,500.0,0.0,0.0,0.0,0.0,0.0,0.0
13-02-2006,115.35,500.0,0.0,0.0,0.0,0.0,0.0,0.0
14-02-2006,115.35,500.0,0.0,0.0,0.0,0.0,0.0,0.0
15-02-2006,115.35,500.0,0.0,0.0,0.0,0.0,0.0,0.0
16-02-2006,115.35,500.0,0.0,0.0,0.0,0.0,0.0,0.0
17-02-2006,115.35,500.0,0.0,0.0,0.0,0.0,0.0,0.0
18-02-2006,115.35,500.0,0.0,0.0,0.0,0.0,0.0,0.0
19-02-2006,115.35,500.0,0.0,0.0,0.0,0.0,0.0,0.0
20-02-2006,115.35,500.0,0.0,0.0,0.0,0.0,0.0,0.0
21-02-2006,115.35,500.0,0.0,0.0,0.0,0.0,0.0,0.0
22-02-2006,115.35,500.0,0.0,0.0,0.0,0.0,0.0,0.0
23-02-2006,115.35,500.0,0.0,0.0,0.0,0.0,0.0,0.0
24-02-2006,115.35,500.0,0.0,0.0,0.0,0.0,0.0,0.0
25-02-2006,115.35,500.0,0.0,0.0,0.0,0.0,0.0,0.0
26-02-2006,115.35,500.0,0.0,0.0,0.0,0.0,0.0,0.0
27-02-2006,115.35,500.0,0.0,0.0,0.0,0.0,0.0,0.0
28-02-2006,115.35,500.0,0.0,0.0,0.0,0.0,0.0,0.0
01-03-2006,115.35,500.0,0.0,0.0,0.0,0.0,0.0,0.0
02-03-2006,115.35,500.0,0.0,0.0,0.0,0.0,0.0,0.0
03-03-2006,115.35,500.0,0.0,0.0,0.0,0.0,0.0,0.0
04-03-2006,115.35,500.0,0.0,0.0,0.0,0.0,0.0,0.0
05-03-2006,115.35,500.0,0.0,0.0,0.0,0.0,0.0,0.0
06-03-2006,115.35,500.0,0.0,0.0,0.0,0.0,0.0,0.0
07-03-2006,115.35,500.0,0.0,0.0,0.0,0.0,0.0,0.0
08-03-2006,115.35,500.0,0.0,0.0,0.0,0.0,0.0,0.0
09-03-2006,115.35,500.0,0.0,0.0,0.0,0.0,0.0,0.0
10-03-2006,115.35,500.0,0.0,0.0,0.0,0.0,0.0,0.0
11-03-2006,115.35,500.0,0.0,0.0,0.0,0.0,0.0,0.0
12-03-2006,115.35,500.0,0.0,0.0,0.0,0.0,0.0,0.0
13-03-2006,115.35,500.0,0.0,0.0,0.0,0.0,0.0,0.0
14-03-2006,115.35,500.0,0.0,0.0,0.0,0.0,0.0,0.0
15-03-2006,115.35,500.0,0.0,0.0,0.0,0.0,0.0,0.0
16-03-2006,115.35,500.0,0.0,0.0,0.0,0.0,0.0,0.0
17-03-2006,115.35,500.0,0.0,0.0,0.0,0.0,0.0,0.0
18-03-2006,115.35,500.0,0.0,0.0,0.0,0.0,0.0,0.0
19-03-2006,115.35,500.0,0.0,0.0,0.0,0.0,0.0,0.0
20-03-2006,115.35,500.0,0.0,0.0,0.0,0.0,0.0,0.0
21-03-2006,115.35,500.0,0.0,0.0,0.0,0.0,0.0,0.0
22-03-2006,115.35,500.0,0.0,0.0,0.0,0.0,0.0,0.0
23-03-2006,115.35,500.0,0.0,0.0,0.0,0.0,0.0,0.0
24-03-2006,115.35,500.0,0.0,0.0,0.0,0.0,0.0,0.0
25-03-2006,115.35,500.0,0.0,0.0,0.0,0.0,0.0,0.0
26-03-2006,115.35,500.0,0.0,0.0,0.0,0.0,0.0,0.0
27-03-2006,115.35,500.0,0.0,0.0,0.0,0.0,0.0,0.0
28-03-2006,115.35,500.0,0.0,0.0,0.0,0.0,0.0,0.0
29-03-2006,115.35,500.0,0.0,0.0,0.0,0.0,0.0,0.0
30-03-2006,115.35,500.0,0.0,0.0,0.0,0.0,0.0,0.0
31-03-2006,115.35,500.0,0.0,0.0,0.0,0.0,0.0,0.0
01-04-2006,115.35,500.0,0.0,0.0,0.0,0.0,0.0,0.0
02-04-2006,115.35,500.0,0.0,0.0,0.0,0.0,0.0,0.0
03-04-2006,115.35,500.0,0.0,0.0,0.0,0.0,0.0,0.0
04-04-2006,115.35,500.0,0.0,0.0,0.0,0.0,0.0,0.0
05-04-2006,115.35,500.0,0.0,0.0,0.0,0.0,0.0,0.0
06-04-2006,115.35,500.0,0.0,0.0,0.0,0.0,0.0,0.0
07-04-2006,115.35,500.0,0.0,0.0,0.0,0.0,0.0,0.0
08-04-2006,115.35,500.0,0.0,0.0,0.0,0.0,0.0,0.0
09-04-2006,115.35,500.0,0.0,0.0,0.0,0.0,0.0,0.0
10-04-2006,115.35,500.0,0.0,0.0,0.0,0.0,0.0,0.0
11-04-2006,115.35,500.0,0.0,0.0,0.0,0.0,0.0,0.0
12-04-2006,115.35,500.0,0.0,0.0,0.0,0.0,0.0,0.0
13-04-2006,115.35,500.0,0.0,0.0,0.0,0.0,0.0,0.0
14-04-2006,115.35,500.0,0.0,0.0,0.0,0.0,0.0,0.0
15-04-2006,115.35,500.0,0.0,0.0,0.0,0.0,0.0,0.0
16-04-2006,115.35,500.0,0.0,0.0,0.0,0.0,0.0,0.0
17-04-2006,115.35,500.0,0.0,0.0,0.0,0.0,0.0,0.0
18-04-2006,115.35,500.0,0.0,0.0,0.0,0.0,0.0,0.0
19-04-2006,115.35,500.0,0.0,0.0,0.0,0.0,0.0,0.0
20-04-2006,115.35,500.0,0.0,0.0,0.0,0.0,0.0,0.0
21-04-2006,115.35,500.0,0.0,0.0,0.0,0.0,0.0,0.0
22-04-2006,115.35,500.0,0.0,0.0,0.0,0.0,0.0,0.0
23-04-2006,115.35,500.0,0.0,0.0,0.0,0.0,0.0,0.0
24-04-2006,115.35,500.0,0.0,0.0,0.0,0.0,0.0,0.0
25-04-2006,115.35,500.0,0.0,0.0,0.0,0.0,0.0,0.0
26-04-2006,115.35,500.0,0.0,0.0,0.0,0.0,0.0,0.0
27-04-2006,115.35,500.0,0.0,0.0,0.0,0.0,0.0,0.0
28-04-2006,115.35,500.0,0.0,0.0,0.0,0.0,0.0,0.0
29-04-2006,115.35,500.0,0.0,0.0,0.0,0.0,0.0,0.0
30-04-2006,115.35,500.0,0.0,0.0,0.0,0.0,0.0,0.0
01-05-2006,115.35,500.0,0.0,0.0,0.0,0.0,0.0,0.0
02-05-2006,115.35,500.0,0.0,0.0,0.0,0.0,0.0,0.0
03-05-2006,115.35,500.0,0.0,0.0,0.0,0.0,0.0,0.0
04-05-2006,115.35,500.0,0.0,0.0,0.0,0.0,0.0,0.0
05-05-2006,115.35,500.0,0.0,0.0,0.0,0.0,0.0,0.0
06-05-2006,115.35,500.0,0.0,0.0,0.0,0.0,0.0,0.0
07-05-2006,115.35,500.0,0.0,0.0,0.0,0.0,0.0,0.0
08-05-2006,115.35,500.0,0.0,0.0,0.0,0.0,0.0,0.0
09-05-2006,115.35,500.0,0.0,0.0,0.0,0.0,0.0,0.0
10-05-2006,115.35,500.0,0.0,0.0,0.0,0.0,0.0,0.0
11-05-2006,115.35,500.0,0.0,0.0,0.0,0.0,0.0,0.0
12-05-2006,115.35,500.0,0.0,0.0,0.0,0.0,0.0,0.0
13-05-2006,115.35,500.0,0.0,0.0,0.0,0.0,0.0,0.0
14-05-2006,115.35,500.0,0.0,0.0,0.0,0.0,0.0,0.0
15-05-2006,115.35,500.0,0.0,0.0,0.0,0.0,0.0,0.0
16-05-2006,115.35,500.0,0.0,0.0,0.0,0.0,0.0,0.0
17-05-2006,115.35,500.0,0.0,0.0,0.0,0.0,0.0,0.0
18-05-2006,115.35,500.0,0.0,0.0,0.0,0.0,0.0,0.0
19-05-2006,115.35,500.0,0.0,0.0,0.0,0.0,0.0,0.0
20-05-2006,115.35,500.0,0.0,0.0,0.0,0.0,0.0,0.0
21-05-2006,115.35,500.0,0.0,0.0,0.0,0.0,0.0,0.0
22-05-2006,115.35,500.0,0.0,0.0,0.0,0.0,0.0,0.0
23-05-2006,115.35,500.0,0.0,0.0,0.0,0.0,0.0,0.0
24-05-2006,115.35,500.0,0.0,0.0,0.0,0.0,0.0,0.0
25-05-2006,115.35,500.0,0.0,0.0,0.0,0.0,0.0,0.0
26-05-2006,115.35,500.0,0.0,0.0,0.0,0.0,0.0,0.0
27-05-2006,115.35,500.0,0.0,0.0,0.0,0.0,0.0,0.0
28-05-2006,115.35,500.0,0.0,0.0,0.0,0.0,0.0,0.0
29-05-2006,115.35,500.0,0.0,0.0,0.0,0.0,0.0,0.0
30-05-2006,115.35,500.0,0.0,0.0,0.0,0.0,0.0,0.0
31-05-2006,115.35,500.0,0.0,0.0,0.0,0.0,0.0,0.0
01-06-2006,115.35,500.0,0.0,0.0,0.0,0.0,0.0,0.0
02-06-2006,115.35,500.0,0.0,0.0,0.0,0.0,0.0,0.0
03-06-2006,115.35,500.0,0.0,0.0,0.0,0.0,0.0,0.0
04-06-2006,115.35,500.0,0.0,0.0,0.0,0.0,0.0,0.0
05-06-2006,115.35,500.0,0.0,0.0,0.0,0.0,0.0,0.0
06-06-2006,115.35,500.0,0.0,0.0,0.0,0.0,0.0,0.0
07-06-2006,115.35,500.0,0.0,0.0,0.0,0.0,0.0,0.0
08-06-2006,115.35,500.0,0.0,0.0,0.0,0.0,0.0,0.0
09-06-2006,115.35,500.0,0.0,0.0,0.0,0.0,0.0,0.0
10-06-2006,115.35,500.0,0.0,0.0,0.0,0.0,0.0,0.0
11-06-2006,115.35,500.0,0.0,0.0,0.0,0.0,0.0,0.0
12-06-2006,115.35,500.0,0.0,0.0,0.0,0.0,0.0,0.0
13-06-2006,115.35,500.0,0.0,0.0,0.0,0.0,0.0,0.0
14-06-2006,115.35,500.0,0.0,0.0,0.0,0.0,0.0,0.0
15-06-2006,115.35,500.0,0.0,0.0,0.0,0.0,0.0,0.0
16-06-2006,115.35,500.0,0.0,0.0,0.0,0.0,0.0,0.0
17-06-2006,115.35,500.0,0.0,0.0,0.0,0.0,0.0,0.0
18-06-2006,115.35,500.0,0.0,0.0,0.0,0.0,0.0,0.0
19-06-2006,115.35,500.0,0.0,0.0,0.0,0.0,0.0,0.0
20-06-2006,115.35,500.0,0.0,0.0,0.0,0.0,0.0,0.0
21-06-2006,115.35,500.0,0.0,0.0,0.0,0.0,0.0,0.0
22-06-2006,115.35,500.0,0.0,0.0,0.0,0.0,0.0,0.0
23-06-2006,115.35,500.0,0.0,0.0,0.0,0.0,0.0,0.0
24-06-2006,115.35,500.0,0.0,0.0,0.0,0.0,0.0,0.0
25-06-2006,115.35,500.0,0.0,0.0,0.0,0.0,0.0,0.0
26-06-2006,115.35,500.0,0.0,0.0,0.0,0.0,0.0,0.0
27-06-2006,115.35,500.0,0.0,0.0,0.0,0.0,0.0,0.0
28-06-2006,115.35,500.0,0.0,0.0,0.0,0.0,0.0,0.0
29-06-2006,115.35,500.0,0.0,0.0,0.0,0.0,0.0,0.0
30-06-2006,115.35,500.0,0.0,0.0,0.0,0.0,0.0,0.0
01-07-2006,115.35,500.0,0.0,0.0,0.0,0.0,0.0,0.0
02-07-2006,115.35,500.0,0.0,0.0,0.0,0.0,0.0,0.0
03-07-2006,115.35,500.0,0.0,0.0,0.0,0.0,0.0,0.0
04-07-2006,115.35,500.0,0.0,0.0,0.0,0.0,0.0,0.0
05-07-2006,115.35,500.0,0.0,0.0,0.0,0.0,0.0,0.0
06-07-2006,115.35,500.0,0.0,0.0,0.0,0.0,0.0,0.0
07-07-2006,115.35,500.0,0.0,0.0,0.0,0.0,0.0,0.0
08-07-2006,115.35,500.0,0.0,0.0,0.0,0.0,0.0,0.0
09-07-2006,115.35,500.0,0.0,0.0,0.0,0.0,0.0,0.0
10-07-2006,115.35,500.0,0.0,0.0,0.0,0.0,0.0,0.0
11-07-2006,115.35,500.0,0.0,0.0,0.0,0.0,0.0,0.0
12-07-2006,115.35,500.0,0.0,0.0,0.0,0.0,0.0,0.0
13-07-2006,115.35,500.0,0.0,0.0,0.0,0.0,0.0,0.0
14-07-2006,115.35,500.0,0.0,0.0,0.0,0.0,0.0,0.0
15-07-2006,115.35,500.0,0.0,0.0,0.0,0.0,0.0,0.0
16-07-2006,115.35,500.0,0.0,0.0,0.0,0.0,0.0,0.0
17-07-2006,115.35,500.0,0.0,0.0,0.0,0.0,0.0,0.0
18-07-2006,115.35,500.0,0.0,0.0,0.0,0.0,0.0,0.0
19-07-2006,115.35,500.0,0.0,0.0,0.0,0.0,0.0,0.0
20-07-2006,115.35,500.0,0.0,0.0,0.0,0.0,0.0,0.0
21-07-2006,115.35,500.0,0.0,0.0,0.0,0.0,0.0,0.0
22-07-2006,115.35,500.0,0.0,0.0,0.0,0.0,0.0,0.0
23-07-2006,115.35,500.0,0.0,0.0,0.0,0.0,0.0,0.0
24-07-2006,115.35,500.0,0.0,0.0,0.0,0.0,0.0,0.0
25-07-2006,115.35,500.0,0.0,0.0,0.0,0.0,0.0,0.0
26-07-2006,115.35,500.0,0.0,0.0,0.0,0.0,0.0,0.0
27-07-2006,115.35,500.0,0.0,0.0,0.0,0.0,0.0,0.0
28-07-2006,115.35,500.0,0.0,0.0,0.0,0.0,0.0,0.0
29-07-2006,115.35,500.0,0.0,0.0,0.0,0.0,0.0,0.0
30-07-2006,115.35,500.0,0.0,0.0,0.0,0.0,0.0,0.0
31-07-2006,115.35,500.0,0.0,0.0,0.0,0.0,0.0,0.0
01-08-2006,115.35,500.0,0.0,0.0,0.0,0.0,0.0,0.0
02-08-2006,115.35,500.0,0.0,0.0,0.0,0.0,0.0,0.0
03-08-2006,115.35,500.0,0.0,0.0,0.0,0.0,0.0,0.0
04-08-2006,115.35,500.0,0.0,0.0,0.0,0.0,0.0,0.0
05-08-2006,115.35,500.0,0.0,0.0,0.0,0.0,0.0,0.0
06-08-2006,115.35,500.0,0.0,0.0,0.0,0.0,0.0,0.0
07-08-2006,115.35,500.0,0.0,0.0,0.0,0.0,0.0,0.0
08-08-2006,115.35,500.0,0.0,0.0,0.0,0.0,0.0,0.0
09-08-2006,115.35,500.0,0.0,0.0,0.0,0.0,0.0,0.0
10-08-2006,115.35,500.0,0.0,0.0,0.0,0.0,0.0,0.0
11-08-2006,115.35,500.0,0.0,0.0,0.0,0.0,0.0,0.0
12-08-2006,115.35,500.0,0.0,0.0,0.0,0.0,0.0,0.0
13-08-2006,115.35,500.0,0.0,0.0,0.0,0.0,0.0,0.0
14-08-2006,115.35,500.0,0.0,0.0,0.0,0.0,0.0,0.0
15-08-2006,115.35,500.0,0.0,0.0,0.0,0.0,0.0,0.0
16-08-2006,115.35,500.0,0.0,0.0,0.0,0.0,0.0,0.0
17-08-2006,115.35,500.0,0.0,0.0,0.0,0.0,0.0,0.0
18-08-2006,115.35,500.0,0.0,0.0,0.0,0.0,0.0,0.0
19-08-2006,115.35,500.0,0.0,0.0,0.0,0.0,0.0,0.0
20-08-2006,115.35,500.0,0.0,0.0,0.0,0.0,0.0,0.0
21-08-2006,115.35,500.0,0.0,0.0,0.0,0.0,0.0,0.0
22-08-2006,115.35,500.0,0.0,0.0,0.0,0.0,0.0,0.0
23-08-2006,115.35,500.0,0.0,0.0,0.0,0.0,0.0,0.0
24-08-2006,115.35,500.0,0.0,0.0,0.0,0.0,0.0,0.0
25-08-2006,115.35,500.0,0.0,0.0,0.0,0.0,0.0,0.0
26-08-2006,115.35,500.0,0.0,0.0,0.0,0.0,0.0,0.0
27-08-2006,115.35,500.0,0.0,0.0,0.0,0.0,0.0,0.0
28-08-2006,115.35,500.0,0.0,0.0,0.0,0.0,0.0,0.0
29-08-2006,115.35,500.0,0.0,0.0,0.0,0.0,0.0,0.0
30-08-2006,115.35,500.0,0.0,0.0,0.0,0.0,0.0,0.0
31-08-2006,115.35,500.0,0.0,0.0,0.0,0.0,0.0,0.0
01-09-2006,115.35,500.0,0.0,0.0,0.0,0.0,0.0,0.0
02-09-2006,115.35,500.0,0.0,0.0,0.0,0.0,0.0,0.0
03-09-2006,115.35,500.0,0.0,0.0,0.0,0.0,0.0,0.0
04-09-2006,115.35,500.0,0.0,0.0,0.0,0.0,0.0,0.0
05-09-2006,115.35,500.0,0.0,0.0,0.0,0.0,0.0,0.0
06-09-2006,115.35,500.0,0.0,0.0,0.0,0.0,0.0,0.0
07-09-2006,115.35,500.0,0.0,0.0,0.0,0.0,0.0,0.0
08-09-2006,115.35,500.0,0.0,0.0,0.0,0.0,0.0,0.0
09-09-2006,115.35,500.0,0.0,0.0,0.0,0.0,0.0,0.0
10-09-2006,115.35,500.0,0.0,0.0,0.0,0.0,0.0,0.0
11-09-2006,115.35,500.0,0.0,0.0,0.0,0.0,0.0,0.0
12-09-2006,115.35,500.0,0.0,0.0,0.0,0.0,0.0,0.0
13-09-2006,115.35,500.0,0.0,0.0,0.0,0.0,0.0,0.0
14-09-2006,115.35,500.0,0.0,0.0,0.0,0.0,0.0,0.0
15-09-2006,115.35,500.0,0.0,0.0,0.0,0.0,0.0,0.0
16-09-2006,115.35,500.0,0.0,0.0,0.0,0.0,0.0,0.0
17-09-2006,115.35,500.0,0.0,0.0,0.0,0.0,0.0,0.0
18-09-2006,115.35,500.0,0.0,0.0,0.0,0.0,0.0,0.0
19-09-2006,115.35,500.0,0.0,0.0,0.0,0.0,0.0,0.0
20-09-2006,115.35,500.0,0.0,0.0,0.0,0.0,0.0,0.0
21-09-2006,115.35,500.0,0.0,0.0,0.0,0.0,0.0,0.0
22-09-2006,115.35,500.0,0.0,0.0,0.0,0.0,0.0,0.0
23-09-2006,115.35,500.0,0.0,0.0,0.0,0.0,0.0,0.0
24-09-2006,115.35,500.0,0.0,0.0,0.0,0.0,0.0,0.0
25-09-2006,115.35,500.0,0.0,0.0,0.0,0.0,0.0,0.0
26-09-2006,115.35,500.0,0.0,0.0,0.0,0.0,0.0,0.0
27-09-2006,115.35,500.0,0.0,0.0,0.0,0.0,0.0,0.0
28-09-2006,115.35,500.0,0.0,0.0,0.0,0.0,0.0,0.0
29-09-2006,115.35,500.0,0.0,0.0,0.0,0.0,0.0,0.0
30-09-2006,115.35,500.0,0.0,0.0,0.0,0.0,0.0,0.0
01-10-2006,115.35,500.0,0.0,0.0,0.0,0.0,0.0,0.0
02-10-2006,115.35,500.0,0.0,0.0,0.0,0.0,0.0,0.0
03-10-2006,115.35,500.0,0.0,0.0,0.0,0.0,0.0,0.0
04-10-2006,115.35,500.0,0.0,0.0,0.0,0.0,0.0,0.0
05-10-2006,115.35,500.0,0.0,0.0,0.0,0.0,0.0,0.0
06-10-2006,115.35,500.0,0.0,0.0,0.0,0.0,0.0,0.0
07-10-2006,115.35,500.0,0.0,0.0,0.0,0.0,0.0,0.0
08-10-2006,115.35,500.0,0.0,0.0,0.0,0.0,0.0,0.0
09-10-2006,115.35,500.0,0.0,0.0,0.0,0.0,0.0,0.0
10-10-2006,115.35,500.0,0.0,0.0,0.0,0.0,0.0,0.0
11-10-2006,115.35,500.0,0.0,0.0,0.0,0.0,0.0,0.0
12-10-2006,115.35,500.0,0.0,0.0,0.0,0.0,0.0,0.0
13-10-2006,115.35,500.0,0.0,0.0,0.0,0.0,0.0,0.0
14-10-2006,115.35,500.0,0.0,0.0,0.0,0.0,0.0,0.0
15-10-2006,115.35,500.0,0.0,0.0,0.0,0.0,0.0,0.0
16-10-2006,115.35,500.0,0.0,0.0,0.0,0.0,0.0,0.0
17-10-2006,115.35,500.0,0.0,0.0,0.0,0.0,0.0,0.0
18-10-2006,115.35,500.0,0.0,0.0,0.0,0.0,0.0,0.0
19-10-2006,115.35,500.0,0.0,0.0,0.0,0.0,0.0,0.0
20-10-2006,115.35,500.0,0.0,0.0,0.0,0.0,0.0,0.0
21-10-2006,115.35,500.0,0.0,0.0,0.0,0.0,0.0,0.0
22-10-2006,115.35,500.0,0.0,0.0,0.0,0.0,0.0,0.0
23-10-2006,115.35,500.0,0.0,0.0,0.0,0.0,0.0,0.0
24-10-2006,115.35,500.0,0.0,0.0,0.0,0.0,0.0,0.0
25-10-2006,115.35,500.0,0.0,0.0,0.0,0.0,0.0,0.0
26-10-2006,115.35,500.0,0.0,0.0,0.0,0.0,0.0,0.0
27-10-2006,115.35,500.0,0.0,0.0,0.0,0.0,0.0,0.0
28-10-2006,115.35,500.0,0.0,0.0,0.0,0.0,0.0,0.0
29-10-2006,115.35,500.0,0.0,0.0,0.0,0.0,0.0,0.0
30-10-2006,115.35,500.0,0.0,0.0,0.0,0.0,0.0,0.0
31-10-2006,115.35,500.0,0.0,0.0,0.0,0.0,0.0,0.0
01-11-2006,115.35,500.0,0.0,0.0,0.0,0.0,0.0,0.0
02-11-2006,115.35,500.0,0.0,0.0,0.0,0.0,0.0,0.0
03-11-2006,115.35,500.0,0.0,0.0,0.0,0.0,0.0,0.0
04-11-2006,115.35,500.0,0.0,0.0,0.0,0.0,0.0,0.0
05-11-2006,115.35,500.0,0.0,0.0,0.0,0.0,0.0,0.0
06-11-2006,115.35,500.0,0.0,0.0,0.0,0.0,0.0,0.0
07-11-2006,115.35,500.0,0.0,0.0,0.0,0.0,0.0,0.0
08-11-2006,115.35,500.0,0.0,0.0,0.0,0.0,0.0,0.0
09-11-2006,115.35,500.0,0.0,0.0,0.0,0.0,0.0,0.0
10-11-2006,115.35,500.0,0.0,0.0,0.0,0.0,0.0,0.0
11-11-2006,115.35,500.0,0.0,0.0,0.0,0.0,0.0,0.0
12-11-2006,115.35,500.0,0.0,0.0,0.0,0.0,0.0,0.0
13-11-2006,115.35,500.0,0.0,0.0,0.0,0.0,0.0,0.0
14-11-2006,115.35,500.0,0.0,0.0,0.0,0.0,0.0,0.0
15-11-2006,115.35,500.0,0.0,0.0,0.0,0.0,0.0,0.0
16-11-2006,115.35,500.0,0.0,0.0,0.0,0.0,0.0,0.0
17-11-2006,115.35,500.0,0.0,0.0,0.0,0.0,0.0,0.0
18-11-2006,115.35,500.0,0.0,0.0,0.0,0.0,0.0,0.0
19-11-2006,115.35,500.0,0.0,0.0,0.0,0.0,0.0,0.0
20-11-2006,115.35,500.0,0.0,0.0,0.0,0.0,0.0,0.0
21-11-2006,115.35,500.0,0.0,0.0,0.0,0.0,0.0,0.0
22-11-2006,115.35,500.0,0.0,0.0,0.0,0.0,0.0,0.0
23-11-2006,115.35,500.0,0.0,0.0,0.0,0.0,0.0,0.0
24-11-2006,115.35,500.0,0.0,0.0,0.0,0.0,0.0,0.0
25-11-2006,115.35,500.0,0.0,0.0,0.0,0.0,0.0,0.0
26-11-2006,115.35,500.0,0.0,0.0,0.0,0.0,0.0,0.0
27-11-2006,115.35,500.0,0.0,0.0,0.0,0.0,0.0,0.0
28-11-2006,115.35,500.0,0.0,0.0,0.0,0.0,0.0,0.0
29-11-2006,115.35,500.0,0.0,0.0,0.0,0.0,0.0,0.0
30-11-2006,115.35,500.0,0.0,0.0,0.0,0.0,0.0,0.0
01-12-2006,115.35,500.0,0.0,0.0,0.0,0.0,0.0,0.0
02-12-2006,115.35,500.0,0.0,0.0,0.0,0.0,0.0,0.0
03-12-2006,115.35,500.0,0.0,0.0,0.0,0.0,0.0,0.0
04-12-2006,115.35,500.0,0.0,0.0,0.0,0.0,0.0,0.0
05-12-2006,115.35,500.0,0.0,0.0,0.0,0.0,0.0,0.0
06-12-2006,115.35,500.0,0.0,0.0,0.0,0.0,0.0,0.0
07-12-2006,115.35,500.0,0.0,0.0,0.0,0.0,0.0,0.0
08-12-2006,115.35,500.0,0.0,0.0,0.0,0.0,0.0,0.0
09-12-2006,115.35,500.0,0.0,0.0,0.0,0.0,0.0,0.0
10-12-2006,115.35,500.0,0.0,0.0,0.0,0.0,0.0,0.0
11-12-2006,115.35,500.0,0.0,0.0,0.0,0.0,0.0,0.0
12-12-2006,115.35,500.0,0.0,0.0,0.0,0.0,0.0,0.0
13-12-2006,115.35,500.0,0.0,0.0,0.0,0.0,0.0,0.0
14-12-2006,115.35,500.0,0.0,0.0,0.0,0.0,0.0,0.0
15-12-2006,115.35,500.0,0.0,0.0,0.0,0.0,0.0,0.0
16-12-2006,115.35,500.0,0.0,0.0,0.0,0.0,0.0,0.0
17-12-2006,115.35,500.0,0.0,0.0,0.0,0.0,0.0,0.0
18-12-2006,115.35,500.0,0.0,0.0,0.0,0.0,0.0,0.0
19-12-2006,115.35,500.0,0.0,0.0,0.0,0.0,0.0,0.0
20-12-2006,115.35,500.0,0.0,0.0,0.0,0.0,0.0,0.0
21-12-2006,115.35,500.0,0.0,0.0,0.0,0.0,0.0,0.0
22-12-2006,115.35,500.0,0.0,0.0,0.0,0.0,0.0,0.0
23-12-2006,115.35,500.0,0.0,0.0,0.0,0.0,0.0,0.0
24-12-2006,115.35,500.0,0.0,0.0,0.0,0.0,0.0,0.0
25-12-2006,115.35,500.0,0.0,0.0,0.0,0.0,0.0,0.0
26-12-2006,115.35,500.0,0.0,0.0,0.0,0.0,0.0,0.0
27-12-2006,115.35,500.0,0.0,0.0,0.0,0.0,0.0,0.0
28-12-2006,115.35,500.0,0.0,0.0,0.0,0.0,0.0,0.0
29-12-2006,115.35,500.0,0.0,0.0,0.0,0.0,0.0,0.0
30-12-2006,115.35,500.0,0.0,0.0,0.0,0.0,0.0,0.0
31-12-2006,115.35,500.0,0.0,0.0,0.0,0.0,0.0,0.0
01-01-2007,115.35,500.0,0.0,0.0,0.0,0.0,0.0,0.0
02-01-2007,115.35,500.0,0.0,0.0,0.0,0.0,0.0,0.0
03-01-2007,115.35,500.0,0.0,0.0,0.0,0.0,0.0,0.0
04-01-2007,115.35,500.0,0.0,0.0,0.0,0.0,0.0,0.0
05-01-2007,115.35,500.0,0.0,0.0,0.0,0.0,0.0,0.0
06-01-2007,115.35,500.0,0.0,0.0,0.0,0.0,0.0,0.0
07-01-2007,115.35,500.0,0.0,0.0,0.0,0.0,0.0,0.0
08-01-2007,115.35,500.0,0.0,0.0,0.0,0.0,0.0,0.0
09-01-2007,115.35,500.0,0.0,0.0,0.0,0.0,0.0,0.0
10-01-2007,115.35,500.0,0.0,0.0,0.0,0.0,0.0,0.0
11-01-2007,115.35,500.0,0.0,0.0,0.0,0.0,0.0,0.0
12-01-2007,115.35,500.0,0.0,0.0,0.0,0.0,0.0,0.0
13-01-2007,115.35,500.0,0.0,0.0,0.0,0.0,0.0,0.0
14-01-2007,115.35,500.0,0.0,0.0,0.0,0.0,0.0,0.0
15-01-2007,115.35,500.0,0.0,0.0,0.0,0.0,0.0,0.0
16-01-2007,115.35,500.0,0.0,0.0,0.0,0.0,0.0,0.0
17-01-2007,115.35,500.0,0.0,0.0,0.0,0.0,0.0,0.0
18-01-2007,115.35,500.0,0.0,0.0,0.0,0.0,0.0,0.0
19-01-2007,115.35,500.0,0.0,0.0,0.0,0.0,0.0,0.0
20-01-2007,115.35,500.0,0.0,0.0,0.0,0.0,0.0,0.0
21-01-2007,115.35,500.0,0.0,0.0,0.0,0.0,0.0,0.0
22-01-2007,115.35,500.0,0.0,0.0,0.0,0.0,0.0,0.0
23-01-2007,115.35,500.0,0.0,0.0,0.0,0.0,0.0,0.0
24-01-2007,115.35,500.0,0.0,0.0,0.0,0.0,0.0,0.0
25-01-2007,115.35,500.0,0.0,0.0,0.0,0.0,0.0,0.0
26-01-2007,115.35,500.0,0.0,0.0,0.0,0.0,0.0,0.0
27-01-2007,115.35,500.0,0.0,0.0,0.0,0.0,0.0,0.0
28-01-2007,115.35,500.0,0.0,0.0,0.0,0.0,0.0,0.0
29-01-2007,115.35,500.0,0.0,0.0,0.0,0.0,0.0,0.0
30-01-2007,115.35,500.0,0.0,0.0,0.0,0.0,0.0,0.0
31-01-2007,115.35,500.0,0.0,0.0,0.0,0.0,0.0,0.0
01-02-2007,115.35,500.0,0.0,0.0,0.0,0.0,0.0,0.0
02-02-2007,115.35,500.0,0.0,0.0,0.0,0.0,0.0,0.0
03-02-2007,115.35,500.0,0.0,0.0,0.0,0.0,0.0,0.0
04-02-2007,115.35,500.0,0.0,0.0,0.0,0.0,0.0,0.0
05-02-2007,115.35,500.0,0.0,0.0,0.0,0.0,0.0,0.0
06-02-2007,115.35,500.0,0.0,0.0,0.0,0.0,0.0,0.0
07-02-2007,115.35,500.0,0.0,0.0,0.0,0.0,0.0,0.0
08-02-2007,115.35,500.0,0.0,0.0,0.0,0.0,0.0,0.0
09-02-2007,115.35,500.0,0.0,0.0,0.0,0.0,0.0,0.0
10-02-2007,115.35,500.0,0.0,0.0,0.0,0.0,0.0,0.0
11-02-2007,115.35,500.0,0.0,0.0,0.0,0.0,0.0,0.0
12-02-2007,115.35,500.0,0.0,0.0,0.0,0.0,0.0,0.0
13-02-2007,115.35,500.0,0.0,0.0,0.0,0.0,0.0,0.0
14-02-2007,115.35,500.0,0.0,0.0,0.0,0.0,0.0,0.0
15-02-2007,115.35,500.0,0.0,0.0,0.0,0.0,0.0,0.0
16-02-2007,115.35,500.0,0.0,0.0,0.0,0.0,0.0,0.0
17-02-2007,115.35,500.0,0.0,0.0,0.0,0.0,0.0,0.0
18-02-2007,115.35,500.0,0.0,0.0,0.0,0.0,0.0,0.0
19-02-2007,115.35,500.0,0.0,0.0,0.0,0.0,0.0,0.0
20-02-2007,115.35,500.0,0.0,0.0,0.0,0.0,0.0,0.0
21-02-2007,115.35,500.0,0.0,0.0,0.0,0.0,0.0,0.0
22-02-2007,115.35,500.0,0.0,0.0,0.0,0.0,0.0,0.0
23-02-2007,115.35,500.0,0.0,0.0,0.0,0.0,0.0,0.0
24-02-2007,115.35,500.0,0.0,0.0,0.0,0.0,0.0,0.0
25-02-2007,115.35,500.0,0.0,0.0,0.0,0.0,0.0,0.0
26-02-2007,115.35,500.0,0.0,0.0,0.0,0.0,0.0,0.0
27-02-2007,115.35,500.0,0.0,0.0,0.0,0.0,0.0,0.0
28-02-2007,115.35,500.0,0.0,0.0,0.0,0.0,0.0,0.0
01-03-2007,115.35,500.0,0.0,0.0,0.0,0.0,0.0,0.0
02-03-2007,115.35,500.0,0.0,0.0,0.0,0.0,0.0,0.0
03-03-2007,115.35,500.0,0.0,0.0,0.0,0.0,0.0,0.0
04-03-2007,115.35,500.0,0.0,0.0,0.0,0.0,0.0,0.0
05-03-2007,115.35,500.0,0.0,0.0,0.0,0.0,0.0,0.0
06-03-2007,115.35,500.0,0.0,0.0,0.0,0.0,0.0,0.0
07-03-2007,115.35,500.0,0.0,0.0,0.0,0.0,0.0,0.0
08-03-2007,115.35,500.0,0.0,0.0,0.0,0.0,0.0,0.0
09-03-2007,115.35,500.0,0.0,0.0,0.0,0.0,0.0,0.0
10-03-2007,115.35,500.0,0.0,0.0,0.0,0.0,0.0,0.0
11-03-2007,115.35,500.0,0.0,0.0,0.0,0.0,0.0,0.0
12-03-2007,115.35,500.0,0.0,0.0,0.0,0.0,0.0,0.0
13-03-2007,115.35,500.0,0.0,0.0,0.0,0.0,0.0,0.0
14-03-2007,115.35,500.0,0.0,0.0,0.0,0.0,0.0,0.0
15-03-2007,115.35,500.0,0.0,0.0,0.0,0.0,0.0,0.0
16-03-2007,115.35,500.0,0.0,0.0,0.0,0.0,0.0,0.0
17-03-2007,115.35,500.0,0.0,0.0,0.0,0.0,0.0,0.0
18-03-2007,115.35,500.0,0.0,0.0,0.0,0.0,0.0,0.0
19-03-2007,115.35,500.0,0.0,0.0,0.0,0.0,0.0,0.0
20-03-2007,115.35,500.0,0.0,0.0,0.0,0.0,0.0,0.0
21-03-2007,115.35,500.0,0.0,0.0,0.0,0.0,0.0,0.0
22-03-2007,115.35,500.0,0.0,0.0,0.0,0.0,0.0,0.0
23-03-2007,115.35,500.0,0.0,0.0,0.0,0.0,0.0,0.0
24-03-2007,115.35,500.0,0.0,0.0,0.0,0.0,0.0,0.0
25-03-2007,115.35,500.0,0.0,0.0,0.0,0.0,0.0,0.0
26-03-2007,115.35,500.0,0.0,0.0,0.0,0.0,0.0,0.0
27-03-2007,115.35,500.0,0.0,0.0,0.0,0.0,0.0,0.0
28-03-2007,115.35,500.0,0.0,0.0,0.0,0.0,0.0,0.0
29-03-2007,115.35,500.0,0.0,0.0,0.0,0.0,0.0,0.0
30-03-2007,115.35,500.0,0.0,0.0,0.0,0.0,0.0,0.0
31-03-2007,115.35,500.0,0.0,0.0,0.0,0.0,0.0,0.0
01-04-2007,115.35,500.0,0.0,0.0,0.0,0.0,0.0,0.0
02-04-2007,115.35,500.0,0.0,0.0,0.0,0.0,0.0,0.0
03-04-2007,115.35,500.0,0.0,0.0,0.0,0.0,0.0,0.0
04-04-2007,115.35,500.0,0.0,0.0,0.0,0.0,0.0,0.0
05-04-2007,115.35,500.0,0.0,0.0,0.0,0.0,0.0,0.0
06-04-2007,115.35,500.0,0.0,0.0,0.0,0.0,0.0,0.0
07-04-2007,115.35,500.0,0.0,0.0,0.0,0.0,0.0,0.0
08-04-2007,115.35,500.0,0.0,0.0,0.0,0.0,0.0,0.0
09-04-2007,115.35,500.0,0.0,0.0,0.0,0.0,0.0,0.0
10-04-2007,115.35,500.0,0.0,0.0,0.0,0.0,0.0,0.0
11-04-2007,115.35,500.0,0.0,0.0,0.0,0.0,0.0,0.0
12-04-2007,115.35,500.0,0.0,0.0,0.0,0.0,0.0,0.0
13-04-2007,115.35,500.0,0.0,0.0,0.0,0.0,0.0,0.0
14-04-2007,115.35,500.0,0.0,0.0,0.0,0.0,0.0,0.0
15-04-2007,115.35,500.0,0.0,0.0,0.0,0.0,0.0,0.0
16-04-2007,115.35,500.0,0.0,0.0,0.0,0.0,0.0,0.0
17-04-2007,115.35,500.0,0.0,0.0,0.0,0.0,0.0,0.0
18-04-2007,115.35,500.0,0.0,0.0,0.0,0.0,0.0,0.0
19-04-2007,115.35,500.0,0.0,0.0,0.0,0.0,0.0,0.0
20-04-2007,115.35,500.0,0.0,0.0,0.0,0.0,0.0,0.0
21-04-2007,115.35,500.0,0.0,0.0,0.0,0.0,0.0,0.0
22-04-2007,115.35,500.0,0.0,0.0,0.0,0.0,0.0,0.0
23-04-2007,115.35,500.0,0.0,0.0,0.0,0.0,0.0,0.0
24-04-2007,115.35,500.0,0.0,0.0,0.0,0.0,0.0,0.0
25-04-2007,115.35,500.0,0.0,0.0,0.0,0.0,0.0,0.0
26-04-2007,115.35,500.0,0.0,0.0,0.0,0.0,0.0,0.0
27-04-2007,115.35,500.0,0.0,0.0,0.0,0.0,0.0,0.0
28-04-2007,115.35,500.0,0.0,0.0,0.0,0.0,0.0,0.0
29-04-2007,115.35,500.0,0.0,0.0,0.0,0.0,0.0,0.0
30-04-2007,115.35,500.0,0.0,0.0,0.0,0.0,0.0,0.0
01-05-2007,115.35,500.0,0.0,0.0,0.0,0.0,0.0,0.0
02-05-2007,115.35,500.0,0.0,0.0,0.0,0.0,0.0,0.0
03-05-2007,115.35,500.0,0.0,0.0,0.0,0.0,0.0,0.0
04-05-2007,115.35,500.0,0.0,0.0,0.0,0.0,0.0,0.0
05-05-2007,115.35,500.0,0.0,0.0,0.0,0.0,0.0,0.0
06-05-2007,115.35,500.0,0.0,0.0,0.0,0.0,0.0,0.0
07-05-2007,115.35,500.0,0.0,0.0,0.0,0.0,0.0,0.0
08-05-2007,115.35,500.0,0.0,0.0,0.0,0.0,0.0,0.0
09-05-2007,115.35,500.0,0.0,0.0,0.0,0.0,0.0,0.0
10-05-2007,115.35,500.0,0.0,0.0,0.0,0.0,0.0,0.0
11-05-2007,115.35,500.0,0.0,0.0,0.0,0.0,0.0,0.0
12-05-2007,115.35,500.0,0.0,0.0,0.0,0.0,0.0,0.0
13-05-2007,115.35,500.0,0.0,0.0,0.0,0.0,0.0,0.0
14-05-2007,115.35,500.0,0.0,0.0,0.0,0.0,0.0,0.0
15-05-2007,115.35,500.0,0.0,0.0,0.0,0.0,0.0,0.0
16-05-2007,115.35,500.0,0.0,0.0,0.0,0.0,0.0,0.0
17-05-2007,115.35,500.0,0.0,0.0,0.0,0.0,0.0,0.0
18-05-2007,115.35,500.0,0.0,0.0,0.0,0.0,0.0,0.0
19-05-2007,115.35,500.0,0.0,0.0,0.0,0.0,0.0,0.0
20-05-2007,115.35,500.0,0.0,0.0,0.0,0.0,0.0,0.0
21-05-2007,115.35,500.0,0.0,0.0,0.0,0.0,0.0,0.0
22-05-2007,115.35,500.0,0.0,0.0,0.0,0.0,0.0,0.0
23-05-2007,115.35,500.0,0.0,0.0,0.0,0.0,0.0,0.0
24-05-2007,115.35,500.0,0.0,0.0,0.0,0.0,0.0,0.0
25-05-2007,115.35,500.0,0.0,0.0,0.0,0.0,0.0,0.0
26-05-2007,115.35,500.0,0.0,0.0,0.0,0.0,0.0,0.0
27-05-2007,115.35,500.0,0.0,0.0,0.0,0.0,0.0,0.0
28-05-2007,115.35,500.0,0.0,0.0,0.0,0.0,0.0,0.0
29-05-2007,115.35,500.0,0.0,0.0,0.0,0.0,0.0,0.0
30-05-2007,115.35,500.0,0.0,0.0,0.0,0.0,0.0,0.0
31-05-2007,115.35,500.0,0.0,0.0,0.0,0.0,0.0,0.0
01-06-2007,115.35,500.0,0.0,0.0,0.0,0.0,0.0,0.0
02-06-2007,115.35,500.0,0.0,0.0,0.0,0.0,0.0,0.0
03-06-2007,115.35,500.0,0.0,0.0,0.0,0.0,0.0,0.0
04-06-2007,115.35,500.0,0.0,0.0,0.0,0.0,0.0,0.0
05-06-2007,115.35,500.0,0.0,0.0,0.0,0.0,0.0,0.0
06-06-2007,115.35,500.0,0.0,0.0,0.0,0.0,0.0,0.0
07-06-2007,115.35,500.0,0.0,0.0,0.0,0.0,0.0,0.0
08-06-2007,115.35,500.0,0.0,0.0,0.0,0.0,0.0,0.0
09-06-2007,115.35,500.0,0.0,0.0,0.0,0.0,0.0,0.0
10-06-2007,115.35,500.0,0.0,0.0,0.0,0.0,0.0,0.0
11-06-2007,115.35,500.0,0.0,0.0,0.0,0.0,0.0,0.0
12-06-2007,115.35,500.0,0.0,0.0,0.0,0.0,0.0,0.0
13-06-2007,115.35,500.0,0.0,0.0,0.0,0.0,0.0,0.0
14-06-2007,115.35,500.0,0.0,0.0,0.0,0.0,0.0,0.0
15-06-2007,115.35,500.0,0.0,0.0,0.0,0.0,0.0,0.0
16-06-2007,115.35,500.0,0.0,0.0,0.0,0.0,0.0,0.0
17-06-2007,115.35,500.0,0.0,0.0,0.0,0.0,0.0,0.0
18-06-2007,115.35,500.0,0.0,0.0,0.0,0.0,0.0,0.0
19-06-2007,115.35,500.0,0.0,0.0,0.0,0.0,0.0,0.0
20-06-2007,115.35,500.0,0.0,0.0,0.0,0.0,0.0,0.0
21-06-2007,115.35,500.0,0.0,0.0,0.0,0.0,0.0,0.0
22-06-2007,115.35,500.0,0.0,0.0,0.0,0.0,0.0,0.0
23-06-2007,115.35,500.0,0.0,0.0,0.0,0.0,0.0,0.0
24-06-2007,115.35,500.0,0.0,0.0,0.0,0.0,0.0,0.0
25-06-2007,115.35,500.0,0.0,0.0,0.0,0.0,0.0,0.0
26-06-2007,115.35,500.0,0.0,0.0,0.0,0.0,0.0,0.0
27-06-2007,115.35,500.0,0.0,0.0,0.0,0.0,0.0,0.0
28-06-2007,115.35,500.0,0.0,0.0,0.0,0.0,0.0,0.0
29-06-2007,115.35,500.0,0.0,0.0,0.0,0.0,0.0,0.0
30-06-2007,115.35,500.0,0.0,0.0,0.0,0.0,0.0,0.0
01-07-2007,115.35,500.0,0.0,0.0,0.0,0.0,0.0,0.0
02-07-2007,115.35,500.0,0.0,0.0,0.0,0.0,0.0,0.0
03-07-2007,115.35,500.0,0.0,0.0,0.0,0.0,0.0,0.0
04-07-2007,115.35,500.0,0.0,0.0,0.0,0.0,0.0,0.0
05-07-2007,115.35,500.0,0.0,0.0,0.0,0.0,0.0,0.0
06-07-2007,115.35,500.0,0.0,0.0,0.0,0.0,0.0,0.0
07-07-2007,115.35,500.0,0.0,0.0,0.0,0.0,0.0,0.0
08-07-2007,115.35,500.0,0.0,0.0,0.0,0.0,0.0,0.0
09-07-2007,115.35,500.0,0.0,0.0,0.0,0.0,0.0,0.0
10-07-2007,115.35,500.0,0.0,0.0,0.0,0.0,0.0,0.0
11-07-2007,115.35,500.0,0.0,0.0,0.0,0.0,0.0,0.0
12-07-2007,115.35,500.0,0.0,0.0,0.0,0.0,0.0,0.0
13-07-2007,115.35,500.0,0.0,0.0,0.0,0.0,0.0,0.0
14-07-2007,115.35,500.0,0.0,0.0,0.0,0.0,0.0,0.0
15-07-2007,115.35,500.0,0.0,0.0,0.0,0.0,0.0,0.0
16-07-2007,115.35,500.0,0.0,0.0,0.0,0.0,0.0,0.0
17-07-2007,115.35,500.0,0.0,0.0,0.0,0.0,0.0,0.0
18-07-2007,115.35,500.0,0.0,0.0,0.0,0.0,0.0,0.0
19-07-2007,115.35,500.0,0.0,0.0,0.0,0.0,0.0,0.0
20-07-2007,115.35,500.0,0.0,0.0,0.0,0.0,0.0,0.0
21-07-2007,115.35,500.0,0.0,0.0,0.0,0.0,0.0,0.0
22-07-2007,115.35,500.0,0.0,0.0,0.0,0.0,0.0,0.0
23-07-2007,115.35,500.0,0.0,0.0,0.0,0.0,0.0,0.0
24-07-2007,115.35,500.0,0.0,0.0,0.0,0.0,0.0,0.0
25-07-2007,115.35,500.0,0.0,0.0,0.0,0.0,0.0,0.0
26-07-2007,115.35,500.0,0.0,0.0,0.0,0.0,0.0,0.0
27-07-2007,115.35,500.0,0.0,0.0,0.0,0.0,0.0,0.0
28-07-2007,115.35,500.0,0.0,0.0,0.0,0.0,0.0,0.0
29-07-2007,115.35,500.0,0.0,0.0,0.0,0.0,0.0,0.0
30-07-2007,115.35,500.0,0.0,0.0,0.0,0.0,0.0,0.0
31-07-2007,115.35,500.0,0.0,0.0,0.0,0.0,0.0,0.0
01-08-2007,115.35,500.0,0.0,0.0,0.0,0.0,0.0,0.0
02-08-2007,115.35,500.0,0.0,0.0,0.0,0.0,0.0,0.0
03-08-2007,115.35,500.0,0.0,0.0,0.0,0.0,0.0,0.0
04-08-2007,115.35,500.0,0.0,0.0,0.0,0.0,0.0,0.0
05-08-2007,115.35,500.0,0.0,0.0,0.0,0.0,0.0,0.0
06-08-2007,115.35,500.0,0.0,0.0,0.0,0.0,0.0,0.0
07-08-2007,115.35,500.0,0.0,0.0,0.0,0.0,0.0,0.0
08-08-2007,115.35,500.0,0.0,0.0,0.0,0.0,0.0,0.0
09-08-2007,115.35,500.0,0.0,0.0,0.0,0.0,0.0,0.0
10-08-2007,115.35,500.0,0.0,0.0,0.0,0.0,0.0,0.0
11-08-2007,115.35,500.0,0.0,0.0,0.0,0.0,0.0,0.0
12-08-2007,115.35,500.0,0.0,0.0,0.0,0.0,0.0,0.0
13-08-2007,115.35,500.0,0.0,0.0,0.0,0.0,0.0,0.0
14-08-2007,115.35,500.0,0.0,0.0,0.0,0.0,0.0,0.0
15-08-2007,115.35,500.0,0.0,0.0,0.0,0.0,0.0,0.0
16-08-2007,115.35,500.0,0.0,0.0,0.0,0.0,0.0,0.0
17-08-2007,115.35,500.0,0.0,0.0,0.0,0.0,0.0,0.0
18-08-2007,115.35,500.0,0.0,0.0,0.0,0.0,0.0,0.0
19-08-2007,115.35,500.0,0.0,0.0,0.0,0.0,0.0,0.0
20-08-2007,115.35,500.0,0.0,0.0,0.0,0.0,0.0,0.0
21-08-2007,115.35,500.0,0.0,0.0,0.0,0.0,0.0,0.0
22-08-2007,115.35,500.0,0.0,0.0,0.0,0.0,0.0,0.0
23-08-2007,115.35,500.0,0.0,0.0,0.0,0.0,0.0,0.0
24-08-2007,115.35,500.0,0.0,0.0,0.0,0.0,0.0,0.0
25-08-2007,115.35,500.0,0.0,0.0,0.0,0.0,0.0,0.0
26-08-2007,115.35,500.0,0.0,0.0,0.0,0.0,0.0,0.0
27-08-2007,115.35,500.0,0.0,0.0,0.0,0.0,0.0,0.0
28-08-2007,115.35,500.0,0.0,0.0,0.0,0.0,0.0,0.0
29-08-2007,115.35,500.0,0.0,0.0,0.0,0.0,0.0,0.0
30-08-2007,115.35,500.0,0.0,0.0,0.0,0.0,0.0,0.0
31-08-2007,115.35,500.0,0.0,0.0,0.0,0.0,0.0,0.0
01-09-2007,115.35,500.0,0.0,0.0,0.0,0.0,0.0,0.0
02-09-2007,115.35,500.0,0.0,0.0,0.0,0.0,0.0,0.0
03-09-2007,115.35,500.0,0.0,0.0,0.0,0.0,0.0,0.0
04-09-2007,115.35,500.0,0.0,0.0,0.0,0.0,0.0,0.0
05-09-2007,115.35,500.0,0.0,0.0,0.0,0.0,0.0,0.0
06-09-2007,115.35,500.0,0.0,0.0,0.0,0.0,0.0,0.0
07-09-2007,115.35,500.0,0.0,0.0,0.0,0.0,0.0,0.0
08-09-2007,115.35,500.0,0.0,0.0,0.0,0.0,0.0,0.0
09-09-2007,115.35,500.0,0.0,0.0,0.0,0.0,0.0,0.0
10-09-2007,115.35,500.0,0.0,0.0,0.0,0.0,0.0,0.0
11-09-2007,115.35,500.0,0.0,0.0,0.0,0.0,0.0,0.0
12-09-2007,115.35,500.0,0.0,0.0,0.0,0.0,0.0,0.0
13-09-2007,115.35,500.0,0.0,0.0,0.0,0.0,0.0,0.0
14-09-2007,115.35,500.0,0.0,0.0,0.0,0.0,0.0,0.0
15-09-2007,115.35,500.0,0.0,0.0,0.0,0.0,0.0,0.0
16-09-2007,115.35,500.0,0.0,0.0,0.0,0.0,0.0,0.0
17-09-2007,115.35,500.0,0.0,0.0,0.0,0.0,0.0,0.0
18-09-2007,115.35,500.0,0.0,0.0,0.0,0.0,0.0,0.0
19-09-2007,115.35,500.0,0.0,0.0,0.0,0.0,0.0,0.0
20-09-2007,115.35,500.0,0.0,0.0,0.0,0.0,0.0,0.0
21-09-2007,115.35,500.0,0.0,0.0,0.0,0.0,0.0,0.0
22-09-2007,115.35,500.0,0.0,0.0,0.0,0.0,0.0,0.0
23-09-2007,115.35,500.0,0.0,0.0,0.0,0.0,0.0,0.0
24-09-2007,115.35,500.0,0.0,0.0,0.0,0.0,0.0,0.0
25-09-2007,115.35,500.0,0.0,0.0,0.0,0.0,0.0,0.0
26-09-2007,115.35,500.0,0.0,0.0,0.0,0.0,0.0,0.0
27-09-2007,115.35,500.0,0.0,0.0,0.0,0.0,0.0,0.0
28-09-2007,115.35,500.0,0.0,0.0,0.0,0.0,0.0,0.0
29-09-2007,115.35,500.0,0.0,0.0,0.0,0.0,0.0,0.0
30-09-2007,115.35,500.0,0.0,0.0,0.0,0.0,0.0,0.0
01-10-2007,115.35,500.0,0.0,0.0,0.0,0.0,0.0,0.0
02-10-2007,115.35,500.0,0.0,0.0,0.0,0.0,0.0,0.0
03-10-2007,115.35,500.0,0.0,0.0,0.0,0.0,0.0,0.0
04-10-2007,115.35,500.0,0.0,0.0,0.0,0.0,0.0,0.0
05-10-2007,115.35,500.0,0.0,0.0,0.0,0.0,0.0,0.0
06-10-2007,115.35,500.0,0.0,0.0,0.0,0.0,0.0,0.0
07-10-2007,115.35,500.0,0.0,0.0,0.0,0.0,0.0,0.0
08-10-2007,115.35,500.0,0.0,0.0,0.0,0.0,0.0,0.0
09-10-2007,115.35,500.0,0.0,0.0,0.0,0.0,0.0,0.0
10-10-2007,115.35,500.0,0.0,0.0,0.0,0.0,0.0,0.0
11-10-2007,115.35,500.0,0.0,0.0,0.0,0.0,0.0,0.0
12-10-2007,115.35,500.0,0.0,0.0,0.0,0.0,0.0,0.0
13-10-2007,115.35,500.0,0.0,0.0,0.0,0.0,0.0,0.0
14-10-2007,115.35,500.0,0.0,0.0,0.0,0.0,0.0,0.0
15-10-2007,115.35,500.0,0.0,0.0,0.0,0.0,0.0,0.0
16-10-2007,115.35,500.0,0.0,0.0,0.0,0.0,0.0,0.0
17-10-2007,115.35,500.0,0.0,0.0,0.0,0.0,0.0,0.0
18-10-2007,115.35,500.0,0.0,0.0,0.0,0.0,0.0,0.0
19-10-2007,115.35,500.0,0.0,0.0,0.0,0.0,0.0,0.0
20-10-2007,115.35,500.0,0.0,0.0,0.0,0.0,0.0,0.0
21-10-2007,115.35,500.0,0.0,0.0,0.0,0.0,0.0,0.0
22-10-2007,115.35,500.0,0.0,0.0,0.0,0.0,0.0,0.0
23-10-2007,115.35,500.0,0.0,0.0,0.0,0.0,0.0,0.0
24-10-2007,115.35,500.0,0.0,0.0,0.0,0.0,0.0,0.0
25-10-2007,115.35,500.0,0.0,0.0,0.0,0.0,0.0,0.0
26-10-2007,115.35,500.0,0.0,0.0,0.0,0.0,0.0,0.0
27-10-2007,115.35,500.0,0.0,0.0,0.0,0.0,0.0,0.0
28-10-2007,115.35,500.0,0.0,0.0,0.0,0.0,0.0,0.0
29-10-2007,115.35,500.0,0.0,0.0,0.0,0.0,0.0,0.0
30-10-2007,115.35,500.0,0.0,0.0,0.0,0.0,0.0,0.0
31-10-2007,115.35,500.0,0.0,0.0,0.0,0.0,0.0,0.0
01-11-2007,115.35,500.0,0.0,0.0,0.0,0.0,0.0,0.0
02-11-2007,115.35,500.0,0.0,0.0,0.0,0.0,0.0,0.0
03-11-2007,115.35,500.0,0.0,0.0,0.0,0.0,0.0,0.0
04-11-2007,115.35,500.0,0.0,0.0,0.0,0.0,0.0,0.0
05-11-2007,115.35,500.0,0.0,0.0,0.0,0.0,0.0,0.0
06-11-2007,115.35,500.0,0.0,0.0,0.0,0.0,0.0,0.0
07-11-2007,115.35,500.0,0.0,0.0,0.0,0.0,0.0,0.0
08-11-2007,115.35,500.0,0.0,0.0,0.0,0.0,0.0,0.0
09-11-2007,115.35,500.0,0.0,0.0,0.0,0.0,0.0,0.0
10-11-2007,115.35,500.0,0.0,0.0,0.0,0.0,0.0,0.0
11-11-2007,115.35,500.0,0.0,0.0,0.0,0.0,0.0,0.0
12-11-2007,115.35,500.0,0.0,0.0,0.0,0.0,0.0,0.0
13-11-2007,115.35,500.0,0.0,0.0,0.0,0.0,0.0,0.0
14-11-2007,115.35,500.0,0.0,0.0,0.0,0.0,0.0,0.0
15-11-2007,115.35,500.0,0.0,0.0,0.0,0.0,0.0,0.0
16-11-2007,115.35,500.0,0.0,0.0,0.0,0.0,0.0,0.0
17-11-2007,115.35,500.0,0.0,0.0,0.0,0.0,0.0,0.0
18-11-2007,115.35,500.0,0.0,0.0,0.0,0.0,0.0,0.0
19-11-2007,115.35,500.0,0.0,0.0,0.0,0.0,0.0,0.0
20-11-2007,115.35,500.0,0.0,0.0,0.0,0.0,0.0,0.0
21-11-2007,115.35,500.0,0.0,0.0,0.0,0.0,0.0,0.0
22-11-2007,115.35,500.0,0.0,0.0,0.0,0.0,0.0,0.0
23-11-2007,115.35,500.0,0.0,0.0,0.0,0.0,0.0,0.0
24-11-2007,115.35,500.0,0.0,0.0,0.0,0.0,0.0,0.0
25-11-2007,115.35,500.0,0.0,0.0,0.0,0.0,0.0,0.0
26-11-2007,115.35,500.0,0.0,0.0,0.0,0.0,0.0,0.0
27-11-2007,115.35,500.0,0.0,0.0,0.0,0.0,0.0,0.0
28-11-2007,115.35,500.0,0.0,0.0,0.0,0.0,0.0,0.0
29-11-2007,115.35,500.0,0.0,0.0,0.0,0.0,0.0,0.0
30-11-2007,115.35,500.0,0.0,0.0,0.0,0.0,0.0,0.0
01-12-2007,115.35,500.0,0.0,0.0,0.0,0.0,0.0,0.0
02-12-2007,115.35,500.0,0.0,0.0,0.0,0.0,0.0,0.0
03-12-2007,115.35,500.0,0.0,0.0,0.0,0.0,0.0,0.0
04-12-2007,115.35,500.0,0.0,0.0,0.0,0.0,0.0,0.0
05-12-2007,115.35,500.0,0.0,0.0,0.0,0.0,0.0,0.0
06-12-2007,115.35,500.0,0.0,0.0,0.0,0.0,0.0,0.0
07-12-2007,115.35,500.0,0.0,0.0,0.0,0.0,0.0,0.0
08-12-2007,115.35,500.0,0.0,0.0,0.0,0.0,0.0,0.0
09-12-2007,115.35,500.0,0.0,0.0,0.0,0.0,0.0,0.0
10-12-2007,115.35,500.0,0.0,0.0,0.0,0.0,0.0,0.0
11-12-2007,115.35,500.0,0.0,0.0,0.0,0.0,0.0,0.0
12-12-2007,115.35,500.0,0.0,0.0,0.0,0.0,0.0,0.0
13-12-2007,115.35,500.0,0.0,0.0,0.0,0.0,0.0,0.0
14-12-2007,115.35,500.0,0.0,0.0,0.0,0.0,0.0,0.0
15-12-2007,115.35,500.0,0.0,0.0,0.0,0.0,0.0,0.0
16-12-2007,115.35,500.0,0.0,0.0,0.0,0.0,0.0,0.0
17-12-2007,115.35,500.0,0.0,0.0,0.0,0.0,0.0,0.0
18-12-2007,115.35,500.0,0.0,0.0,0.0,0.0,0.0,0.0
19-12-2007,115.35,500.0,0.0,0.0,0.0,0.0,0.0,0.0
20-12-2007,115.35,500.0,0.0,0.0,0.0,0.0,0.0,0.0
21-12-2007,115.35,500.0,0.0,0.0,0.0,0.0,0.0,0.0
22-12-2007,115.35,500.0,0.0,0.0,0.0,0.0,0.0,0.0
23-12-2007,115.35,500.0,0.0,0.0,0.0,0.0,0.0,0.0
24-12-2007,115.35,500.0,0.0,0.0,0.0,0.0,0.0,0.0
25-12-2007,115.35,500.0,0.0,0.0,0.0,0.0,0.0,0.0
26-12-2007,115.35,500.0,0.0,0.0,0.0,0.0,0.0,0.0
27-12-2007,115.35,500.0,0.0,0.0,0.0,0.0,0.0,0.0
28-12-2007,115.35,500.0,0.0,0.0,0.0,0.0,0.0,0.0
29-12-2007,115.35,500.0,0.0,0.0,0.0,0.0,0.0,0.0
30-12-2007,115.35,500.0,0.0,0.0,0.0,0.0,0.0,0.0
31-12-2007,115.35,500.0,0.0,0.0,0.0,0.0,0.0,0.0
01-01-2008,115.35,500.0,0.0,0.0,0.0,0.0,0.0,0.0
02-01-2008,115.35,500.0,0.0,0.0,0.0,0.0,0.0,0.0
03-01-2008,115.35,500.0,0.0,0.0,0.0,0.0,0.0,0.0
04-01-2008,115.35,500.0,0.0,0.0,0.0,0.0,0.0,0.0
05-01-2008,115.35,500.0,0.0,0.0,0.0,0.0,0.0,0.0
06-01-2008,115.35,500.0,0.0,0.0,0.0,0.0,0.0,0.0
07-01-2008,115.35,500.0,0.0,0.0,0.0,0.0,0.0,0.0
08-01-2008,115.35,500.0,0.0,0.0,0.0,0.0,0.0,0.0
09-01-2008,115.35,500.0,0.0,0.0,0.0,0.0,0.0,0.0
10-01-2008,115.35,500.0,0.0,0.0,0.0,0.0,0.0,0.0
11-01-2008,115.35,500.0,0.0,0.0,0.0,0.0,0.0,0.0
12-01-2008,115.35,500.0,0.0,0.0,0.0,0.0,0.0,0.0
13-01-2008,115.35,500.0,0.0,0.0,0.0,0.0,0.0,0.0
14-01-2008,115.35,500.0,0.0,0.0,0.0,0.0,0.0,0.0
15-01-2008,115.35,500.0,0.0,0.0,0.0,0.0,0.0,0.0
16-01-2008,115.35,500.0,0.0,0.0,0.0,0.0,0.0,0.0
17-01-2008,115.35,500.0,0.0,0.0,0.0,0.0,0.0,0.0
18-01-2008,115.35,500.0,0.0,0.0,0.0,0.0,0.0,0.0
19-01-2008,115.35,500.0,0.0,0.0,0.0,0.0,0.0,0.0
20-01-2008,115.35,500.0,0.0,0.0,0.0,0.0,0.0,0.0
21-01-2008,115.35,500.0,0.0,0.0,0.0,0.0,0.0,0.0
22-01-2008,115.35,500.0,0.0,0.0,0.0,0.0,0.0,0.0
23-01-2008,115.35,500.0,0.0,0.0,0.0,0.0,0.0,0.0
24-01-2008,115.35,500.0,0.0,0.0,0.0,0.0,0.0,0.0
25-01-2008,115.35,500.0,0.0,0.0,0.0,0.0,0.0,0.0
26-01-2008,115.35,500.0,0.0,0.0,0.0,0.0,0.0,0.0
27-01-2008,115.35,500.0,0.0,0.0,0.0,0.0,0.0,0.0
28-01-2008,115.35,500.0,0.0,0.0,0.0,0.0,0.0,0.0
29-01-2008,115.35,500.0,0.0,0.0,0.0,0.0,0.0,0.0
30-01-2008,115.35,500.0,0.0,0.0,0.0,0.0,0.0,0.0
31-01-2008,115.35,500.0,0.0,0.0,0.0,0.0,0.0,0.0
01-02-2008,115.35,500.0,0.0,0.0,0.0,0.0,0.0,0.0
02-02-2008,115.35,500.0,0.0,0.0,0.0,0.0,0.0,0.0
03-02-2008,115.35,500.0,0.0,0.0,0.0,0.0,0.0,0.0
04-02-2008,115.35,500.0,0.0,0.0,0.0,0.0,0.0,0.0
05-02-2008,115.35,500.0,0.0,0.0,0.0,0.0,0.0,0.0
06-02-2008,115.35,500.0,0.0,0.0,0.0,0.0,0.0,0.0
07-02-2008,115.35,500.0,0.0,0.0,0.0,0.0,0.0,0.0
08-02-2008,115.35,500.0,0.0,0.0,0.0,0.0,0.0,0.0
09-02-2008,115.35,500.0,0.0,0.0,0.0,0.0,0.0,0.0
10-02-2008,115.35,500.0,0.0,0.0,0.0,0.0,0.0,0.0
11-02-2008,115.35,500.0,0.0,0.0,0.0,0.0,0.0,0.0
12-02-2008,115.35,500.0,0.0,0.0,0.0,0.0,0.0,0.0
13-02-2008,115.35,500.0,0.0,0.0,0.0,0.0,0.0,0.0
14-02-2008,115.35,500.0,0.0,0.0,0.0,0.0,0.0,0.0
15-02-2008,115.35,500.0,0.0,0.0,0.0,0.0,0.0,0.0
16-02-2008,115.35,500.0,0.0,0.0,0.0,0.0,0.0,0.0
17-02-2008,115.35,500.0,0.0,0.0,0.0,0.0,0.0,0.0
18-02-2008,115.35,500.0,0.0,0.0,0.0,0.0,0.0,0.0
19-02-2008,115.35,500.0,0.0,0.0,0.0,0.0,0.0,0.0
20-02-2008,115.35,500.0,0.0,0.0,0.0,0.0,0.0,0.0
21-02-2008,115.35,500.0,0.0,0.0,0.0,0.0,0.0,0.0
22-02-2008,115.35,500.0,0.0,0.0,0.0,0.0,0.0,0.0
23-02-2008,115.35,500.0,0.0,0.0,0.0,0.0,0.0,0.0
24-02-2008,115.35,500.0,0.0,0.0,0.0,0.0,0.0,0.0
25-02-2008,115.35,500.0,0.0,0.0,0.0,0.0,0.0,0.0
26-02-2008,115.35,500.0,0.0,0.0,0.0,0.0,0.0,0.0
27-02-2008,115.35,500.0,0.0,0.0,0.0,0.0,0.0,0.0
28-02-2008,115.35,500.0,0.0,0.0,0.0,0.0,0.0,0.0
29-02-2008,115.35,500.0,0.0,0.0,0.0,0.0,0.0,0.0
01-03-2008,115.35,500.0,0.0,0.0,0.0,0.0,0.0,0.0
02-03-2008,115.35,500.0,0.0,0.0,0.0,0.0,0.0,0.0
03-03-2008,115.35,500.0,0.0,0.0,0.0,0.0,0.0,0.0
04-03-2008,115.35,500.0,0.0,0.0,0.0,0.0,0.0,0.0
05-03-2008,115.35,500.0,0.0,0.0,0.0,0.0,0.0,0.0
06-03-2008,115.35,500.0,0.0,0.0,0.0,0.0,0.0,0.0
07-03-2008,115.35,500.0,0.0,0.0,0.0,0.0,0.0,0.0
08-03-2008,115.35,500.0,0.0,0.0,0.0,0.0,0.0,0.0
09-03-2008,115.35,500.0,0.0,0.0,0.0,0.0,0.0,0.0
10-03-2008,115.35,500.0,0.0,0.0,0.0,0.0,0.0,0.0
11-03-2008,115.35,500.0,0.0,0.0,0.0,0.0,0.0,0.0
12-03-2008,115.35,500.0,0.0,0.0,0.0,0.0,0.0,0.0
13-03-2008,115.35,500.0,0.0,0.0,0.0,0.0,0.0,0.0
14-03-2008,115.35,500.0,0.0,0.0,0.0,0.0,0.0,0.0
15-03-2008,115.35,500.0,0.0,0.0,0.0,0.0,0.0,0.0
16-03-2008,115.35,500.0,0.0,0.0,0.0,0.0,0.0,0.0
17-03-2008,115.35,500.0,0.0,0.0,0.0,0.0,0.0,0.0
18-03-2008,115.35,500.0,0.0,0.0,0.0,0.0,0.0,0.0
19-03-2008,115.35,500.0,0.0,0.0,0.0,0.0,0.0,0.0
20-03-2008,115.35,500.0,0.0,0.0,0.0,0.0,0.0,0.0
21-03-2008,115.35,500.0,0.0,0.0,0.0,0.0,0.0,0.0
22-03-2008,115.35,500.0,0.0,0.0,0.0,0.0,0.0,0.0
23-03-2008,115.35,500.0,0.0,0.0,0.0,0.0,0.0,0.0
24-03-2008,115.35,500.0,0.0,0.0,0.0,0.0,0.0,0.0
25-03-2008,115.35,500.0,0.0,0.0,0.0,0.0,0.0,0.0
26-03-2008,115.35,500.0,0.0,0.0,0.0,0.0,0.0,0.0
27-03-2008,115.35,500.0,0.0,0.0,0.0,0.0,0.0,0.0
28-03-2008,115.35,500.0,0.0,0.0,0.0,0.0,0.0,0.0
29-03-2008,115.35,500.0,0.0,0.0,0.0,0.0,0.0,0.0
30-03-2008,115.35,500.0,0.0,0.0,0.0,0.0,0.0,0.0
31-03-2008,115.35,500.0,0.0,0.0,0.0,0.0,0.0,0.0
01-04-2008,115.35,500.0,0.0,0.0,0.0,0.0,0.0,0.0
02-04-2008,115.35,500.0,0.0,0.0,0.0,0.0,0.0,0.0
03-04-2008,115.35,500.0,0.0,0.0,0.0,0.0,0.0,0.0
04-04-2008,115.35,500.0,0.0,0.0,0.0,0.0,0.0,0.0
05-04-2008,115.35,500.0,0.0,0.0,0.0,0.0,0.0,0.0
06-04-2008,115.35,500.0,0.0,0.0,0.0,0.0,0.0,0.0
07-04-2008,115.35,500.0,0.0,0.0,0.0,0.0,0.0,0.0
08-04-2008,115.35,500.0,0.0,0.0,0.0,0.0,0.0,0.0
09-04-2008,115.35,500.0,0.0,0.0,0.0,0.0,0.0,0.0
10-04-2008,115.35,500.0,0.0,0.0,0.0,0.0,0.0,0.0
11-04-2008,115.35,500.0,0.0,0.0,0.0,0.0,0.0,0.0
12-04-2008,115.35,500.0,0.0,0.0,0.0,0.0,0.0,0.0
13-04-2008,115.35,500.0,0.0,0.0,0.0,0.0,0.0,0.0
14-04-2008,115.35,500.0,0.0,0.0,0.0,0.0,0.0,0.0
15-04-2008,115.35,500.0,0.0,0.0,0.0,0.0,0.0,0.0
16-04-2008,115.35,500.0,0.0,0.0,0.0,0.0,0.0,0.0
17-04-2008,115.35,500.0,0.0,0.0,0.0,0.0,0.0,0.0
18-04-2008,115.35,500.0,0.0,0.0,0.0,0.0,0.0,0.0
19-04-2008,115.35,500.0,0.0,0.0,0.0,0.0,0.0,0.0
20-04-2008,115.35,500.0,0.0,0.0,0.0,0.0,0.0,0.0
21-04-2008,115.35,500.0,0.0,0.0,0.0,0.0,0.0,0.0
22-04-2008,115.35,500.0,0.0,0.0,0.0,0.0,0.0,0.0
23-04-2008,115.35,500.0,0.0,0.0,0.0,0.0,0.0,0.0
24-04-2008,115.35,500.0,0.0,0.0,0.0,0.0,0.0,0.0
25-04-2008,115.35,500.0,0.0,0.0,0.0,0.0,0.0,0.0
26-04-2008,115.35,500.0,0.0,0.0,0.0,0.0,0.0,0.0
27-04-2008,115.35,500.0,0.0,0.0,0.0,0.0,0.0,0.0
28-04-2008,115.35,500.0,0.0,0.0,0.0,0.0,0.0,0.0
29-04-2008,115.35,500.0,0.0,0.0,0.0,0.0,0.0,0.0
30-04-2008,115.35,500.0,0.0,0.0,0.0,0.0,0.0,0.0
01-05-2008,115.35,500.0,0.0,0.0,0.0,0.0,0.0,0.0
02-05-2008,115.35,500.0,0.0,0.0,0.0,0.0,0.0,0.0
03-05-2008,115.35,500.0,0.0,0.0,0.0,0.0,0.0,0.0
04-05-2008,115.35,500.0,0.0,0.0,0.0,0.0,0.0,0.0
05-05-2008,115.35,500.0,0.0,0.0,0.0,0.0,0.0,0.0
06-05-2008,115.35,500.0,0.0,0.0,0.0,0.0,0.0,0.0
07-05-2008,115.35,500.0,0.0,0.0,0.0,0.0,0.0,0.0
08-05-2008,115.35,500.0,0.0,0.0,0.0,0.0,0.0,0.0
09-05-2008,115.35,500.0,0.0,0.0,0.0,0.0,0.0,0.0
10-05-2008,115.35,500.0,0.0,0.0,0.0,0.0,0.0,0.0
11-05-2008,115.35,500.0,0.0,0.0,0.0,0.0,0.0,0.0
12-05-2008,115.35,500.0,0.0,0.0,0.0,0.0,0.0,0.0
13-05-2008,115.35,500.0,0.0,0.0,0.0,0.0,0.0,0.0
14-05-2008,115.35,500.0,0.0,0.0,0.0,0.0,0.0,0.0
15-05-2008,115.35,500.0,0.0,0.0,0.0,0.0,0.0,0.0
16-05-2008,115.35,500.0,0.0,0.0,0.0,0.0,0.0,0.0
17-05-2008,115.35,500.0,0.0,0.0,0.0,0.0,0.0,0.0
18-05-2008,115.35,500.0,0.0,0.0,0.0,0.0,0.0,0.0
19-05-2008,115.35,500.0,0.0,0.0,0.0,0.0,0.0,0.0
20-05-2008,115.35,500.0,0.0,0.0,0.0,0.0,0.0,0.0
21-05-2008,115.35,500.0,0.0,0.0,0.0,0.0,0.0,0.0
22-05-2008,115.35,500.0,0.0,0.0,0.0,0.0,0.0,0.0
23-05-2008,115.35,500.0,0.0,0.0,0.0,0.0,0.0,0.0
24-05-2008,115.35,500.0,0.0,0.0,0.0,0.0,0.0,0.0
25-05-2008,115.35,500.0,0.0,0.0,0.0,0.0,0.0,0.0
26-05-2008,115.35,500.0,0.0,0.0,0.0,0.0,0.0,0.0
27-05-2008,115.35,500.0,0.0,0.0,0.0,0.0,0.0,0.0
28-05-2008,115.35,500.0,0.0,0.0,0.0,0.0,0.0,0.0
29-05-2008,115.35,500.0,0.0,0.0,0.0,0.0,0.0,0.0
30-05-2008,115.35,500.0,0.0,0.0,0.0,0.0,0.0,0.0
31-05-2008,115.35,500.0,0.0,0.0,0.0,0.0,0.0,0.0
01-06-2008,115.35,500.0,0.0,0.0,0.0,0.0,0.0,0.0
02-06-2008,115.35,500.0,0.0,0.0,0.0,0.0,0.0,0.0
03-06-2008,115.35,500.0,0.0,0.0,0.0,0.0,0.0,0.0
04-06-2008,115.35,500.0,0.0,0.0,0.0,0.0,0.0,0.0
05-06-2008,115.35,500.0,0.0,0.0,0.0,0.0,0.0,0.0
06-06-2008,115.35,500.0,0.0,0.0,0.0,0.0,0.0,0.0
07-06-2008,115.35,500.0,0.0,0.0,0.0,0.0,0.0,0.0
08-06-2008,115.35,500.0,0.0,0.0,0.0,0.0,0.0,0.0
09-06-2008,115.35,500.0,0.0,0.0,0.0,0.0,0.0,0.0
10-06-2008,115.35,500.0,0.0,0.0,0.0,0.0,0.0,0.0
11-06-2008,115.35,500.0,0.0,0.0,0.0,0.0,0.0,0.0
12-06-2008,115.35,500.0,0.0,0.0,0.0,0.0,0.0,0.0
13-06-2008,115.35,500.0,0.0,0.0,0.0,0.0,0.0,0.0
14-06-2008,115.35,500.0,0.0,0.0,0.0,0.0,0.0,0.0
15-06-2008,115.35,500.0,0.0,0.0,0.0,0.0,0.0,0.0
16-06-2008,115.35,500.0,0.0,0.0,0.0,0.0,0.0,0.0
17-06-2008,115.35,500.0,0.0,0.0,0.0,0.0,0.0,0.0
18-06-2008,115.35,500.0,0.0,0.0,0.0,0.0,0.0,0.0
19-06-2008,115.35,500.0,0.0,0.0,0.0,0.0,0.0,0.0
20-06-2008,115.35,500.0,0.0,0.0,0.0,0.0,0.0,0.0
21-06-2008,115.35,500.0,0.0,0.0,0.0,0.0,0.0,0.0
22-06-2008,115.35,500.0,0.0,0.0,0.0,0.0,0.0,0.0
23-06-2008,115.35,500.0,0.0,0.0,0.0,0.0,0.0,0.0
24-06-2008,115.35,500.0,0.0,0.0,0.0,0.0,0.0,0.0
25-06-2008,115.35,500.0,0.0,0.0,0.0,0.0,0.0,0.0
26-06-2008,115.35,500.0,0.0,0.0,0.0,0.0,0.0,0.0
27-06-2008,115.35,500.0,0.0,0.0,0.0,0.0,0.0,0.0
28-06-2008,115.35,500.0,0.0,0.0,0.0,0.0,0.0,0.0
29-06-2008,115.35,500.0,0.0,0.0,0.0,0.0,0.0,0.0
30-06-2008,115.35,500.0,0.0,0.0,0.0,0.0,0.0,0.0
01-07-2008,115.35,500.0,0.0,0.0,0.0,0.0,0.0,0.0
02-07-2008,115.35,500.0,0.0,0.0,0.0,0.0,0.0,0.0
03-07-2008,115.35,500.0,0.0,0.0,0.0,0.0,0.0,0.0
04-07-2008,115.35,500.0,0.0,0.0,0.0,0.0,0.0,0.0
05-07-2008,115.35,500.0,0.0,0.0,0.0,0.0,0.0,0.0
06-07-2008,115.35,500.0,0.0,0.0,0.0,0.0,0.0,0.0
07-07-2008,115.35,500.0,0.0,0.0,0.0,0.0,0.0,0.0
08-07-2008,115.35,500.0,0.0,0.0,0.0,0.0,0.0,0.0
09-07-2008,115.35,500.0,0.0,0.0,0.0,0.0,0.0,0.0
10-07-2008,115.35,500.0,0.0,0.0,0.0,0.0,0.0,0.0
11-07-2008,115.35,500.0,0.0,0.0,0.0,0.0,0.0,0.0
12-07-2008,115.35,500.0,0.0,0.0,0.0,0.0,0.0,0.0
13-07-2008,115.35,500.0,0.0,0.0,0.0,0.0,0.0,0.0
14-07-2008,115.35,500.0,0.0,0.0,0.0,0.0,0.0,0.0
15-07-2008,115.35,500.0,0.0,0.0,0.0,0.0,0.0,0.0
16-07-2008,115.35,500.0,0.0,0.0,0.0,0.0,0.0,0.0
17-07-2008,115.35,500.0,0.0,0.0,0.0,0.0,0.0,0.0
18-07-2008,115.35,500.0,0.0,0.0,0.0,0.0,0.0,0.0
19-07-2008,115.35,500.0,0.0,0.0,0.0,0.0,0.0,0.0
20-07-2008,115.35,500.0,0.0,0.0,0.0,0.0,0.0,0.0
21-07-2008,115.35,500.0,0.0,0.0,0.0,0.0,0.0,0.0
22-07-2008,115.35,500.0,0.0,0.0,0.0,0.0,0.0,0.0
23-07-2008,115.35,500.0,0.0,0.0,0.0,0.0,0.0,0.0
24-07-2008,115.35,500.0,0.0,0.0,0.0,0.0,0.0,0.0
25-07-2008,115.35,500.0,0.0,0.0,0.0,0.0,0.0,0.0
26-07-2008,115.35,500.0,0.0,0.0,0.0,0.0,0.0,0.0
27-07-2008,115.35,500.0,0.0,0.0,0.0,0.0,0.0,0.0
28-07-2008,115.35,500.0,0.0,0.0,0.0,0.0,0.0,0.0
29-07-2008,115.35,500.0,0.0,0.0,0.0,0.0,0.0,0.0
30-07-2008,115.35,500.0,0.0,0.0,0.0,0.0,0.0,0.0
31-07-2008,115.35,500.0,0.0,0.0,0.0,0.0,0.0,0.0
01-08-2008,115.35,500.0,0.0,0.0,0.0,0.0,0.0,0.0
02-08-2008,115.35,500.0,0.0,0.0,0.0,0.0,0.0,0.0
03-08-2008,115.35,500.0,0.0,0.0,0.0,0.0,0.0,0.0
04-08-2008,115.35,500.0,0.0,0.0,0.0,0.0,0.0,0.0
05-08-2008,115.35,500.0,0.0,0.0,0.0,0.0,0.0,0.0
06-08-2008,115.35,500.0,0.0,0.0,0.0,0.0,0.0,0.0
07-08-2008,115.35,500.0,0.0,0.0,0.0,0.0,0.0,0.0
08-08-2008,115.35,500.0,0.0,0.0,0.0,0.0,0.0,0.0
09-08-2008,115.35,500.0,0.0,0.0,0.0,0.0,0.0,0.0
10-08-2008,115.35,500.0,0.0,0.0,0.0,0.0,0.0,0.0
11-08-2008,115.35,500.0,0.0,0.0,0.0,0.0,0.0,0.0
12-08-2008,115.35,500.0,0.0,0.0,0.0,0.0,0.0,0.0
13-08-2008,115.35,500.0,0.0,0.0,0.0,0.0,0.0,0.0
14-08-2008,115.35,500.0,0.0,0.0,0.0,0.0,0.0,0.0
15-08-2008,115.35,500.0,0.0,0.0,0.0,0.0,0.0,0.0
16-08-2008,115.35,500.0,0.0,0.0,0.0,0.0,0.0,0.0
17-08-2008,115.35,500.0,0.0,0.0,0.0,0.0,0.0,0.0
18-08-2008,115.35,500.0,0.0,0.0,0.0,0.0,0.0,0.0
19-08-2008,115.35,500.0,0.0,0.0,0.0,0.0,0.0,0.0
20-08-2008,115.35,500.0,0.0,0.0,0.0,0.0,0.0,0.0
21-08-2008,115.35,500.0,0.0,0.0,0.0,0.0,0.0,0.0
22-08-2008,115.35,500.0,0.0,0.0,0.0,0.0,0.0,0.0
23-08-2008,115.35,500.0,0.0,0.0,0.0,0.0,0.0,0.0
24-08-2008,115.35,500.0,0.0,0.0,0.0,0.0,0.0,0.0
25-08-2008,115.35,500.0,0.0,0.0,0.0,0.0,0.0,0.0
26-08-2008,115.35,500.0,0.0,0.0,0.0,0.0,0.0,0.0
27-08-2008,115.35,500.0,0.0,0.0,0.0,0.0,0.0,0.0
28-08-2008,115.35,500.0,0.0,0.0,0.0,0.0,0.0,0.0
29-08-2008,115.35,500.0,0.0,0.0,0.0,0.0,0.0,0.0
30-08-2008,115.35,500.0,0.0,0.0,0.0,0.0,0.0,0.0
31-08-2008,115.35,500.0,0.0,0.0,0.0,0.0,0.0,0.0
01-09-2008,115.35,500.0,0.0,0.0,0.0,0.0,0.0,0.0
02-09-2008,115.35,500.0,0.0,0.0,0.0,0.0,0.0,0.0
03-09-2008,115.35,500.0,0.0,0.0,0.0,0.0,0.0,0.0
04-09-2008,115.35,500.0,0.0,0.0,0.0,0.0,0.0,0.0
05-09-2008,115.35,500.0,0.0,0.0,0.0,0.0,0.0,0.0
06-09-2008,115.35,500.0,0.0,0.0,0.0,0.0,0.0,0.0
07-09-2008,115.35,500.0,0.0,0.0,0.0,0.0,0.0,0.0
08-09-2008,115.35,500.0,0.0,0.0,0.0,0.0,0.0,0.0
09-09-2008,115.35,500.0,0.0,0.0,0.0,0.0,0.0,0.0
10-09-2008,115.35,500.0,0.0,0.0,0.0,0.0,0.0,0.0
11-09-2008,115.35,500.0,0.0,0.0,0.0,0.0,0.0,0.0
12-09-2008,115.35,500.0,0.0,0.0,0.0,0.0,0.0,0.0
13-09-2008,115.35,500.0,0.0,0.0,0.0,0.0,0.0,0.0
14-09-2008,115.35,500.0,0.0,0.0,0.0,0.0,0.0,0.0
15-09-2008,115.35,500.0,0.0,0.0,0.0,0.0,0.0,0.0
16-09-2008,115.35,500.0,0.0,0.0,0.0,0.0,0.0,0.0
17-09-2008,115.35,500.0,0.0,0.0,0.0,0.0,0.0,0.0
18-09-2008,115.35,500.0,0.0,0.0,0.0,0.0,0.0,0.0
19-09-2008,115.35,500.0,0.0,0.0,0.0,0.0,0.0,0.0
20-09-2008,115.35,500.0,0.0,0.0,0.0,0.0,0.0,0.0
21-09-2008,115.35,500.0,0.0,0.0,0.0,0.0,0.0,0.0
22-09-2008,115.35,500.0,0.0,0.0,0.0,0.0,0.0,0.0
23-09-2008,115.35,500.0,0.0,0.0,0.0,0.0,0.0,0.0
24-09-2008,115.35,500.0,0.0,0.0,0.0,0.0,0.0,0.0
25-09-2008,115.35,500.0,0.0,0.0,0.0,0.0,0.0,0.0
26-09-2008,115.35,500.0,0.0,0.0,0.0,0.0,0.0,0.0
27-09-2008,115.35,500.0,0.0,0.0,0.0,0.0,0.0,0.0
28-09-2008,115.35,500.0,0.0,0.0,0.0,0.0,0.0,0.0
29-09-2008,115.35,500.0,0.0,0.0,0.0,0.0,0.0,0.0
30-09-2008,115.35,500.0,0.0,0.0,0.0,0.0,0.0,0.0
01-10-2008,115.35,500.0,0.0,0.0,0.0,0.0,0.0,0.0
02-10-2008,115.35,500.0,0.0,0.0,0.0,0.0,0.0,0.0
03-10-2008,115.35,500.0,0.0,0.0,0.0,0.0,0.0,0.0
04-10-2008,115.35,500.0,0.0,0.0,0.0,0.0,0.0,0.0
05-10-2008,115.35,500.0,0.0,0.0,0.0,0.0,0.0,0.0
06-10-2008,115.35,500.0,0.0,0.0,0.0,0.0,0.0,0.0
07-10-2008,115.35,500.0,0.0,0.0,0.0,0.0,0.0,0.0
08-10-2008,115.35,500.0,0.0,0.0,0.0,0.0,0.0,0.0
09-10-2008,115.35,500.0,0.0,0.0,0.0,0.0,0.0,0.0
10-10-2008,115.35,500.0,0.0,0.0,0.0,0.0,0.0,0.0
11-10-2008,115.35,500.0,0.0,0.0,0.0,0.0,0.0,0.0
12-10-2008,115.35,500.0,0.0,0.0,0.0,0.0,0.0,0.0
13-10-2008,115.35,500.0,0.0,0.0,0.0,0.0,0.0,0.0
14-10-2008,115.35,500.0,0.0,0.0,0.0,0.0,0.0,0.0
15-10-2008,115.35,500.0,0.0,0.0,0.0,0.0,0.0,0.0
16-10-2008,115.35,500.0,0.0,0.0,0.0,0.0,0.0,0.0
17-10-2008,115.35,500.0,0.0,0.0,0.0,0.0,0.0,0.0
18-10-2008,115.35,500.0,0.0,0.0,0.0,0.0,0.0,0.0
19-10-2008,115.35,500.0,0.0,0.0,0.0,0.0,0.0,0.0
20-10-2008,115.35,500.0,0.0,0.0,0.0,0.0,0.0,0.0
21-10-2008,115.35,500.0,0.0,0.0,0.0,0.0,0.0,0.0
22-10-2008,115.35,500.0,0.0,0.0,0.0,0.0,0.0,0.0
23-10-2008,115.35,500.0,0.0,0.0,0.0,0.0,0.0,0.0
24-10-2008,115.35,500.0,0.0,0.0,0.0,0.0,0.0,0.0
25-10-2008,115.35,500.0,0.0,0.0,0.0,0.0,0.0,0.0
26-10-2008,115.35,500.0,0.0,0.0,0.0,0.0,0.0,0.0
27-10-2008,115.35,500.0,0.0,0.0,0.0,0.0,0.0,0.0
28-10-2008,115.35,500.0,0.0,0.0,0.0,0.0,0.0,0.0
29-10-2008,115.35,500.0,0.0,0.0,0.0,0.0,0.0,0.0
30-10-2008,115.35,500.0,0.0,0.0,0.0,0.0,0.0,0.0
31-10-2008,115.35,500.0,0.0,0.0,0.0,0.0,0.0,0.0
01-11-2008,115.35,500.0,0.0,0.0,0.0,0.0,0.0,0.0
02-11-2008,115.35,500.0,0.0,0.0,0.0,0.0,0.0,0.0
03-11-2008,115.35,500.0,0.0,0.0,0.0,0.0,0.0,0.0
04-11-2008,115.35,500.0,0.0,0.0,0.0,0.0,0.0,0.0
05-11-2008,115.35,500.0,0.0,0.0,0.0,0.0,0.0,0.0
06-11-2008,115.35,500.0,0.0,0.0,0.0,0.0,0.0,0.0
07-11-2008,115.35,500.0,0.0,0.0,0.0,0.0,0.0,0.0
08-11-2008,115.35,500.0,0.0,0.0,0.0,0.0,0.0,0.0
09-11-2008,115.35,500.0,0.0,0.0,0.0,0.0,0.0,0.0
10-11-2008,115.35,500.0,0.0,0.0,0.0,0.0,0.0,0.0
11-11-2008,115.35,500.0,0.0,0.0,0.0,0.0,0.0,0.0
12-11-2008,115.35,500.0,0.0,0.0,0.0,0.0,0.0,0.0
13-11-2008,115.35,500.0,0.0,0.0,0.0,0.0,0.0,0.0
14-11-2008,115.35,500.0,0.0,0.0,0.0,0.0,0.0,0.0
15-11-2008,115.35,500.0,0.0,0.0,0.0,0.0,0.0,0.0
16-11-2008,115.35,500.0,0.0,0.0,0.0,0.0,0.0,0.0
17-11-2008,115.35,500.0,0.0,0.0,0.0,0.0,0.0,0.0
18-11-2008,115.35,500.0,0.0,0.0,0.0,0.0,0.0,0.0
19-11-2008,115.35,500.0,0.0,0.0,0.0,0.0,0.0,0.0
20-11-2008,115.35,500.0,0.0,0.0,0.0,0.0,0.0,0.0
21-11-2008,115.35,500.0,0.0,0.0,0.0,0.0,0.0,0.0
22-11-2008,115.35,500.0,0.0,0.0,0.0,0.0,0.0,0.0
23-11-2008,115.35,500.0,0.0,0.0,0.0,0.0,0.0,0.0
24-11-2008,115.35,500.0,0.0,0.0,0.0,0.0,0.0,0.0
25-11-2008,115.35,500.0,0.0,0.0,0.0,0.0,0.0,0.0
26-11-2008,115.35,500.0,0.0,0.0,0.0,0.0,0.0,0.0
27-11-2008,115.35,500.0,0.0,0.0,0.0,0.0,0.0,0.0
28-11-2008,115.35,500.0,0.0,0.0,0.0,0.0,0.0,0.0
29-11-2008,115.35,500.0,0.0,0.0,0.0,0.0,0.0,0.0
30-11-2008,115.35,500.0,0.0,0.0,0.0,0.0,0.0,0.0
01-12-2008,115.35,500.0,0.0,0.0,0.0,0.0,0.0,0.0
02-12-2008,115.35,500.0,0.0,0.0,0.0,0.0,0.0,0.0
03-12-2008,115.35,500.0,0.0,0.0,0.0,0.0,0.0,0.0
04-12-2008,115.35,500.0,0.0,0.0,0.0,0.0,0.0,0.0
05-12-2008,115.35,500.0,0.0,0.0,0.0,0.0,0.0,0.0
06-12-2008,115.35,500.0,0.0,0.0,0.0,0.0,0.0,0.0
07-12-2008,115.35,500.0,0.0,0.0,0.0,0.0,0.0,0.0
08-12-2008,115.35,500.0,0.0,0.0,0.0,0.0,0.0,0.0
09-12-2008,115.35,500.0,0.0,0.0,0.0,0.0,0.0,0.0
10-12-2008,115.35,500.0,0.0,0.0,0.0,0.0,0.0,0.0
11-12-2008,115.35,500.0,0.0,0.0,0.0,0.0,0.0,0.0
12-12-2008,115.35,500.0,0.0,0.0,0.0,0.0,0.0,0.0
13-12-2008,115.35,500.0,0.0,0.0,0.0,0.0,0.0,0.0
14-12-2008,115.35,500.0,0.0,0.0,0.0,0.0,0.0,0.0
15-12-2008,115.35,500.0,0.0,0.0,0.0,0.0,0.0,0.0
16-12-2008,115.35,500.0,0.0,0.0,0.0,0.0,0.0,0.0
17-12-2008,115.35,500.0,0.0,0.0,0.0,0.0,0.0,0.0
18-12-2008,115.35,500.0,0.0,0.0,0.0,0.0,0.0,0.0
19-12-2008,115.35,500.0,0.0,0.0,0.0,0.0,0.0,0.0
20-12-2008,115.35,500.0,0.0,0.0,0.0,0.0,0.0,0.0
21-12-2008,115.35,500.0,0.0,0.0,0.0,0.0,0.0,0.0
22-12-2008,115.35,500.0,0.0,0.0,0.0,0.0,0.0,0.0
23-12-2008,115.35,500.0,0.0,0.0,0.0,0.0,0.0,0.0
24-12-2008,115.35,500.0,0.0,0.0,0.0,0.0,0.0,0.0
25-12-2008,115.35,500.0,0.0,0.0,0.0,0.0,0.0,0.0
26-12-2008,115.35,500.0,0.0,0.0,0.0,0.0,0.0,0.0
27-12-2008,115.35,500.0,0.0,0.0,0.0,0.0,0.0,0.0
28-12-2008,115.35,500.0,0.0,0.0,0.0,0.0,0.0,0.0
29-12-2008,115.35,500.0,0.0,0.0,0.0,0.0,0.0,0.0
30-12-2008,115.35,500.0,0.0,0.0,0.0,0.0,0.0,0.0
31-12-2008,115.35,500.0,0.0,0.0,0.0,0.0,0.0,0.0
01-01-2009,115.35,500.0,0.0,0.0,0.0,0.0,0.0,0.0
02-01-2009,115.35,500.0,0.0,0.0,0.0,0.0,0.0,0.0
03-01-2009,115.35,500.0,0.0,0.0,0.0,0.0,0.0,0.0
04-01-2009,115.35,500.0,0.0,0.0,0.0,0.0,0.0,0.0
05-01-2009,115.35,500.0,0.0,0.0,0.0,0.0,0.0,0.0
06-01-2009,115.35,500.0,0.0,0.0,0.0,0.0,0.0,0.0
07-01-2009,115.35,500.0,0.0,0.0,0.0,0.0,0.0,0.0
08-01-2009,115.35,500.0,0.0,0.0,0.0,0.0,0.0,0.0
09-01-2009,115.35,500.0,0.0,0.0,0.0,0.0,0.0,0.0
10-01-2009,115.35,500.0,0.0,0.0,0.0,0.0,0.0,0.0
11-01-2009,115.35,500.0,0.0,0.0,0.0,0.0,0.0,0.0
12-01-2009,115.35,500.0,0.0,0.0,0.0,0.0,0.0,0.0
13-01-2009,115.35,500.0,0.0,0.0,0.0,0.0,0.0,0.0
14-01-2009,115.35,500.0,0.0,0.0,0.0,0.0,0.0,0.0
15-01-2009,115.35,500.0,0.0,0.0,0.0,0.0,0.0,0.0
16-01-2009,115.35,500.0,0.0,0.0,0.0,0.0,0.0,0.0
17-01-2009,115.35,500.0,0.0,0.0,0.0,0.0,0.0,0.0
18-01-2009,115.35,500.0,0.0,0.0,0.0,0.0,0.0,0.0
19-01-2009,115.35,500.0,0.0,0.0,0.0,0.0,0.0,0.0
20-01-2009,115.35,500.0,0.0,0.0,0.0,0.0,0.0,0.0
21-01-2009,115.35,500.0,0.0,0.0,0.0,0.0,0.0,0.0
22-01-2009,115.35,500.0,0.0,0.0,0.0,0.0,0.0,0.0
23-01-2009,115.35,500.0,0.0,0.0,0.0,0.0,0.0,0.0
24-01-2009,115.35,500.0,0.0,0.0,0.0,0.0,0.0,0.0
25-01-2009,115.35,500.0,0.0,0.0,0.0,0.0,0.0,0.0
26-01-2009,115.35,500.0,0.0,0.0,0.0,0.0,0.0,0.0
27-01-2009,115.35,500.0,0.0,0.0,0.0,0.0,0.0,0.0
28-01-2009,115.35,500.0,0.0,0.0,0.0,0.0,0.0,0.0
29-01-2009,115.35,500.0,0.0,0.0,0.0,0.0,0.0,0.0
30-01-2009,115.35,500.0,0.0,0.0,0.0,0.0,0.0,0.0
31-01-2009,115.35,500.0,0.0,0.0,0.0,0.0,0.0,0.0
01-02-2009,115.35,500.0,0.0,0.0,0.0,0.0,0.0,0.0
02-02-2009,115.35,500.0,0.0,0.0,0.0,0.0,0.0,0.0
03-02-2009,115.35,500.0,0.0,0.0,0.0,0.0,0.0,0.0
04-02-2009,115.35,500.0,0.0,0.0,0.0,0.0,0.0,0.0
05-02-2009,115.35,500.0,0.0,0.0,0.0,0.0,0.0,0.0
06-02-2009,115.35,500.0,0.0,0.0,0.0,0.0,0.0,0.0
07-02-2009,115.35,500.0,0.0,0.0,0.0,0.0,0.0,0.0
08-02-2009,115.35,500.0,0.0,0.0,0.0,0.0,0.0,0.0
09-02-2009,115.35,500.0,0.0,0.0,0.0,0.0,0.0,0.0
10-02-2009,115.35,500.0,0.0,0.0,0.0,0.0,0.0,0.0
11-02-2009,115.35,500.0,0.0,0.0,0.0,0.0,0.0,0.0
12-02-2009,115.35,500.0,0.0,0.0,0.0,0.0,0.0,0.0
13-02-2009,115.35,500.0,0.0,0.0,0.0,0.0,0.0,0.0
14-02-2009,115.35,500.0,0.0,0.0,0.0,0.0,0.0,0.0
15-02-2009,115.35,500.0,0.0,0.0,0.0,0.0,0.0,0.0
16-02-2009,115.35,500.0,0.0,0.0,0.0,0.0,0.0,0.0
17-02-2009,115.35,500.0,0.0,0.0,0.0,0.0,0.0,0.0
18-02-2009,115.35,500.0,0.0,0.0,0.0,0.0,0.0,0.0
19-02-2009,115.35,500.0,0.0,0.0,0.0,0.0,0.0,0.0
20-02-2009,115.35,500.0,0.0,0.0,0.0,0.0,0.0,0.0
21-02-2009,115.35,500.0,0.0,0.0,0.0,0.0,0.0,0.0
22-02-2009,115.35,500.0,0.0,0.0,0.0,0.0,0.0,0.0
23-02-2009,115.35,500.0,0.0,0.0,0.0,0.0,0.0,0.0
24-02-2009,115.35,500.0,0.0,0.0,0.0,0.0,0.0,0.0
25-02-2009,115.35,500.0,0.0,0.0,0.0,0.0,0.0,0.0
26-02-2009,115.35,500.0,0.0,0.0,0.0,0.0,0.0,0.0
27-02-2009,115.35,500.0,0.0,0.0,0.0,0.0,0.0,0.0
28-02-2009,115.35,500.0,0.0,0.0,0.0,0.0,0.0,0.0
01-03-2009,115.35,500.0,0.0,0.0,0.0,0.0,0.0,0.0
02-03-2009,115.35,500.0,0.0,0.0,0.0,0.0,0.0,0.0
03-03-2009,115.35,500.0,0.0,0.0,0.0,0.0,0.0,0.0
04-03-2009,115.35,500.0,0.0,0.0,0.0,0.0,0.0,0.0
05-03-2009,115.35,500.0,0.0,0.0,0.0,0.0,0.0,0.0
06-03-2009,115.35,500.0,0.0,0.0,0.0,0.0,0.0,0.0
07-03-2009,115.35,500.0,0.0,0.0,0.0,0.0,0.0,0.0
08-03-2009,115.35,500.0,0.0,0.0,0.0,0.0,0.0,0.0
09-03-2009,115.35,500.0,0.0,0.0,0.0,0.0,0.0,0.0
10-03-2009,115.35,500.0,0.0,0.0,0.0,0.0,0.0,0.0
11-03-2009,115.35,500.0,0.0,0.0,0.0,0.0,0.0,0.0
12-03-2009,115.35,500.0,0.0,0.0,0.0,0.0,0.0,0.0
13-03-2009,115.35,500.0,0.0,0.0,0.0,0.0,0.0,0.0
14-03-2009,115.35,500.0,0.0,0.0,0.0,0.0,0.0,0.0
15-03-2009,115.35,500.0,0.0,0.0,0.0,0.0,0.0,0.0
16-03-2009,115.35,500.0,0.0,0.0,0.0,0.0,0.0,0.0
17-03-2009,115.35,500.0,0.0,0.0,0.0,0.0,0.0,0.0
18-03-2009,115.35,500.0,0.0,0.0,0.0,0.0,0.0,0.0
19-03-2009,115.35,500.0,0.0,0.0,0.0,0.0,0.0,0.0
20-03-2009,115.35,500.0,0.0,0.0,0.0,0.0,0.0,0.0
21-03-2009,115.35,500.0,0.0,0.0,0.0,0.0,0.0,0.0
22-03-2009,115.35,500.0,0.0,0.0,0.0,0.0,0.0,0.0
23-03-2009,115.35,500.0,0.0,0.0,0.0,0.0,0.0,0.0
24-03-2009,115.35,500.0,0.0,0.0,0.0,0.0,0.0,0.0
25-03-2009,115.35,500.0,0.0,0.0,0.0,0.0,0.0,0.0
26-03-2009,115.35,500.0,0.0,0.0,0.0,0.0,0.0,0.0
27-03-2009,115.35,500.0,0.0,0.0,0.0,0.0,0.0,0.0
28-03-2009,115.35,500.0,0.0,0.0,0.0,0.0,0.0,0.0
29-03-2009,115.35,500.0,0.0,0.0,0.0,0.0,0.0,0.0
30-03-2009,115.35,500.0,0.0,0.0,0.0,0.0,0.0,0.0
31-03-2009,115.35,500.0,0.0,0.0,0.0,0.0,0.0,0.0
01-04-2009,115.35,500.0,0.0,0.0,0.0,0.0,0.0,0.0
02-04-2009,115.35,500.0,0.0,0.0,0.0,0.0,0.0,0.0
03-04-2009,115.35,500.0,0.0,0.0,0.0,0.0,0.0,0.0
04-04-2009,115.35,500.0,0.0,0.0,0.0,0.0,0.0,0.0
05-04-2009,115.35,500.0,0.0,0.0,0.0,0.0,0.0,0.0
06-04-2009,115.35,500.0,0.0,0.0,0.0,0.0,0.0,0.0
07-04-2009,115.35,500.0,0.0,0.0,0.0,0.0,0.0,0.0
08-04-2009,115.35,500.0,0.0,0.0,0.0,0.0,0.0,0.0
09-04-2009,115.35,500.0,0.0,0.0,0.0,0.0,0.0,0.0
10-04-2009,115.35,500.0,0.0,0.0,0.0,0.0,0.0,0.0
11-04-2009,115.35,500.0,0.0,0.0,0.0,0.0,0.0,0.0
12-04-2009,115.35,500.0,0.0,0.0,0.0,0.0,0.0,0.0
13-04-2009,115.35,500.0,0.0,0.0,0.0,0.0,0.0,0.0
14-04-2009,115.35,500.0,0.0,0.0,0.0,0.0,0.0,0.0
15-04-2009,115.35,500.0,0.0,0.0,0.0,0.0,0.0,0.0
16-04-2009,115.35,500.0,0.0,0.0,0.0,0.0,0.0,0.0
17-04-2009,115.35,500.0,0.0,0.0,0.0,0.0,0.0,0.0
18-04-2009,115.35,500.0,0.0,0.0,0.0,0.0,0.0,0.0
19-04-2009,115.35,500.0,0.0,0.0,0.0,0.0,0.0,0.0
20-04-2009,115.35,500.0,0.0,0.0,0.0,0.0,0.0,0.0
21-04-2009,115.35,500.0,0.0,0.0,0.0,0.0,0.0,0.0
22-04-2009,115.35,500.0,0.0,0.0,0.0,0.0,0.0,0.0
23-04-2009,115.35,500.0,0.0,0.0,0.0,0.0,0.0,0.0
24-04-2009,115.35,500.0,0.0,0.0,0.0,0.0,0.0,0.0
25-04-2009,115.35,500.0,0.0,0.0,0.0,0.0,0.0,0.0
26-04-2009,115.35,500.0,0.0,0.0,0.0,0.0,0.0,0.0
27-04-2009,115.35,500.0,0.0,0.0,0.0,0.0,0.0,0.0
28-04-2009,115.35,500.0,0.0,0.0,0.0,0.0,0.0,0.0
29-04-2009,115.35,500.0,0.0,0.0,0.0,0.0,0.0,0.0
30-04-2009,115.35,500.0,0.0,0.0,0.0,0.0,0.0,0.0
01-05-2009,115.35,500.0,0.0,0.0,0.0,0.0,0.0,0.0
02-05-2009,115.35,500.0,0.0,0.0,0.0,0.0,0.0,0.0
03-05-2009,115.35,500.0,0.0,0.0,0.0,0.0,0.0,0.0
04-05-2009,115.35,500.0,0.0,0.0,0.0,0.0,0.0,0.0
05-05-2009,115.35,500.0,0.0,0.0,0.0,0.0,0.0,0.0
06-05-2009,115.35,500.0,0.0,0.0,0.0,0.0,0.0,0.0
07-05-2009,115.35,500.0,0.0,0.0,0.0,0.0,0.0,0.0
08-05-2009,115.35,500.0,0.0,0.0,0.0,0.0,0.0,0.0
09-05-2009,115.35,500.0,0.0,0.0,0.0,0.0,0.0,0.0
10-05-2009,115.35,500.0,0.0,0.0,0.0,0.0,0.0,0.0
11-05-2009,115.35,500.0,0.0,0.0,0.0,0.0,0.0,0.0
12-05-2009,115.35,500.0,0.0,0.0,0.0,0.0,0.0,0.0
13-05-2009,115.35,500.0,0.0,0.0,0.0,0.0,0.0,0.0
14-05-2009,115.35,500.0,0.0,0.0,0.0,0.0,0.0,0.0
15-05-2009,115.35,500.0,0.0,0.0,0.0,0.0,0.0,0.0
16-05-2009,115.35,500.0,0.0,0.0,0.0,0.0,0.0,0.0
17-05-2009,115.35,500.0,0.0,0.0,0.0,0.0,0.0,0.0
18-05-2009,115.35,500.0,0.0,0.0,0.0,0.0,0.0,0.0
19-05-2009,115.35,500.0,0.0,0.0,0.0,0.0,0.0,0.0
20-05-2009,115.35,500.0,0.0,0.0,0.0,0.0,0.0,0.0
21-05-2009,115.35,500.0,0.0,0.0,0.0,0.0,0.0,0.0
22-05-2009,115.35,500.0,0.0,0.0,0.0,0.0,0.0,0.0
23-05-2009,115.35,500.0,0.0,0.0,0.0,0.0,0.0,0.0
24-05-2009,115.35,500.0,0.0,0.0,0.0,0.0,0.0,0.0
25-05-2009,115.35,500.0,0.0,0.0,0.0,0.0,0.0,0.0
26-05-2009,115.35,500.0,0.0,0.0,0.0,0.0,0.0,0.0
27-05-2009,115.35,500.0,0.0,0.0,0.0,0.0,0.0,0.0
28-05-2009,115.35,500.0,0.0,0.0,0.0,0.0,0.0,0.0
29-05-2009,115.35,500.0,0.0,0.0,0.0,0.0,0.0,0.0
30-05-2009,115.35,500.0,0.0,0.0,0.0,0.0,0.0,0.0
31-05-2009,115.35,500.0,0.0,0.0,0.0,0.0,0.0,0.0
01-06-2009,115.35,500.0,0.0,0.0,0.0,0.0,0.0,0.0
02-06-2009,115.35,500.0,0.0,0.0,0.0,0.0,0.0,0.0
03-06-2009,115.35,500.0,0.0,0.0,0.0,0.0,0.0,0.0
04-06-2009,115.35,500.0,0.0,0.0,0.0,0.0,0.0,0.0
05-06-2009,115.35,500.0,0.0,0.0,0.0,0.0,0.0,0.0
06-06-2009,115.35,500.0,0.0,0.0,0.0,0.0,0.0,0.0
07-06-2009,115.35,500.0,0.0,0.0,0.0,0.0,0.0,0.0
08-06-2009,115.35,500.0,0.0,0.0,0.0,0.0,0.0,0.0
09-06-2009,115.35,500.0,0.0,0.0,0.0,0.0,0.0,0.0
10-06-2009,115.35,500.0,0.0,0.0,0.0,0.0,0.0,0.0
11-06-2009,115.35,500.0,0.0,0.0,0.0,0.0,0.0,0.0
12-06-2009,115.35,500.0,0.0,0.0,0.0,0.0,0.0,0.0
13-06-2009,115.35,500.0,0.0,0.0,0.0,0.0,0.0,0.0
14-06-2009,115.35,500.0,0.0,0.0,0.0,0.0,0.0,0.0
15-06-2009,115.35,500.0,0.0,0.0,0.0,0.0,0.0,0.0
16-06-2009,115.35,500.0,0.0,0.0,0.0,0.0,0.0,0.0
17-06-2009,115.35,500.0,0.0,0.0,0.0,0.0,0.0,0.0
18-06-2009,115.35,500.0,0.0,0.0,0.0,0.0,0.0,0.0
19-06-2009,115.35,500.0,0.0,0.0,0.0,0.0,0.0,0.0
20-06-2009,115.35,500.0,0.0,0.0,0.0,0.0,0.0,0.0
21-06-2009,115.35,500.0,0.0,0.0,0.0,0.0,0.0,0.0
22-06-2009,115.35,500.0,0.0,0.0,0.0,0.0,0.0,0.0
23-06-2009,115.35,500.0,0.0,0.0,0.0,0.0,0.0,0.0
24-06-2009,115.35,500.0,0.0,0.0,0.0,0.0,0.0,0.0
25-06-2009,115.35,500.0,0.0,0.0,0.0,0.0,0.0,0.0
26-06-2009,115.35,500.0,0.0,0.0,0.0,0.0,0.0,0.0
27-06-2009,115.35,500.0,0.0,0.0,0.0,0.0,0.0,0.0
28-06-2009,115.35,500.0,0.0,0.0,0.0,0.0,0.0,0.0
29-06-2009,115.35,500.0,0.0,0.0,0.0,0.0,0.0,0.0
30-06-2009,115.35,500.0,0.0,0.0,0.0,0.0,0.0,0.0
01-07-2009,115.35,500.0,0.0,0.0,0.0,0.0,0.0,0.0
02-07-2009,115.35,500.0,0.0,0.0,0.0,0.0,0.0,0.0
03-07-2009,115.35,500.0,0.0,0.0,0.0,0.0,0.0,0.0
04-07-2009,115.35,500.0,0.0,0.0,0.0,0.0,0.0,0.0
05-07-2009,115.35,500.0,0.0,0.0,0.0,0.0,0.0,0.0
06-07-2009,115.35,500.0,0.0,0.0,0.0,0.0,0.0,0.0
07-07-2009,115.35,500.0,0.0,0.0,0.0,0.0,0.0,0.0
08-07-2009,115.35,500.0,0.0,0.0,0.0,0.0,0.0,0.0
09-07-2009,115.35,500.0,0.0,0.0,0.0,0.0,0.0,0.0
10-07-2009,115.35,500.0,0.0,0.0,0.0,0.0,0.0,0.0
11-07-2009,115.35,500.0,0.0,0.0,0.0,0.0,0.0,0.0
12-07-2009,115.35,500.0,0.0,0.0,0.0,0.0,0.0,0.0
13-07-2009,115.35,500.0,0.0,0.0,0.0,0.0,0.0,0.0
14-07-2009,115.35,500.0,0.0,0.0,0.0,0.0,0.0,0.0
15-07-2009,115.35,500.0,0.0,0.0,0.0,0.0,0.0,0.0
16-07-2009,115.35,500.0,0.0,0.0,0.0,0.0,0.0,0.0
17-07-2009,115.35,500.0,0.0,0.0,0.0,0.0,0.0,0.0
18-07-2009,115.35,500.0,0.0,0.0,0.0,0.0,0.0,0.0
19-07-2009,115.35,500.0,0.0,0.0,0.0,0.0,0.0,0.0
20-07-2009,115.35,500.0,0.0,0.0,0.0,0.0,0.0,0.0
21-07-2009,115.35,500.0,0.0,0.0,0.0,0.0,0.0,0.0
22-07-2009,115.35,500.0,0.0,0.0,0.0,0.0,0.0,0.0
23-07-2009,115.35,500.0,0.0,0.0,0.0,0.0,0.0,0.0
24-07-2009,115.35,500.0,0.0,0.0,0.0,0.0,0.0,0.0
25-07-2009,115.35,500.0,0.0,0.0,0.0,0.0,0.0,0.0
26-07-2009,115.35,500.0,0.0,0.0,0.0,0.0,0.0,0.0
27-07-2009,115.35,500.0,0.0,0.0,0.0,0.0,0.0,0.0
28-07-2009,115.35,500.0,0.0,0.0,0.0,0.0,0.0,0.0
29-07-2009,115.35,500.0,0.0,0.0,0.0,0.0,0.0,0.0
30-07-2009,115.35,500.0,0.0,0.0,0.0,0.0,0.0,0.0
31-07-2009,115.35,500.0,0.0,0.0,0.0,0.0,0.0,0.0
01-08-2009,115.35,500.0,0.0,0.0,0.0,0.0,0.0,0.0
02-08-2009,115.35,500.0,0.0,0.0,0.0,0.0,0.0,0.0
03-08-2009,115.35,500.0,0.0,0.0,0.0,0.0,0.0,0.0
04-08-2009,115.35,500.0,0.0,0.0,0.0,0.0,0.0,0.0
05-08-2009,115.35,500.0,0.0,0.0,0.0,0.0,0.0,0.0
06-08-2009,115.35,500.0,0.0,0.0,0.0,0.0,0.0,0.0
07-08-2009,115.35,500.0,0.0,0.0,0.0,0.0,0.0,0.0
08-08-2009,115.35,500.0,0.0,0.0,0.0,0.0,0.0,0.0
09-08-2009,115.35,500.0,0.0,0.0,0.0,0.0,0.0,0.0
10-08-2009,115.35,500.0,0.0,0.0,0.0,0.0,0.0,0.0
11-08-2009,115.35,500.0,0.0,0.0,0.0,0.0,0.0,0.0
12-08-2009,115.35,500.0,0.0,0.0,0.0,0.0,0.0,0.0
13-08-2009,115.35,500.0,0.0,0.0,0.0,0.0,0.0,0.0
14-08-2009,115.35,500.0,0.0,0.0,0.0,0.0,0.0,0.0
15-08-2009,115.35,500.0,0.0,0.0,0.0,0.0,0.0,0.0
16-08-2009,115.35,500.0,0.0,0.0,0.0,0.0,0.0,0.0
17-08-2009,115.35,500.0,0.0,0.0,0.0,0.0,0.0,0.0
18-08-2009,115.35,500.0,0.0,0.0,0.0,0.0,0.0,0.0
19-08-2009,115.35,500.0,0.0,0.0,0.0,0.0,0.0,0.0
20-08-2009,115.35,500.0,0.0,0.0,0.0,0.0,0.0,0.0
21-08-2009,115.35,500.0,0.0,0.0,0.0,0.0,0.0,0.0
22-08-2009,115.35,500.0,0.0,0.0,0.0,0.0,0.0,0.0
23-08-2009,115.35,500.0,0.0,0.0,0.0,0.0,0.0,0.0
24-08-2009,115.35,500.0,0.0,0.0,0.0,0.0,0.0,0.0
25-08-2009,115.35,500.0,0.0,0.0,0.0,0.0,0.0,0.0
26-08-2009,115.35,500.0,0.0,0.0,0.0,0.0,0.0,0.0
27-08-2009,115.35,500.0,0.0,0.0,0.0,0.0,0.0,0.0
28-08-2009,115.35,500.0,0.0,0.0,0.0,0.0,0.0,0.0
29-08-2009,115.35,500.0,0.0,0.0,0.0,0.0,0.0,0.0
30-08-2009,115.35,500.0,0.0,0.0,0.0,0.0,0.0,0.0
31-08-2009,115.35,500.0,0.0,0.0,0.0,0.0,0.0,0.0
01-09-2009,115.35,500.0,0.0,0.0,0.0,0.0,0.0,0.0
02-09-2009,115.35,500.0,0.0,0.0,0.0,0.0,0.0,0.0
03-09-2009,115.35,500.0,0.0,0.0,0.0,0.0,0.0,0.0
04-09-2009,115.35,500.0,0.0,0.0,0.0,0.0,0.0,0.0
05-09-2009,115.35,500.0,0.0,0.0,0.0,0.0,0.0,0.0
06-09-2009,115.35,500.0,0.0,0.0,0.0,0.0,0.0,0.0
07-09-2009,115.35,500.0,0.0,0.0,0.0,0.0,0.0,0.0
08-09-2009,115.35,500.0,0.0,0.0,0.0,0.0,0.0,0.0
09-09-2009,115.35,500.0,0.0,0.0,0.0,0.0,0.0,0.0
10-09-2009,115.35,500.0,0.0,0.0,0.0,0.0,0.0,0.0
11-09-2009,115.35,500.0,0.0,0.0,0.0,0.0,0.0,0.0
12-09-2009,115.35,500.0,0.0,0.0,0.0,0.0,0.0,0.0
13-09-2009,115.35,500.0,0.0,0.0,0.0,0.0,0.0,0.0
14-09-2009,115.35,500.0,0.0,0.0,0.0,0.0,0.0,0.0
15-09-2009,115.35,500.0,0.0,0.0,0.0,0.0,0.0,0.0
16-09-2009,115.35,500.0,0.0,0.0,0.0,0.0,0.0,0.0
17-09-2009,115.35,500.0,0.0,0.0,0.0,0.0,0.0,0.0
18-09-2009,115.35,500.0,0.0,0.0,0.0,0.0,0.0,0.0
19-09-2009,115.35,500.0,0.0,0.0,0.0,0.0,0.0,0.0
20-09-2009,115.35,500.0,0.0,0.0,0.0,0.0,0.0,0.0
21-09-2009,115.35,500.0,0.0,0.0,0.0,0.0,0.0,0.0
22-09-2009,115.35,500.0,0.0,0.0,0.0,0.0,0.0,0.0
23-09-2009,115.35,500.0,0.0,0.0,0.0,0.0,0.0,0.0
24-09-2009,115.35,500.0,0.0,0.0,0.0,0.0,0.0,0.0
25-09-2009,115.35,500.0,0.0,0.0,0.0,0.0,0.0,0.0
26-09-2009,115.35,500.0,0.0,0.0,0.0,0.0,0.0,0.0
27-09-2009,115.35,500.0,0.0,0.0,0.0,0.0,0.0,0.0
28-09-2009,115.35,500.0,0.0,0.0,0.0,0.0,0.0,0.0
29-09-2009,115.35,500.0,0.0,0.0,0.0,0.0,0.0,0.0
30-09-2009,115.35,500.0,0.0,0.0,0.0,0.0,0.0,0.0
01-10-2009,115.35,500.0,0.0,0.0,0.0,0.0,0.0,0.0
02-10-2009,115.35,500.0,0.0,0.0,0.0,0.0,0.0,0.0
03-10-2009,115.35,500.0,0.0,0.0,0.0,0.0,0.0,0.0
04-10-2009,115.35,500.0,0.0,0.0,0.0,0.0,0.0,0.0
05-10-2009,115.35,500.0,0.0,0.0,0.0,0.0,0.0,0.0
06-10-2009,115.35,500.0,0.0,0.0,0.0,0.0,0.0,0.0
07-10-2009,115.35,500.0,0.0,0.0,0.0,0.0,0.0,0.0
08-10-2009,115.35,500.0,0.0,0.0,0.0,0.0,0.0,0.0
09-10-2009,115.35,500.0,0.0,0.0,0.0,0.0,0.0,0.0
10-10-2009,115.35,500.0,0.0,0.0,0.0,0.0,0.0,0.0
11-10-2009,115.35,500.0,0.0,0.0,0.0,0.0,0.0,0.0
12-10-2009,115.35,500.0,0.0,0.0,0.0,0.0,0.0,0.0
13-10-2009,115.35,500.0,0.0,0.0,0.0,0.0,0.0,0.0
14-10-2009,115.35,500.0,0.0,0.0,0.0,0.0,0.0,0.0
15-10-2009,115.35,500.0,0.0,0.0,0.0,0.0,0.0,0.0
16-10-2009,115.35,500.0,0.0,0.0,0.0,0.0,0.0,0.0
17-10-2009,115.35,500.0,0.0,0.0,0.0,0.0,0.0,0.0
18-10-2009,115.35,500.0,0.0,0.0,0.0,0.0,0.0,0.0
19-10-2009,115.35,500.0,0.0,0.0,0.0,0.0,0.0,0.0
20-10-2009,115.35,500.0,0.0,0.0,0.0,0.0,0.0,0.0
21-10-2009,115.35,500.0,0.0,0.0,0.0,0.0,0.0,0.0
22-10-2009,115.35,500.0,0.0,0.0,0.0,0.0,0.0,0.0
23-10-2009,115.35,500.0,0.0,0.0,0.0,0.0,0.0,0.0
24-10-2009,115.35,500.0,0.0,0.0,0.0,0.0,0.0,0.0
25-10-2009,115.35,500.0,0.0,0.0,0.0,0.0,0.0,0.0
26-10-2009,115.35,500.0,0.0,0.0,0.0,0.0,0.0,0.0
27-10-2009,115.35,500.0,0.0,0.0,0.0,0.0,0.0,0.0
28-10-2009,115.35,500.0,0.0,0.0,0.0,0.0,0.0,0.0
29-10-2009,115.35,500.0,0.0,0.0,0.0,0.0,0.0,0.0
30-10-2009,115.35,500.0,0.0,0.0,0.0,0.0,0.0,0.0
31-10-2009,115.35,500.0,0.0,0.0,0.0,0.0,0.0,0.0
01-11-2009,115.35,500.0,0.0,0.0,0.0,0.0,0.0,0.0
02-11-2009,115.35,500.0,0.0,0.0,0.0,0.0,0.0,0.0
03-11-2009,115.35,500.0,0.0,0.0,0.0,0.0,0.0,0.0
04-11-2009,115.35,500.0,0.0,0.0,0.0,0.0,0.0,0.0
05-11-2009,115.35,500.0,0.0,0.0,0.0,0.0,0.0,0.0
06-11-2009,115.35,500.0,0.0,0.0,0.0,0.0,0.0,0.0
07-11-2009,115.35,500.0,0.0,0.0,0.0,0.0,0.0,0.0
08-11-2009,115.35,500.0,0.0,0.0,0.0,0.0,0.0,0.0
09-11-2009,115.35,500.0,0.0,0.0,0.0,0.0,0.0,0.0
10-11-2009,115.35,500.0,0.0,0.0,0.0,0.0,0.0,0.0
11-11-2009,115.35,500.0,0.0,0.0,0.0,0.0,0.0,0.0
12-11-2009,115.35,500.0,0.0,0.0,0.0,0.0,0.0,0.0
13-11-2009,115.35,500.0,0.0,0.0,0.0,0.0,0.0,0.0
14-11-2009,115.35,500.0,0.0,0.0,0.0,0.0,0.0,0.0
15-11-2009,115.35,500.0,0.0,0.0,0.0,0.0,0.0,0.0
16-11-2009,115.35,500.0,0.0,0.0,0.0,0.0,0.0,0.0
17-11-2009,115.35,500.0,0.0,0.0,0.0,0.0,0.0,0.0
18-11-2009,115.35,500.0,0.0,0.0,0.0,0.0,0.0,0.0
19-11-2009,115.35,500.0,0.0,0.0,0.0,0.0,0.0,0.0
20-11-2009,115.35,500.0,0.0,0.0,0.0,0.0,0.0,0.0
21-11-2009,115.35,500.0,0.0,0.0,0.0,0.0,0.0,0.0
22-11-2009,115.35,500.0,0.0,0.0,0.0,0.0,0.0,0.0
23-11-2009,115.35,500.0,0.0,0.0,0.0,0.0,0.0,0.0
24-11-2009,115.35,500.0,0.0,0.0,0.0,0.0,0.0,0.0
25-11-2009,115.35,500.0,0.0,0.0,0.0,0.0,0.0,0.0
26-11-2009,115.35,500.0,0.0,0.0,0.0,0.0,0.0,0.0
27-11-2009,115.35,500.0,0.0,0.0,0.0,0.0,0.0,0.0
28-11-2009,115.35,500.0,0.0,0.0,0.0,0.0,0.0,0.0
29-11-2009,115.35,500.0,0.0,0.0,0.0,0.0,0.0,0.0
30-11-2009,115.35,500.0,0.0,0.0,0.0,0.0,0.0,0.0
01-12-2009,115.35,500.0,0.0,0.0,0.0,0.0,0.0,0.0
02-12-2009,115.35,500.0,0.0,0.0,0.0,0.0,0.0,0.0
03-12-2009,115.35,500.0,0.0,0.0,0.0,0.0,0.0,0.0
04-12-2009,115.35,500.0,0.0,0.0,0.0,0.0,0.0,0.0
05-12-2009,115.35,500.0,0.0,0.0,0.0,0.0,0.0,0.0
06-12-2009,115.35,500.0,0.0,0.0,0.0,0.0,0.0,0.0
07-12-2009,115.35,500.0,0.0,0.0,0.0,0.0,0.0,0.0
08-12-2009,115.35,500.0,0.0,0.0,0.0,0.0,0.0,0.0
09-12-2009,115.35,500.0,0.0,0.0,0.0,0.0,0.0,0.0
10-12-2009,115.35,500.0,0.0,0.0,0.0,0.0,0.0,0.0
11-12-2009,115.35,500.0,0.0,0.0,0.0,0.0,0.0,0.0
12-12-2009,115.35,500.0,0.0,0.0,0.0,0.0,0.0,0.0
13-12-2009,115.35,500.0,0.0,0.0,0.0,0.0,0.0,0.0
14-12-2009,115.35,500.0,0.0,0.0,0.0,0.0,0.0,0.0
15-12-2009,115.35,500.0,0.0,0.0,0.0,0.0,0.0,0.0
16-12-2009,115.35,500.0,0.0,0.0,0.0,0.0,0.0,0.0
17-12-2009,115.35,500.0,0.0,0.0,0.0,0.0,0.0,0.0
18-12-2009,115.35,500.0,0.0,0.0,0.0,0.0,0.0,0.0
19-12-2009,115.35,500.0,0.0,0.0,0.0,0.0,0.0,0.0
20-12-2009,115.35,500.0,0.0,0.0,0.0,0.0,0.0,0.0
21-12-2009,115.35,500.0,0.0,0.0,0.0,0.0,0.0,0.0
22-12-2009,115.35,500.0,0.0,0.0,0.0,0.0,0.0,0.0
23-12-2009,115.35,500.0,0.0,0.0,0.0,0.0,0.0,0.0
24-12-2009,115.35,500.0,0.0,0.0,0.0,0.0,0.0,0.0
25-12-2009,115.35,500.0,0.0,0.0,0.0,0.0,0.0,0.0
26-12-2009,115.35,500.0,0.0,0.0,0.0,0.0,0.0,0.0
27-12-2009,115.35,500.0,0.0,0.0,0.0,0.0,0.0,0.0
28-12-2009,115.35,500.0,0.0,0.0,0.0,0.0,0.0,0.0
29-12-2009,115.35,500.0,0.0,0.0,0.0,0.0,0.0,0.0
30-12-2009,115.35,500.0,0.0,0.0,0.0,0.0,0.0,0.0
31-12-2009,115.35,500.0,0.0,0.0,0.0,0.0,0.0,0.0
01-01-2010,115.35,500.0,0.0,0.0,0.0,0.0,0.0,0.0
02-01-2010,115.35,500.0,0.0,0.0,0.0,0.0,0.0,0.0
03-01-2010,115.35,500.0,0.0,0.0,0.0,0.0,0.0,0.0
04-01-2010,115.35,500.0,0.0,0.0,0.0,0.0,0.0,0.0
05-01-2010,115.35,500.0,0.0,0.0,0.0,0.0,0.0,0.0
06-01-2010,115.35,500.0,0.0,0.0,0.0,0.0,0.0,0.0
07-01-2010,115.35,500.0,0.0,0.0,0.0,0.0,0.0,0.0
08-01-2010,115.35,500.0,0.0,0.0,0.0,0.0,0.0,0.0
09-01-2010,115.35,500.0,0.0,0.0,0.0,0.0,0.0,0.0
10-01-2010,115.35,500.0,0.0,0.0,0.0,0.0,0.0,0.0
11-01-2010,115.35,500.0,0.0,0.0,0.0,0.0,0.0,0.0
12-01-2010,115.35,500.0,0.0,0.0,0.0,0.0,0.0,0.0
13-01-2010,115.35,500.0,0.0,0.0,0.0,0.0,0.0,0.0
14-01-2010,115.35,500.0,0.0,0.0,0.0,0.0,0.0,0.0
15-01-2010,115.35,500.0,0.0,0.0,0.0,0.0,0.0,0.0
16-01-2010,115.35,500.0,0.0,0.0,0.0,0.0,0.0,0.0
17-01-2010,115.35,500.0,0.0,0.0,0.0,0.0,0.0,0.0
18-01-2010,115.35,500.0,0.0,0.0,0.0,0.0,0.0,0.0
19-01-2010,115.35,500.0,0.0,0.0,0.0,0.0,0.0,0.0
20-01-2010,115.35,500.0,0.0,0.0,0.0,0.0,0.0,0.0
21-01-2010,115.35,500.0,0.0,0.0,0.0,0.0,0.0,0.0
22-01-2010,115.35,500.0,0.0,0.0,0.0,0.0,0.0,0.0
23-01-2010,115.35,500.0,0.0,0.0,0.0,0.0,0.0,0.0
24-01-2010,115.35,500.0,0.0,0.0,0.0,0.0,0.0,0.0
25-01-2010,115.35,500.0,0.0,0.0,0.0,0.0,0.0,0.0
26-01-2010,115.35,500.0,0.0,0.0,0.0,0.0,0.0,0.0
27-01-2010,115.35,500.0,0.0,0.0,0.0,0.0,0.0,0.0
28-01-2010,115.35,500.0,0.0,0.0,0.0,0.0,0.0,0.0
29-01-2010,115.35,500.0,0.0,0.0,0.0,0.0,0.0,0.0
30-01-2010,115.35,500.0,0.0,0.0,0.0,0.0,0.0,0.0
31-01-2010,115.35,500.0,0.0,0.0,0.0,0.0,0.0,0.0
01-02-2010,115.35,500.0,0.0,0.0,0.0,0.0,0.0,0.0
02-02-2010,115.35,500.0,0.0,0.0,0.0,0.0,0.0,0.0
03-02-2010,115.35,500.0,0.0,0.0,0.0,0.0,0.0,0.0
04-02-2010,115.35,500.0,0.0,0.0,0.0,0.0,0.0,0.0
05-02-2010,115.35,500.0,0.0,0.0,0.0,0.0,0.0,0.0
06-02-2010,115.35,500.0,0.0,0.0,0.0,0.0,0.0,0.0
07-02-2010,115.35,500.0,0.0,0.0,0.0,0.0,0.0,0.0
08-02-2010,115.35,500.0,0.0,0.0,0.0,0.0,0.0,0.0
09-02-2010,115.35,500.0,0.0,0.0,0.0,0.0,0.0,0.0
10-02-2010,115.35,500.0,0.0,0.0,0.0,0.0,0.0,0.0
11-02-2010,115.35,500.0,0.0,0.0,0.0,0.0,0.0,0.0
12-02-2010,115.35,500.0,0.0,0.0,0.0,0.0,0.0,0.0
13-02-2010,115.35,500.0,0.0,0.0,0.0,0.0,0.0,0.0
14-02-2010,115.35,500.0,0.0,0.0,0.0,0.0,0.0,0.0
15-02-2010,115.35,500.0,0.0,0.0,0.0,0.0,0.0,0.0
16-02-2010,115.35,500.0,0.0,0.0,0.0,0.0,0.0,0.0
17-02-2010,115.35,500.0,0.0,0.0,0.0,0.0,0.0,0.0
18-02-2010,115.35,500.0,0.0,0.0,0.0,0.0,0.0,0.0
19-02-2010,115.35,500.0,0.0,0.0,0.0,0.0,0.0,0.0
20-02-2010,115.35,500.0,0.0,0.0,0.0,0.0,0.0,0.0
21-02-2010,115.35,500.0,0.0,0.0,0.0,0.0,0.0,0.0
22-02-2010,115.35,500.0,0.0,0.0,0.0,0.0,0.0,0.0
23-02-2010,115.35,500.0,0.0,0.0,0.0,0.0,0.0,0.0
24-02-2010,115.35,500.0,0.0,0.0,0.0,0.0,0.0,0.0
25-02-2010,115.35,500.0,0.0,0.0,0.0,0.0,0.0,0.0
26-02-2010,115.35,500.0,0.0,0.0,0.0,0.0,0.0,0.0
27-02-2010,115.35,500.0,0.0,0.0,0.0,0.0,0.0,0.0
28-02-2010,115.35,500.0,0.0,0.0,0.0,0.0,0.0,0.0
01-03-2010,115.35,500.0,0.0,0.0,0.0,0.0,0.0,0.0
02-03-2010,115.35,500.0,0.0,0.0,0.0,0.0,0.0,0.0
03-03-2010,115.35,500.0,0.0,0.0,0.0,0.0,0.0,0.0
04-03-2010,115.35,500.0,0.0,0.0,0.0,0.0,0.0,0.0
05-03-2010,115.35,500.0,0.0,0.0,0.0,0.0,0.0,0.0
06-03-2010,115.35,500.0,0.0,0.0,0.0,0.0,0.0,0.0
07-03-2010,115.35,500.0,0.0,0.0,0.0,0.0,0.0,0.0
08-03-2010,115.35,500.0,0.0,0.0,0.0,0.0,0.0,0.0
09-03-2010,115.35,500.0,0.0,0.0,0.0,0.0,0.0,0.0
10-03-2010,115.35,500.0,0.0,0.0,0.0,0.0,0.0,0.0
11-03-2010,115.35,500.0,0.0,0.0,0.0,0.0,0.0,0.0
12-03-2010,115.35,500.0,0.0,0.0,0.0,0.0,0.0,0.0
13-03-2010,115.35,500.0,0.0,0.0,0.0,0.0,0.0,0.0
14-03-2010,115.35,500.0,0.0,0.0,0.0,0.0,0.0,0.0
15-03-2010,115.35,500.0,0.0,0.0,0.0,0.0,0.0,0.0
16-03-2010,115.35,500.0,0.0,0.0,0.0,0.0,0.0,0.0
17-03-2010,115.35,500.0,0.0,0.0,0.0,0.0,0.0,0.0
18-03-2010,115.35,500.0,0.0,0.0,0.0,0.0,0.0,0.0
19-03-2010,115.35,500.0,0.0,0.0,0.0,0.0,0.0,0.0
20-03-2010,115.35,500.0,0.0,0.0,0.0,0.0,0.0,0.0
21-03-2010,115.35,500.0,0.0,0.0,0.0,0.0,0.0,0.0
22-03-2010,115.35,500.0,0.0,0.0,0.0,0.0,0.0,0.0
23-03-2010,115.35,500.0,0.0,0.0,0.0,0.0,0.0,0.0
24-03-2010,115.35,500.0,0.0,0.0,0.0,0.0,0.0,0.0
25-03-2010,115.35,500.0,0.0,0.0,0.0,0.0,0.0,0.0
26-03-2010,115.35,500.0,0.0,0.0,0.0,0.0,0.0,0.0
27-03-2010,115.35,500.0,0.0,0.0,0.0,0.0,0.0,0.0
28-03-2010,115.35,500.0,0.0,0.0,0.0,0.0,0.0,0.0
29-03-2010,115.35,500.0,0.0,0.0,0.0,0.0,0.0,0.0
30-03-2010,115.35,500.0,0.0,0.0,0.0,0.0,0.0,0.0
31-03-2010,115.35,500.0,0.0,0.0,0.0,0.0,0.0,0.0
01-04-2010,115.35,500.0,0.0,0.0,0.0,0.0,0.0,0.0
02-04-2010,115.35,500.0,0.0,0.0,0.0,0.0,0.0,0.0
03-04-2010,115.35,500.0,0.0,0.0,0.0,0.0,0.0,0.0
04-04-2010,115.35,500.0,0.0,0.0,0.0,0.0,0.0,0.0
05-04-2010,115.35,500.0,0.0,0.0,0.0,0.0,0.0,0.0
06-04-2010,115.35,500.0,0.0,0.0,0.0,0.0,0.0,0.0
07-04-2010,115.35,500.0,0.0,0.0,0.0,0.0,0.0,0.0
08-04-2010,115.35,500.0,0.0,0.0,0.0,0.0,0.0,0.0
09-04-2010,115.35,500.0,0.0,0.0,0.0,0.0,0.0,0.0
10-04-2010,115.35,500.0,0.0,0.0,0.0,0.0,0.0,0.0
11-04-2010,115.35,500.0,0.0,0.0,0.0,0.0,0.0,0.0
12-04-2010,115.35,500.0,0.0,0.0,0.0,0.0,0.0,0.0
13-04-2010,115.35,500.0,0.0,0.0,0.0,0.0,0.0,0.0
14-04-2010,115.35,500.0,0.0,0.0,0.0,0.0,0.0,0.0
15-04-2010,115.35,500.0,0.0,0.0,0.0,0.0,0.0,0.0
16-04-2010,115.35,500.0,0.0,0.0,0.0,0.0,0.0,0.0
17-04-2010,115.35,500.0,0.0,0.0,0.0,0.0,0.0,0.0
18-04-2010,115.35,500.0,0.0,0.0,0.0,0.0,0.0,0.0
19-04-2010,115.35,500.0,0.0,0.0,0.0,0.0,0.0,0.0
20-04-2010,115.35,500.0,0.0,0.0,0.0,0.0,0.0,0.0
21-04-2010,115.35,500.0,0.0,0.0,0.0,0.0,0.0,0.0
22-04-2010,115.35,500.0,0.0,0.0,0.0,0.0,0.0,0.0
23-04-2010,115.35,500.0,0.0,0.0,0.0,0.0,0.0,0.0
24-04-2010,115.35,500.0,0.0,0.0,0.0,0.0,0.0,0.0
25-04-2010,115.35,500.0,0.0,0.0,0.0,0.0,0.0,0.0
26-04-2010,115.35,500.0,0.0,0.0,0.0,0.0,0.0,0.0
27-04-2010,115.35,500.0,0.0,0.0,0.0,0.0,0.0,0.0
28-04-2010,115.35,500.0,0.0,0.0,0.0,0.0,0.0,0.0
29-04-2010,115.35,500.0,0.0,0.0,0.0,0.0,0.0,0.0
30-04-2010,115.35,500.0,0.0,0.0,0.0,0.0,0.0,0.0
01-05-2010,115.35,500.0,0.0,0.0,0.0,0.0,0.0,0.0
02-05-2010,115.35,500.0,0.0,0.0,0.0,0.0,0.0,0.0
03-05-2010,115.35,500.0,0.0,0.0,0.0,0.0,0.0,0.0
04-05-2010,115.35,500.0,0.0,0.0,0.0,0.0,0.0,0.0
05-05-2010,115.35,500.0,0.0,0.0,0.0,0.0,0.0,0.0
06-05-2010,115.35,500.0,0.0,0.0,0.0,0.0,0.0,0.0
07-05-2010,115.35,500.0,0.0,0.0,0.0,0.0,0.0,0.0
08-05-2010,115.35,500.0,0.0,0.0,0.0,0.0,0.0,0.0
09-05-2010,115.35,500.0,0.0,0.0,0.0,0.0,0.0,0.0
10-05-2010,115.35,500.0,0.0,0.0,0.0,0.0,0.0,0.0
11-05-2010,115.35,500.0,0.0,0.0,0.0,0.0,0.0,0.0
12-05-2010,115.35,500.0,0.0,0.0,0.0,0.0,0.0,0.0
13-05-2010,115.35,500.0,0.0,0.0,0.0,0.0,0.0,0.0
14-05-2010,115.35,500.0,0.0,0.0,0.0,0.0,0.0,0.0
15-05-2010,115.35,500.0,0.0,0.0,0.0,0.0,0.0,0.0
16-05-2010,115.35,500.0,0.0,0.0,0.0,0.0,0.0,0.0
17-05-2010,115.35,500.0,0.0,0.0,0.0,0.0,0.0,0.0
18-05-2010,115.35,500.0,0.0,0.0,0.0,0.0,0.0,0.0
19-05-2010,115.35,500.0,0.0,0.0,0.0,0.0,0.0,0.0
20-05-2010,115.35,500.0,0.0,0.0,0.0,0.0,0.0,0.0
21-05-2010,115.35,500.0,0.0,0.0,0.0,0.0,0.0,0.0
22-05-2010,115.35,500.0,0.0,0.0,0.0,0.0,0.0,0.0
23-05-2010,115.35,500.0,0.0,0.0,0.0,0.0,0.0,0.0
24-05-2010,115.35,500.0,0.0,0.0,0.0,0.0,0.0,0.0
25-05-2010,115.35,500.0,0.0,0.0,0.0,0.0,0.0,0.0
26-05-2010,115.35,500.0,0.0,0.0,0.0,0.0,0.0,0.0
27-05-2010,115.35,500.0,0.0,0.0,0.0,0.0,0.0,0.0
28-05-2010,115.35,500.0,0.0,0.0,0.0,0.0,0.0,0.0
29-05-2010,115.35,500.0,0.0,0.0,0.0,0.0,0.0,0.0
30-05-2010,115.35,500.0,0.0,0.0,0.0,0.0,0.0,0.0
31-05-2010,115.35,500.0,0.0,0.0,0.0,0.0,0.0,0.0
01-06-2010,115.35,500.0,0.0,0.0,0.0,0.0,0.0,0.0
02-06-2010,115.35,500.0,0.0,0.0,0.0,0.0,0.0,0.0
03-06-2010,115.35,500.0,0.0,0.0,0.0,0.0,0.0,0.0
04-06-2010,115.35,500.0,0.0,0.0,0.0,0.0,0.0,0.0
05-06-2010,115.35,500.0,0.0,0.0,0.0,0.0,0.0,0.0
06-06-2010,115.35,500.0,0.0,0.0,0.0,0.0,0.0,0.0
07-06-2010,115.35,500.0,0.0,0.0,0.0,0.0,0.0,0.0
08-06-2010,115.35,500.0,0.0,0.0,0.0,0.0,0.0,0.0
09-06-2010,115.35,500.0,0.0,0.0,0.0,0.0,0.0,0.0
10-06-2010,115.35,500.0,0.0,0.0,0.0,0.0,0.0,0.0
11-06-2010,115.35,500.0,0.0,0.0,0.0,0.0,0.0,0.0
12-06-2010,115.35,500.0,0.0,0.0,0.0,0.0,0.0,0.0
13-06-2010,115.35,500.0,0.0,0.0,0.0,0.0,0.0,0.0
14-06-2010,115.35,500.0,0.0,0.0,0.0,0.0,0.0,0.0
15-06-2010,115.35,500.0,0.0,0.0,0.0,0.0,0.0,0.0
16-06-2010,115.35,500.0,0.0,0.0,0.0,0.0,0.0,0.0
17-06-2010,115.35,500.0,0.0,0.0,0.0,0.0,0.0,0.0
18-06-2010,115.35,500.0,0.0,0.0,0.0,0.0,0.0,0.0
19-06-2010,115.35,500.0,0.0,0.0,0.0,0.0,0.0,0.0
20-06-2010,115.35,500.0,0.0,0.0,0.0,0.0,0.0,0.0
21-06-2010,115.35,500.0,0.0,0.0,0.0,0.0,0.0,0.0
22-06-2010,115.35,500.0,0.0,0.0,0.0,0.0,0.0,0.0
23-06-2010,115.35,500.0,0.0,0.0,0.0,0.0,0.0,0.0
24-06-2010,115.35,500.0,0.0,0.0,0.0,0.0,0.0,0.0
25-06-2010,115.35,500.0,0.0,0.0,0.0,0.0,0.0,0.0
26-06-2010,115.35,500.0,0.0,0.0,0.0,0.0,0.0,0.0
27-06-2010,115.35,500.0,0.0,0.0,0.0,0.0,0.0,0.0
28-06-2010,115.35,500.0,0.0,0.0,0.0,0.0,0.0,0.0
29-06-2010,115.35,500.0,0.0,0.0,0.0,0.0,0.0,0.0
30-06-2010,115.35,500.0,0.0,0.0,0.0,0.0,0.0,0.0
01-07-2010,115.35,500.0,0.0,0.0,0.0,0.0,0.0,0.0
02-07-2010,115.35,500.0,0.0,0.0,0.0,0.0,0.0,0.0
03-07-2010,115.35,500.0,0.0,0.0,0.0,0.0,0.0,0.0
04-07-2010,115.35,500.0,0.0,0.0,0.0,0.0,0.0,0.0
05-07-2010,115.35,500.0,0.0,0.0,0.0,0.0,0.0,0.0
06-07-2010,115.35,500.0,0.0,0.0,0.0,0.0,0.0,0.0
07-07-2010,115.35,500.0,0.0,0.0,0.0,0.0,0.0,0.0
08-07-2010,115.35,500.0,0.0,0.0,0.0,0.0,0.0,0.0
09-07-2010,115.35,500.0,0.0,0.0,0.0,0.0,0.0,0.0
10-07-2010,115.35,500.0,0.0,0.0,0.0,0.0,0.0,0.0
11-07-2010,115.35,500.0,0.0,0.0,0.0,0.0,0.0,0.0
12-07-2010,115.35,500.0,0.0,0.0,0.0,0.0,0.0,0.0
13-07-2010,115.35,500.0,0.0,0.0,0.0,0.0,0.0,0.0
14-07-2010,115.35,500.0,0.0,0.0,0.0,0.0,0.0,0.0
15-07-2010,115.35,500.0,0.0,0.0,0.0,0.0,0.0,0.0
16-07-2010,115.35,500.0,0.0,0.0,0.0,0.0,0.0,0.0
17-07-2010,115.35,500.0,0.0,0.0,0.0,0.0,0.0,0.0
18-07-2010,115.35,500.0,0.0,0.0,0.0,0.0,0.0,0.0
19-07-2010,115.35,500.0,0.0,0.0,0.0,0.0,0.0,0.0
20-07-2010,115.35,500.0,0.0,0.0,0.0,0.0,0.0,0.0
21-07-2010,115.35,500.0,0.0,0.0,0.0,0.0,0.0,0.0
22-07-2010,115.35,500.0,0.0,0.0,0.0,0.0,0.0,0.0
23-07-2010,115.35,500.0,0.0,0.0,0.0,0.0,0.0,0.0
24-07-2010,115.35,500.0,0.0,0.0,0.0,0.0,0.0,0.0
25-07-2010,115.35,500.0,0.0,0.0,0.0,0.0,0.0,0.0
26-07-2010,115.35,500.0,0.0,0.0,0.0,0.0,0.0,0.0
27-07-2010,115.35,500.0,0.0,0.0,0.0,0.0,0.0,0.0
28-07-2010,115.35,500.0,0.0,0.0,0.0,0.0,0.0,0.0
29-07-2010,115.35,500.0,0.0,0.0,0.0,0.0,0.0,0.0
30-07-2010,115.35,500.0,0.0,0.0,0.0,0.0,0.0,0.0
31-07-2010,115.35,500.0,0.0,0.0,0.0,0.0,0.0,0.0
01-08-2010,115.35,500.0,0.0,0.0,0.0,0.0,0.0,0.0
02-08-2010,115.35,500.0,0.0,0.0,0.0,0.0,0.0,0.0
03-08-2010,115.35,500.0,0.0,0.0,0.0,0.0,0.0,0.0
04-08-2010,115.35,500.0,0.0,0.0,0.0,0.0,0.0,0.0
05-08-2010,115.35,500.0,0.0,0.0,0.0,0.0,0.0,0.0
06-08-2010,115.35,500.0,0.0,0.0,0.0,0.0,0.0,0.0
07-08-2010,115.35,500.0,0.0,0.0,0.0,0.0,0.0,0.0
08-08-2010,115.35,500.0,0.0,0.0,0.0,0.0,0.0,0.0
09-08-2010,115.35,500.0,0.0,0.0,0.0,0.0,0.0,0.0
10-08-2010,115.35,500.0,0.0,0.0,0.0,0.0,0.0,0.0
11-08-2010,115.35,500.0,0.0,0.0,0.0,0.0,0.0,0.0
12-08-2010,115.35,500.0,0.0,0.0,0.0,0.0,0.0,0.0
13-08-2010,115.35,500.0,0.0,0.0,0.0,0.0,0.0,0.0
14-08-2010,115.35,500.0,0.0,0.0,0.0,0.0,0.0,0.0
15-08-2010,115.35,500.0,0.0,0.0,0.0,0.0,0.0,0.0
16-08-2010,115.35,500.0,0.0,0.0,0.0,0.0,0.0,0.0
17-08-2010,115.35,500.0,0.0,0.0,0.0,0.0,0.0,0.0
18-08-2010,115.35,500.0,0.0,0.0,0.0,0.0,0.0,0.0
19-08-2010,115.35,500.0,0.0,0.0,0.0,0.0,0.0,0.0
20-08-2010,115.35,500.0,0.0,0.0,0.0,0.0,0.0,0.0
21-08-2010,115.35,500.0,0.0,0.0,0.0,0.0,0.0,0.0
22-08-2010,115.35,500.0,0.0,0.0,0.0,0.0,0.0,0.0
23-08-2010,115.35,500.0,0.0,0.0,0.0,0.0,0.0,0.0
24-08-2010,115.35,500.0,0.0,0.0,0.0,0.0,0.0,0.0
25-08-2010,115.35,500.0,0.0,0.0,0.0,0.0,0.0,0.0
26-08-2010,115.35,500.0,0.0,0.0,0.0,0.0,0.0,0.0
27-08-2010,115.35,500.0,0.0,0.0,0.0,0.0,0.0,0.0
28-08-2010,115.35,500.0,0.0,0.0,0.0,0.0,0.0,0.0
29-08-2010,115.35,500.0,0.0,0.0,0.0,0.0,0.0,0.0
30-08-2010,115.35,500.0,0.0,0.0,0.0,0.0,0.0,0.0
31-08-2010,115.35,500.0,0.0,0.0,0.0,0.0,0.0,0.0
01-09-2010,115.35,500.0,0.0,0.0,0.0,0.0,0.0,0.0
02-09-2010,115.35,500.0,0.0,0.0,0.0,0.0,0.0,0.0
03-09-2010,115.35,500.0,0.0,0.0,0.0,0.0,0.0,0.0
04-09-2010,115.35,500.0,0.0,0.0,0.0,0.0,0.0,0.0
05-09-2010,115.35,500.0,0.0,0.0,0.0,0.0,0.0,0.0
06-09-2010,115.35,500.0,0.0,0.0,0.0,0.0,0.0,0.0
07-09-2010,115.35,500.0,0.0,0.0,0.0,0.0,0.0,0.0
08-09-2010,115.35,500.0,0.0,0.0,0.0,0.0,0.0,0.0
09-09-2010,115.35,500.0,0.0,0.0,0.0,0.0,0.0,0.0
10-09-2010,115.35,500.0,0.0,0.0,0.0,0.0,0.0,0.0
11-09-2010,115.35,500.0,0.0,0.0,0.0,0.0,0.0,0.0
12-09-2010,115.35,500.0,0.0,0.0,0.0,0.0,0.0,0.0
13-09-2010,115.35,500.0,0.0,0.0,0.0,0.0,0.0,0.0
14-09-2010,115.35,500.0,0.0,0.0,0.0,0.0,0.0,0.0
15-09-2010,115.35,500.0,0.0,0.0,0.0,0.0,0.0,0.0
16-09-2010,115.35,500.0,0.0,0.0,0.0,0.0,0.0,0.0
17-09-2010,115.35,500.0,0.0,0.0,0.0,0.0,0.0,0.0
18-09-2010,115.35,500.0,0.0,0.0,0.0,0.0,0.0,0.0
19-09-2010,115.35,500.0,0.0,0.0,0.0,0.0,0.0,0.0
20-09-2010,115.35,500.0,0.0,0.0,0.0,0.0,0.0,0.0
21-09-2010,115.35,500.0,0.0,0.0,0.0,0.0,0.0,0.0
22-09-2010,115.35,500.0,0.0,0.0,0.0,0.0,0.0,0.0
23-09-2010,115.35,500.0,0.0,0.0,0.0,0.0,0.0,0.0
24-09-2010,115.35,500.0,0.0,0.0,0.0,0.0,0.0,0.0
25-09-2010,115.35,500.0,0.0,0.0,0.0,0.0,0.0,0.0
26-09-2010,115.35,500.0,0.0,0.0,0.0,0.0,0.0,0.0
27-09-2010,115.35,500.0,0.0,0.0,0.0,0.0,0.0,0.0
28-09-2010,115.35,500.0,0.0,0.0,0.0,0.0,0.0,0.0
29-09-2010,115.35,500.0,0.0,0.0,0.0,0.0,0.0,0.0
30-09-2010,115.35,500.0,0.0,0.0,0.0,0.0,0.0,0.0
01-10-2010,115.35,500.0,0.0,0.0,0.0,0.0,0.0,0.0
02-10-2010,115.35,500.0,0.0,0.0,0.0,0.0,0.0,0.0
03-10-2010,115.35,500.0,0.0,0.0,0.0,0.0,0.0,0.0
04-10-2010,115.35,500.0,0.0,0.0,0.0,0.0,0.0,0.0
05-10-2010,115.35,500.0,0.0,0.0,0.0,0.0,0.0,0.0
06-10-2010,115.35,500.0,0.0,0.0,0.0,0.0,0.0,0.0
07-10-2010,115.35,500.0,0.0,0.0,0.0,0.0,0.0,0.0
08-10-2010,115.35,500.0,0.0,0.0,0.0,0.0,0.0,0.0
09-10-2010,115.35,500.0,0.0,0.0,0.0,0.0,0.0,0.0
10-10-2010,115.35,500.0,0.0,0.0,0.0,0.0,0.0,0.0
11-10-2010,115.35,500.0,0.0,0.0,0.0,0.0,0.0,0.0
12-10-2010,115.35,500.0,0.0,0.0,0.0,0.0,0.0,0.0
13-10-2010,115.35,500.0,0.0,0.0,0.0,0.0,0.0,0.0
14-10-2010,115.35,500.0,0.0,0.0,0.0,0.0,0.0,0.0
15-10-2010,115.35,500.0,0.0,0.0,0.0,0.0,0.0,0.0
16-10-2010,115.35,500.0,0.0,0.0,0.0,0.0,0.0,0.0
17-10-2010,115.35,500.0,0.0,0.0,0.0,0.0,0.0,0.0
18-10-2010,115.35,500.0,0.0,0.0,0.0,0.0,0.0,0.0
19-10-2010,115.35,500.0,0.0,0.0,0.0,0.0,0.0,0.0
20-10-2010,115.35,500.0,0.0,0.0,0.0,0.0,0.0,0.0
21-10-2010,115.35,500.0,0.0,0.0,0.0,0.0,0.0,0.0
22-10-2010,115.35,500.0,0.0,0.0,0.0,0.0,0.0,0.0
23-10-2010,115.35,500.0,0.0,0.0,0.0,0.0,0.0,0.0
24-10-2010,115.35,500.0,0.0,0.0,0.0,0.0,0.0,0.0
25-10-2010,115.35,500.0,0.0,0.0,0.0,0.0,0.0,0.0
26-10-2010,115.35,500.0,0.0,0.0,0.0,0.0,0.0,0.0
27-10-2010,115.35,500.0,0.0,0.0,0.0,0.0,0.0,0.0
28-10-2010,115.35,500.0,0.0,0.0,0.0,0.0,0.0,0.0
29-10-2010,115.35,500.0,0.0,0.0,0.0,0.0,0.0,0.0
30-10-2010,115.35,500.0,0.0,0.0,0.0,0.0,0.0,0.0
31-10-2010,115.35,500.0,0.0,0.0,0.0,0.0,0.0,0.0
01-11-2010,115.35,500.0,0.0,0.0,0.0,0.0,0.0,0.0
02-11-2010,115.35,500.0,0.0,0.0,0.0,0.0,0.0,0.0
03-11-2010,115.35,500.0,0.0,0.0,0.0,0.0,0.0,0.0
04-11-2010,115.35,500.0,0.0,0.0,0.0,0.0,0.0,0.0
05-11-2010,115.35,500.0,0.0,0.0,0.0,0.0,0.0,0.0
06-11-2010,115.35,500.0,0.0,0.0,0.0,0.0,0.0,0.0
07-11-2010,115.35,500.0,0.0,0.0,0.0,0.0,0.0,0.0
08-11-2010,115.35,500.0,0.0,0.0,0.0,0.0,0.0,0.0
09-11-2010,115.35,500.0,0.0,0.0,0.0,0.0,0.0,0.0
10-11-2010,115.35,500.0,0.0,0.0,0.0,0.0,0.0,0.0
11-11-2010,115.35,500.0,0.0,0.0,0.0,0.0,0.0,0.0
12-11-2010,115.35,500.0,0.0,0.0,0.0,0.0,0.0,0.0
13-11-2010,115.35,500.0,0.0,0.0,0.0,0.0,0.0,0.0
14-11-2010,115.35,500.0,0.0,0.0,0.0,0.0,0.0,0.0
15-11-2010,115.35,500.0,0.0,0.0,0.0,0.0,0.0,0.0
16-11-2010,115.35,500.0,0.0,0.0,0.0,0.0,0.0,0.0
17-11-2010,115.35,500.0,0.0,0.0,0.0,0.0,0.0,0.0
18-11-2010,115.35,500.0,0.0,0.0,0.0,0.0,0.0,0.0
19-11-2010,115.35,500.0,0.0,0.0,0.0,0.0,0.0,0.0
20-11-2010,115.35,500.0,0.0,0.0,0.0,0.0,0.0,0.0
21-11-2010,115.35,500.0,0.0,0.0,0.0,0.0,0.0,0.0
22-11-2010,115.35,500.0,0.0,0.0,0.0,0.0,0.0,0.0
23-11-2010,115.35,500.0,0.0,0.0,0.0,0.0,0.0,0.0
24-11-2010,115.35,500.0,0.0,0.0,0.0,0.0,0.0,0.0
25-11-2010,115.35,500.0,0.0,0.0,0.0,0.0,0.0,0.0
26-11-2010,115.35,500.0,0.0,0.0,0.0,0.0,0.0,0.0
27-11-2010,115.35,500.0,0.0,0.0,0.0,0.0,0.0,0.0
28-11-2010,115.35,500.0,0.0,0.0,0.0,0.0,0.0,0.0
29-11-2010,115.35,500.0,0.0,0.0,0.0,0.0,0.0,0.0
30-11-2010,115.35,500.0,0.0,0.0,0.0,0.0,0.0,0.0
01-12-2010,115.35,500.0,0.0,0.0,0.0,0.0,0.0,0.0
02-12-2010,115.35,500.0,0.0,0.0,0.0,0.0,0.0,0.0
03-12-2010,115.35,500.0,0.0,0.0,0.0,0.0,0.0,0.0
04-12-2010,115.35,500.0,0.0,0.0,0.0,0.0,0.0,0.0
05-12-2010,115.35,500.0,0.0,0.0,0.0,0.0,0.0,0.0
06-12-2010,115.35,500.0,0.0,0.0,0.0,0.0,0.0,0.0
07-12-2010,115.35,500.0,0.0,0.0,0.0,0.0,0.0,0.0
08-12-2010,115.35,500.0,0.0,0.0,0.0,0.0,0.0,0.0
09-12-2010,115.35,500.0,0.0,0.0,0.0,0.0,0.0,0.0
10-12-2010,115.35,500.0,0.0,0.0,0.0,0.0,0.0,0.0
11-12-2010,115.35,500.0,0.0,0.0,0.0,0.0,0.0,0.0
12-12-2010,115.35,500.0,0.0,0.0,0.0,0.0,0.0,0.0
13-12-2010,115.35,500.0,0.0,0.0,0.0,0.0,0.0,0.0
14-12-2010,115.35,500.0,0.0,0.0,0.0,0.0,0.0,0.0
15-12-2010,115.35,500.0,0.0,0.0,0.0,0.0,0.0,0.0
16-12-2010,115.35,500.0,0.0,0.0,0.0,0.0,0.0,0.0
17-12-2010,115.35,500.0,0.0,0.0,0.0,0.0,0.0,0.0
18-12-2010,115.35,500.0,0.0,0.0,0.0,0.0,0.0,0.0
19-12-2010,115.35,500.0,0.0,0.0,0.0,0.0,0.0,0.0
20-12-2010,115.35,500.0,0.0,0.0,0.0,0.0,0.0,0.0
21-12-2010,115.35,500.0,0.0,0.0,0.0,0.0,0.0,0.0
22-12-2010,115.35,500.0,0.0,0.0,0.0,0.0,0.0,0.0
23-12-2010,115.35,500.0,0.0,0.0,0.0,0.0,0.0,0.0
24-12-2010,115.35,500.0,0.0,0.0,0.0,0.0,0.0,0.0
25-12-2010,115.35,500.0,0.0,0.0,0.0,0.0,0.0,0.0
26-12-2010,115.35,500.0,0.0,0.0,0.0,0.0,0.0,0.0
27-12-2010,115.35,500.0,0.0,0.0,0.0,0.0,0.0,0.0
28-12-2010,115.35,500.0,0.0,0.0,0.0,0.0,0.0,0.0
29-12-2010,115.35,500.0,0.0,0.0,0.0,0.0,0.0,0.0
30-12-2010,115.35,500.0,0.0,0.0,0.0,0.0,0.0,0.0
31-12-2010,115.35,500.0,0.0,0.0,0.0,0.0,0.0,0.0
01-01-2011,115.35,500.0,0.0,0.0,0.0,0.0,0.0,0.0
02-01-2011,115.35,500.0,0.0,0.0,0.0,0.0,0.0,0.0
03-01-2011,115.35,500.0,0.0,0.0,0.0,0.0,0.0,0.0
04-01-2011,115.35,500.0,0.0,0.0,0.0,0.0,0.0,0.0
05-01-2011,115.35,500.0,0.0,0.0,0.0,0.0,0.0,0.0
06-01-2011,115.35,500.0,0.0,0.0,0.0,0.0,0.0,0.0
07-01-2011,115.35,500.0,0.0,0.0,0.0,0.0,0.0,0.0
08-01-2011,115.35,500.0,0.0,0.0,0.0,0.0,0.0,0.0
09-01-2011,115.35,500.0,0.0,0.0,0.0,0.0,0.0,0.0
10-01-2011,115.35,500.0,0.0,0.0,0.0,0.0,0.0,0.0
11-01-2011,115.35,500.0,0.0,0.0,0.0,0.0,0.0,0.0
12-01-2011,115.35,500.0,0.0,0.0,0.0,0.0,0.0,0.0
13-01-2011,115.35,500.0,0.0,0.0,0.0,0.0,0.0,0.0
14-01-2011,115.35,500.0,0.0,0.0,0.0,0.0,0.0,0.0
15-01-2011,115.35,500.0,0.0,0.0,0.0,0.0,0.0,0.0
16-01-2011,115.35,500.0,0.0,0.0,0.0,0.0,0.0,0.0
17-01-2011,115.35,500.0,0.0,0.0,0.0,0.0,0.0,0.0
18-01-2011,115.35,500.0,0.0,0.0,0.0,0.0,0.0,0.0
19-01-2011,115.35,500.0,0.0,0.0,0.0,0.0,0.0,0.0
20-01-2011,115.35,500.0,0.0,0.0,0.0,0.0,0.0,0.0
21-01-2011,115.35,500.0,0.0,0.0,0.0,0.0,0.0,0.0
22-01-2011,115.35,500.0,0.0,0.0,0.0,0.0,0.0,0.0
23-01-2011,115.35,500.0,0.0,0.0,0.0,0.0,0.0,0.0
24-01-2011,115.35,500.0,0.0,0.0,0.0,0.0,0.0,0.0
25-01-2011,115.35,500.0,0.0,0.0,0.0,0.0,0.0,0.0
26-01-2011,115.35,500.0,0.0,0.0,0.0,0.0,0.0,0.0
27-01-2011,115.35,500.0,0.0,0.0,0.0,0.0,0.0,0.0
28-01-2011,115.35,500.0,0.0,0.0,0.0,0.0,0.0,0.0
29-01-2011,115.35,500.0,0.0,0.0,0.0,0.0,0.0,0.0
30-01-2011,115.35,500.0,0.0,0.0,0.0,0.0,0.0,0.0
31-01-2011,115.35,500.0,0.0,0.0,0.0,0.0,0.0,0.0
01-02-2011,115.35,500.0,0.0,0.0,0.0,0.0,0.0,0.0
02-02-2011,115.35,500.0,0.0,0.0,0.0,0.0,0.0,0.0
03-02-2011,115.35,500.0,0.0,0.0,0.0,0.0,0.0,0.0
04-02-2011,115.35,500.0,0.0,0.0,0.0,0.0,0.0,0.0
05-02-2011,115.35,500.0,0.0,0.0,0.0,0.0,0.0,0.0
06-02-2011,115.35,500.0,0.0,0.0,0.0,0.0,0.0,0.0
07-02-2011,115.35,500.0,0.0,0.0,0.0,0.0,0.0,0.0
08-02-2011,115.35,500.0,0.0,0.0,0.0,0.0,0.0,0.0
09-02-2011,115.35,500.0,0.0,0.0,0.0,0.0,0.0,0.0
10-02-2011,115.35,500.0,0.0,0.0,0.0,0.0,0.0,0.0
11-02-2011,115.35,500.0,0.0,0.0,0.0,0.0,0.0,0.0
12-02-2011,115.35,500.0,0.0,0.0,0.0,0.0,0.0,0.0
13-02-2011,115.35,500.0,0.0,0.0,0.0,0.0,0.0,0.0
14-02-2011,115.35,500.0,0.0,0.0,0.0,0.0,0.0,0.0
15-02-2011,115.35,500.0,0.0,0.0,0.0,0.0,0.0,0.0
16-02-2011,115.35,500.0,0.0,0.0,0.0,0.0,0.0,0.0
17-02-2011,115.35,500.0,0.0,0.0,0.0,0.0,0.0,0.0
18-02-2011,115.35,500.0,0.0,0.0,0.0,0.0,0.0,0.0
19-02-2011,115.35,500.0,0.0,0.0,0.0,0.0,0.0,0.0
20-02-2011,115.35,500.0,0.0,0.0,0.0,0.0,0.0,0.0
21-02-2011,115.35,500.0,0.0,0.0,0.0,0.0,0.0,0.0
22-02-2011,115.35,500.0,0.0,0.0,0.0,0.0,0.0,0.0
23-02-2011,115.35,500.0,0.0,0.0,0.0,0.0,0.0,0.0
24-02-2011,115.35,500.0,0.0,0.0,0.0,0.0,0.0,0.0
25-02-2011,115.35,500.0,0.0,0.0,0.0,0.0,0.0,0.0
26-02-2011,115.35,500.0,0.0,0.0,0.0,0.0,0.0,0.0
27-02-2011,115.35,500.0,0.0,0.0,0.0,0.0,0.0,0.0
28-02-2011,115.35,500.0,0.0,0.0,0.0,0.0,0.0,0.0
01-03-2011,115.35,500.0,0.0,0.0,0.0,0.0,0.0,0.0
02-03-2011,115.35,500.0,0.0,0.0,0.0,0.0,0.0,0.0
03-03-2011,115.35,500.0,0.0,0.0,0.0,0.0,0.0,0.0
04-03-2011,115.35,500.0,0.0,0.0,0.0,0.0,0.0,0.0
05-03-2011,115.35,500.0,0.0,0.0,0.0,0.0,0.0,0.0
06-03-2011,115.35,500.0,0.0,0.0,0.0,0.0,0.0,0.0
07-03-2011,115.35,500.0,0.0,0.0,0.0,0.0,0.0,0.0
08-03-2011,115.35,500.0,0.0,0.0,0.0,0.0,0.0,0.0
09-03-2011,115.35,500.0,0.0,0.0,0.0,0.0,0.0,0.0
10-03-2011,115.35,500.0,0.0,0.0,0.0,0.0,0.0,0.0
11-03-2011,115.35,500.0,0.0,0.0,0.0,0.0,0.0,0.0
12-03-2011,115.35,500.0,0.0,0.0,0.0,0.0,0.0,0.0
13-03-2011,115.35,500.0,0.0,0.0,0.0,0.0,0.0,0.0
14-03-2011,115.35,500.0,0.0,0.0,0.0,0.0,0.0,0.0
15-03-2011,115.35,500.0,0.0,0.0,0.0,0.0,0.0,0.0
16-03-2011,115.35,500.0,0.0,0.0,0.0,0.0,0.0,0.0
17-03-2011,115.35,500.0,0.0,0.0,0.0,0.0,0.0,0.0
18-03-2011,115.35,500.0,0.0,0.0,0.0,0.0,0.0,0.0
19-03-2011,115.35,500.0,0.0,0.0,0.0,0.0,0.0,0.0
20-03-2011,115.35,500.0,0.0,0.0,0.0,0.0,0.0,0.0
21-03-2011,115.35,500.0,0.0,0.0,0.0,0.0,0.0,0.0
22-03-2011,115.35,500.0,0.0,0.0,0.0,0.0,0.0,0.0
23-03-2011,115.35,500.0,0.0,0.0,0.0,0.0,0.0,0.0
24-03-2011,115.35,500.0,0.0,0.0,0.0,0.0,0.0,0.0
25-03-2011,115.35,500.0,0.0,0.0,0.0,0.0,0.0,0.0
26-03-2011,115.35,500.0,0.0,0.0,0.0,0.0,0.0,0.0
27-03-2011,115.35,500.0,0.0,0.0,0.0,0.0,0.0,0.0
28-03-2011,115.35,500.0,0.0,0.0,0.0,0.0,0.0,0.0
29-03-2011,115.35,500.0,0.0,0.0,0.0,0.0,0.0,0.0
30-03-2011,115.35,500.0,0.0,0.0,0.0,0.0,0.0,0.0
31-03-2011,115.35,500.0,0.0,0.0,0.0,0.0,0.0,0.0
01-04-2011,115.35,500.0,0.0,0.0,0.0,0.0,0.0,0.0
02-04-2011,115.35,500.0,0.0,0.0,0.0,0.0,0.0,0.0
03-04-2011,115.35,500.0,0.0,0.0,0.0,0.0,0.0,0.0
04-04-2011,115.35,500.0,0.0,0.0,0.0,0.0,0.0,0.0
05-04-2011,115.35,500.0,0.0,0.0,0.0,0.0,0.0,0.0
06-04-2011,115.35,500.0,0.0,0.0,0.0,0.0,0.0,0.0
07-04-2011,115.35,500.0,0.0,0.0,0.0,0.0,0.0,0.0
08-04-2011,115.35,500.0,0.0,0.0,0.0,0.0,0.0,0.0
09-04-2011,115.35,500.0,0.0,0.0,0.0,0.0,0.0,0.0
10-04-2011,115.35,500.0,0.0,0.0,0.0,0.0,0.0,0.0
11-04-2011,115.35,500.0,0.0,0.0,0.0,0.0,0.0,0.0
12-04-2011,115.35,500.0,0.0,0.0,0.0,0.0,0.0,0.0
13-04-2011,115.35,500.0,0.0,0.0,0.0,0.0,0.0,0.0
14-04-2011,115.35,500.0,0.0,0.0,0.0,0.0,0.0,0.0
15-04-2011,115.35,500.0,0.0,0.0,0.0,0.0,0.0,0.0
16-04-2011,115.35,500.0,0.0,0.0,0.0,0.0,0.0,0.0
17-04-2011,115.35,500.0,0.0,0.0,0.0,0.0,0.0,0.0
18-04-2011,115.35,500.0,0.0,0.0,0.0,0.0,0.0,0.0
19-04-2011,115.35,500.0,0.0,0.0,0.0,0.0,0.0,0.0
20-04-2011,115.35,500.0,0.0,0.0,0.0,0.0,0.0,0.0
21-04-2011,115.35,500.0,0.0,0.0,0.0,0.0,0.0,0.0
22-04-2011,115.35,500.0,0.0,0.0,0.0,0.0,0.0,0.0
23-04-2011,115.35,500.0,0.0,0.0,0.0,0.0,0.0,0.0
24-04-2011,115.35,500.0,0.0,0.0,0.0,0.0,0.0,0.0
25-04-2011,115.35,500.0,0.0,0.0,0.0,0.0,0.0,0.0
26-04-2011,115.35,500.0,0.0,0.0,0.0,0.0,0.0,0.0
27-04-2011,115.35,500.0,0.0,0.0,0.0,0.0,0.0,0.0
28-04-2011,115.35,500.0,0.0,0.0,0.0,0.0,0.0,0.0
29-04-2011,115.35,500.0,0.0,0.0,0.0,0.0,0.0,0.0
30-04-2011,115.35,500.0,0.0,0.0,0.0,0.0,0.0,0.0
01-05-2011,115.35,500.0,0.0,0.0,0.0,0.0,0.0,0.0
02-05-2011,115.35,500.0,0.0,0.0,0.0,0.0,0.0,0.0
03-05-2011,115.35,500.0,0.0,0.0,0.0,0.0,0.0,0.0
04-05-2011,115.35,500.0,0.0,0.0,0.0,0.0,0.0,0.0
05-05-2011,115.35,500.0,0.0,0.0,0.0,0.0,0.0,0.0
06-05-2011,115.35,500.0,0.0,0.0,0.0,0.0,0.0,0.0
07-05-2011,115.35,500.0,0.0,0.0,0.0,0.0,0.0,0.0
08-05-2011,115.35,500.0,0.0,0.0,0.0,0.0,0.0,0.0
09-05-2011,115.35,500.0,0.0,0.0,0.0,0.0,0.0,0.0
10-05-2011,115.35,500.0,0.0,0.0,0.0,0.0,0.0,0.0
11-05-2011,115.35,500.0,0.0,0.0,0.0,0.0,0.0,0.0
12-05-2011,115.35,500.0,0.0,0.0,0.0,0.0,0.0,0.0
13-05-2011,115.35,500.0,0.0,0.0,0.0,0.0,0.0,0.0
14-05-2011,115.35,500.0,0.0,0.0,0.0,0.0,0.0,0.0
15-05-2011,115.35,500.0,0.0,0.0,0.0,0.0,0.0,0.0
16-05-2011,115.35,500.0,0.0,0.0,0.0,0.0,0.0,0.0
17-05-2011,115.35,500.0,0.0,0.0,0.0,0.0,0.0,0.0
18-05-2011,115.35,500.0,0.0,0.0,0.0,0.0,0.0,0.0
19-05-2011,115.35,500.0,0.0,0.0,0.0,0.0,0.0,0.0
20-05-2011,115.35,500.0,0.0,0.0,0.0,0.0,0.0,0.0
21-05-2011,115.35,500.0,0.0,0.0,0.0,0.0,0.0,0.0
22-05-2011,115.35,500.0,0.0,0.0,0.0,0.0,0.0,0.0
23-05-2011,115.35,500.0,0.0,0.0,0.0,0.0,0.0,0.0
24-05-2011,115.35,500.0,0.0,0.0,0.0,0.0,0.0,0.0
25-05-2011,115.35,500.0,0.0,0.0,0.0,0.0,0.0,0.0
26-05-2011,115.35,500.0,0.0,0.0,0.0,0.0,0.0,0.0
27-05-2011,115.35,500.0,0.0,0.0,0.0,0.0,0.0,0.0
28-05-2011,115.35,500.0,0.0,0.0,0.0,0.0,0.0,0.0
29-05-2011,115.35,500.0,0.0,0.0,0.0,0.0,0.0,0.0
30-05-2011,115.35,500.0,0.0,0.0,0.0,0.0,0.0,0.0
31-05-2011,115.35,500.0,0.0,0.0,0.0,0.0,0.0,0.0
01-06-2011,115.35,500.0,0.0,0.0,0.0,0.0,0.0,0.0
02-06-2011,115.35,500.0,0.0,0.0,0.0,0.0,0.0,0.0
03-06-2011,115.35,500.0,0.0,0.0,0.0,0.0,0.0,0.0
04-06-2011,115.35,500.0,0.0,0.0,0.0,0.0,0.0,0.0
05-06-2011,115.35,500.0,0.0,0.0,0.0,0.0,0.0,0.0
06-06-2011,115.35,500.0,0.0,0.0,0.0,0.0,0.0,0.0
07-06-2011,115.35,500.0,0.0,0.0,0.0,0.0,0.0,0.0
08-06-2011,115.35,500.0,0.0,0.0,0.0,0.0,0.0,0.0
09-06-2011,115.35,500.0,0.0,0.0,0.0,0.0,0.0,0.0
10-06-2011,115.35,500.0,0.0,0.0,0.0,0.0,0.0,0.0
11-06-2011,115.35,500.0,0.0,0.0,0.0,0.0,0.0,0.0
12-06-2011,115.35,500.0,0.0,0.0,0.0,0.0,0.0,0.0
13-06-2011,115.35,500.0,0.0,0.0,0.0,0.0,0.0,0.0
14-06-2011,115.35,500.0,0.0,0.0,0.0,0.0,0.0,0.0
15-06-2011,115.35,500.0,0.0,0.0,0.0,0.0,0.0,0.0
16-06-2011,115.35,500.0,0.0,0.0,0.0,0.0,0.0,0.0
17-06-2011,115.35,500.0,0.0,0.0,0.0,0.0,0.0,0.0
18-06-2011,115.35,500.0,0.0,0.0,0.0,0.0,0.0,0.0
19-06-2011,115.35,500.0,0.0,0.0,0.0,0.0,0.0,0.0
20-06-2011,115.35,500.0,0.0,0.0,0.0,0.0,0.0,0.0
21-06-2011,115.35,500.0,0.0,0.0,0.0,0.0,0.0,0.0
22-06-2011,115.35,500.0,0.0,0.0,0.0,0.0,0.0,0.0
23-06-2011,115.35,500.0,0.0,0.0,0.0,0.0,0.0,0.0
24-06-2011,115.35,500.0,0.0,0.0,0.0,0.0,0.0,0.0
25-06-2011,115.35,500.0,0.0,0.0,0.0,0.0,0.0,0.0
26-06-2011,115.35,500.0,0.0,0.0,0.0,0.0,0.0,0.0
27-06-2011,115.35,500.0,0.0,0.0,0.0,0.0,0.0,0.0
28-06-2011,115.35,500.0,0.0,0.0,0.0,0.0,0.0,0.0
29-06-2011,115.35,500.0,0.0,0.0,0.0,0.0,0.0,0.0
30-06-2011,115.35,500.0,0.0,0.0,0.0,0.0,0.0,0.0
01-07-2011,115.35,500.0,0.0,0.0,0.0,0.0,0.0,0.0
02-07-2011,115.35,500.0,0.0,0.0,0.0,0.0,0.0,0.0
03-07-2011,115.35,500.0,0.0,0.0,0.0,0.0,0.0,0.0
04-07-2011,115.35,500.0,0.0,0.0,0.0,0.0,0.0,0.0
05-07-2011,115.35,500.0,0.0,0.0,0.0,0.0,0.0,0.0
06-07-2011,115.35,500.0,0.0,0.0,0.0,0.0,0.0,0.0
07-07-2011,115.35,500.0,0.0,0.0,0.0,0.0,0.0,0.0
08-07-2011,115.35,500.0,0.0,0.0,0.0,0.0,0.0,0.0
09-07-2011,115.35,500.0,0.0,0.0,0.0,0.0,0.0,0.0
10-07-2011,115.35,500.0,0.0,0.0,0.0,0.0,0.0,0.0
11-07-2011,115.35,500.0,0.0,0.0,0.0,0.0,0.0,0.0
12-07-2011,115.35,500.0,0.0,0.0,0.0,0.0,0.0,0.0
13-07-2011,115.35,500.0,0.0,0.0,0.0,0.0,0.0,0.0
14-07-2011,115.35,500.0,0.0,0.0,0.0,0.0,0.0,0.0
15-07-2011,115.35,500.0,0.0,0.0,0.0,0.0,0.0,0.0
16-07-2011,115.35,500.0,0.0,0.0,0.0,0.0,0.0,0.0
17-07-2011,115.35,500.0,0.0,0.0,0.0,0.0,0.0,0.0
18-07-2011,115.35,500.0,0.0,0.0,0.0,0.0,0.0,0.0
19-07-2011,115.35,500.0,0.0,0.0,0.0,0.0,0.0,0.0
20-07-2011,115.35,500.0,0.0,0.0,0.0,0.0,0.0,0.0
21-07-2011,115.35,500.0,0.0,0.0,0.0,0.0,0.0,0.0
22-07-2011,115.35,500.0,0.0,0.0,0.0,0.0,0.0,0.0
23-07-2011,115.35,500.0,0.0,0.0,0.0,0.0,0.0,0.0
24-07-2011,115.35,500.0,0.0,0.0,0.0,0.0,0.0,0.0
25-07-2011,115.35,500.0,0.0,0.0,0.0,0.0,0.0,0.0
26-07-2011,115.35,500.0,0.0,0.0,0.0,0.0,0.0,0.0
27-07-2011,115.35,500.0,0.0,0.0,0.0,0.0,0.0,0.0
28-07-2011,115.35,500.0,0.0,0.0,0.0,0.0,0.0,0.0
29-07-2011,115.35,500.0,0.0,0.0,0.0,0.0,0.0,0.0
30-07-2011,115.35,500.0,0.0,0.0,0.0,0.0,0.0,0.0
31-07-2011,115.35,500.0,0.0,0.0,0.0,0.0,0.0,0.0
01-08-2011,115.35,500.0,0.0,0.0,0.0,0.0,0.0,0.0
02-08-2011,115.35,500.0,0.0,0.0,0.0,0.0,0.0,0.0
03-08-2011,115.35,500.0,0.0,0.0,0.0,0.0,0.0,0.0
04-08-2011,115.35,500.0,0.0,0.0,0.0,0.0,0.0,0.0
05-08-2011,115.35,500.0,0.0,0.0,0.0,0.0,0.0,0.0
06-08-2011,115.35,500.0,0.0,0.0,0.0,0.0,0.0,0.0
07-08-2011,115.35,500.0,0.0,0.0,0.0,0.0,0.0,0.0
08-08-2011,115.35,500.0,0.0,0.0,0.0,0.0,0.0,0.0
09-08-2011,115.35,500.0,0.0,0.0,0.0,0.0,0.0,0.0
10-08-2011,115.35,500.0,0.0,0.0,0.0,0.0,0.0,0.0
11-08-2011,115.35,500.0,0.0,0.0,0.0,0.0,0.0,0.0
12-08-2011,115.35,500.0,0.0,0.0,0.0,0.0,0.0,0.0
13-08-2011,115.35,500.0,0.0,0.0,0.0,0.0,0.0,0.0
14-08-2011,115.35,500.0,0.0,0.0,0.0,0.0,0.0,0.0
15-08-2011,115.35,500.0,0.0,0.0,0.0,0.0,0.0,0.0
16-08-2011,115.35,500.0,0.0,0.0,0.0,0.0,0.0,0.0
17-08-2011,115.35,500.0,0.0,0.0,0.0,0.0,0.0,0.0
18-08-2011,115.35,500.0,0.0,0.0,0.0,0.0,0.0,0.0
19-08-2011,115.35,500.0,0.0,0.0,0.0,0.0,0.0,0.0
20-08-2011,115.35,500.0,0.0,0.0,0.0,0.0,0.0,0.0
21-08-2011,115.35,500.0,0.0,0.0,0.0,0.0,0.0,0.0
22-08-2011,115.35,500.0,0.0,0.0,0.0,0.0,0.0,0.0
23-08-2011,115.35,500.0,0.0,0.0,0.0,0.0,0.0,0.0
24-08-2011,115.35,500.0,0.0,0.0,0.0,0.0,0.0,0.0
25-08-2011,115.35,500.0,0.0,0.0,0.0,0.0,0.0,0.0
26-08-2011,115.35,500.0,0.0,0.0,0.0,0.0,0.0,0.0
27-08-2011,115.35,500.0,0.0,0.0,0.0,0.0,0.0,0.0
28-08-2011,115.35,500.0,0.0,0.0,0.0,0.0,0.0,0.0
29-08-2011,115.35,500.0,0.0,0.0,0.0,0.0,0.0,0.0
30-08-2011,115.35,500.0,0.0,0.0,0.0,0.0,0.0,0.0
31-08-2011,115.35,500.0,0.0,0.0,0.0,0.0,0.0,0.0
01-09-2011,115.35,500.0,0.0,0.0,0.0,0.0,0.0,0.0
02-09-2011,115.35,500.0,0.0,0.0,0.0,0.0,0.0,0.0
03-09-2011,115.35,500.0,0.0,0.0,0.0,0.0,0.0,0.0
04-09-2011,115.35,500.0,0.0,0.0,0.0,0.0,0.0,0.0
05-09-2011,115.35,500.0,0.0,0.0,0.0,0.0,0.0,0.0
06-09-2011,115.35,500.0,0.0,0.0,0.0,0.0,0.0,0.0
07-09-2011,115.35,500.0,0.0,0.0,0.0,0.0,0.0,0.0
08-09-2011,115.35,500.0,0.0,0.0,0.0,0.0,0.0,0.0
09-09-2011,115.35,500.0,0.0,0.0,0.0,0.0,0.0,0.0
10-09-2011,115.35,500.0,0.0,0.0,0.0,0.0,0.0,0.0
11-09-2011,115.35,500.0,0.0,0.0,0.0,0.0,0.0,0.0
12-09-2011,115.35,500.0,0.0,0.0,0.0,0.0,0.0,0.0
13-09-2011,115.35,500.0,0.0,0.0,0.0,0.0,0.0,0.0
14-09-2011,115.35,500.0,0.0,0.0,0.0,0.0,0.0,0.0
15-09-2011,115.35,500.0,0.0,0.0,0.0,0.0,0.0,0.0
16-09-2011,115.35,500.0,0.0,0.0,0.0,0.0,0.0,0.0
17-09-2011,115.35,500.0,0.0,0.0,0.0,0.0,0.0,0.0
18-09-2011,115.35,500.0,0.0,0.0,0.0,0.0,0.0,0.0
19-09-2011,115.35,500.0,0.0,0.0,0.0,0.0,0.0,0.0
20-09-2011,115.35,500.0,0.0,0.0,0.0,0.0,0.0,0.0
21-09-2011,115.35,500.0,0.0,0.0,0.0,0.0,0.0,0.0
22-09-2011,115.35,500.0,0.0,0.0,0.0,0.0,0.0,0.0
23-09-2011,115.35,500.0,0.0,0.0,0.0,0.0,0.0,0.0
24-09-2011,115.35,500.0,0.0,0.0,0.0,0.0,0.0,0.0
25-09-2011,115.35,500.0,0.0,0.0,0.0,0.0,0.0,0.0
26-09-2011,115.35,500.0,0.0,0.0,0.0,0.0,0.0,0.0
27-09-2011,115.35,500.0,0.0,0.0,0.0,0.0,0.0,0.0
28-09-2011,115.35,500.0,0.0,0.0,0.0,0.0,0.0,0.0
29-09-2011,115.35,500.0,0.0,0.0,0.0,0.0,0.0,0.0
30-09-2011,115.35,500.0,0.0,0.0,0.0,0.0,0.0,0.0
01-10-2011,115.35,500.0,0.0,0.0,0.0,0.0,0.0,0.0
02-10-2011,115.35,500.0,0.0,0.0,0.0,0.0,0.0,0.0
03-10-2011,115.35,500.0,0.0,0.0,0.0,0.0,0.0,0.0
04-10-2011,115.35,500.0,0.0,0.0,0.0,0.0,0.0,0.0
05-10-2011,115.35,500.0,0.0,0.0,0.0,0.0,0.0,0.0
06-10-2011,115.35,500.0,0.0,0.0,0.0,0.0,0.0,0.0
07-10-2011,115.35,500.0,0.0,0.0,0.0,0.0,0.0,0.0
08-10-2011,115.35,500.0,0.0,0.0,0.0,0.0,0.0,0.0
09-10-2011,115.35,500.0,0.0,0.0,0.0,0.0,0.0,0.0
10-10-2011,115.35,500.0,0.0,0.0,0.0,0.0,0.0,0.0
11-10-2011,115.35,500.0,0.0,0.0,0.0,0.0,0.0,0.0
12-10-2011,115.35,500.0,0.0,0.0,0.0,0.0,0.0,0.0
13-10-2011,115.35,500.0,0.0,0.0,0.0,0.0,0.0,0.0
14-10-2011,115.35,500.0,0.0,0.0,0.0,0.0,0.0,0.0
15-10-2011,115.35,500.0,0.0,0.0,0.0,0.0,0.0,0.0
16-10-2011,115.35,500.0,0.0,0.0,0.0,0.0,0.0,0.0
17-10-2011,115.35,500.0,0.0,0.0,0.0,0.0,0.0,0.0
18-10-2011,115.35,500.0,0.0,0.0,0.0,0.0,0.0,0.0
19-10-2011,115.35,500.0,0.0,0.0,0.0,0.0,0.0,0.0
20-10-2011,115.35,500.0,0.0,0.0,0.0,0.0,0.0,0.0
21-10-2011,115.35,500.0,0.0,0.0,0.0,0.0,0.0,0.0
22-10-2011,115.35,500.0,0.0,0.0,0.0,0.0,0.0,0.0
23-10-2011,115.35,500.0,0.0,0.0,0.0,0.0,0.0,0.0
24-10-2011,115.35,500.0,0.0,0.0,0.0,0.0,0.0,0.0
25-10-2011,115.35,500.0,0.0,0.0,0.0,0.0,0.0,0.0
26-10-2011,115.35,500.0,0.0,0.0,0.0,0.0,0.0,0.0
27-10-2011,115.35,500.0,0.0,0.0,0.0,0.0,0.0,0.0
28-10-2011,115.35,500.0,0.0,0.0,0.0,0.0,0.0,0.0
29-10-2011,115.35,500.0,0.0,0.0,0.0,0.0,0.0,0.0
30-10-2011,115.35,500.0,0.0,0.0,0.0,0.0,0.0,0.0
31-10-2011,115.35,500.0,0.0,0.0,0.0,0.0,0.0,0.0
01-11-2011,115.35,500.0,0.0,0.0,0.0,0.0,0.0,0.0
02-11-2011,115.35,500.0,0.0,0.0,0.0,0.0,0.0,0.0
03-11-2011,115.35,500.0,0.0,0.0,0.0,0.0,0.0,0.0
04-11-2011,115.35,500.0,0.0,0.0,0.0,0.0,0.0,0.0
05-11-2011,115.35,500.0,0.0,0.0,0.0,0.0,0.0,0.0
06-11-2011,115.35,500.0,0.0,0.0,0.0,0.0,0.0,0.0
07-11-2011,115.35,500.0,0.0,0.0,0.0,0.0,0.0,0.0
08-11-2011,115.35,500.0,0.0,0.0,0.0,0.0,0.0,0.0
09-11-2011,115.35,500.0,0.0,0.0,0.0,0.0,0.0,0.0
10-11-2011,115.35,500.0,0.0,0.0,0.0,0.0,0.0,0.0
11-11-2011,115.35,500.0,0.0,0.0,0.0,0.0,0.0,0.0
12-11-2011,115.35,500.0,0.0,0.0,0.0,0.0,0.0,0.0
13-11-2011,115.35,500.0,0.0,0.0,0.0,0.0,0.0,0.0
14-11-2011,115.35,500.0,0.0,0.0,0.0,0.0,0.0,0.0
15-11-2011,115.35,500.0,0.0,0.0,0.0,0.0,0.0,0.0
16-11-2011,115.35,500.0,0.0,0.0,0.0,0.0,0.0,0.0
17-11-2011,115.35,500.0,0.0,0.0,0.0,0.0,0.0,0.0
18-11-2011,115.35,500.0,0.0,0.0,0.0,0.0,0.0,0.0
19-11-2011,115.35,500.0,0.0,0.0,0.0,0.0,0.0,0.0
20-11-2011,115.35,500.0,0.0,0.0,0.0,0.0,0.0,0.0
21-11-2011,115.35,500.0,0.0,0.0,0.0,0.0,0.0,0.0
22-11-2011,115.35,500.0,0.0,0.0,0.0,0.0,0.0,0.0
23-11-2011,115.35,500.0,0.0,0.0,0.0,0.0,0.0,0.0
24-11-2011,115.35,500.0,0.0,0.0,0.0,0.0,0.0,0.0
25-11-2011,115.35,500.0,0.0,0.0,0.0,0.0,0.0,0.0
26-11-2011,115.35,500.0,0.0,0.0,0.0,0.0,0.0,0.0
27-11-2011,115.35,500.0,0.0,0.0,0.0,0.0,0.0,0.0
28-11-2011,115.35,500.0,0.0,0.0,0.0,0.0,0.0,0.0
29-11-2011,115.35,500.0,0.0,0.0,0.0,0.0,0.0,0.0
30-11-2011,115.35,500.0,0.0,0.0,0.0,0.0,0.0,0.0
01-12-2011,115.35,500.0,0.0,0.0,0.0,0.0,0.0,0.0
02-12-2011,115.35,500.0,0.0,0.0,0.0,0.0,0.0,0.0
03-12-2011,115.35,500.0,0.0,0.0,0.0,0.0,0.0,0.0
04-12-2011,115.35,500.0,0.0,0.0,0.0,0.0,0.0,0.0
05-12-2011,115.35,500.0,0.0,0.0,0.0,0.0,0.0,0.0
06-12-2011,115.35,500.0,0.0,0.0,0.0,0.0,0.0,0.0
07-12-2011,115.35,500.0,0.0,0.0,0.0,0.0,0.0,0.0
08-12-2011,115.35,500.0,0.0,0.0,0.0,0.0,0.0,0.0
09-12-2011,115.35,500.0,0.0,0.0,0.0,0.0,0.0,0.0
10-12-2011,115.35,500.0,0.0,0.0,0.0,0.0,0.0,0.0
11-12-2011,115.35,500.0,0.0,0.0,0.0,0.0,0.0,0.0
12-12-2011,115.35,500.0,0.0,0.0,0.0,0.0,0.0,0.0
13-12-2011,115.35,500.0,0.0,0.0,0.0,0.0,0.0,0.0
14-12-2011,115.35,500.0,0.0,0.0,0.0,0.0,0.0,0.0
15-12-2011,115.35,500.0,0.0,0.0,0.0,0.0,0.0,0.0
16-12-2011,115.35,500.0,0.0,0.0,0.0,0.0,0.0,0.0
17-12-2011,115.35,500.0,0.0,0.0,0.0,0.0,0.0,0.0
18-12-2011,115.35,500.0,0.0,0.0,0.0,0.0,0.0,0.0
19-12-2011,115.35,500.0,0.0,0.0,0.0,0.0,0.0,0.0
20-12-2011,115.35,500.0,0.0,0.0,0.0,0.0,0.0,0.0
21-12-2011,115.35,500.0,0.0,0.0,0.0,0.0,0.0,0.0
22-12-2011,115.35,500.0,0.0,0.0,0.0,0.0,0.0,0.0
23-12-2011,115.35,500.0,0.0,0.0,0.0,0.0,0.0,0.0
24-12-2011,115.35,500.0,0.0,0.0,0.0,0.0,0.0,0.0
25-12-2011,115.35,500.0,0.0,0.0,0.0,0.0,0.0,0.0
26-12-2011,115.35,500.0,0.0,0.0,0.0,0.0,0.0,0.0
27-12-2011,115.35,500.0,0.0,0.0,0.0,0.0,0.0,0.0
28-12-2011,115.35,500.0,0.0,0.0,0.0,0.0,0.0,0.0
29-12-2011,115.35,500.0,0.0,0.0,0.0,0.0,0.0,0.0
30-12-2011,115.35,500.0,0.0,0.0,0.0,0.0,0.0,0.0
31-12-2011,115.35,500.0,0.0,0.0,0.0,0.0,0.0,0.0
01-01-2012,115.35,500.0,0.0,0.0,0.0,0.0,0.0,0.0
02-01-2012,115.35,500.0,0.0,0.0,0.0,0.0,0.0,0.0
03-01-2012,115.35,500.0,0.0,0.0,0.0,0.0,0.0,0.0
04-01-2012,115.35,500.0,0.0,0.0,0.0,0.0,0.0,0.0
05-01-2012,115.35,500.0,0.0,0.0,0.0,0.0,0.0,0.0
06-01-2012,115.35,500.0,0.0,0.0,0.0,0.0,0.0,0.0
07-01-2012,115.35,500.0,0.0,0.0,0.0,0.0,0.0,0.0
08-01-2012,115.35,500.0,0.0,0.0,0.0,0.0,0.0,0.0
09-01-2012,115.35,500.0,0.0,0.0,0.0,0.0,0.0,0.0
10-01-2012,115.35,500.0,0.0,0.0,0.0,0.0,0.0,0.0
11-01-2012,115.35,500.0,0.0,0.0,0.0,0.0,0.0,0.0
12-01-2012,115.35,500.0,0.0,0.0,0.0,0.0,0.0,0.0
13-01-2012,115.35,500.0,0.0,0.0,0.0,0.0,0.0,0.0
14-01-2012,115.35,500.0,0.0,0.0,0.0,0.0,0.0,0.0
15-01-2012,115.35,500.0,0.0,0.0,0.0,0.0,0.0,0.0
16-01-2012,115.35,500.0,0.0,0.0,0.0,0.0,0.0,0.0
17-01-2012,115.35,500.0,0.0,0.0,0.0,0.0,0.0,0.0
18-01-2012,115.35,500.0,0.0,0.0,0.0,0.0,0.0,0.0
19-01-2012,115.35,500.0,0.0,0.0,0.0,0.0,0.0,0.0
20-01-2012,115.35,500.0,0.0,0.0,0.0,0.0,0.0,0.0
21-01-2012,115.35,500.0,0.0,0.0,0.0,0.0,0.0,0.0
22-01-2012,115.35,500.0,0.0,0.0,0.0,0.0,0.0,0.0
23-01-2012,115.35,500.0,0.0,0.0,0.0,0.0,0.0,0.0
24-01-2012,115.35,500.0,0.0,0.0,0.0,0.0,0.0,0.0
25-01-2012,115.35,500.0,0.0,0.0,0.0,0.0,0.0,0.0
26-01-2012,115.35,500.0,0.0,0.0,0.0,0.0,0.0,0.0
27-01-2012,115.35,500.0,0.0,0.0,0.0,0.0,0.0,0.0
28-01-2012,115.35,500.0,0.0,0.0,0.0,0.0,0.0,0.0
29-01-2012,115.35,500.0,0.0,0.0,0.0,0.0,0.0,0.0
30-01-2012,115.35,500.0,0.0,0.0,0.0,0.0,0.0,0.0
31-01-2012,115.35,500.0,0.0,0.0,0.0,0.0,0.0,0.0
01-02-2012,115.35,500.0,0.0,0.0,0.0,0.0,0.0,0.0
02-02-2012,115.35,500.0,0.0,0.0,0.0,0.0,0.0,0.0
03-02-2012,115.35,500.0,0.0,0.0,0.0,0.0,0.0,0.0
04-02-2012,115.35,500.0,0.0,0.0,0.0,0.0,0.0,0.0
05-02-2012,115.35,500.0,0.0,0.0,0.0,0.0,0.0,0.0
06-02-2012,115.35,500.0,0.0,0.0,0.0,0.0,0.0,0.0
07-02-2012,115.35,500.0,0.0,0.0,0.0,0.0,0.0,0.0
08-02-2012,115.35,500.0,0.0,0.0,0.0,0.0,0.0,0.0
09-02-2012,115.35,500.0,0.0,0.0,0.0,0.0,0.0,0.0
10-02-2012,115.35,500.0,0.0,0.0,0.0,0.0,0.0,0.0
11-02-2012,115.35,500.0,0.0,0.0,0.0,0.0,0.0,0.0
12-02-2012,115.35,500.0,0.0,0.0,0.0,0.0,0.0,0.0
13-02-2012,115.35,500.0,0.0,0.0,0.0,0.0,0.0,0.0
14-02-2012,115.35,500.0,0.0,0.0,0.0,0.0,0.0,0.0
15-02-2012,115.35,500.0,0.0,0.0,0.0,0.0,0.0,0.0
16-02-2012,115.35,500.0,0.0,0.0,0.0,0.0,0.0,0.0
17-02-2012,115.35,500.0,0.0,0.0,0.0,0.0,0.0,0.0
18-02-2012,115.35,500.0,0.0,0.0,0.0,0.0,0.0,0.0
19-02-2012,115.35,500.0,0.0,0.0,0.0,0.0,0.0,0.0
20-02-2012,115.35,500.0,0.0,0.0,0.0,0.0,0.0,0.0
21-02-2012,115.35,500.0,0.0,0.0,0.0,0.0,0.0,0.0
22-02-2012,115.35,500.0,0.0,0.0,0.0,0.0,0.0,0.0
23-02-2012,115.35,500.0,0.0,0.0,0.0,0.0,0.0,0.0
24-02-2012,115.35,500.0,0.0,0.0,0.0,0.0,0.0,0.0
25-02-2012,115.35,500.0,0.0,0.0,0.0,0.0,0.0,0.0
26-02-2012,115.35,500.0,0.0,0.0,0.0,0.0,0.0,0.0
27-02-2012,115.35,500.0,0.0,0.0,0.0,0.0,0.0,0.0
28-02-2012,115.35,500.0,0.0,0.0,0.0,0.0,0.0,0.0
29-02-2012,115.35,500.0,0.0,0.0,0.0,0.0,0.0,0.0
01-03-2012,115.35,500.0,0.0,0.0,0.0,0.0,0.0,0.0
02-03-2012,115.35,500.0,0.0,0.0,0.0,0.0,0.0,0.0
03-03-2012,115.35,500.0,0.0,0.0,0.0,0.0,0.0,0.0
04-03-2012,115.35,500.0,0.0,0.0,0.0,0.0,0.0,0.0
05-03-2012,115.35,500.0,0.0,0.0,0.0,0.0,0.0,0.0
06-03-2012,115.35,500.0,0.0,0.0,0.0,0.0,0.0,0.0
07-03-2012,115.35,500.0,0.0,0.0,0.0,0.0,0.0,0.0
08-03-2012,115.35,500.0,0.0,0.0,0.0,0.0,0.0,0.0
09-03-2012,115.35,500.0,0.0,0.0,0.0,0.0,0.0,0.0
10-03-2012,115.35,500.0,0.0,0.0,0.0,0.0,0.0,0.0
11-03-2012,115.35,500.0,0.0,0.0,0.0,0.0,0.0,0.0
12-03-2012,115.35,500.0,0.0,0.0,0.0,0.0,0.0,0.0
13-03-2012,115.35,500.0,0.0,0.0,0.0,0.0,0.0,0.0
14-03-2012,115.35,500.0,0.0,0.0,0.0,0.0,0.0,0.0
15-03-2012,115.35,500.0,0.0,0.0,0.0,0.0,0.0,0.0
16-03-2012,115.35,500.0,0.0,0.0,0.0,0.0,0.0,0.0
17-03-2012,115.35,500.0,0.0,0.0,0.0,0.0,0.0,0.0
18-03-2012,115.35,500.0,0.0,0.0,0.0,0.0,0.0,0.0
19-03-2012,115.35,500.0,0.0,0.0,0.0,0.0,0.0,0.0
20-03-2012,115.35,500.0,0.0,0.0,0.0,0.0,0.0,0.0
21-03-2012,115.35,500.0,0.0,0.0,0.0,0.0,0.0,0.0
22-03-2012,115.35,500.0,0.0,0.0,0.0,0.0,0.0,0.0
23-03-2012,115.35,500.0,0.0,0.0,0.0,0.0,0.0,0.0
24-03-2012,115.35,500.0,0.0,0.0,0.0,0.0,0.0,0.0
25-03-2012,115.35,500.0,0.0,0.0,0.0,0.0,0.0,0.0
26-03-2012,115.35,500.0,0.0,0.0,0.0,0.0,0.0,0.0
27-03-2012,115.35,500.0,0.0,0.0,0.0,0.0,0.0,0.0
28-03-2012,115.35,500.0,0.0,0.0,0.0,0.0,0.0,0.0
29-03-2012,115.35,500.0,0.0,0.0,0.0,0.0,0.0,0.0
30-03-2012,115.35,500.0,0.0,0.0,0.0,0.0,0.0,0.0
31-03-2012,115.35,500.0,0.0,0.0,0.0,0.0,0.0,0.0
01-04-2012,115.35,500.0,0.0,0.0,0.0,0.0,0.0,0.0
02-04-2012,115.35,500.0,0.0,0.0,0.0,0.0,0.0,0.0
03-04-2012,115.35,500.0,0.0,0.0,0.0,0.0,0.0,0.0
04-04-2012,115.35,500.0,0.0,0.0,0.0,0.0,0.0,0.0
05-04-2012,115.35,500.0,0.0,0.0,0.0,0.0,0.0,0.0
06-04-2012,115.35,500.0,0.0,0.0,0.0,0.0,0.0,0.0
07-04-2012,115.35,500.0,0.0,0.0,0.0,0.0,0.0,0.0
08-04-2012,115.35,500.0,0.0,0.0,0.0,0.0,0.0,0.0
09-04-2012,115.35,500.0,0.0,0.0,0.0,0.0,0.0,0.0
10-04-2012,115.35,500.0,0.0,0.0,0.0,0.0,0.0,0.0
11-04-2012,115.35,500.0,0.0,0.0,0.0,0.0,0.0,0.0
12-04-2012,115.35,500.0,0.0,0.0,0.0,0.0,0.0,0.0
13-04-2012,115.35,500.0,0.0,0.0,0.0,0.0,0.0,0.0
14-04-2012,115.35,500.0,0.0,0.0,0.0,0.0,0.0,0.0
15-04-2012,115.35,500.0,0.0,0.0,0.0,0.0,0.0,0.0
16-04-2012,115.35,500.0,0.0,0.0,0.0,0.0,0.0,0.0
17-04-2012,115.35,500.0,0.0,0.0,0.0,0.0,0.0,0.0
18-04-2012,115.35,500.0,0.0,0.0,0.0,0.0,0.0,0.0
19-04-2012,115.35,500.0,0.0,0.0,0.0,0.0,0.0,0.0
20-04-2012,115.35,500.0,0.0,0.0,0.0,0.0,0.0,0.0
21-04-2012,115.35,500.0,0.0,0.0,0.0,0.0,0.0,0.0
22-04-2012,115.35,500.0,0.0,0.0,0.0,0.0,0.0,0.0
23-04-2012,115.35,500.0,0.0,0.0,0.0,0.0,0.0,0.0
24-04-2012,115.35,500.0,0.0,0.0,0.0,0.0,0.0,0.0
25-04-2012,115.35,500.0,0.0,0.0,0.0,0.0,0.0,0.0
26-04-2012,115.35,500.0,0.0,0.0,0.0,0.0,0.0,0.0
27-04-2012,115.35,500.0,0.0,0.0,0.0,0.0,0.0,0.0
28-04-2012,115.35,500.0,0.0,0.0,0.0,0.0,0.0,0.0
29-04-2012,115.35,500.0,0.0,0.0,0.0,0.0,0.0,0.0
30-04-2012,115.35,500.0,0.0,0.0,0.0,0.0,0.0,0.0
01-05-2012,115.35,500.0,0.0,0.0,0.0,0.0,0.0,0.0
02-05-2012,115.35,500.0,0.0,0.0,0.0,0.0,0.0,0.0
03-05-2012,115.35,500.0,0.0,0.0,0.0,0.0,0.0,0.0
04-05-2012,115.35,500.0,0.0,0.0,0.0,0.0,0.0,0.0
05-05-2012,115.35,500.0,0.0,0.0,0.0,0.0,0.0,0.0
06-05-2012,115.35,500.0,0.0,0.0,0.0,0.0,0.0,0.0
07-05-2012,115.35,500.0,0.0,0.0,0.0,0.0,0.0,0.0
08-05-2012,115.35,500.0,0.0,0.0,0.0,0.0,0.0,0.0
09-05-2012,115.35,500.0,0.0,0.0,0.0,0.0,0.0,0.0
10-05-2012,115.35,500.0,0.0,0.0,0.0,0.0,0.0,0.0
11-05-2012,115.35,500.0,0.0,0.0,0.0,0.0,0.0,0.0
12-05-2012,115.35,500.0,0.0,0.0,0.0,0.0,0.0,0.0
13-05-2012,115.35,500.0,0.0,0.0,0.0,0.0,0.0,0.0
14-05-2012,115.35,500.0,0.0,0.0,0.0,0.0,0.0,0.0
15-05-2012,115.35,500.0,0.0,0.0,0.0,0.0,0.0,0.0
16-05-2012,115.35,500.0,0.0,0.0,0.0,0.0,0.0,0.0
17-05-2012,115.35,500.0,0.0,0.0,0.0,0.0,0.0,0.0
18-05-2012,115.35,500.0,0.0,0.0,0.0,0.0,0.0,0.0
19-05-2012,115.35,500.0,0.0,0.0,0.0,0.0,0.0,0.0
20-05-2012,115.35,500.0,0.0,0.0,0.0,0.0,0.0,0.0
21-05-2012,115.35,500.0,0.0,0.0,0.0,0.0,0.0,0.0
22-05-2012,115.35,500.0,0.0,0.0,0.0,0.0,0.0,0.0
23-05-2012,115.35,500.0,0.0,0.0,0.0,0.0,0.0,0.0
24-05-2012,115.35,500.0,0.0,0.0,0.0,0.0,0.0,0.0
25-05-2012,115.35,500.0,0.0,0.0,0.0,0.0,0.0,0.0
26-05-2012,115.35,500.0,0.0,0.0,0.0,0.0,0.0,0.0
27-05-2012,115.35,500.0,0.0,0.0,0.0,0.0,0.0,0.0
28-05-2012,115.35,500.0,0.0,0.0,0.0,0.0,0.0,0.0
29-05-2012,115.35,500.0,0.0,0.0,0.0,0.0,0.0,0.0
30-05-2012,115.35,500.0,0.0,0.0,0.0,0.0,0.0,0.0
31-05-2012,115.35,500.0,0.0,0.0,0.0,0.0,0.0,0.0
01-06-2012,115.35,500.0,0.0,0.0,0.0,0.0,0.0,0.0
02-06-2012,115.35,500.0,0.0,0.0,0.0,0.0,0.0,0.0
03-06-2012,115.35,500.0,0.0,0.0,0.0,0.0,0.0,0.0
04-06-2012,115.35,500.0,0.0,0.0,0.0,0.0,0.0,0.0
05-06-2012,115.35,500.0,0.0,0.0,0.0,0.0,0.0,0.0
06-06-2012,115.35,500.0,0.0,0.0,0.0,0.0,0.0,0.0
07-06-2012,115.35,500.0,0.0,0.0,0.0,0.0,0.0,0.0
08-06-2012,115.35,500.0,0.0,0.0,0.0,0.0,0.0,0.0
09-06-2012,115.35,500.0,0.0,0.0,0.0,0.0,0.0,0.0
10-06-2012,115.35,500.0,0.0,0.0,0.0,0.0,0.0,0.0
11-06-2012,115.35,500.0,0.0,0.0,0.0,0.0,0.0,0.0
12-06-2012,115.35,500.0,0.0,0.0,0.0,0.0,0.0,0.0
13-06-2012,115.35,500.0,0.0,0.0,0.0,0.0,0.0,0.0
14-06-2012,115.35,500.0,0.0,0.0,0.0,0.0,0.0,0.0
15-06-2012,115.35,500.0,0.0,0.0,0.0,0.0,0.0,0.0
16-06-2012,115.35,500.0,0.0,0.0,0.0,0.0,0.0,0.0
17-06-2012,115.35,500.0,0.0,0.0,0.0,0.0,0.0,0.0
18-06-2012,115.35,500.0,0.0,0.0,0.0,0.0,0.0,0.0
19-06-2012,115.35,500.0,0.0,0.0,0.0,0.0,0.0,0.0
20-06-2012,115.35,500.0,0.0,0.0,0.0,0.0,0.0,0.0
21-06-2012,115.35,500.0,0.0,0.0,0.0,0.0,0.0,0.0
22-06-2012,115.35,500.0,0.0,0.0,0.0,0.0,0.0,0.0
23-06-2012,115.35,500.0,0.0,0.0,0.0,0.0,0.0,0.0
24-06-2012,115.35,500.0,0.0,0.0,0.0,0.0,0.0,0.0
25-06-2012,115.35,500.0,0.0,0.0,0.0,0.0,0.0,0.0
26-06-2012,115.35,500.0,0.0,0.0,0.0,0.0,0.0,0.0
27-06-2012,115.35,500.0,0.0,0.0,0.0,0.0,0.0,0.0
28-06-2012,115.35,500.0,0.0,0.0,0.0,0.0,0.0,0.0
29-06-2012,115.35,500.0,0.0,0.0,0.0,0.0,0.0,0.0
30-06-2012,115.35,500.0,0.0,0.0,0.0,0.0,0.0,0.0
01-07-2012,115.35,500.0,0.0,0.0,0.0,0.0,0.0,0.0
02-07-2012,115.35,500.0,0.0,0.0,0.0,0.0,0.0,0.0
03-07-2012,115.35,500.0,0.0,0.0,0.0,0.0,0.0,0.0
04-07-2012,115.35,500.0,0.0,0.0,0.0,0.0,0.0,0.0
05-07-2012,115.35,500.0,0.0,0.0,0.0,0.0,0.0,0.0
06-07-2012,115.35,500.0,0.0,0.0,0.0,0.0,0.0,0.0
07-07-2012,115.35,500.0,0.0,0.0,0.0,0.0,0.0,0.0
08-07-2012,115.35,500.0,0.0,0.0,0.0,0.0,0.0,0.0
09-07-2012,115.35,500.0,0.0,0.0,0.0,0.0,0.0,0.0
10-07-2012,115.35,500.0,0.0,0.0,0.0,0.0,0.0,0.0
11-07-2012,115.35,500.0,0.0,0.0,0.0,0.0,0.0,0.0
12-07-2012,115.35,500.0,0.0,0.0,0.0,0.0,0.0,0.0
13-07-2012,115.35,500.0,0.0,0.0,0.0,0.0,0.0,0.0
14-07-2012,115.35,500.0,0.0,0.0,0.0,0.0,0.0,0.0
15-07-2012,115.35,500.0,0.0,0.0,0.0,0.0,0.0,0.0
16-07-2012,115.35,500.0,0.0,0.0,0.0,0.0,0.0,0.0
17-07-2012,115.35,500.0,0.0,0.0,0.0,0.0,0.0,0.0
18-07-2012,115.35,500.0,0.0,0.0,0.0,0.0,0.0,0.0
19-07-2012,115.35,500.0,0.0,0.0,0.0,0.0,0.0,0.0
20-07-2012,115.35,500.0,0.0,0.0,0.0,0.0,0.0,0.0
21-07-2012,115.35,500.0,0.0,0.0,0.0,0.0,0.0,0.0
22-07-2012,115.35,500.0,0.0,0.0,0.0,0.0,0.0,0.0
23-07-2012,115.35,500.0,0.0,0.0,0.0,0.0,0.0,0.0
24-07-2012,115.35,500.0,0.0,0.0,0.0,0.0,0.0,0.0
25-07-2012,115.35,500.0,0.0,0.0,0.0,0.0,0.0,0.0
26-07-2012,115.35,500.0,0.0,0.0,0.0,0.0,0.0,0.0
27-07-2012,115.35,500.0,0.0,0.0,0.0,0.0,0.0,0.0
28-07-2012,115.35,500.0,0.0,0.0,0.0,0.0,0.0,0.0
29-07-2012,115.35,500.0,0.0,0.0,0.0,0.0,0.0,0.0
30-07-2012,115.35,500.0,0.0,0.0,0.0,0.0,0.0,0.0
31-07-2012,115.35,500.0,0.0,0.0,0.0,0.0,0.0,0.0
01-08-2012,115.35,500.0,0.0,0.0,0.0,0.0,0.0,0.0
02-08-2012,115.35,500.0,0.0,0.0,0.0,0.0,0.0,0.0
03-08-2012,115.35,500.0,0.0,0.0,0.0,0.0,0.0,0.0
04-08-2012,115.35,500.0,0.0,0.0,0.0,0.0,0.0,0.0
05-08-2012,115.35,500.0,0.0,0.0,0.0,0.0,0.0,0.0
06-08-2012,115.35,500.0,0.0,0.0,0.0,0.0,0.0,0.0
07-08-2012,115.35,500.0,0.0,0.0,0.0,0.0,0.0,0.0
08-08-2012,115.35,500.0,0.0,0.0,0.0,0.0,0.0,0.0
09-08-2012,115.35,500.0,0.0,0.0,0.0,0.0,0.0,0.0
10-08-2012,115.35,500.0,0.0,0.0,0.0,0.0,0.0,0.0
11-08-2012,115.35,500.0,0.0,0.0,0.0,0.0,0.0,0.0
12-08-2012,115.35,500.0,0.0,0.0,0.0,0.0,0.0,0.0
13-08-2012,115.35,500.0,0.0,0.0,0.0,0.0,0.0,0.0
14-08-2012,115.35,500.0,0.0,0.0,0.0,0.0,0.0,0.0
15-08-2012,115.35,500.0,0.0,0.0,0.0,0.0,0.0,0.0
16-08-2012,115.35,500.0,0.0,0.0,0.0,0.0,0.0,0.0
17-08-2012,115.35,500.0,0.0,0.0,0.0,0.0,0.0,0.0
18-08-2012,115.35,500.0,0.0,0.0,0.0,0.0,0.0,0.0
19-08-2012,115.35,500.0,0.0,0.0,0.0,0.0,0.0,0.0
20-08-2012,115.35,500.0,0.0,0.0,0.0,0.0,0.0,0.0
21-08-2012,115.35,500.0,0.0,0.0,0.0,0.0,0.0,0.0
22-08-2012,115.35,500.0,0.0,0.0,0.0,0.0,0.0,0.0
23-08-2012,115.35,500.0,0.0,0.0,0.0,0.0,0.0,0.0
24-08-2012,115.35,500.0,0.0,0.0,0.0,0.0,0.0,0.0
25-08-2012,115.35,500.0,0.0,0.0,0.0,0.0,0.0,0.0
26-08-2012,115.35,500.0,0.0,0.0,0.0,0.0,0.0,0.0
27-08-2012,115.35,500.0,0.0,0.0,0.0,0.0,0.0,0.0
28-08-2012,115.35,500.0,0.0,0.0,0.0,0.0,0.0,0.0
29-08-2012,115.35,500.0,0.0,0.0,0.0,0.0,0.0,0.0
30-08-2012,115.35,500.0,0.0,0.0,0.0,0.0,0.0,0.0
31-08-2012,115.35,500.0,0.0,0.0,0.0,0.0,0.0,0.0
01-09-2012,115.35,500.0,0.0,0.0,0.0,0.0,0.0,0.0
02-09-2012,115.35,500.0,0.0,0.0,0.0,0.0,0.0,0.0
03-09-2012,115.35,500.0,0.0,0.0,0.0,0.0,0.0,0.0
04-09-2012,115.35,500.0,0.0,0.0,0.0,0.0,0.0,0.0
05-09-2012,115.35,500.0,0.0,0.0,0.0,0.0,0.0,0.0
06-09-2012,115.35,500.0,0.0,0.0,0.0,0.0,0.0,0.0
07-09-2012,115.35,500.0,0.0,0.0,0.0,0.0,0.0,0.0
08-09-2012,115.35,500.0,0.0,0.0,0.0,0.0,0.0,0.0
09-09-2012,115.35,500.0,0.0,0.0,0.0,0.0,0.0,0.0
10-09-2012,115.35,500.0,0.0,0.0,0.0,0.0,0.0,0.0
11-09-2012,115.35,500.0,0.0,0.0,0.0,0.0,0.0,0.0
12-09-2012,115.35,500.0,0.0,0.0,0.0,0.0,0.0,0.0
13-09-2012,115.35,500.0,0.0,0.0,0.0,0.0,0.0,0.0
14-09-2012,115.35,500.0,0.0,0.0,0.0,0.0,0.0,0.0
15-09-2012,115.35,500.0,0.0,0.0,0.0,0.0,0.0,0.0
16-09-2012,115.35,500.0,0.0,0.0,0.0,0.0,0.0,0.0
17-09-2012,115.35,500.0,0.0,0.0,0.0,0.0,0.0,0.0
18-09-2012,115.35,500.0,0.0,0.0,0.0,0.0,0.0,0.0
19-09-2012,115.35,500.0,0.0,0.0,0.0,0.0,0.0,0.0
20-09-2012,115.35,500.0,0.0,0.0,0.0,0.0,0.0,0.0
21-09-2012,115.35,500.0,0.0,0.0,0.0,0.0,0.0,0.0
22-09-2012,115.35,500.0,0.0,0.0,0.0,0.0,0.0,0.0
23-09-2012,115.35,500.0,0.0,0.0,0.0,0.0,0.0,0.0
24-09-2012,115.35,500.0,0.0,0.0,0.0,0.0,0.0,0.0
25-09-2012,115.35,500.0,0.0,0.0,0.0,0.0,0.0,0.0
26-09-2012,115.35,500.0,0.0,0.0,0.0,0.0,0.0,0.0
27-09-2012,115.35,500.0,0.0,0.0,0.0,0.0,0.0,0.0
28-09-2012,115.35,500.0,0.0,0.0,0.0,0.0,0.0,0.0
29-09-2012,115.35,500.0,0.0,0.0,0.0,0.0,0.0,0.0
30-09-2012,115.35,500.0,0.0,0.0,0.0,0.0,0.0,0.0
01-10-2012,115.35,500.0,0.0,0.0,0.0,0.0,0.0,0.0
02-10-2012,115.35,500.0,0.0,0.0,0.0,0.0,0.0,0.0
03-10-2012,115.35,500.0,0.0,0.0,0.0,0.0,0.0,0.0
04-10-2012,115.35,500.0,0.0,0.0,0.0,0.0,0.0,0.0
05-10-2012,115.35,500.0,0.0,0.0,0.0,0.0,0.0,0.0
06-10-2012,115.35,500.0,0.0,0.0,0.0,0.0,0.0,0.0
07-10-2012,115.35,500.0,0.0,0.0,0.0,0.0,0.0,0.0
08-10-2012,115.35,500.0,0.0,0.0,0.0,0.0,0.0,0.0
09-10-2012,115.35,500.0,0.0,0.0,0.0,0.0,0.0,0.0
10-10-2012,115.35,500.0,0.0,0.0,0.0,0.0,0.0,0.0
11-10-2012,115.35,500.0,0.0,0.0,0.0,0.0,0.0,0.0
12-10-2012,115.35,500.0,0.0,0.0,0.0,0.0,0.0,0.0
13-10-2012,115.35,500.0,0.0,0.0,0.0,0.0,0.0,0.0
14-10-2012,115.35,500.0,0.0,0.0,0.0,0.0,0.0,0.0
15-10-2012,115.35,500.0,0.0,0.0,0.0,0.0,0.0,0.0
16-10-2012,115.35,500.0,0.0,0.0,0.0,0.0,0.0,0.0
17-10-2012,115.35,500.0,0.0,0.0,0.0,0.0,0.0,0.0
18-10-2012,115.35,500.0,0.0,0.0,0.0,0.0,0.0,0.0
19-10-2012,115.35,500.0,0.0,0.0,0.0,0.0,0.0,0.0
20-10-2012,115.35,500.0,0.0,0.0,0.0,0.0,0.0,0.0
21-10-2012,115.35,500.0,0.0,0.0,0.0,0.0,0.0,0.0
22-10-2012,115.35,500.0,0.0,0.0,0.0,0.0,0.0,0.0
23-10-2012,115.35,500.0,0.0,0.0,0.0,0.0,0.0,0.0
24-10-2012,115.35,500.0,0.0,0.0,0.0,0.0,0.0,0.0
25-10-2012,115.35,500.0,0.0,0.0,0.0,0.0,0.0,0.0
26-10-2012,115.35,500.0,0.0,0.0,0.0,0.0,0.0,0.0
27-10-2012,115.35,500.0,0.0,0.0,0.0,0.0,0.0,0.0
28-10-2012,115.35,500.0,0.0,0.0,0.0,0.0,0.0,0.0
29-10-2012,115.35,500.0,0.0,0.0,0.0,0.0,0.0,0.0
30-10-2012,115.35,500.0,0.0,0.0,0.0,0.0,0.0,0.0
31-10-2012,115.35,500.0,0.0,0.0,0.0,0.0,0.0,0.0
01-11-2012,115.35,500.0,0.0,0.0,0.0,0.0,0.0,0.0
02-11-2012,115.35,500.0,0.0,0.0,0.0,0.0,0.0,0.0
03-11-2012,115.35,500.0,0.0,0.0,0.0,0.0,0.0,0.0
04-11-2012,115.35,500.0,0.0,0.0,0.0,0.0,0.0,0.0
05-11-2012,115.35,500.0,0.0,0.0,0.0,0.0,0.0,0.0
06-11-2012,115.35,500.0,0.0,0.0,0.0,0.0,0.0,0.0
07-11-2012,115.35,500.0,0.0,0.0,0.0,0.0,0.0,0.0
08-11-2012,115.35,500.0,0.0,0.0,0.0,0.0,0.0,0.0
09-11-2012,115.35,500.0,0.0,0.0,0.0,0.0,0.0,0.0
10-11-2012,115.35,500.0,0.0,0.0,0.0,0.0,0.0,0.0
11-11-2012,115.35,500.0,0.0,0.0,0.0,0.0,0.0,0.0
12-11-2012,115.35,500.0,0.0,0.0,0.0,0.0,0.0,0.0
13-11-2012,115.35,500.0,0.0,0.0,0.0,0.0,0.0,0.0
14-11-2012,115.35,500.0,0.0,0.0,0.0,0.0,0.0,0.0
15-11-2012,115.35,500.0,0.0,0.0,0.0,0.0,0.0,0.0
16-11-2012,115.35,500.0,0.0,0.0,0.0,0.0,0.0,0.0
17-11-2012,115.35,500.0,0.0,0.0,0.0,0.0,0.0,0.0
18-11-2012,115.35,500.0,0.0,0.0,0.0,0.0,0.0,0.0
19-11-2012,115.35,500.0,0.0,0.0,0.0,0.0,0.0,0.0
20-11-2012,115.35,500.0,0.0,0.0,0.0,0.0,0.0,0.0
21-11-2012,115.35,500.0,0.0,0.0,0.0,0.0,0.0,0.0
22-11-2012,115.35,500.0,0.0,0.0,0.0,0.0,0.0,0.0
23-11-2012,115.35,500.0,0.0,0.0,0.0,0.0,0.0,0.0
24-11-2012,115.35,500.0,0.0,0.0,0.0,0.0,0.0,0.0
25-11-2012,115.35,500.0,0.0,0.0,0.0,0.0,0.0,0.0
26-11-2012,115.35,500.0,0.0,0.0,0.0,0.0,0.0,0.0
27-11-2012,115.35,500.0,0.0,0.0,0.0,0.0,0.0,0.0
28-11-2012,115.35,500.0,0.0,0.0,0.0,0.0,0.0,0.0
29-11-2012,115.35,500.0,0.0,0.0,0.0,0.0,0.0,0.0
30-11-2012,115.35,500.0,0.0,0.0,0.0,0.0,0.0,0.0
01-12-2012,115.35,500.0,0.0,0.0,0.0,0.0,0.0,0.0
02-12-2012,115.35,500.0,0.0,0.0,0.0,0.0,0.0,0.0
03-12-2012,115.35,500.0,0.0,0.0,0.0,0.0,0.0,0.0
04-12-2012,115.35,500.0,0.0,0.0,0.0,0.0,0.0,0.0
05-12-2012,115.35,500.0,0.0,0.0,0.0,0.0,0.0,0.0
06-12-2012,115.35,500.0,0.0,0.0,0.0,0.0,0.0,0.0
07-12-2012,115.35,500.0,0.0,0.0,0.0,0.0,0.0,0.0
08-12-2012,115.35,500.0,0.0,0.0,0.0,0.0,0.0,0.0
09-12-2012,115.35,500.0,0.0,0.0,0.0,0.0,0.0,0.0
10-12-2012,115.35,500.0,0.0,0.0,0.0,0.0,0.0,0.0
11-12-2012,115.35,500.0,0.0,0.0,0.0,0.0,0.0,0.0
12-12-2012,115.35,500.0,0.0,0.0,0.0,0.0,0.0,0.0
13-12-2012,115.35,500.0,0.0,0.0,0.0,0.0,0.0,0.0
14-12-2012,115.35,500.0,0.0,0.0,0.0,0.0,0.0,0.0
15-12-2012,115.35,500.0,0.0,0.0,0.0,0.0,0.0,0.0
16-12-2012,115.35,500.0,0.0,0.0,0.0,0.0,0.0,0.0
17-12-2012,115.35,500.0,0.0,0.0,0.0,0.0,0.0,0.0
18-12-2012,115.35,500.0,0.0,0.0,0.0,0.0,0.0,0.0
19-12-2012,115.35,500.0,0.0,0.0,0.0,0.0,0.0,0.0
20-12-2012,115.35,500.0,0.0,0.0,0.0,0.0,0.0,0.0
21-12-2012,115.35,500.0,0.0,0.0,0.0,0.0,0.0,0.0
22-12-2012,115.35,500.0,0.0,0.0,0.0,0.0,0.0,0.0
23-12-2012,115.35,500.0,0.0,0.0,0.0,0.0,0.0,0.0
24-12-2012,115.35,500.0,0.0,0.0,0.0,0.0,0.0,0.0
25-12-2012,115.35,500.0,0.0,0.0,0.0,0.0,0.0,0.0
26-12-2012,115.35,500.0,0.0,0.0,0.0,0.0,0.0,0.0
27-12-2012,115.35,500.0,0.0,0.0,0.0,0.0,0.0,0.0
28-12-2012,115.35,500.0,0.0,0.0,0.0,0.0,0.0,0.0
29-12-2012,115.35,500.0,0.0,0.0,0.0,0.0,0.0,0.0
30-12-2012,115.35,500.0,0.0,0.0,0.0,0.0,0.0,0.0
31-12-2012,115.35,500.0,0.0,0.0,0.0,0.0,0.0,0.0
01-01-2013,115.35,500.0,0.0,0.0,0.0,0.0,0.0,0.0
02-01-2013,115.35,500.0,0.0,0.0,0.0,0.0,0.0,0.0
03-01-2013,115.35,500.0,0.0,0.0,0.0,0.0,0.0,0.0
04-01-2013,115.35,500.0,0.0,0.0,0.0,0.0,0.0,0.0
05-01-2013,115.35,500.0,0.0,0.0,0.0,0.0,0.0,0.0
06-01-2013,115.35,500.0,0.0,0.0,0.0,0.0,0.0,0.0
07-01-2013,115.35,500.0,0.0,0.0,0.0,0.0,0.0,0.0
08-01-2013,115.35,500.0,0.0,0.0,0.0,0.0,0.0,0.0
09-01-2013,115.35,500.0,0.0,0.0,0.0,0.0,0.0,0.0
10-01-2013,115.35,500.0,0.0,0.0,0.0,0.0,0.0,0.0
11-01-2013,115.35,500.0,0.0,0.0,0.0,0.0,0.0,0.0
12-01-2013,115.35,500.0,0.0,0.0,0.0,0.0,0.0,0.0
13-01-2013,115.35,500.0,0.0,0.0,0.0,0.0,0.0,0.0
14-01-2013,115.35,500.0,0.0,0.0,0.0,0.0,0.0,0.0
15-01-2013,115.35,500.0,0.0,0.0,0.0,0.0,0.0,0.0
16-01-2013,115.35,500.0,0.0,0.0,0.0,0.0,0.0,0.0
17-01-2013,115.35,500.0,0.0,0.0,0.0,0.0,0.0,0.0
18-01-2013,115.35,500.0,0.0,0.0,0.0,0.0,0.0,0.0
19-01-2013,115.35,500.0,0.0,0.0,0.0,0.0,0.0,0.0
20-01-2013,115.35,500.0,0.0,0.0,0.0,0.0,0.0,0.0
21-01-2013,115.35,500.0,0.0,0.0,0.0,0.0,0.0,0.0
22-01-2013,115.35,500.0,0.0,0.0,0.0,0.0,0.0,0.0
23-01-2013,115.35,500.0,0.0,0.0,0.0,0.0,0.0,0.0
24-01-2013,115.35,500.0,0.0,0.0,0.0,0.0,0.0,0.0
25-01-2013,115.35,500.0,0.0,0.0,0.0,0.0,0.0,0.0
26-01-2013,115.35,500.0,0.0,0.0,0.0,0.0,0.0,0.0
27-01-2013,115.35,500.0,0.0,0.0,0.0,0.0,0.0,0.0
28-01-2013,115.35,500.0,0.0,0.0,0.0,0.0,0.0,0.0
29-01-2013,115.35,500.0,0.0,0.0,0.0,0.0,0.0,0.0
30-01-2013,115.35,500.0,0.0,0.0,0.0,0.0,0.0,0.0
31-01-2013,115.35,500.0,0.0,0.0,0.0,0.0,0.0,0.0
01-02-2013,115.35,500.0,0.0,0.0,0.0,0.0,0.0,0.0
02-02-2013,115.35,500.0,0.0,0.0,0.0,0.0,0.0,0.0
03-02-2013,115.35,500.0,0.0,0.0,0.0,0.0,0.0,0.0
04-02-2013,115.35,500.0,0.0,0.0,0.0,0.0,0.0,0.0
05-02-2013,115.35,500.0,0.0,0.0,0.0,0.0,0.0,0.0
06-02-2013,115.35,500.0,0.0,0.0,0.0,0.0,0.0,0.0
07-02-2013,115.35,500.0,0.0,0.0,0.0,0.0,0.0,0.0
08-02-2013,115.35,500.0,0.0,0.0,0.0,0.0,0.0,0.0
09-02-2013,115.35,500.0,0.0,0.0,0.0,0.0,0.0,0.0
10-02-2013,115.35,500.0,0.0,0.0,0.0,0.0,0.0,0.0
11-02-2013,115.35,500.0,0.0,0.0,0.0,0.0,0.0,0.0
12-02-2013,115.35,500.0,0.0,0.0,0.0,0.0,0.0,0.0
13-02-2013,115.35,500.0,0.0,0.0,0.0,0.0,0.0,0.0
14-02-2013,115.35,500.0,0.0,0.0,0.0,0.0,0.0,0.0
15-02-2013,115.35,500.0,0.0,0.0,0.0,0.0,0.0,0.0
16-02-2013,115.35,500.0,0.0,0.0,0.0,0.0,0.0,0.0
17-02-2013,115.35,500.0,0.0,0.0,0.0,0.0,0.0,0.0
18-02-2013,115.35,500.0,0.0,0.0,0.0,0.0,0.0,0.0
19-02-2013,115.35,500.0,0.0,0.0,0.0,0.0,0.0,0.0
20-02-2013,115.35,500.0,0.0,0.0,0.0,0.0,0.0,0.0
21-02-2013,115.35,500.0,0.0,0.0,0.0,0.0,0.0,0.0
22-02-2013,115.35,500.0,0.0,0.0,0.0,0.0,0.0,0.0
23-02-2013,115.35,500.0,0.0,0.0,0.0,0.0,0.0,0.0
24-02-2013,115.35,500.0,0.0,0.0,0.0,0.0,0.0,0.0
25-02-2013,115.35,500.0,0.0,0.0,0.0,0.0,0.0,0.0
26-02-2013,115.35,500.0,0.0,0.0,0.0,0.0,0.0,0.0
27-02-2013,115.35,500.0,0.0,0.0,0.0,0.0,0.0,0.0
28-02-2013,115.35,500.0,0.0,0.0,0.0,0.0,0.0,0.0
01-03-2013,115.35,500.0,0.0,0.0,0.0,0.0,0.0,0.0
02-03-2013,115.35,500.0,0.0,0.0,0.0,0.0,0.0,0.0
03-03-2013,115.35,500.0,0.0,0.0,0.0,0.0,0.0,0.0
04-03-2013,115.35,500.0,0.0,0.0,0.0,0.0,0.0,0.0
05-03-2013,115.35,500.0,0.0,0.0,0.0,0.0,0.0,0.0
06-03-2013,115.35,500.0,0.0,0.0,0.0,0.0,0.0,0.0
07-03-2013,115.35,500.0,0.0,0.0,0.0,0.0,0.0,0.0
08-03-2013,115.35,500.0,0.0,0.0,0.0,0.0,0.0,0.0
09-03-2013,115.35,500.0,0.0,0.0,0.0,0.0,0.0,0.0
10-03-2013,115.35,500.0,0.0,0.0,0.0,0.0,0.0,0.0
11-03-2013,115.35,500.0,0.0,0.0,0.0,0.0,0.0,0.0
12-03-2013,115.35,500.0,0.0,0.0,0.0,0.0,0.0,0.0
13-03-2013,115.35,500.0,0.0,0.0,0.0,0.0,0.0,0.0
14-03-2013,115.35,500.0,0.0,0.0,0.0,0.0,0.0,0.0
15-03-2013,115.35,500.0,0.0,0.0,0.0,0.0,0.0,0.0
16-03-2013,115.35,500.0,0.0,0.0,0.0,0.0,0.0,0.0
17-03-2013,115.35,500.0,0.0,0.0,0.0,0.0,0.0,0.0
18-03-2013,115.35,500.0,0.0,0.0,0.0,0.0,0.0,0.0
19-03-2013,115.35,500.0,0.0,0.0,0.0,0.0,0.0,0.0
20-03-2013,115.35,500.0,0.0,0.0,0.0,0.0,0.0,0.0
21-03-2013,115.35,500.0,0.0,0.0,0.0,0.0,0.0,0.0
22-03-2013,115.35,500.0,0.0,0.0,0.0,0.0,0.0,0.0
23-03-2013,115.35,500.0,0.0,0.0,0.0,0.0,0.0,0.0
24-03-2013,115.35,500.0,0.0,0.0,0.0,0.0,0.0,0.0
25-03-2013,115.35,500.0,0.0,0.0,0.0,0.0,0.0,0.0
26-03-2013,115.35,500.0,0.0,0.0,0.0,0.0,0.0,0.0
27-03-2013,115.35,500.0,0.0,0.0,0.0,0.0,0.0,0.0
28-03-2013,115.35,500.0,0.0,0.0,0.0,0.0,0.0,0.0
29-03-2013,115.35,500.0,0.0,0.0,0.0,0.0,0.0,0.0
30-03-2013,115.35,500.0,0.0,0.0,0.0,0.0,0.0,0.0
31-03-2013,115.35,500.0,0.0,0.0,0.0,0.0,0.0,0.0
01-04-2013,115.35,500.0,0.0,0.0,0.0,0.0,0.0,0.0
02-04-2013,115.35,500.0,0.0,0.0,0.0,0.0,0.0,0.0
03-04-2013,115.35,500.0,0.0,0.0,0.0,0.0,0.0,0.0
04-04-2013,115.35,500.0,0.0,0.0,0.0,0.0,0.0,0.0
05-04-2013,115.35,500.0,0.0,0.0,0.0,0.0,0.0,0.0
06-04-2013,115.35,500.0,0.0,0.0,0.0,0.0,0.0,0.0
07-04-2013,115.35,500.0,0.0,0.0,0.0,0.0,0.0,0.0
08-04-2013,115.35,500.0,0.0,0.0,0.0,0.0,0.0,0.0
09-04-2013,115.35,500.0,0.0,0.0,0.0,0.0,0.0,0.0
10-04-2013,115.35,500.0,0.0,0.0,0.0,0.0,0.0,0.0
11-04-2013,115.35,500.0,0.0,0.0,0.0,0.0,0.0,0.0
12-04-2013,115.35,500.0,0.0,0.0,0.0,0.0,0.0,0.0
13-04-2013,115.35,500.0,0.0,0.0,0.0,0.0,0.0,0.0
14-04-2013,115.35,500.0,0.0,0.0,0.0,0.0,0.0,0.0
15-04-2013,115.35,500.0,0.0,0.0,0.0,0.0,0.0,0.0
16-04-2013,115.35,500.0,0.0,0.0,0.0,0.0,0.0,0.0
17-04-2013,115.35,500.0,0.0,0.0,0.0,0.0,0.0,0.0
18-04-2013,115.35,500.0,0.0,0.0,0.0,0.0,0.0,0.0
19-04-2013,115.35,500.0,0.0,0.0,0.0,0.0,0.0,0.0
20-04-2013,115.35,500.0,0.0,0.0,0.0,0.0,0.0,0.0
21-04-2013,115.35,500.0,0.0,0.0,0.0,0.0,0.0,0.0
22-04-2013,115.35,500.0,0.0,0.0,0.0,0.0,0.0,0.0
23-04-2013,115.35,500.0,0.0,0.0,0.0,0.0,0.0,0.0
24-04-2013,115.35,500.0,0.0,0.0,0.0,0.0,0.0,0.0
25-04-2013,115.35,500.0,0.0,0.0,0.0,0.0,0.0,0.0
26-04-2013,115.35,500.0,0.0,0.0,0.0,0.0,0.0,0.0
27-04-2013,115.35,500.0,0.0,0.0,0.0,0.0,0.0,0.0
28-04-2013,115.35,500.0,0.0,0.0,0.0,0.0,0.0,0.0
29-04-2013,115.35,500.0,0.0,0.0,0.0,0.0,0.0,0.0
30-04-2013,115.35,500.0,0.0,0.0,0.0,0.0,0.0,0.0
01-05-2013,115.35,500.0,0.0,0.0,0.0,0.0,0.0,0.0
02-05-2013,115.35,500.0,0.0,0.0,0.0,0.0,0.0,0.0
03-05-2013,115.35,500.0,0.0,0.0,0.0,0.0,0.0,0.0
04-05-2013,115.35,500.0,0.0,0.0,0.0,0.0,0.0,0.0
05-05-2013,115.35,500.0,0.0,0.0,0.0,0.0,0.0,0.0
06-05-2013,115.35,500.0,0.0,0.0,0.0,0.0,0.0,0.0
07-05-2013,115.35,500.0,0.0,0.0,0.0,0.0,0.0,0.0
08-05-2013,115.35,500.0,0.0,0.0,0.0,0.0,0.0,0.0
09-05-2013,115.35,500.0,0.0,0.0,0.0,0.0,0.0,0.0
10-05-2013,115.35,500.0,0.0,0.0,0.0,0.0,0.0,0.0
11-05-2013,115.35,500.0,0.0,0.0,0.0,0.0,0.0,0.0
12-05-2013,115.35,500.0,0.0,0.0,0.0,0.0,0.0,0.0
13-05-2013,115.35,500.0,0.0,0.0,0.0,0.0,0.0,0.0
14-05-2013,115.35,500.0,0.0,0.0,0.0,0.0,0.0,0.0
15-05-2013,115.35,500.0,0.0,0.0,0.0,0.0,0.0,0.0
16-05-2013,115.35,500.0,0.0,0.0,0.0,0.0,0.0,0.0
17-05-2013,115.35,500.0,0.0,0.0,0.0,0.0,0.0,0.0
18-05-2013,115.35,500.0,0.0,0.0,0.0,0.0,0.0,0.0
19-05-2013,115.35,500.0,0.0,0.0,0.0,0.0,0.0,0.0
20-05-2013,115.35,500.0,0.0,0.0,0.0,0.0,0.0,0.0
21-05-2013,115.35,500.0,0.0,0.0,0.0,0.0,0.0,0.0
22-05-2013,115.35,500.0,0.0,0.0,0.0,0.0,0.0,0.0
23-05-2013,115.35,500.0,0.0,0.0,0.0,0.0,0.0,0.0
24-05-2013,115.35,500.0,0.0,0.0,0.0,0.0,0.0,0.0
25-05-2013,115.35,500.0,0.0,0.0,0.0,0.0,0.0,0.0
26-05-2013,115.35,500.0,0.0,0.0,0.0,0.0,0.0,0.0
27-05-2013,115.35,500.0,0.0,0.0,0.0,0.0,0.0,0.0
28-05-2013,115.35,500.0,0.0,0.0,0.0,0.0,0.0,0.0
29-05-2013,115.35,500.0,0.0,0.0,0.0,0.0,0.0,0.0
30-05-2013,115.35,500.0,0.0,0.0,0.0,0.0,0.0,0.0
31-05-2013,115.35,500.0,0.0,0.0,0.0,0.0,0.0,0.0
01-06-2013,115.35,500.0,0.0,0.0,0.0,0.0,0.0,0.0
02-06-2013,115.35,500.0,0.0,0.0,0.0,0.0,0.0,0.0
03-06-2013,115.35,500.0,0.0,0.0,0.0,0.0,0.0,0.0
04-06-2013,115.35,500.0,0.0,0.0,0.0,0.0,0.0,0.0
05-06-2013,115.35,500.0,0.0,0.0,0.0,0.0,0.0,0.0
06-06-2013,115.35,500.0,0.0,0.0,0.0,0.0,0.0,0.0
07-06-2013,115.35,500.0,0.0,0.0,0.0,0.0,0.0,0.0
08-06-2013,115.35,500.0,0.0,0.0,0.0,0.0,0.0,0.0
09-06-2013,115.35,500.0,0.0,0.0,0.0,0.0,0.0,0.0
10-06-2013,115.35,500.0,0.0,0.0,0.0,0.0,0.0,0.0
11-06-2013,115.35,500.0,0.0,0.0,0.0,0.0,0.0,0.0
12-06-2013,115.35,500.0,0.0,0.0,0.0,0.0,0.0,0.0
13-06-2013,115.35,500.0,0.0,0.0,0.0,0.0,0.0,0.0
14-06-2013,115.35,500.0,0.0,0.0,0.0,0.0,0.0,0.0
15-06-2013,115.35,500.0,0.0,0.0,0.0,0.0,0.0,0.0
16-06-2013,115.35,500.0,0.0,0.0,0.0,0.0,0.0,0.0
17-06-2013,115.35,500.0,0.0,0.0,0.0,0.0,0.0,0.0
18-06-2013,115.35,500.0,0.0,0.0,0.0,0.0,0.0,0.0
19-06-2013,115.35,500.0,0.0,0.0,0.0,0.0,0.0,0.0
20-06-2013,115.35,500.0,0.0,0.0,0.0,0.0,0.0,0.0
21-06-2013,115.35,500.0,0.0,0.0,0.0,0.0,0.0,0.0
22-06-2013,115.35,500.0,0.0,0.0,0.0,0.0,0.0,0.0
23-06-2013,115.35,500.0,0.0,0.0,0.0,0.0,0.0,0.0
24-06-2013,115.35,500.0,0.0,0.0,0.0,0.0,0.0,0.0
25-06-2013,115.35,500.0,0.0,0.0,0.0,0.0,0.0,0.0
26-06-2013,115.35,500.0,0.0,0.0,0.0,0.0,0.0,0.0
27-06-2013,115.35,500.0,0.0,0.0,0.0,0.0,0.0,0.0
28-06-2013,115.35,500.0,0.0,0.0,0.0,0.0,0.0,0.0
29-06-2013,115.35,500.0,0.0,0.0,0.0,0.0,0.0,0.0
30-06-2013,115.35,500.0,0.0,0.0,0.0,0.0,0.0,0.0
01-07-2013,115.35,500.0,0.0,0.0,0.0,0.0,0.0,0.0
02-07-2013,115.35,500.0,0.0,0.0,0.0,0.0,0.0,0.0
03-07-2013,115.35,500.0,0.0,0.0,0.0,0.0,0.0,0.0
04-07-2013,115.35,500.0,0.0,0.0,0.0,0.0,0.0,0.0
05-07-2013,115.35,500.0,0.0,0.0,0.0,0.0,0.0,0.0
06-07-2013,115.35,500.0,0.0,0.0,0.0,0.0,0.0,0.0
07-07-2013,115.35,500.0,0.0,0.0,0.0,0.0,0.0,0.0
08-07-2013,115.35,500.0,0.0,0.0,0.0,0.0,0.0,0.0
09-07-2013,115.35,500.0,0.0,0.0,0.0,0.0,0.0,0.0
10-07-2013,115.35,500.0,0.0,0.0,0.0,0.0,0.0,0.0
11-07-2013,115.35,500.0,0.0,0.0,0.0,0.0,0.0,0.0
12-07-2013,115.35,500.0,0.0,0.0,0.0,0.0,0.0,0.0
13-07-2013,115.35,500.0,0.0,0.0,0.0,0.0,0.0,0.0
14-07-2013,115.35,500.0,0.0,0.0,0.0,0.0,0.0,0.0
15-07-2013,115.35,500.0,0.0,0.0,0.0,0.0,0.0,0.0
16-07-2013,115.35,500.0,0.0,0.0,0.0,0.0,0.0,0.0
17-07-2013,115.35,500.0,0.0,0.0,0.0,0.0,0.0,0.0
18-07-2013,115.35,500.0,0.0,0.0,0.0,0.0,0.0,0.0
19-07-2013,115.35,500.0,0.0,0.0,0.0,0.0,0.0,0.0
20-07-2013,115.35,500.0,0.0,0.0,0.0,0.0,0.0,0.0
21-07-2013,115.35,500.0,0.0,0.0,0.0,0.0,0.0,0.0
22-07-2013,115.35,500.0,0.0,0.0,0.0,0.0,0.0,0.0
23-07-2013,115.35,500.0,0.0,0.0,0.0,0.0,0.0,0.0
24-07-2013,115.35,500.0,0.0,0.0,0.0,0.0,0.0,0.0
25-07-2013,115.35,500.0,0.0,0.0,0.0,0.0,0.0,0.0
26-07-2013,115.35,500.0,0.0,0.0,0.0,0.0,0.0,0.0
27-07-2013,115.35,500.0,0.0,0.0,0.0,0.0,0.0,0.0
28-07-2013,115.35,500.0,0.0,0.0,0.0,0.0,0.0,0.0
29-07-2013,115.35,500.0,0.0,0.0,0.0,0.0,0.0,0.0
30-07-2013,115.35,500.0,0.0,0.0,0.0,0.0,0.0,0.0
31-07-2013,115.35,500.0,0.0,0.0,0.0,0.0,0.0,0.0
01-08-2013,115.35,500.0,0.0,0.0,0.0,0.0,0.0,0.0
02-08-2013,115.35,500.0,0.0,0.0,0.0,0.0,0.0,0.0
03-08-2013,115.35,500.0,0.0,0.0,0.0,0.0,0.0,0.0
04-08-2013,115.35,500.0,0.0,0.0,0.0,0.0,0.0,0.0
05-08-2013,115.35,500.0,0.0,0.0,0.0,0.0,0.0,0.0
06-08-2013,115.35,500.0,0.0,0.0,0.0,0.0,0.0,0.0
07-08-2013,115.35,500.0,0.0,0.0,0.0,0.0,0.0,0.0
08-08-2013,115.35,500.0,0.0,0.0,0.0,0.0,0.0,0.0
09-08-2013,115.35,500.0,0.0,0.0,0.0,0.0,0.0,0.0
10-08-2013,115.35,500.0,0.0,0.0,0.0,0.0,0.0,0.0
11-08-2013,115.35,500.0,0.0,0.0,0.0,0.0,0.0,0.0
12-08-2013,115.35,500.0,0.0,0.0,0.0,0.0,0.0,0.0
13-08-2013,115.35,500.0,0.0,0.0,0.0,0.0,0.0,0.0
14-08-2013,115.35,500.0,0.0,0.0,0.0,0.0,0.0,0.0
15-08-2013,115.35,500.0,0.0,0.0,0.0,0.0,0.0,0.0
16-08-2013,115.35,500.0,0.0,0.0,0.0,0.0,0.0,0.0
17-08-2013,115.35,500.0,0.0,0.0,0.0,0.0,0.0,0.0
18-08-2013,115.35,500.0,0.0,0.0,0.0,0.0,0.0,0.0
19-08-2013,115.35,500.0,0.0,0.0,0.0,0.0,0.0,0.0
20-08-2013,115.35,500.0,0.0,0.0,0.0,0.0,0.0,0.0
21-08-2013,115.35,500.0,0.0,0.0,0.0,0.0,0.0,0.0
22-08-2013,115.35,500.0,0.0,0.0,0.0,0.0,0.0,0.0
23-08-2013,115.35,500.0,0.0,0.0,0.0,0.0,0.0,0.0
24-08-2013,115.35,500.0,0.0,0.0,0.0,0.0,0.0,0.0
25-08-2013,115.35,500.0,0.0,0.0,0.0,0.0,0.0,0.0
26-08-2013,115.35,500.0,0.0,0.0,0.0,0.0,0.0,0.0
27-08-2013,115.35,500.0,0.0,0.0,0.0,0.0,0.0,0.0
28-08-2013,115.35,500.0,0.0,0.0,0.0,0.0,0.0,0.0
29-08-2013,115.35,500.0,0.0,0.0,0.0,0.0,0.0,0.0
30-08-2013,115.35,500.0,0.0,0.0,0.0,0.0,0.0,0.0
31-08-2013,115.35,500.0,0.0,0.0,0.0,0.0,0.0,0.0
01-09-2013,115.35,500.0,0.0,0.0,0.0,0.0,0.0,0.0
02-09-2013,115.35,500.0,0.0,0.0,0.0,0.0,0.0,0.0
03-09-2013,115.35,500.0,0.0,0.0,0.0,0.0,0.0,0.0
04-09-2013,115.35,500.0,0.0,0.0,0.0,0.0,0.0,0.0
05-09-2013,115.35,500.0,0.0,0.0,0.0,0.0,0.0,0.0
06-09-2013,115.35,500.0,0.0,0.0,0.0,0.0,0.0,0.0
07-09-2013,115.35,500.0,0.0,0.0,0.0,0.0,0.0,0.0
08-09-2013,115.35,500.0,0.0,0.0,0.0,0.0,0.0,0.0
09-09-2013,115.35,500.0,0.0,0.0,0.0,0.0,0.0,0.0
10-09-2013,115.35,500.0,0.0,0.0,0.0,0.0,0.0,0.0
11-09-2013,115.35,500.0,0.0,0.0,0.0,0.0,0.0,0.0
12-09-2013,115.35,500.0,0.0,0.0,0.0,0.0,0.0,0.0
13-09-2013,115.35,500.0,0.0,0.0,0.0,0.0,0.0,0.0
14-09-2013,115.35,500.0,0.0,0.0,0.0,0.0,0.0,0.0
15-09-2013,115.35,500.0,0.0,0.0,0.0,0.0,0.0,0.0
16-09-2013,115.35,500.0,0.0,0.0,0.0,0.0,0.0,0.0
17-09-2013,115.35,500.0,0.0,0.0,0.0,0.0,0.0,0.0
18-09-2013,115.35,500.0,0.0,0.0,0.0,0.0,0.0,0.0
19-09-2013,115.35,500.0,0.0,0.0,0.0,0.0,0.0,0.0
20-09-2013,115.35,500.0,0.0,0.0,0.0,0.0,0.0,0.0
21-09-2013,115.35,500.0,0.0,0.0,0.0,0.0,0.0,0.0
22-09-2013,115.35,500.0,0.0,0.0,0.0,0.0,0.0,0.0
23-09-2013,115.35,500.0,0.0,0.0,0.0,0.0,0.0,0.0
24-09-2013,115.35,500.0,0.0,0.0,0.0,0.0,0.0,0.0
25-09-2013,115.35,500.0,0.0,0.0,0.0,0.0,0.0,0.0
26-09-2013,115.35,500.0,0.0,0.0,0.0,0.0,0.0,0.0
27-09-2013,115.35,500.0,0.0,0.0,0.0,0.0,0.0,0.0
28-09-2013,115.35,500.0,0.0,0.0,0.0,0.0,0.0,0.0
29-09-2013,115.35,500.0,0.0,0.0,0.0,0.0,0.0,0.0
30-09-2013,115.35,500.0,0.0,0.0,0.0,0.0,0.0,0.0
01-10-2013,115.35,500.0,0.0,0.0,0.0,0.0,0.0,0.0
02-10-2013,115.35,500.0,0.0,0.0,0.0,0.0,0.0,0.0
03-10-2013,115.35,500.0,0.0,0.0,0.0,0.0,0.0,0.0
04-10-2013,115.35,500.0,0.0,0.0,0.0,0.0,0.0,0.0
05-10-2013,115.35,500.0,0.0,0.0,0.0,0.0,0.0,0.0
06-10-2013,115.35,500.0,0.0,0.0,0.0,0.0,0.0,0.0
07-10-2013,115.35,500.0,0.0,0.0,0.0,0.0,0.0,0.0
08-10-2013,115.35,500.0,0.0,0.0,0.0,0.0,0.0,0.0
09-10-2013,115.35,500.0,0.0,0.0,0.0,0.0,0.0,0.0
10-10-2013,115.35,500.0,0.0,0.0,0.0,0.0,0.0,0.0
11-10-2013,115.35,500.0,0.0,0.0,0.0,0.0,0.0,0.0
12-10-2013,115.35,500.0,0.0,0.0,0.0,0.0,0.0,0.0
13-10-2013,115.35,500.0,0.0,0.0,0.0,0.0,0.0,0.0
14-10-2013,115.35,500.0,0.0,0.0,0.0,0.0,0.0,0.0
15-10-2013,115.35,500.0,0.0,0.0,0.0,0.0,0.0,0.0
16-10-2013,115.35,500.0,0.0,0.0,0.0,0.0,0.0,0.0
17-10-2013,115.35,500.0,0.0,0.0,0.0,0.0,0.0,0.0
18-10-2013,115.35,500.0,0.0,0.0,0.0,0.0,0.0,0.0
19-10-2013,115.35,500.0,0.0,0.0,0.0,0.0,0.0,0.0
20-10-2013,115.35,500.0,0.0,0.0,0.0,0.0,0.0,0.0
21-10-2013,115.35,500.0,0.0,0.0,0.0,0.0,0.0,0.0
22-10-2013,115.35,500.0,0.0,0.0,0.0,0.0,0.0,0.0
23-10-2013,115.35,500.0,0.0,0.0,0.0,0.0,0.0,0.0
24-10-2013,115.35,500.0,0.0,0.0,0.0,0.0,0.0,0.0
25-10-2013,115.35,500.0,0.0,0.0,0.0,0.0,0.0,0.0
26-10-2013,115.35,500.0,0.0,0.0,0.0,0.0,0.0,0.0
27-10-2013,115.35,500.0,0.0,0.0,0.0,0.0,0.0,0.0
28-10-2013,115.35,500.0,0.0,0.0,0.0,0.0,0.0,0.0
29-10-2013,115.35,500.0,0.0,0.0,0.0,0.0,0.0,0.0
30-10-2013,115.35,500.0,0.0,0.0,0.0,0.0,0.0,0.0
31-10-2013,115.35,500.0,0.0,0.0,0.0,0.0,0.0,0.0
01-11-2013,115.35,500.0,0.0,0.0,0.0,0.0,0.0,0.0
02-11-2013,115.35,500.0,0.0,0.0,0.0,0.0,0.0,0.0
03-11-2013,115.35,500.0,0.0,0.0,0.0,0.0,0.0,0.0
04-11-2013,115.35,500.0,0.0,0.0,0.0,0.0,0.0,0.0
05-11-2013,115.35,500.0,0.0,0.0,0.0,0.0,0.0,0.0
06-11-2013,115.35,500.0,0.0,0.0,0.0,0.0,0.0,0.0
07-11-2013,115.35,500.0,0.0,0.0,0.0,0.0,0.0,0.0
08-11-2013,115.35,500.0,0.0,0.0,0.0,0.0,0.0,0.0
09-11-2013,115.35,500.0,0.0,0.0,0.0,0.0,0.0,0.0
10-11-2013,115.35,500.0,0.0,0.0,0.0,0.0,0.0,0.0
11-11-2013,115.35,500.0,0.0,0.0,0.0,0.0,0.0,0.0
12-11-2013,115.35,500.0,0.0,0.0,0.0,0.0,0.0,0.0
13-11-2013,115.35,500.0,0.0,0.0,0.0,0.0,0.0,0.0
14-11-2013,115.35,500.0,0.0,0.0,0.0,0.0,0.0,0.0
15-11-2013,115.35,500.0,0.0,0.0,0.0,0.0,0.0,0.0
16-11-2013,115.35,500.0,0.0,0.0,0.0,0.0,0.0,0.0
17-11-2013,115.35,500.0,0.0,0.0,0.0,0.0,0.0,0.0
18-11-2013,115.35,500.0,0.0,0.0,0.0,0.0,0.0,0.0
19-11-2013,115.35,500.0,0.0,0.0,0.0,0.0,0.0,0.0
20-11-2013,115.35,500.0,0.0,0.0,0.0,0.0,0.0,0.0
21-11-2013,115.35,500.0,0.0,0.0,0.0,0.0,0.0,0.0
22-11-2013,115.35,500.0,0.0,0.0,0.0,0.0,0.0,0.0
23-11-2013,115.35,500.0,0.0,0.0,0.0,0.0,0.0,0.0
24-11-2013,115.35,500.0,0.0,0.0,0.0,0.0,0.0,0.0
25-11-2013,115.35,500.0,0.0,0.0,0.0,0.0,0.0,0.0
26-11-2013,115.35,500.0,0.0,0.0,0.0,0.0,0.0,0.0
27-11-2013,115.35,500.0,0.0,0.0,0.0,0.0,0.0,0.0
28-11-2013,115.35,500.0,0.0,0.0,0.0,0.0,0.0,0.0
29-11-2013,115.35,500.0,0.0,0.0,0.0,0.0,0.0,0.0
30-11-2013,115.35,500.0,0.0,0.0,0.0,0.0,0.0,0.0
01-12-2013,115.35,500.0,0.0,0.0,0.0,0.0,0.0,0.0
02-12-2013,115.35,500.0,0.0,0.0,0.0,0.0,0.0,0.0
03-12-2013,115.35,500.0,0.0,0.0,0.0,0.0,0.0,0.0
04-12-2013,115.35,500.0,0.0,0.0,0.0,0.0,0.0,0.0
05-12-2013,115.35,500.0,0.0,0.0,0.0,0.0,0.0,0.0
06-12-2013,115.35,500.0,0.0,0.0,0.0,0.0,0.0,0.0
07-12-2013,115.35,500.0,0.0,0.0,0.0,0.0,0.0,0.0
08-12-2013,115.35,500.0,0.0,0.0,0.0,0.0,0.0,0.0
09-12-2013,115.35,500.0,0.0,0.0,0.0,0.0,0.0,0.0
10-12-2013,115.35,500.0,0.0,0.0,0.0,0.0,0.0,0.0
11-12-2013,115.35,500.0,0.0,0.0,0.0,0.0,0.0,0.0
12-12-2013,115.35,500.0,0.0,0.0,0.0,0.0,0.0,0.0
13-12-2013,115.35,500.0,0.0,0.0,0.0,0.0,0.0,0.0
14-12-2013,115.35,500.0,0.0,0.0,0.0,0.0,0.0,0.0
15-12-2013,115.35,500.0,0.0,0.0,0.0,0.0,0.0,0.0
16-12-2013,115.35,500.0,0.0,0.0,0.0,0.0,0.0,0.0
17-12-2013,115.35,500.0,0.0,0.0,0.0,0.0,0.0,0.0
18-12-2013,115.35,500.0,0.0,0.0,0.0,0.0,0.0,0.0
19-12-2013,115.35,500.0,0.0,0.0,0.0,0.0,0.0,0.0
20-12-2013,115.35,500.0,0.0,0.0,0.0,0.0,0.0,0.0
21-12-2013,115.35,500.0,0.0,0.0,0.0,0.0,0.0,0.0
22-12-2013,115.35,500.0,0.0,0.0,0.0,0.0,0.0,0.0
23-12-2013,115.35,500.0,0.0,0.0,0.0,0.0,0.0,0.0
24-12-2013,115.35,500.0,0.0,0.0,0.0,0.0,0.0,0.0
25-12-2013,115.35,500.0,0.0,0.0,0.0,0.0,0.0,0.0
26-12-2013,115.35,500.0,0.0,0.0,0.0,0.0,0.0,0.0
27-12-2013,115.35,500.0,0.0,0.0,0.0,0.0,0.0,0.0
28-12-2013,115.35,500.0,0.0,0.0,0.0,0.0,0.0,0.0
29-12-2013,115.35,500.0,0.0,0.0,0.0,0.0,0.0,0.0
30-12-2013,115.35,500.0,0.0,0.0,0.0,0.0,0.0,0.0
31-12-2013,115.35,500.0,0.0,0.0,0.0,0.0,0.0,0.0
01-01-2014,115.35,500.0,0.0,0.0,0.0,0.0,0.0,0.0
02-01-2014,115.35,500.0,0.0,0.0,0.0,0.0,0.0,0.0
03-01-2014,115.35,500.0,0.0,0.0,0.0,0.0,0.0,0.0
04-01-2014,115.35,500.0,0.0,0.0,0.0,0.0,0.0,0.0
05-01-2014,115.35,500.0,0.0,0.0,0.0,0.0,0.0,0.0
06-01-2014,115.35,500.0,0.0,0.0,0.0,0.0,0.0,0.0
07-01-2014,115.35,500.0,0.0,0.0,0.0,0.0,0.0,0.0
08-01-2014,115.35,500.0,0.0,0.0,0.0,0.0,0.0,0.0
09-01-2014,115.35,500.0,0.0,0.0,0.0,0.0,0.0,0.0
10-01-2014,115.35,500.0,0.0,0.0,0.0,0.0,0.0,0.0
11-01-2014,115.35,500.0,0.0,0.0,0.0,0.0,0.0,0.0
12-01-2014,115.35,500.0,0.0,0.0,0.0,0.0,0.0,0.0
13-01-2014,115.35,500.0,0.0,0.0,0.0,0.0,0.0,0.0
14-01-2014,115.35,500.0,0.0,0.0,0.0,0.0,0.0,0.0
15-01-2014,115.35,500.0,0.0,0.0,0.0,0.0,0.0,0.0
16-01-2014,115.35,500.0,0.0,0.0,0.0,0.0,0.0,0.0
17-01-2014,115.35,500.0,0.0,0.0,0.0,0.0,0.0,0.0
18-01-2014,115.35,500.0,0.0,0.0,0.0,0.0,0.0,0.0
19-01-2014,115.35,500.0,0.0,0.0,0.0,0.0,0.0,0.0
20-01-2014,115.35,500.0,0.0,0.0,0.0,0.0,0.0,0.0
21-01-2014,115.35,500.0,0.0,0.0,0.0,0.0,0.0,0.0
22-01-2014,115.35,500.0,0.0,0.0,0.0,0.0,0.0,0.0
23-01-2014,115.35,500.0,0.0,0.0,0.0,0.0,0.0,0.0
24-01-2014,115.35,500.0,0.0,0.0,0.0,0.0,0.0,0.0
25-01-2014,115.35,500.0,0.0,0.0,0.0,0.0,0.0,0.0
26-01-2014,115.35,500.0,0.0,0.0,0.0,0.0,0.0,0.0
27-01-2014,115.35,500.0,0.0,0.0,0.0,0.0,0.0,0.0
28-01-2014,115.35,500.0,0.0,0.0,0.0,0.0,0.0,0.0
29-01-2014,115.35,500.0,0.0,0.0,0.0,0.0,0.0,0.0
30-01-2014,115.35,500.0,0.0,0.0,0.0,0.0,0.0,0.0
31-01-2014,115.35,500.0,0.0,0.0,0.0,0.0,0.0,0.0
01-02-2014,115.35,500.0,0.0,0.0,0.0,0.0,0.0,0.0
02-02-2014,115.35,500.0,0.0,0.0,0.0,0.0,0.0,0.0
03-02-2014,115.35,500.0,0.0,0.0,0.0,0.0,0.0,0.0
04-02-2014,115.35,500.0,0.0,0.0,0.0,0.0,0.0,0.0
05-02-2014,115.35,500.0,0.0,0.0,0.0,0.0,0.0,0.0
06-02-2014,115.35,500.0,0.0,0.0,0.0,0.0,0.0,0.0
07-02-2014,115.35,500.0,0.0,0.0,0.0,0.0,0.0,0.0
08-02-2014,115.35,500.0,0.0,0.0,0.0,0.0,0.0,0.0
09-02-2014,115.35,500.0,0.0,0.0,0.0,0.0,0.0,0.0
10-02-2014,115.35,500.0,0.0,0.0,0.0,0.0,0.0,0.0
11-02-2014,115.35,500.0,0.0,0.0,0.0,0.0,0.0,0.0
12-02-2014,115.35,500.0,0.0,0.0,0.0,0.0,0.0,0.0
13-02-2014,115.35,500.0,0.0,0.0,0.0,0.0,0.0,0.0
14-02-2014,115.35,500.0,0.0,0.0,0.0,0.0,0.0,0.0
15-02-2014,115.35,500.0,0.0,0.0,0.0,0.0,0.0,0.0
16-02-2014,115.35,500.0,0.0,0.0,0.0,0.0,0.0,0.0
17-02-2014,115.35,500.0,0.0,0.0,0.0,0.0,0.0,0.0
18-02-2014,115.35,500.0,0.0,0.0,0.0,0.0,0.0,0.0
19-02-2014,115.35,500.0,0.0,0.0,0.0,0.0,0.0,0.0
20-02-2014,115.35,500.0,0.0,0.0,0.0,0.0,0.0,0.0
21-02-2014,115.35,500.0,0.0,0.0,0.0,0.0,0.0,0.0
22-02-2014,115.35,500.0,0.0,0.0,0.0,0.0,0.0,0.0
23-02-2014,115.35,500.0,0.0,0.0,0.0,0.0,0.0,0.0
24-02-2014,115.35,500.0,0.0,0.0,0.0,0.0,0.0,0.0
25-02-2014,115.35,500.0,0.0,0.0,0.0,0.0,0.0,0.0
26-02-2014,115.35,500.0,0.0,0.0,0.0,0.0,0.0,0.0
27-02-2014,115.35,500.0,0.0,0.0,0.0,0.0,0.0,0.0
28-02-2014,115.35,500.0,0.0,0.0,0.0,0.0,0.0,0.0
01-03-2014,115.35,500.0,0.0,0.0,0.0,0.0,0.0,0.0
02-03-2014,115.35,500.0,0.0,0.0,0.0,0.0,0.0,0.0
03-03-2014,115.35,500.0,0.0,0.0,0.0,0.0,0.0,0.0
04-03-2014,115.35,500.0,0.0,0.0,0.0,0.0,0.0,0.0
05-03-2014,115.35,500.0,0.0,0.0,0.0,0.0,0.0,0.0
06-03-2014,115.35,500.0,0.0,0.0,0.0,0.0,0.0,0.0
07-03-2014,115.35,500.0,0.0,0.0,0.0,0.0,0.0,0.0
08-03-2014,115.35,500.0,0.0,0.0,0.0,0.0,0.0,0.0
09-03-2014,115.35,500.0,0.0,0.0,0.0,0.0,0.0,0.0
10-03-2014,115.35,500.0,0.0,0.0,0.0,0.0,0.0,0.0
11-03-2014,115.35,500.0,0.0,0.0,0.0,0.0,0.0,0.0
12-03-2014,115.35,500.0,0.0,0.0,0.0,0.0,0.0,0.0
13-03-2014,115.35,500.0,0.0,0.0,0.0,0.0,0.0,0.0
14-03-2014,115.35,500.0,0.0,0.0,0.0,0.0,0.0,0.0
15-03-2014,115.35,500.0,0.0,0.0,0.0,0.0,0.0,0.0
16-03-2014,115.35,500.0,0.0,0.0,0.0,0.0,0.0,0.0
17-03-2014,115.35,500.0,0.0,0.0,0.0,0.0,0.0,0.0
18-03-2014,115.35,500.0,0.0,0.0,0.0,0.0,0.0,0.0
19-03-2014,115.35,500.0,0.0,0.0,0.0,0.0,0.0,0.0
20-03-2014,115.35,500.0,0.0,0.0,0.0,0.0,0.0,0.0
21-03-2014,115.35,500.0,0.0,0.0,0.0,0.0,0.0,0.0
22-03-2014,115.35,500.0,0.0,0.0,0.0,0.0,0.0,0.0
24-03-2014,115.35,500.0,0.0,0.0,0.0,0.0,0.0,0.0
25-03-2014,115.35,500.0,0.0,0.0,0.0,0.0,0.0,0.0
26-03-2014,115.35,500.0,0.0,0.0,0.0,0.0,0.0,0.0
27-03-2014,115.35,500.0,0.0,0.0,0.0,0.0,0.0,0.0
28-03-2014,115.35,500.0,0.0,0.0,0.0,0.0,0.0,0.0
29-03-2014,115.35,500.0,0.0,0.0,0.0,0.0,0.0,0.0
30-03-2014,115.35,500.0,0.0,0.0,0.0,0.0,0.0,0.0
31-03-2014,115.35,500.0,0.0,0.0,0.0,0.0,0.0,0.0
01-04-2014,115.35,500.0,0.0,0.0,0.0,0.0,0.0,0.0
02-04-2014,115.35,500.0,0.0,0.0,0.0,0.0,0.0,0.0
03-04-2014,115.35,500.0,0.0,0.0,0.0,0.0,0.0,0.0
04-04-2014,115.35,500.0,0.0,0.0,0.0,0.0,0.0,0.0
05-04-2014,115.35,500.0,0.0,0.0,0.0,0.0,0.0,0.0
06-04-2014,115.35,500.0,0.0,0.0,0.0,0.0,0.0,0.0
07-04-2014,115.35,500.0,0.0,0.0,0.0,0.0,0.0,0.0
08-04-2014,115.35,500.0,0.0,0.0,0.0,0.0,0.0,0.0
09-04-2014,115.35,500.0,0.0,0.0,0.0,0.0,0.0,0.0
10-04-2014,115.35,500.0,0.0,0.0,0.0,0.0,0.0,0.0
11-04-2014,115.35,500.0,0.0,0.0,0.0,0.0,0.0,0.0
12-04-2014,115.35,500.0,0.0,0.0,0.0,0.0,0.0,0.0
13-04-2014,115.35,500.0,0.0,0.0,0.0,0.0,0.0,0.0
14-04-2014,115.35,500.0,0.0,0.0,0.0,0.0,0.0,0.0
15-04-2014,115.35,500.0,0.0,0.0,0.0,0.0,0.0,0.0
16-04-2014,115.35,500.0,0.0,0.0,0.0,0.0,0.0,0.0
17-04-2014,115.35,500.0,0.0,0.0,0.0,0.0,0.0,0.0
18-04-2014,115.35,500.0,0.0,0.0,0.0,0.0,0.0,0.0
19-04-2014,115.35,500.0,0.0,0.0,0.0,0.0,0.0,0.0
20-04-2014,115.35,500.0,0.0,0.0,0.0,0.0,0.0,0.0
21-04-2014,115.35,500.0,0.0,0.0,0.0,0.0,0.0,0.0
22-04-2014,115.35,500.0,0.0,0.0,0.0,0.0,0.0,0.0
23-04-2014,115.35,500.0,0.0,0.0,0.0,0.0,0.0,0.0
24-04-2014,115.35,500.0,0.0,0.0,0.0,0.0,0.0,0.0
25-04-2014,115.35,500.0,0.0,0.0,0.0,0.0,0.0,0.0
26-04-2014,115.35,500.0,0.0,0.0,0.0,0.0,0.0,0.0
27-04-2014,115.35,500.0,0.0,0.0,0.0,0.0,0.0,0.0
28-04-2014,115.35,500.0,0.0,0.0,0.0,0.0,0.0,0.0
29-04-2014,115.35,500.0,0.0,0.0,0.0,0.0,0.0,0.0
30-04-2014,115.35,500.0,0.0,0.0,0.0,0.0,0.0,0.0
01-05-2014,115.35,500.0,0.0,0.0,0.0,0.0,0.0,0.0
02-05-2014,115.35,500.0,0.0,0.0,0.0,0.0,0.0,0.0
03-05-2014,115.35,500.0,0.0,0.0,0.0,0.0,0.0,0.0
04-05-2014,115.35,500.0,0.0,0.0,0.0,0.0,0.0,0.0
05-05-2014,115.35,500.0,0.0,0.0,0.0,0.0,0.0,0.0
06-05-2014,115.35,500.0,0.0,0.0,0.0,0.0,0.0,0.0
07-05-2014,115.35,500.0,0.0,0.0,0.0,0.0,0.0,0.0
08-05-2014,115.35,500.0,0.0,0.0,0.0,0.0,0.0,0.0
09-05-2014,115.35,500.0,0.0,0.0,0.0,0.0,0.0,0.0
10-05-2014,115.35,500.0,0.0,0.0,0.0,0.0,0.0,0.0
11-05-2014,115.35,500.0,0.0,0.0,0.0,0.0,0.0,0.0
12-05-2014,115.35,500.0,0.0,0.0,0.0,0.0,0.0,0.0
13-05-2014,115.35,500.0,0.0,0.0,0.0,0.0,0.0,0.0
14-05-2014,115.35,500.0,0.0,0.0,0.0,0.0,0.0,0.0
15-05-2014,115.35,500.0,0.0,0.0,0.0,0.0,0.0,0.0
16-05-2014,115.35,500.0,0.0,0.0,0.0,0.0,0.0,0.0
17-05-2014,115.35,500.0,0.0,0.0,0.0,0.0,0.0,0.0
18-05-2014,115.35,500.0,0.0,0.0,0.0,0.0,0.0,0.0
19-05-2014,115.35,500.0,0.0,0.0,0.0,0.0,0.0,0.0
20-05-2014,115.35,500.0,0.0,0.0,0.0,0.0,0.0,0.0
21-05-2014,115.35,500.0,0.0,0.0,0.0,0.0,0.0,0.0
22-05-2014,115.35,500.0,0.0,0.0,0.0,0.0,0.0,0.0
23-05-2014,115.35,500.0,0.0,0.0,0.0,0.0,0.0,0.0
24-05-2014,115.35,500.0,0.0,0.0,0.0,0.0,0.0,0.0
25-05-2014,115.35,500.0,0.0,0.0,0.0,0.0,0.0,0.0
26-05-2014,115.35,500.0,0.0,0.0,0.0,0.0,0.0,0.0
27-05-2014,115.35,500.0,0.0,0.0,0.0,0.0,0.0,0.0
28-05-2014,115.35,500.0,0.0,0.0,0.0,0.0,0.0,0.0
29-05-2014,115.35,500.0,0.0,0.0,0.0,0.0,0.0,0.0
30-05-2014,115.35,500.0,0.0,0.0,0.0,0.0,0.0,0.0
31-05-2014,115.35,500.0,0.0,0.0,0.0,0.0,0.0,0.0
01-06-2014,115.35,500.0,0.0,0.0,0.0,0.0,0.0,0.0
02-06-2014,115.35,500.0,0.0,0.0,0.0,0.0,0.0,0.0
03-06-2014,115.35,500.0,0.0,0.0,0.0,0.0,0.0,0.0
04-06-2014,115.35,500.0,0.0,0.0,0.0,0.0,0.0,0.0
05-06-2014,115.35,500.0,0.0,0.0,0.0,0.0,0.0,0.0
06-06-2014,115.35,500.0,0.0,0.0,0.0,0.0,0.0,0.0
07-06-2014,115.35,500.0,0.0,0.0,0.0,0.0,0.0,0.0
08-06-2014,115.35,500.0,0.0,0.0,0.0,0.0,0.0,0.0
09-06-2014,115.35,500.0,0.0,0.0,0.0,0.0,0.0,0.0
10-06-2014,115.35,500.0,0.0,0.0,0.0,0.0,0.0,0.0
11-06-2014,115.35,500.0,0.0,0.0,0.0,0.0,0.0,0.0
12-06-2014,115.35,500.0,0.0,0.0,0.0,0.0,0.0,0.0
13-06-2014,115.35,500.0,0.0,0.0,0.0,0.0,0.0,0.0
14-06-2014,115.35,500.0,0.0,0.0,0.0,0.0,0.0,0.0
15-06-2014,115.35,500.0,0.0,0.0,0.0,0.0,0.0,0.0
16-06-2014,115.35,500.0,0.0,0.0,0.0,0.0,0.0,0.0
17-06-2014,115.35,500.0,0.0,0.0,0.0,0.0,0.0,0.0
18-06-2014,115.35,500.0,0.0,0.0,0.0,0.0,0.0,0.0
19-06-2014,115.35,500.0,0.0,0.0,0.0,0.0,0.0,0.0
20-06-2014,115.35,500.0,0.0,0.0,0.0,0.0,0.0,0.0
21-06-2014,115.35,500.0,0.0,0.0,0.0,0.0,0.0,0.0
22-06-2014,115.35,500.0,0.0,0.0,0.0,0.0,0.0,0.0
23-06-2014,115.35,500.0,0.0,0.0,0.0,0.0,0.0,0.0
24-06-2014,115.35,500.0,0.0,0.0,0.0,0.0,0.0,0.0
25-06-2014,115.35,500.0,0.0,0.0,0.0,0.0,0.0,0.0
26-06-2014,115.35,500.0,0.0,0.0,0.0,0.0,0.0,0.0
27-06-2014,115.35,500.0,0.0,0.0,0.0,0.0,0.0,0.0
28-06-2014,115.35,500.0,0.0,0.0,0.0,0.0,0.0,0.0
29-06-2014,115.35,500.0,0.0,0.0,0.0,0.0,0.0,0.0
30-06-2014,115.35,500.0,0.0,0.0,0.0,0.0,0.0,0.0
01-07-2014,115.35,500.0,0.0,0.0,0.0,0.0,0.0,0.0
02-07-2014,115.35,500.0,0.0,0.0,0.0,0.0,0.0,0.0
03-07-2014,115.35,500.0,0.0,0.0,0.0,0.0,0.0,0.0
04-07-2014,115.35,500.0,0.0,0.0,0.0,0.0,0.0,0.0
05-07-2014,115.35,500.0,0.0,0.0,0.0,0.0,0.0,0.0
06-07-2014,115.35,500.0,0.0,0.0,0.0,0.0,0.0,0.0
07-07-2014,115.35,500.0,0.0,0.0,0.0,0.0,0.0,0.0
08-07-2014,115.35,500.0,0.0,0.0,0.0,0.0,0.0,0.0
09-07-2014,115.35,500.0,0.0,0.0,0.0,0.0,0.0,0.0
10-07-2014,115.35,500.0,0.0,0.0,0.0,0.0,0.0,0.0
11-07-2014,115.35,500.0,0.0,0.0,0.0,0.0,0.0,0.0
12-07-2014,115.35,500.0,0.0,0.0,0.0,0.0,0.0,0.0
13-07-2014,115.35,500.0,0.0,0.0,0.0,0.0,0.0,0.0
14-07-2014,115.35,500.0,0.0,0.0,0.0,0.0,0.0,0.0
15-07-2014,115.35,500.0,0.0,0.0,0.0,0.0,0.0,0.0
16-07-2014,115.35,500.0,0.0,0.0,0.0,0.0,0.0,0.0
17-07-2014,115.35,500.0,0.0,0.0,0.0,0.0,0.0,0.0
18-07-2014,115.35,500.0,0.0,0.0,0.0,0.0,0.0,0.0
19-07-2014,115.35,500.0,0.0,0.0,0.0,0.0,0.0,0.0
20-07-2014,115.35,500.0,0.0,0.0,0.0,0.0,0.0,0.0
21-07-2014,115.35,500.0,0.0,0.0,0.0,0.0,0.0,0.0
22-07-2014,115.35,500.0,0.0,0.0,0.0,0.0,0.0,0.0
23-07-2014,115.35,500.0,0.0,0.0,0.0,0.0,0.0,0.0
24-07-2014,115.35,500.0,0.0,0.0,0.0,0.0,0.0,0.0
25-07-2014,115.35,500.0,0.0,0.0,0.0,0.0,0.0,0.0
26-07-2014,115.35,500.0,0.0,0.0,0.0,0.0,0.0,0.0
27-07-2014,115.35,500.0,0.0,0.0,0.0,0.0,0.0,0.0
28-07-2014,115.35,500.0,0.0,0.0,0.0,0.0,0.0,0.0
29-07-2014,115.35,500.0,0.0,0.0,0.0,0.0,0.0,0.0
30-07-2014,115.35,500.0,0.0,0.0,0.0,0.0,0.0,0.0
31-07-2014,115.35,500.0,0.0,0.0,0.0,0.0,0.0,0.0
01-08-2014,115.35,500.0,0.0,0.0,0.0,0.0,0.0,0.0
02-08-2014,115.35,500.0,0.0,0.0,0.0,0.0,0.0,0.0
03-08-2014,115.35,500.0,0.0,0.0,0.0,0.0,0.0,0.0
04-08-2014,115.35,500.0,0.0,0.0,0.0,0.0,0.0,0.0
05-08-2014,115.35,500.0,0.0,0.0,0.0,0.0,0.0,0.0
06-08-2014,115.35,500.0,0.0,0.0,0.0,0.0,0.0,0.0
07-08-2014,115.35,500.0,0.0,0.0,0.0,0.0,0.0,0.0
08-08-2014,115.35,500.0,0.0,0.0,0.0,0.0,0.0,0.0
09-08-2014,115.35,500.0,0.0,0.0,0.0,0.0,0.0,0.0
10-08-2014,115.35,500.0,0.0,0.0,0.0,0.0,0.0,0.0
11-08-2014,115.35,500.0,0.0,0.0,0.0,0.0,0.0,0.0
12-08-2014,115.35,500.0,0.0,0.0,0.0,0.0,0.0,0.0
13-08-2014,115.35,500.0,0.0,0.0,0.0,0.0,0.0,0.0
14-08-2014,115.35,500.0,0.0,0.0,0.0,0.0,0.0,0.0
15-08-2014,115.35,500.0,0.0,0.0,0.0,0.0,0.0,0.0
16-08-2014,115.35,500.0,0.0,0.0,0.0,0.0,0.0,0.0
17-08-2014,115.35,500.0,0.0,0.0,0.0,0.0,0.0,0.0
18-08-2014,115.35,500.0,0.0,0.0,0.0,0.0,0.0,0.0
19-08-2014,115.35,500.0,0.0,0.0,0.0,0.0,0.0,0.0
20-08-2014,115.35,500.0,0.0,0.0,0.0,0.0,0.0,0.0
21-08-2014,115.35,500.0,0.0,0.0,0.0,0.0,0.0,0.0
22-08-2014,115.35,500.0,0.0,0.0,0.0,0.0,0.0,0.0
23-08-2014,115.35,500.0,0.0,0.0,0.0,0.0,0.0,0.0
24-08-2014,115.35,500.0,0.0,0.0,0.0,0.0,0.0,0.0
25-08-2014,115.35,500.0,0.0,0.0,0.0,0.0,0.0,0.0
26-08-2014,115.35,500.0,0.0,0.0,0.0,0.0,0.0,0.0
27-08-2014,115.35,500.0,0.0,0.0,0.0,0.0,0.0,0.0
28-08-2014,115.35,500.0,0.0,0.0,0.0,0.0,0.0,0.0
29-08-2014,115.35,500.0,0.0,0.0,0.0,0.0,0.0,0.0
30-08-2014,115.35,500.0,0.0,0.0,0.0,0.0,0.0,0.0
31-08-2014,115.35,500.0,0.0,0.0,0.0,0.0,0.0,0.0
01-09-2014,115.35,500.0,0.0,0.0,0.0,0.0,0.0,0.0
02-09-2014,115.35,500.0,0.0,0.0,0.0,0.0,0.0,0.0
03-09-2014,115.35,500.0,0.0,0.0,0.0,0.0,0.0,0.0
04-09-2014,115.35,500.0,0.0,0.0,0.0,0.0,0.0,0.0
05-09-2014,115.35,500.0,0.0,0.0,0.0,0.0,0.0,0.0
06-09-2014,115.35,500.0,0.0,0.0,0.0,0.0,0.0,0.0
07-09-2014,115.35,500.0,0.0,0.0,0.0,0.0,0.0,0.0
08-09-2014,115.35,500.0,0.0,0.0,0.0,0.0,0.0,0.0
09-09-2014,115.35,500.0,0.0,0.0,0.0,0.0,0.0,0.0
10-09-2014,115.35,500.0,0.0,0.0,0.0,0.0,0.0,0.0
11-09-2014,115.35,500.0,0.0,0.0,0.0,0.0,0.0,0.0
12-09-2014,115.35,500.0,0.0,0.0,0.0,0.0,0.0,0.0
13-09-2014,115.35,500.0,0.0,0.0,0.0,0.0,0.0,0.0
14-09-2014,115.35,500.0,0.0,0.0,0.0,0.0,0.0,0.0
15-09-2014,115.35,500.0,0.0,0.0,0.0,0.0,0.0,0.0
16-09-2014,115.35,500.0,0.0,0.0,0.0,0.0,0.0,0.0
17-09-2014,115.35,500.0,0.0,0.0,0.0,0.0,0.0,0.0
18-09-2014,115.35,500.0,0.0,0.0,0.0,0.0,0.0,0.0
19-09-2014,115.35,500.0,0.0,0.0,0.0,0.0,0.0,0.0
20-09-2014,115.35,500.0,0.0,0.0,0.0,0.0,0.0,0.0
21-09-2014,115.35,500.0,0.0,0.0,0.0,0.0,0.0,0.0
22-09-2014,115.35,500.0,0.0,0.0,0.0,0.0,0.0,0.0
23-09-2014,115.35,500.0,0.0,0.0,0.0,0.0,0.0,0.0
24-09-2014,115.35,500.0,0.0,0.0,0.0,0.0,0.0,0.0
25-09-2014,115.35,500.0,0.0,0.0,0.0,0.0,0.0,0.0
26-09-2014,115.35,500.0,0.0,0.0,0.0,0.0,0.0,0.0
27-09-2014,115.35,500.0,0.0,0.0,0.0,0.0,0.0,0.0
28-09-2014,115.35,500.0,0.0,0.0,0.0,0.0,0.0,0.0
29-09-2014,115.35,500.0,0.0,0.0,0.0,0.0,0.0,0.0
30-09-2014,115.35,500.0,0.0,0.0,0.0,0.0,0.0,0.0
01-10-2014,115.35,500.0,0.0,0.0,0.0,0.0,0.0,0.0
02-10-2014,115.35,500.0,0.0,0.0,0.0,0.0,0.0,0.0
03-10-2014,115.35,500.0,0.0,0.0,0.0,0.0,0.0,0.0
04-10-2014,115.35,500.0,0.0,0.0,0.0,0.0,0.0,0.0
05-10-2014,115.35,500.0,0.0,0.0,0.0,0.0,0.0,0.0
06-10-2014,115.35,500.0,0.0,0.0,0.0,0.0,0.0,0.0
07-10-2014,115.35,500.0,0.0,0.0,0.0,0.0,0.0,0.0
08-10-2014,115.35,500.0,0.0,0.0,0.0,0.0,0.0,0.0
09-10-2014,115.35,500.0,0.0,0.0,0.0,0.0,0.0,0.0
10-10-2014,115.35,500.0,0.0,0.0,0.0,0.0,0.0,0.0
11-10-2014,115.35,500.0,0.0,0.0,0.0,0.0,0.0,0.0
12-10-2014,115.35,500.0,0.0,0.0,0.0,0.0,0.0,0.0
13-10-2014,115.35,500.0,0.0,0.0,0.0,0.0,0.0,0.0
14-10-2014,115.35,500.0,0.0,0.0,0.0,0.0,0.0,0.0
15-10-2014,115.35,500.0,0.0,0.0,0.0,0.0,0.0,0.0
16-10-2014,115.35,500.0,0.0,0.0,0.0,0.0,0.0,0.0
17-10-2014,115.35,500.0,0.0,0.0,0.0,0.0,0.0,0.0
18-10-2014,115.35,500.0,0.0,0.0,0.0,0.0,0.0,0.0
19-10-2014,115.35,500.0,0.0,0.0,0.0,0.0,0.0,0.0
20-10-2014,115.35,500.0,0.0,0.0,0.0,0.0,0.0,0.0
21-10-2014,115.35,500.0,0.0,0.0,0.0,0.0,0.0,0.0
22-10-2014,115.35,500.0,0.0,0.0,0.0,0.0,0.0,0.0
23-10-2014,115.35,500.0,0.0,0.0,0.0,0.0,0.0,0.0
24-10-2014,115.35,500.0,0.0,0.0,0.0,0.0,0.0,0.0
25-10-2014,115.35,500.0,0.0,0.0,0.0,0.0,0.0,0.0
26-10-2014,115.35,500.0,0.0,0.0,0.0,0.0,0.0,0.0
27-10-2014,115.35,500.0,0.0,0.0,0.0,0.0,0.0,0.0
28-10-2014,115.35,500.0,0.0,0.0,0.0,0.0,0.0,0.0
29-10-2014,115.35,500.0,0.0,0.0,0.0,0.0,0.0,0.0
30-10-2014,115.35,500.0,0.0,0.0,0.0,0.0,0.0,0.0
31-10-2014,115.35,500.0,0.0,0.0,0.0,0.0,0.0,0.0
01-11-2014,115.35,500.0,0.0,0.0,0.0,0.0,0.0,0.0
02-11-2014,115.35,500.0,0.0,0.0,0.0,0.0,0.0,0.0
03-11-2014,115.35,500.0,0.0,0.0,0.0,0.0,0.0,0.0
04-11-2014,115.35,500.0,0.0,0.0,0.0,0.0,0.0,0.0
05-11-2014,115.35,500.0,0.0,0.0,0.0,0.0,0.0,0.0
06-11-2014,115.35,500.0,0.0,0.0,0.0,0.0,0.0,0.0
07-11-2014,115.35,500.0,0.0,0.0,0.0,0.0,0.0,0.0
08-11-2014,115.35,500.0,0.0,0.0,0.0,0.0,0.0,0.0
09-11-2014,115.35,500.0,0.0,0.0,0.0,0.0,0.0,0.0
10-11-2014,115.35,500.0,0.0,0.0,0.0,0.0,0.0,0.0
11-11-2014,115.35,500.0,0.0,0.0,0.0,0.0,0.0,0.0
12-11-2014,115.35,500.0,0.0,0.0,0.0,0.0,0.0,0.0
13-11-2014,115.35,500.0,0.0,0.0,0.0,0.0,0.0,0.0
14-11-2014,115.35,500.0,0.0,0.0,0.0,0.0,0.0,0.0
15-11-2014,115.35,500.0,0.0,0.0,0.0,0.0,0.0,0.0
16-11-2014,115.35,500.0,0.0,0.0,0.0,0.0,0.0,0.0
17-11-2014,115.35,500.0,0.0,0.0,0.0,0.0,0.0,0.0
18-11-2014,115.35,500.0,0.0,0.0,0.0,0.0,0.0,0.0
19-11-2014,115.35,500.0,0.0,0.0,0.0,0.0,0.0,0.0
20-11-2014,115.35,500.0,0.0,0.0,0.0,0.0,0.0,0.0
21-11-2014,115.35,500.0,0.0,0.0,0.0,0.0,0.0,0.0
22-11-2014,115.35,500.0,0.0,0.0,0.0,0.0,0.0,0.0
23-11-2014,115.35,500.0,0.0,0.0,0.0,0.0,0.0,0.0
24-11-2014,115.35,500.0,0.0,0.0,0.0,0.0,0.0,0.0
25-11-2014,115.35,500.0,0.0,0.0,0.0,0.0,0.0,0.0
26-11-2014,115.35,500.0,0.0,0.0,0.0,0.0,0.0,0.0
27-11-2014,115.35,500.0,0.0,0.0,0.0,0.0,0.0,0.0
28-11-2014,115.35,500.0,0.0,0.0,0.0,0.0,0.0,0.0
29-11-2014,115.35,500.0,0.0,0.0,0.0,0.0,0.0,0.0
30-11-2014,115.35,500.0,0.0,0.0,0.0,0.0,0.0,0.0
01-12-2014,115.35,500.0,0.0,0.0,0.0,0.0,0.0,0.0
02-12-2014,115.35,500.0,0.0,0.0,0.0,0.0,0.0,0.0
03-12-2014,115.35,500.0,0.0,0.0,0.0,0.0,0.0,0.0
04-12-2014,115.35,500.0,0.0,0.0,0.0,0.0,0.0,0.0
05-12-2014,115.35,500.0,0.0,0.0,0.0,0.0,0.0,0.0
06-12-2014,115.35,500.0,0.0,0.0,0.0,0.0,0.0,0.0
07-12-2014,115.35,500.0,0.0,0.0,0.0,0.0,0.0,0.0
08-12-2014,115.35,500.0,0.0,0.0,0.0,0.0,0.0,0.0
09-12-2014,115.35,500.0,0.0,0.0,0.0,0.0,0.0,0.0
10-12-2014,115.35,500.0,0.0,0.0,0.0,0.0,0.0,0.0
11-12-2014,115.35,500.0,0.0,0.0,0.0,0.0,0.0,0.0
12-12-2014,115.35,500.0,0.0,0.0,0.0,0.0,0.0,0.0
13-12-2014,115.35,500.0,0.0,0.0,0.0,0.0,0.0,0.0
14-12-2014,115.35,500.0,0.0,0.0,0.0,0.0,0.0,0.0
15-12-2014,115.35,500.0,0.0,0.0,0.0,0.0,0.0,0.0
16-12-2014,115.35,500.0,0.0,0.0,0.0,0.0,0.0,0.0
17-12-2014,115.35,500.0,0.0,0.0,0.0,0.0,0.0,0.0
18-12-2014,115.35,500.0,0.0,0.0,0.0,0.0,0.0,0.0
19-12-2014,115.35,500.0,0.0,0.0,0.0,0.0,0.0,0.0
20-12-2014,115.35,500.0,0.0,0.0,0.0,0.0,0.0,0.0
21-12-2014,115.35,500.0,0.0,0.0,0.0,0.0,0.0,0.0
22-12-2014,115.35,500.0,0.0,0.0,0.0,0.0,0.0,0.0
23-12-2014,115.35,500.0,0.0,0.0,0.0,0.0,0.0,0.0
24-12-2014,115.35,500.0,0.0,0.0,0.0,0.0,0.0,0.0
25-12-2014,115.35,500.0,0.0,0.0,0.0,0.0,0.0,0.0
26-12-2014,115.35,500.0,0.0,0.0,0.0,0.0,0.0,0.0
27-12-2014,115.35,500.0,0.0,0.0,0.0,0.0,0.0,0.0
28-12-2014,115.35,500.0,0.0,0.0,0.0,0.0,0.0,0.0
29-12-2014,115.35,500.0,0.0,0.0,0.0,0.0,0.0,0.0
30-12-2014,115.35,500.0,0.0,0.0,0.0,0.0,0.0,0.0
31-12-2014,115.35,500.0,0.0,0.0,0.0,0.0,0.0,0.0
01-01-2015,115.35,500.0,0.0,0.0,0.0,0.0,0.0,0.0
02-01-2015,115.35,500.0,0.0,0.0,0.0,0.0,0.0,0.0
03-01-2015,115.35,500.0,0.0,0.0,0.0,0.0,0.0,0.0
04-01-2015,115.35,500.0,0.0,0.0,0.0,0.0,0.0,0.0
05-01-2015,115.35,500.0,0.0,0.0,0.0,0.0,0.0,0.0
06-01-2015,115.35,500.0,0.0,0.0,0.0,0.0,0.0,0.0
07-01-2015,115.35,500.0,0.0,0.0,0.0,0.0,0.0,0.0
08-01-2015,115.35,500.0,0.0,0.0,0.0,0.0,0.0,0.0
09-01-2015,115.35,500.0,0.0,0.0,0.0,0.0,0.0,0.0
10-01-2015,115.35,500.0,0.0,0.0,0.0,0.0,0.0,0.0
11-01-2015,115.35,500.0,0.0,0.0,0.0,0.0,0.0,0.0
12-01-2015,115.35,500.0,0.0,0.0,0.0,0.0,0.0,0.0
13-01-2015,115.35,500.0,0.0,0.0,0.0,0.0,0.0,0.0
14-01-2015,115.35,500.0,0.0,0.0,0.0,0.0,0.0,0.0
15-01-2015,115.35,500.0,0.0,0.0,0.0,0.0,0.0,0.0
16-01-2015,115.35,500.0,0.0,0.0,0.0,0.0,0.0,0.0
17-01-2015,115.35,500.0,0.0,0.0,0.0,0.0,0.0,0.0
18-01-2015,115.35,500.0,0.0,0.0,0.0,0.0,0.0,0.0
19-01-2015,115.35,500.0,0.0,0.0,0.0,0.0,0.0,0.0
20-01-2015,115.35,500.0,0.0,0.0,0.0,0.0,0.0,0.0
21-01-2015,115.35,500.0,0.0,0.0,0.0,0.0,0.0,0.0
22-01-2015,115.35,500.0,0.0,0.0,0.0,0.0,0.0,0.0
23-01-2015,115.35,500.0,0.0,0.0,0.0,0.0,0.0,0.0
24-01-2015,115.35,500.0,0.0,0.0,0.0,0.0,0.0,0.0
25-01-2015,115.35,500.0,0.0,0.0,0.0,0.0,0.0,0.0
26-01-2015,115.35,500.0,0.0,0.0,0.0,0.0,0.0,0.0
27-01-2015,115.35,500.0,0.0,0.0,0.0,0.0,0.0,0.0
28-01-2015,115.35,500.0,0.0,0.0,0.0,0.0,0.0,0.0
29-01-2015,115.35,500.0,0.0,0.0,0.0,0.0,0.0,0.0
30-01-2015,115.35,500.0,0.0,0.0,0.0,0.0,0.0,0.0
31-01-2015,115.35,500.0,0.0,0.0,0.0,0.0,0.0,0.0
01-02-2015,115.35,500.0,0.0,0.0,0.0,0.0,0.0,0.0
02-02-2015,115.35,500.0,0.0,0.0,0.0,0.0,0.0,0.0
03-02-2015,115.35,500.0,0.0,0.0,0.0,0.0,0.0,0.0
04-02-2015,115.35,500.0,0.0,0.0,0.0,0.0,0.0,0.0
05-02-2015,115.35,500.0,0.0,0.0,0.0,0.0,0.0,0.0
06-02-2015,115.35,500.0,0.0,0.0,0.0,0.0,0.0,0.0
07-02-2015,115.35,500.0,0.0,0.0,0.0,0.0,0.0,0.0
08-02-2015,115.35,500.0,0.0,0.0,0.0,0.0,0.0,0.0
09-02-2015,115.35,500.0,0.0,0.0,0.0,0.0,0.0,0.0
10-02-2015,115.35,500.0,0.0,0.0,0.0,0.0,0.0,0.0
11-02-2015,115.35,500.0,0.0,0.0,0.0,0.0,0.0,0.0
12-02-2015,115.35,500.0,0.0,0.0,0.0,0.0,0.0,0.0
13-02-2015,115.35,500.0,0.0,0.0,0.0,0.0,0.0,0.0
14-02-2015,115.35,500.0,0.0,0.0,0.0,0.0,0.0,0.0
15-02-2015,115.35,500.0,0.0,0.0,0.0,0.0,0.0,0.0
16-02-2015,115.35,500.0,0.0,0.0,0.0,0.0,0.0,0.0
17-02-2015,115.35,500.0,0.0,0.0,0.0,0.0,0.0,0.0
18-02-2015,115.35,500.0,0.0,0.0,0.0,0.0,0.0,0.0
19-02-2015,115.35,500.0,0.0,0.0,0.0,0.0,0.0,0.0
20-02-2015,115.35,500.0,0.0,0.0,0.0,0.0,0.0,0.0
21-02-2015,115.35,500.0,0.0,0.0,0.0,0.0,0.0,0.0
22-02-2015,115.35,500.0,0.0,0.0,0.0,0.0,0.0,0.0
23-02-2015,115.35,500.0,0.0,0.0,0.0,0.0,0.0,0.0
24-02-2015,115.35,500.0,0.0,0.0,0.0,0.0,0.0,0.0
25-02-2015,115.35,500.0,0.0,0.0,0.0,0.0,0.0,0.0
26-02-2015,115.35,500.0,0.0,0.0,0.0,0.0,0.0,0.0
27-02-2015,115.35,500.0,0.0,0.0,0.0,0.0,0.0,0.0
28-02-2015,115.35,500.0,0.0,0.0,0.0,0.0,0.0,0.0
01-03-2015,115.35,500.0,0.0,0.0,0.0,0.0,0.0,0.0
02-03-2015,115.35,500.0,0.0,0.0,0.0,0.0,0.0,0.0
03-03-2015,115.35,500.0,0.0,0.0,0.0,0.0,0.0,0.0
04-03-2015,115.35,500.0,0.0,0.0,0.0,0.0,0.0,0.0
05-03-2015,115.35,500.0,0.0,0.0,0.0,0.0,0.0,0.0
06-03-2015,115.35,500.0,0.0,0.0,0.0,0.0,0.0,0.0
07-03-2015,115.35,500.0,0.0,0.0,0.0,0.0,0.0,0.0
08-03-2015,115.35,500.0,0.0,0.0,0.0,0.0,0.0,0.0
09-03-2015,115.35,500.0,0.0,0.0,0.0,0.0,0.0,0.0
10-03-2015,115.35,500.0,0.0,0.0,0.0,0.0,0.0,0.0
11-03-2015,115.35,500.0,0.0,0.0,0.0,0.0,0.0,0.0
12-03-2015,115.35,500.0,0.0,0.0,0.0,0.0,0.0,0.0
13-03-2015,115.35,500.0,0.0,0.0,0.0,0.0,0.0,0.0
14-03-2015,115.35,500.0,0.0,0.0,0.0,0.0,0.0,0.0
15-03-2015,115.35,500.0,0.0,0.0,0.0,0.0,0.0,0.0
16-03-2015,115.35,500.0,0.0,0.0,0.0,0.0,0.0,0.0
17-03-2015,115.35,500.0,0.0,0.0,0.0,0.0,0.0,0.0
18-03-2015,115.35,500.0,0.0,0.0,0.0,0.0,0.0,0.0
19-03-2015,115.35,500.0,0.0,0.0,0.0,0.0,0.0,0.0
20-03-2015,115.35,500.0,0.0,0.0,0.0,0.0,0.0,0.0
21-03-2015,115.35,500.0,0.0,0.0,0.0,0.0,0.0,0.0
22-03-2015,115.35,500.0,0.0,0.0,0.0,0.0,0.0,0.0
23-03-2015,115.35,500.0,0.0,0.0,0.0,0.0,0.0,0.0
24-03-2015,115.35,500.0,0.0,0.0,0.0,0.0,0.0,0.0
25-03-2015,115.35,500.0,0.0,0.0,0.0,0.0,0.0,0.0
26-03-2015,115.35,500.0,0.0,0.0,0.0,0.0,0.0,0.0
27-03-2015,115.35,500.0,0.0,0.0,0.0,0.0,0.0,0.0
28-03-2015,115.35,500.0,0.0,0.0,0.0,0.0,0.0,0.0
29-03-2015,115.35,500.0,0.0,0.0,0.0,0.0,0.0,0.0
30-03-2015,115.35,500.0,0.0,0.0,0.0,0.0,0.0,0.0
31-03-2015,115.35,500.0,0.0,0.0,0.0,0.0,0.0,0.0
01-04-2015,115.35,500.0,0.0,0.0,0.0,0.0,0.0,0.0
02-04-2015,115.35,500.0,0.0,0.0,0.0,0.0,0.0,0.0
03-04-2015,115.35,500.0,0.0,0.0,0.0,0.0,0.0,0.0
04-04-2015,115.35,500.0,0.0,0.0,0.0,0.0,0.0,0.0
05-04-2015,115.35,500.0,0.0,0.0,0.0,0.0,0.0,0.0
06-04-2015,115.35,500.0,0.0,0.0,0.0,0.0,0.0,0.0
07-04-2015,115.35,500.0,0.0,0.0,0.0,0.0,0.0,0.0
08-04-2015,115.35,500.0,0.0,0.0,0.0,0.0,0.0,0.0
09-04-2015,115.35,500.0,0.0,0.0,0.0,0.0,0.0,0.0
10-04-2015,115.35,500.0,0.0,0.0,0.0,0.0,0.0,0.0
11-04-2015,115.35,500.0,0.0,0.0,0.0,0.0,0.0,0.0
12-04-2015,115.35,500.0,0.0,0.0,0.0,0.0,0.0,0.0
13-04-2015,115.35,500.0,0.0,0.0,0.0,0.0,0.0,0.0
14-04-2015,115.35,500.0,0.0,0.0,0.0,0.0,0.0,0.0
15-04-2015,115.35,500.0,0.0,0.0,0.0,0.0,0.0,0.0
16-04-2015,115.35,500.0,0.0,0.0,0.0,0.0,0.0,0.0
17-04-2015,115.35,500.0,0.0,0.0,0.0,0.0,0.0,0.0
18-04-2015,115.35,500.0,0.0,0.0,0.0,0.0,0.0,0.0
19-04-2015,115.35,500.0,0.0,0.0,0.0,0.0,0.0,0.0
20-04-2015,115.35,500.0,0.0,0.0,0.0,0.0,0.0,0.0
21-04-2015,115.35,500.0,0.0,0.0,0.0,0.0,0.0,0.0
22-04-2015,115.35,500.0,0.0,0.0,0.0,0.0,0.0,0.0
23-04-2015,115.35,500.0,0.0,0.0,0.0,0.0,0.0,0.0
24-04-2015,115.35,500.0,0.0,0.0,0.0,0.0,0.0,0.0
25-04-2015,115.35,500.0,0.0,0.0,0.0,0.0,0.0,0.0
26-04-2015,115.35,500.0,0.0,0.0,0.0,0.0,0.0,0.0
27-04-2015,115.35,500.0,0.0,0.0,0.0,0.0,0.0,0.0
28-04-2015,115.35,500.0,0.0,0.0,0.0,0.0,0.0,0.0
29-04-2015,115.35,500.0,0.0,0.0,0.0,0.0,0.0,0.0
30-04-2015,115.35,500.0,0.0,0.0,0.0,0.0,0.0,0.0
01-05-2015,115.35,500.0,0.0,0.0,0.0,0.0,0.0,0.0
02-05-2015,115.35,500.0,0.0,0.0,0.0,0.0,0.0,0.0
03-05-2015,115.35,500.0,0.0,0.0,0.0,0.0,0.0,0.0
04-05-2015,115.35,500.0,0.0,0.0,0.0,0.0,0.0,0.0
05-05-2015,115.35,500.0,0.0,0.0,0.0,0.0,0.0,0.0
06-05-2015,115.35,500.0,0.0,0.0,0.0,0.0,0.0,0.0
07-05-2015,115.35,500.0,0.0,0.0,0.0,0.0,0.0,0.0
08-05-2015,115.35,500.0,0.0,0.0,0.0,0.0,0.0,0.0
09-05-2015,115.35,500.0,0.0,0.0,0.0,0.0,0.0,0.0
10-05-2015,115.35,500.0,0.0,0.0,0.0,0.0,0.0,0.0
11-05-2015,115.35,500.0,0.0,0.0,0.0,0.0,0.0,0.0
12-05-2015,115.35,500.0,0.0,0.0,0.0,0.0,0.0,0.0
13-05-2015,115.35,500.0,0.0,0.0,0.0,0.0,0.0,0.0
14-05-2015,115.35,500.0,0.0,0.0,0.0,0.0,0.0,0.0
15-05-2015,115.35,500.0,0.0,0.0,0.0,0.0,0.0,0.0
16-05-2015,115.35,500.0,0.0,0.0,0.0,0.0,0.0,0.0
17-05-2015,115.35,500.0,0.0,0.0,0.0,0.0,0.0,0.0
18-05-2015,115.35,500.0,0.0,0.0,0.0,0.0,0.0,0.0
19-05-2015,115.35,500.0,0.0,0.0,0.0,0.0,0.0,0.0
20-05-2015,115.35,500.0,0.0,0.0,0.0,0.0,0.0,0.0
21-05-2015,115.35,500.0,0.0,0.0,0.0,0.0,0.0,0.0
22-05-2015,115.35,500.0,0.0,0.0,0.0,0.0,0.0,0.0
23-05-2015,115.35,500.0,0.0,0.0,0.0,0.0,0.0,0.0
24-05-2015,115.35,500.0,0.0,0.0,0.0,0.0,0.0,0.0
25-05-2015,115.35,500.0,0.0,0.0,0.0,0.0,0.0,0.0
26-05-2015,115.35,500.0,0.0,0.0,0.0,0.0,0.0,0.0
27-05-2015,115.35,500.0,0.0,0.0,0.0,0.0,0.0,0.0
28-05-2015,115.35,500.0,0.0,0.0,0.0,0.0,0.0,0.0
29-05-2015,115.35,500.0,0.0,0.0,0.0,0.0,0.0,0.0
30-05-2015,115.35,500.0,0.0,0.0,0.0,0.0,0.0,0.0
31-05-2015,115.35,500.0,0.0,0.0,0.0,0.0,0.0,0.0
01-06-2015,115.35,500.0,0.0,0.0,0.0,0.0,0.0,0.0
02-06-2015,115.35,500.0,0.0,0.0,0.0,0.0,0.0,0.0
03-06-2015,115.35,500.0,0.0,0.0,0.0,0.0,0.0,0.0
04-06-2015,115.35,500.0,0.0,0.0,0.0,0.0,0.0,0.0
05-06-2015,115.35,500.0,0.0,0.0,0.0,0.0,0.0,0.0
06-06-2015,115.35,500.0,0.0,0.0,0.0,0.0,0.0,0.0
07-06-2015,115.35,500.0,0.0,0.0,0.0,0.0,0.0,0.0
08-06-2015,115.35,500.0,0.0,0.0,0.0,0.0,0.0,0.0
09-06-2015,115.35,500.0,0.0,0.0,0.0,0.0,0.0,0.0
10-06-2015,115.35,500.0,0.0,0.0,0.0,0.0,0.0,0.0
11-06-2015,115.35,500.0,0.0,0.0,0.0,0.0,0.0,0.0
12-06-2015,115.35,500.0,0.0,0.0,0.0,0.0,0.0,0.0
13-06-2015,115.35,500.0,0.0,0.0,0.0,0.0,0.0,0.0
14-06-2015,115.35,500.0,0.0,0.0,0.0,0.0,0.0,0.0
15-06-2015,115.35,500.0,0.0,0.0,0.0,0.0,0.0,0.0
16-06-2015,115.35,500.0,0.0,0.0,0.0,0.0,0.0,0.0
17-06-2015,115.35,500.0,0.0,0.0,0.0,0.0,0.0,0.0
18-06-2015,115.35,500.0,0.0,0.0,0.0,0.0,0.0,0.0
19-06-2015,115.35,500.0,0.0,0.0,0.0,0.0,0.0,0.0
20-06-2015,115.35,500.0,0.0,0.0,0.0,0.0,0.0,0.0
21-06-2015,115.35,500.0,0.0,0.0,0.0,0.0,0.0,0.0
22-06-2015,115.35,500.0,0.0,0.0,0.0,0.0,0.0,0.0
23-06-2015,115.35,500.0,0.0,0.0,0.0,0.0,0.0,0.0
24-06-2015,115.35,500.0,0.0,0.0,0.0,0.0,0.0,0.0
25-06-2015,115.35,500.0,0.0,0.0,0.0,0.0,0.0,0.0
26-06-2015,115.35,500.0,0.0,0.0,0.0,0.0,0.0,0.0
27-06-2015,115.35,500.0,0.0,0.0,0.0,0.0,0.0,0.0
28-06-2015,115.35,500.0,0.0,0.0,0.0,0.0,0.0,0.0
29-06-2015,115.35,500.0,0.0,0.0,0.0,0.0,0.0,0.0
30-06-2015,115.35,500.0,0.0,0.0,0.0,0.0,0.0,0.0
01-07-2015,115.35,500.0,0.0,0.0,0.0,0.0,0.0,0.0
02-07-2015,115.35,500.0,0.0,0.0,0.0,0.0,0.0,0.0
03-07-2015,115.35,500.0,0.0,0.0,0.0,0.0,0.0,0.0
04-07-2015,115.35,500.0,0.0,0.0,0.0,0.0,0.0,0.0
05-07-2015,115.35,500.0,0.0,0.0,0.0,0.0,0.0,0.0
06-07-2015,115.35,500.0,0.0,0.0,0.0,0.0,0.0,0.0
07-07-2015,115.35,500.0,0.0,0.0,0.0,0.0,0.0,0.0
08-07-2015,115.35,500.0,0.0,0.0,0.0,0.0,0.0,0.0
09-07-2015,115.35,500.0,0.0,0.0,0.0,0.0,0.0,0.0
10-07-2015,115.35,500.0,0.0,0.0,0.0,0.0,0.0,0.0
11-07-2015,115.35,500.0,0.0,0.0,0.0,0.0,0.0,0.0
12-07-2015,115.35,500.0,0.0,0.0,0.0,0.0,0.0,0.0
13-07-2015,115.35,500.0,0.0,0.0,0.0,0.0,0.0,0.0
14-07-2015,115.35,500.0,0.0,0.0,0.0,0.0,0.0,0.0
15-07-2015,115.35,500.0,0.0,0.0,0.0,0.0,0.0,0.0
16-07-2015,115.35,500.0,0.0,0.0,0.0,0.0,0.0,0.0
17-07-2015,115.35,500.0,0.0,0.0,0.0,0.0,0.0,0.0
18-07-2015,115.35,500.0,0.0,0.0,0.0,0.0,0.0,0.0
19-07-2015,115.35,500.0,0.0,0.0,0.0,0.0,0.0,0.0
20-07-2015,115.35,500.0,0.0,0.0,0.0,0.0,0.0,0.0
21-07-2015,115.35,500.0,0.0,0.0,0.0,0.0,0.0,0.0
22-07-2015,115.35,500.0,0.0,0.0,0.0,0.0,0.0,0.0
23-07-2015,115.35,500.0,0.0,0.0,0.0,0.0,0.0,0.0
24-07-2015,115.35,500.0,0.0,0.0,0.0,0.0,0.0,0.0
25-07-2015,115.35,500.0,0.0,0.0,0.0,0.0,0.0,0.0
26-07-2015,115.35,500.0,0.0,0.0,0.0,0.0,0.0,0.0
27-07-2015,115.35,500.0,0.0,0.0,0.0,0.0,0.0,0.0
28-07-2015,115.35,500.0,0.0,0.0,0.0,0.0,0.0,0.0
29-07-2015,115.35,500.0,0.0,0.0,0.0,0.0,0.0,0.0
30-07-2015,115.35,500.0,0.0,0.0,0.0,0.0,0.0,0.0
31-07-2015,115.35,500.0,0.0,0.0,0.0,0.0,0.0,0.0
01-08-2015,115.35,500.0,0.0,0.0,0.0,0.0,0.0,0.0
02-08-2015,115.35,500.0,0.0,0.0,0.0,0.0,0.0,0.0
03-08-2015,115.35,500.0,0.0,0.0,0.0,0.0,0.0,0.0
04-08-2015,115.35,500.0,0.0,0.0,0.0,0.0,0.0,0.0
05-08-2015,115.35,500.0,0.0,0.0,0.0,0.0,0.0,0.0
06-08-2015,115.35,500.0,0.0,0.0,0.0,0.0,0.0,0.0
07-08-2015,115.35,500.0,0.0,0.0,0.0,0.0,0.0,0.0
08-08-2015,115.35,500.0,0.0,0.0,0.0,0.0,0.0,0.0
09-08-2015,115.35,500.0,0.0,0.0,0.0,0.0,0.0,0.0
10-08-2015,115.35,500.0,0.0,0.0,0.0,0.0,0.0,0.0
11-08-2015,115.35,500.0,0.0,0.0,0.0,0.0,0.0,0.0
12-08-2015,115.35,500.0,0.0,0.0,0.0,0.0,0.0,0.0
13-08-2015,115.35,500.0,0.0,0.0,0.0,0.0,0.0,0.0
14-08-2015,115.35,500.0,0.0,0.0,0.0,0.0,0.0,0.0
15-08-2015,115.35,500.0,0.0,0.0,0.0,0.0,0.0,0.0
16-08-2015,115.35,500.0,0.0,0.0,0.0,0.0,0.0,0.0
17-08-2015,115.35,500.0,0.0,0.0,0.0,0.0,0.0,0.0
18-08-2015,115.35,500.0,0.0,0.0,0.0,0.0,0.0,0.0
19-08-2015,115.35,500.0,0.0,0.0,0.0,0.0,0.0,0.0
20-08-2015,115.35,500.0,0.0,0.0,0.0,0.0,0.0,0.0
21-08-2015,115.35,500.0,0.0,0.0,0.0,0.0,0.0,0.0
22-08-2015,115.35,500.0,0.0,0.0,0.0,0.0,0.0,0.0
23-08-2015,115.35,500.0,0.0,0.0,0.0,0.0,0.0,0.0
24-08-2015,115.35,500.0,0.0,0.0,0.0,0.0,0.0,0.0
25-08-2015,115.35,500.0,0.0,0.0,0.0,0.0,0.0,0.0
26-08-2015,115.35,500.0,0.0,0.0,0.0,0.0,0.0,0.0
27-08-2015,115.35,500.0,0.0,0.0,0.0,0.0,0.0,0.0
28-08-2015,115.35,500.0,0.0,0.0,0.0,0.0,0.0,0.0
29-08-2015,115.35,500.0,0.0,0.0,0.0,0.0,0.0,0.0
30-08-2015,115.35,500.0,0.0,0.0,0.0,0.0,0.0,0.0
31-08-2015,115.35,500.0,0.0,0.0,0.0,0.0,0.0,0.0
01-09-2015,115.35,500.0,0.0,0.0,0.0,0.0,0.0,0.0
02-09-2015,115.35,500.0,0.0,0.0,0.0,0.0,0.0,0.0
03-09-2015,115.35,500.0,0.0,0.0,0.0,0.0,0.0,0.0
04-09-2015,115.35,500.0,0.0,0.0,0.0,0.0,0.0,0.0
05-09-2015,115.35,500.0,0.0,0.0,0.0,0.0,0.0,0.0
06-09-2015,115.35,500.0,0.0,0.0,0.0,0.0,0.0,0.0
07-09-2015,115.35,500.0,0.0,0.0,0.0,0.0,0.0,0.0
08-09-2015,115.35,500.0,0.0,0.0,0.0,0.0,0.0,0.0
09-09-2015,115.35,500.0,0.0,0.0,0.0,0.0,0.0,0.0
10-09-2015,115.35,500.0,0.0,0.0,0.0,0.0,0.0,0.0
11-09-2015,115.35,500.0,0.0,0.0,0.0,0.0,0.0,0.0
12-09-2015,115.35,500.0,0.0,0.0,0.0,0.0,0.0,0.0
13-09-2015,115.35,500.0,0.0,0.0,0.0,0.0,0.0,0.0
14-09-2015,115.35,500.0,0.0,0.0,0.0,0.0,0.0,0.0
15-09-2015,115.35,500.0,0.0,0.0,0.0,0.0,0.0,0.0
16-09-2015,115.35,500.0,0.0,0.0,0.0,0.0,0.0,0.0
17-09-2015,115.35,500.0,0.0,0.0,0.0,0.0,0.0,0.0
18-09-2015,115.35,500.0,0.0,0.0,0.0,0.0,0.0,0.0
19-09-2015,115.35,500.0,0.0,0.0,0.0,0.0,0.0,0.0
20-09-2015,115.35,500.0,0.0,0.0,0.0,0.0,0.0,0.0
21-09-2015,115.35,500.0,0.0,0.0,0.0,0.0,0.0,0.0
22-09-2015,115.35,500.0,0.0,0.0,0.0,0.0,0.0,0.0
23-09-2015,115.35,500.0,0.0,0.0,0.0,0.0,0.0,0.0
24-09-2015,115.35,500.0,0.0,0.0,0.0,0.0,0.0,0.0
25-09-2015,115.35,500.0,0.0,0.0,0.0,0.0,0.0,0.0
26-09-2015,115.35,500.0,0.0,0.0,0.0,0.0,0.0,0.0
27-09-2015,115.35,500.0,0.0,0.0,0.0,0.0,0.0,0.0
28-09-2015,115.35,500.0,0.0,0.0,0.0,0.0,0.0,0.0
29-09-2015,115.35,500.0,0.0,0.0,0.0,0.0,0.0,0.0
30-09-2015,115.35,500.0,0.0,0.0,0.0,0.0,0.0,0.0
01-10-2015,115.35,500.0,0.0,0.0,0.0,0.0,0.0,0.0
02-10-2015,115.35,500.0,0.0,0.0,0.0,0.0,0.0,0.0
03-10-2015,115.35,500.0,0.0,0.0,0.0,0.0,0.0,0.0
04-10-2015,115.35,500.0,0.0,0.0,0.0,0.0,0.0,0.0
05-10-2015,115.35,500.0,0.0,0.0,0.0,0.0,0.0,0.0
06-10-2015,115.35,500.0,0.0,0.0,0.0,0.0,0.0,0.0
07-10-2015,115.35,500.0,0.0,0.0,0.0,0.0,0.0,0.0
08-10-2015,115.35,500.0,0.0,0.0,0.0,0.0,0.0,0.0
09-10-2015,115.35,500.0,0.0,0.0,0.0,0.0,0.0,0.0
10-10-2015,115.35,500.0,0.0,0.0,0.0,0.0,0.0,0.0
11-10-2015,115.35,500.0,0.0,0.0,0.0,0.0,0.0,0.0
12-10-2015,115.35,500.0,0.0,0.0,0.0,0.0,0.0,0.0
13-10-2015,115.35,500.0,0.0,0.0,0.0,0.0,0.0,0.0
14-10-2015,115.35,500.0,0.0,0.0,0.0,0.0,0.0,0.0
15-10-2015,115.35,500.0,0.0,0.0,0.0,0.0,0.0,0.0
16-10-2015,115.35,500.0,0.0,0.0,0.0,0.0,0.0,0.0
17-10-2015,115.35,500.0,0.0,0.0,0.0,0.0,0.0,0.0
18-10-2015,115.35,500.0,0.0,0.0,0.0,0.0,0.0,0.0
19-10-2015,115.35,500.0,0.0,0.0,0.0,0.0,0.0,0.0
20-10-2015,115.35,500.0,0.0,0.0,0.0,0.0,0.0,0.0
21-10-2015,115.35,500.0,0.0,0.0,0.0,0.0,0.0,0.0
22-10-2015,115.35,500.0,0.0,0.0,0.0,0.0,0.0,0.0
23-10-2015,115.35,500.0,0.0,0.0,0.0,0.0,0.0,0.0
24-10-2015,115.35,500.0,0.0,0.0,0.0,0.0,0.0,0.0
25-10-2015,115.35,500.0,0.0,0.0,0.0,0.0,0.0,0.0
26-10-2015,115.35,500.0,0.0,0.0,0.0,0.0,0.0,0.0
27-10-2015,115.35,500.0,0.0,0.0,0.0,0.0,0.0,0.0
28-10-2015,115.35,500.0,0.0,0.0,0.0,0.0,0.0,0.0
29-10-2015,115.35,500.0,0.0,0.0,0.0,0.0,0.0,0.0
30-10-2015,115.35,500.0,0.0,0.0,0.0,0.0,0.0,0.0
31-10-2015,115.35,500.0,0.0,0.0,0.0,0.0,0.0,0.0
01-11-2015,115.35,500.0,0.0,0.0,0.0,0.0,0.0,0.0
02-11-2015,115.35,500.0,0.0,0.0,0.0,0.0,0.0,0.0
03-11-2015,115.35,500.0,0.0,0.0,0.0,0.0,0.0,0.0
04-11-2015,115.35,500.0,0.0,0.0,0.0,0.0,0.0,0.0
05-11-2015,115.35,500.0,0.0,0.0,0.0,0.0,0.0,0.0
06-11-2015,115.35,500.0,0.0,0.0,0.0,0.0,0.0,0.0
07-11-2015,115.35,500.0,0.0,0.0,0.0,0.0,0.0,0.0
08-11-2015,115.35,500.0,0.0,0.0,0.0,0.0,0.0,0.0
09-11-2015,115.35,500.0,0.0,0.0,0.0,0.0,0.0,0.0
10-11-2015,115.35,500.0,0.0,0.0,0.0,0.0,0.0,0.0
11-11-2015,115.35,500.0,0.0,0.0,0.0,0.0,0.0,0.0
12-11-2015,115.35,500.0,0.0,0.0,0.0,0.0,0.0,0.0
13-11-2015,115.35,500.0,0.0,0.0,0.0,0.0,0.0,0.0
14-11-2015,115.35,500.0,0.0,0.0,0.0,0.0,0.0,0.0
15-11-2015,115.35,500.0,0.0,0.0,0.0,0.0,0.0,0.0
16-11-2015,115.35,500.0,0.0,0.0,0.0,0.0,0.0,0.0
17-11-2015,115.35,500.0,0.0,0.0,0.0,0.0,0.0,0.0
18-11-2015,115.35,500.0,0.0,0.0,0.0,0.0,0.0,0.0
19-11-2015,115.35,500.0,0.0,0.0,0.0,0.0,0.0,0.0
20-11-2015,115.35,500.0,0.0,0.0,0.0,0.0,0.0,0.0
21-11-2015,115.35,500.0,0.0,0.0,0.0,0.0,0.0,0.0
22-11-2015,115.35,500.0,0.0,0.0,0.0,0.0,0.0,0.0
23-11-2015,115.35,500.0,0.0,0.0,0.0,0.0,0.0,0.0
24-11-2015,115.35,500.0,0.0,0.0,0.0,0.0,0.0,0.0
25-11-2015,115.35,500.0,0.0,0.0,0.0,0.0,0.0,0.0
26-11-2015,115.35,500.0,0.0,0.0,0.0,0.0,0.0,0.0
27-11-2015,115.35,500.0,0.0,0.0,0.0,0.0,0.0,0.0
28-11-2015,115.35,500.0,0.0,0.0,0.0,0.0,0.0,0.0
29-11-2015,115.35,500.0,0.0,0.0,0.0,0.0,0.0,0.0
30-11-2015,115.35,500.0,0.0,0.0,0.0,0.0,0.0,0.0
01-12-2015,115.35,500.0,0.0,0.0,0.0,0.0,0.0,0.0
02-12-2015,115.35,500.0,0.0,0.0,0.0,0.0,0.0,0.0
03-12-2015,115.35,500.0,0.0,0.0,0.0,0.0,0.0,0.0
04-12-2015,115.35,500.0,0.0,0.0,0.0,0.0,0.0,0.0
05-12-2015,115.35,500.0,0.0,0.0,0.0,0.0,0.0,0.0
06-12-2015,115.35,500.0,0.0,0.0,0.0,0.0,0.0,0.0
07-12-2015,115.35,500.0,0.0,0.0,0.0,0.0,0.0,0.0
08-12-2015,115.35,500.0,0.0,0.0,0.0,0.0,0.0,0.0
09-12-2015,115.35,500.0,0.0,0.0,0.0,0.0,0.0,0.0
10-12-2015,115.35,500.0,0.0,0.0,0.0,0.0,0.0,0.0
11-12-2015,115.35,500.0,0.0,0.0,0.0,0.0,0.0,0.0
12-12-2015,115.35,500.0,0.0,0.0,0.0,0.0,0.0,0.0
13-12-2015,115.35,500.0,0.0,0.0,0.0,0.0,0.0,0.0
14-12-2015,115.35,500.0,0.0,0.0,0.0,0.0,0.0,0.0
15-12-2015,115.35,500.0,0.0,0.0,0.0,0.0,0.0,0.0
16-12-2015,115.35,500.0,0.0,0.0,0.0,0.0,0.0,0.0
17-12-2015,115.35,500.0,0.0,0.0,0.0,0.0,0.0,0.0
18-12-2015,115.35,500.0,0.0,0.0,0.0,0.0,0.0,0.0
19-12-2015,115.35,500.0,0.0,0.0,0.0,0.0,0.0,0.0
20-12-2015,115.35,500.0,0.0,0.0,0.0,0.0,0.0,0.0
21-12-2015,115.35,500.0,0.0,0.0,0.0,0.0,0.0,0.0
22-12-2015,115.35,500.0,0.0,0.0,0.0,0.0,0.0,0.0
23-12-2015,115.35,500.0,0.0,0.0,0.0,0.0,0.0,0.0
24-12-2015,115.35,500.0,0.0,0.0,0.0,0.0,0.0,0.0
25-12-2015,115.35,500.0,0.0,0.0,0.0,0.0,0.0,0.0
26-12-2015,115.35,500.0,0.0,0.0,0.0,0.0,0.0,0.0
27-12-2015,115.35,500.0,0.0,0.0,0.0,0.0,0.0,0.0
28-12-2015,115.35,500.0,0.0,0.0,0.0,0.0,0.0,0.0
29-12-2015,115.35,500.0,0.0,0.0,0.0,0.0,0.0,0.0
30-12-2015,115.35,500.0,0.0,0.0,0.0,0.0,0.0,0.0
31-12-2015,115.35,500.0,0.0,0.0,0.0,0.0,0.0,0.0
01-01-2016,115.35,500.0,0.0,0.0,0.0,0.0,0.0,0.0
02-01-2016,115.35,500.0,0.0,0.0,0.0,0.0,0.0,0.0
03-01-2016,115.35,500.0,0.0,0.0,0.0,0.0,0.0,0.0
04-01-2016,115.35,500.0,0.0,0.0,0.0,0.0,0.0,0.0
05-01-2016,115.35,500.0,0.0,0.0,0.0,0.0,0.0,0.0
06-01-2016,115.35,500.0,0.0,0.0,0.0,0.0,0.0,0.0
07-01-2016,115.35,500.0,0.0,0.0,0.0,0.0,0.0,0.0
08-01-2016,115.35,500.0,0.0,0.0,0.0,0.0,0.0,0.0
09-01-2016,115.35,500.0,0.0,0.0,0.0,0.0,0.0,0.0
10-01-2016,115.35,500.0,0.0,0.0,0.0,0.0,0.0,0.0
11-01-2016,115.35,500.0,0.0,0.0,0.0,0.0,0.0,0.0
12-01-2016,115.35,500.0,0.0,0.0,0.0,0.0,0.0,0.0
13-01-2016,115.35,500.0,0.0,0.0,0.0,0.0,0.0,0.0
14-01-2016,115.35,500.0,0.0,0.0,0.0,0.0,0.0,0.0
15-01-2016,115.35,500.0,0.0,0.0,0.0,0.0,0.0,0.0
16-01-2016,115.35,500.0,0.0,0.0,0.0,0.0,0.0,0.0
17-01-2016,115.35,500.0,0.0,0.0,0.0,0.0,0.0,0.0
18-01-2016,115.35,500.0,0.0,0.0,0.0,0.0,0.0,0.0
19-01-2016,115.35,500.0,0.0,0.0,0.0,0.0,0.0,0.0
20-01-2016,115.35,500.0,0.0,0.0,0.0,0.0,0.0,0.0
21-01-2016,115.35,500.0,0.0,0.0,0.0,0.0,0.0,0.0
22-01-2016,115.35,500.0,0.0,0.0,0.0,0.0,0.0,0.0
23-01-2016,115.35,500.0,0.0,0.0,0.0,0.0,0.0,0.0
24-01-2016,115.35,500.0,0.0,0.0,0.0,0.0,0.0,0.0
25-01-2016,115.35,500.0,0.0,0.0,0.0,0.0,0.0,0.0
26-01-2016,115.35,500.0,0.0,0.0,0.0,0.0,0.0,0.0
27-01-2016,115.35,500.0,0.0,0.0,0.0,0.0,0.0,0.0
28-01-2016,115.35,500.0,0.0,0.0,0.0,0.0,0.0,0.0
29-01-2016,115.35,500.0,0.0,0.0,0.0,0.0,0.0,0.0
30-01-2016,115.35,500.0,0.0,0.0,0.0,0.0,0.0,0.0
31-01-2016,115.35,500.0,0.0,0.0,0.0,0.0,0.0,0.0
01-02-2016,115.35,500.0,0.0,0.0,0.0,0.0,0.0,0.0
02-02-2016,115.35,500.0,0.0,0.0,0.0,0.0,0.0,0.0
03-02-2016,115.35,500.0,0.0,0.0,0.0,0.0,0.0,0.0
04-02-2016,115.35,500.0,0.0,0.0,0.0,0.0,0.0,0.0
05-02-2016,115.35,500.0,0.0,0.0,0.0,0.0,0.0,0.0
06-02-2016,115.35,500.0,0.0,0.0,0.0,0.0,0.0,0.0
07-02-2016,115.35,500.0,0.0,0.0,0.0,0.0,0.0,0.0
08-02-2016,115.35,500.0,0.0,0.0,0.0,0.0,0.0,0.0
09-02-2016,115.35,500.0,0.0,0.0,0.0,0.0,0.0,0.0
10-02-2016,115.35,500.0,0.0,0.0,0.0,0.0,0.0,0.0
11-02-2016,115.35,500.0,0.0,0.0,0.0,0.0,0.0,0.0
12-02-2016,115.35,500.0,0.0,0.0,0.0,0.0,0.0,0.0
13-02-2016,115.35,500.0,0.0,0.0,0.0,0.0,0.0,0.0
15-02-2016,115.35,500.0,0.0,0.0,0.0,0.0,0.0,0.0
16-02-2016,115.35,500.0,0.0,0.0,0.0,0.0,0.0,0.0
17-02-2016,115.35,500.0,0.0,0.0,0.0,0.0,0.0,0.0
18-02-2016,115.35,500.0,0.0,0.0,0.0,0.0,0.0,0.0
19-02-2016,115.35,500.0,0.0,0.0,0.0,0.0,0.0,0.0
20-02-2016,115.35,500.0,0.0,0.0,0.0,0.0,0.0,0.0
21-02-2016,115.35,500.0,0.0,0.0,0.0,0.0,0.0,0.0
22-02-2016,115.35,500.0,0.0,0.0,0.0,0.0,0.0,0.0
23-02-2016,115.35,500.0,0.0,0.0,0.0,0.0,0.0,0.0
24-02-2016,115.35,500.0,0.0,0.0,0.0,0.0,0.0,0.0
25-02-2016,115.35,500.0,0.0,0.0,0.0,0.0,0.0,0.0
26-02-2016,115.35,500.0,0.0,0.0,0.0,0.0,0.0,0.0
27-02-2016,115.35,500.0,0.0,0.0,0.0,0.0,0.0,0.0
28-02-2016,115.35,500.0,0.0,0.0,0.0,0.0,0.0,0.0
29-02-2016,115.35,500.0,0.0,0.0,0.0,0.0,0.0,0.0
01-03-2016,115.35,500.0,0.0,0.0,0.0,0.0,0.0,0.0
02-03-2016,115.35,500.0,0.0,0.0,0.0,0.0,0.0,0.0
03-03-2016,115.35,500.0,0.0,0.0,0.0,0.0,0.0,0.0
04-03-2016,115.35,500.0,0.0,0.0,0.0,0.0,0.0,0.0
05-03-2016,115.35,500.0,0.0,0.0,0.0,0.0,0.0,0.0
06-03-2016,115.35,500.0,0.0,0.0,0.0,0.0,0.0,0.0
07-03-2016,115.35,500.0,0.0,0.0,0.0,0.0,0.0,0.0
08-03-2016,115.35,500.0,0.0,0.0,0.0,0.0,0.0,0.0
09-03-2016,115.35,500.0,0.0,0.0,0.0,0.0,0.0,0.0
10-03-2016,115.35,500.0,0.0,0.0,0.0,0.0,0.0,0.0
11-03-2016,115.35,500.0,0.0,0.0,0.0,0.0,0.0,0.0
12-03-2016,115.35,500.0,0.0,0.0,0.0,0.0,0.0,0.0
13-03-2016,115.35,500.0,0.0,0.0,0.0,0.0,0.0,0.0
14-03-2016,115.35,500.0,0.0,0.0,0.0,0.0,0.0,0.0
15-03-2016,115.35,500.0,0.0,0.0,0.0,0.0,0.0,0.0
16-03-2016,115.35,500.0,0.0,0.0,0.0,0.0,0.0,0.0
17-03-2016,115.35,500.0,0.0,0.0,0.0,0.0,0.0,0.0
18-03-2016,115.35,500.0,0.0,0.0,0.0,0.0,0.0,0.0
19-03-2016,115.35,500.0,0.0,0.0,0.0,0.0,0.0,0.0
20-03-2016,115.35,500.0,0.0,0.0,0.0,0.0,0.0,0.0
21-03-2016,115.35,500.0,0.0,0.0,0.0,0.0,0.0,0.0
22-03-2016,115.35,500.0,0.0,0.0,0.0,0.0,0.0,0.0
23-03-2016,115.35,500.0,0.0,0.0,0.0,0.0,0.0,0.0
24-03-2016,115.35,500.0,0.0,0.0,0.0,0.0,0.0,0.0
26-03-2016,115.35,500.0,0.0,0.0,0.0,0.0,0.0,0.0
27-03-2016,115.35,500.0,0.0,0.0,0.0,0.0,0.0,0.0
28-03-2016,115.35,500.0,0.0,0.0,0.0,0.0,0.0,0.0
29-03-2016,115.35,500.0,0.0,0.0,0.0,0.0,0.0,0.0
30-03-2016,115.35,500.0,0.0,0.0,0.0,0.0,0.0,0.0
31-03-2016,115.35,500.0,0.0,0.0,0.0,0.0,0.0,0.0
01-04-2016,115.35,500.0,0.0,0.0,0.0,0.0,0.0,0.0
02-04-2016,115.35,500.0,0.0,0.0,0.0,0.0,0.0,0.0
03-04-2016,115.35,500.0,0.0,0.0,0.0,0.0,0.0,0.0
04-04-2016,115.35,500.0,0.0,0.0,0.0,0.0,0.0,0.0
05-04-2016,115.35,500.0,0.0,0.0,0.0,0.0,0.0,0.0
06-04-2016,115.35,500.0,0.0,0.0,0.0,0.0,0.0,0.0
07-04-2016,115.35,500.0,0.0,0.0,0.0,0.0,0.0,0.0
08-04-2016,115.35,500.0,0.0,0.0,0.0,0.0,0.0,0.0
09-04-2016,115.35,500.0,0.0,0.0,0.0,0.0,0.0,0.0
10-04-2016,115.35,500.0,0.0,0.0,0.0,0.0,0.0,0.0
11-04-2016,115.35,500.0,0.0,0.0,0.0,0.0,0.0,0.0
12-04-2016,115.35,500.0,0.0,0.0,0.0,0.0,0.0,0.0
13-04-2016,115.35,500.0,0.0,0.0,0.0,0.0,0.0,0.0
15-04-2016,115.35,500.0,0.0,0.0,0.0,0.0,0.0,0.0
16-04-2016,115.35,500.0,0.0,0.0,0.0,0.0,0.0,0.0
18-04-2016,115.35,500.0,0.0,0.0,0.0,0.0,0.0,0.0
20-04-2016,115.35,500.0,0.0,0.0,0.0,0.0,0.0,0.0
21-04-2016,115.35,500.0,0.0,0.0,0.0,0.0,0.0,0.0
22-04-2016,115.35,500.0,0.0,0.0,0.0,0.0,0.0,0.0
24-04-2016,115.35,500.0,0.0,0.0,0.0,0.0,0.0,0.0
25-04-2016,115.35,500.0,0.0,0.0,0.0,0.0,0.0,0.0
26-04-2016,115.35,500.0,0.0,0.0,0.0,0.0,0.0,0.0
27-04-2016,115.35,500.0,0.0,0.0,0.0,0.0,0.0,0.0
28-04-2016,115.35,500.0,0.0,0.0,0.0,0.0,0.0,0.0
29-04-2016,115.35,500.0,0.0,0.0,0.0,0.0,0.0,0.0
30-04-2016,115.35,500.0,0.0,0.0,0.0,0.0,0.0,0.0
01-05-2016,115.35,500.0,0.0,0.0,0.0,0.0,0.0,0.0
02-05-2016,115.35,500.0,0.0,0.0,0.0,0.0,0.0,0.0
03-05-2016,115.35,500.0,0.0,0.0,0.0,0.0,0.0,0.0
04-05-2016,115.35,500.0,0.0,0.0,0.0,0.0,0.0,0.0
05-05-2016,115.35,500.0,0.0,0.0,0.0,0.0,0.0,0.0
06-05-2016,115.35,500.0,0.0,0.0,0.0,0.0,0.0,0.0
07-05-2016,115.35,500.0,0.0,0.0,0.0,0.0,0.0,0.0
08-05-2016,115.35,500.0,0.0,0.0,0.0,0.0,0.0,0.0
09-05-2016,115.35,500.0,0.0,0.0,0.0,0.0,0.0,0.0
10-05-2016,115.35,500.0,0.0,0.0,0.0,0.0,0.0,0.0
11-05-2016,115.35,500.0,0.0,0.0,0.0,0.0,0.0,0.0
12-05-2016,115.35,500.0,0.0,0.0,0.0,0.0,0.0,0.0
13-05-2016,115.35,500.0,0.0,0.0,0.0,0.0,0.0,0.0
14-05-2016,115.35,500.0,0.0,0.0,0.0,0.0,0.0,0.0
15-05-2016,115.35,500.0,0.0,0.0,0.0,0.0,0.0,0.0
16-05-2016,115.35,500.0,0.0,0.0,0.0,0.0,0.0,0.0
17-05-2016,115.35,500.0,0.0,0.0,0.0,0.0,0.0,0.0
18-05-2016,115.35,500.0,0.0,0.0,0.0,0.0,0.0,0.0
19-05-2016,115.35,500.0,0.0,0.0,0.0,0.0,0.0,0.0
20-05-2016,115.35,500.0,0.0,0.0,0.0,0.0,0.0,0.0
21-05-2016,115.35,500.0,0.0,0.0,0.0,0.0,0.0,0.0
22-05-2016,115.35,500.0,0.0,0.0,0.0,0.0,0.0,0.0
23-05-2016,115.35,500.0,0.0,0.0,0.0,0.0,0.0,0.0
24-05-2016,115.35,500.0,0.0,0.0,0.0,0.0,0.0,0.0
25-05-2016,115.35,500.0,0.0,0.0,0.0,0.0,0.0,0.0
26-05-2016,115.35,500.0,0.0,0.0,0.0,0.0,0.0,0.0
27-05-2016,115.35,500.0,0.0,0.0,0.0,0.0,0.0,0.0
28-05-2016,115.35,500.0,0.0,0.0,0.0,0.0,0.0,0.0
29-05-2016,115.35,500.0,0.0,0.0,0.0,0.0,0.0,0.0
30-05-2016,115.35,500.0,0.0,0.0,0.0,0.0,0.0,0.0
31-05-2016,115.35,500.0,0.0,0.0,0.0,0.0,0.0,0.0
01-06-2016,115.35,500.0,0.0,0.0,0.0,0.0,0.0,0.0
02-06-2016,115.35,500.0,0.0,0.0,0.0,0.0,0.0,0.0
03-06-2016,115.35,500.0,0.0,0.0,0.0,0.0,0.0,0.0
04-06-2016,115.35,500.0,0.0,0.0,0.0,0.0,0.0,0.0
05-06-2016,115.35,500.0,0.0,0.0,0.0,0.0,0.0,0.0
06-06-2016,115.35,500.0,0.0,0.0,0.0,0.0,0.0,0.0
07-06-2016,115.35,500.0,0.0,0.0,0.0,0.0,0.0,0.0
08-06-2016,115.35,500.0,0.0,0.0,0.0,0.0,0.0,0.0
09-06-2016,115.35,500.0,0.0,0.0,0.0,0.0,0.0,0.0
10-06-2016,115.35,500.0,0.0,0.0,0.0,0.0,0.0,0.0
11-06-2016,115.35,500.0,0.0,0.0,0.0,0.0,0.0,0.0
12-06-2016,115.35,500.0,0.0,0.0,0.0,0.0,0.0,0.0
13-06-2016,115.35,500.0,0.0,0.0,0.0,0.0,0.0,0.0
14-06-2016,115.35,500.0,0.0,0.0,0.0,0.0,0.0,0.0
15-06-2016,115.35,500.0,0.0,0.0,0.0,0.0,0.0,0.0
16-06-2016,115.35,500.0,0.0,0.0,0.0,0.0,0.0,0.0
17-06-2016,115.35,500.0,0.0,0.0,0.0,0.0,0.0,0.0
18-06-2016,115.35,500.0,0.0,0.0,0.0,0.0,0.0,0.0
19-06-2016,115.35,500.0,0.0,0.0,0.0,0.0,0.0,0.0
20-06-2016,115.35,500.0,0.0,0.0,0.0,0.0,0.0,0.0
21-06-2016,115.35,500.0,0.0,0.0,0.0,0.0,0.0,0.0
22-06-2016,115.35,500.0,0.0,0.0,0.0,0.0,0.0,0.0
23-06-2016,115.35,500.0,0.0,0.0,0.0,0.0,0.0,0.0
24-06-2016,115.35,500.0,0.0,0.0,0.0,0.0,0.0,0.0
25-06-2016,115.35,500.0,0.0,0.0,0.0,0.0,0.0,0.0
26-06-2016,115.35,500.0,0.0,0.0,0.0,0.0,0.0,0.0
27-06-2016,115.35,500.0,0.0,0.0,0.0,0.0,0.0,0.0
28-06-2016,115.35,500.0,0.0,0.0,0.0,0.0,0.0,0.0
29-06-2016,115.35,500.0,0.0,0.0,0.0,0.0,0.0,0.0
30-06-2016,115.35,500.0,0.0,0.0,0.0,0.0,0.0,0.0
01-07-2016,115.35,500.0,0.0,0.0,0.0,0.0,0.0,0.0
02-07-2016,115.35,500.0,0.0,0.0,0.0,0.0,0.0,0.0
03-07-2016,115.35,500.0,0.0,0.0,0.0,0.0,0.0,0.0
04-07-2016,115.35,500.0,0.0,0.0,0.0,0.0,0.0,0.0
05-07-2016,115.35,500.0,0.0,0.0,0.0,0.0,0.0,0.0
06-07-2016,115.35,500.0,0.0,0.0,0.0,0.0,0.0,0.0
07-07-2016,115.35,500.0,0.0,0.0,0.0,0.0,0.0,0.0
08-07-2016,115.35,500.0,0.0,0.0,0.0,0.0,0.0,0.0
09-07-2016,115.35,500.0,0.0,0.0,0.0,0.0,0.0,0.0
10-07-2016,115.35,500.0,0.0,0.0,0.0,0.0,0.0,0.0
11-07-2016,115.35,500.0,0.0,0.0,0.0,0.0,0.0,0.0
12-07-2016,115.35,500.0,0.0,0.0,0.0,0.0,0.0,0.0
13-07-2016,115.35,500.0,0.0,0.0,0.0,0.0,0.0,0.0
14-07-2016,115.35,500.0,0.0,0.0,0.0,0.0,0.0,0.0
15-07-2016,115.35,500.0,0.0,0.0,0.0,0.0,0.0,0.0
16-07-2016,115.35,500.0,0.0,0.0,0.0,0.0,0.0,0.0
17-07-2016,115.35,500.0,0.0,0.0,0.0,0.0,0.0,0.0
18-07-2016,115.35,500.0,0.0,0.0,0.0,0.0,0.0,0.0
19-07-2016,115.35,500.0,0.0,0.0,0.0,0.0,0.0,0.0
20-07-2016,115.35,500.0,0.0,0.0,0.0,0.0,0.0,0.0
21-07-2016,115.35,500.0,0.0,0.0,0.0,0.0,0.0,0.0
22-07-2016,115.35,500.0,0.0,0.0,0.0,0.0,0.0,0.0
23-07-2016,115.35,500.0,0.0,0.0,0.0,0.0,0.0,0.0
24-07-2016,115.35,500.0,0.0,0.0,0.0,0.0,0.0,0.0
25-07-2016,115.35,500.0,0.0,0.0,0.0,0.0,0.0,0.0
26-07-2016,115.35,500.0,0.0,0.0,0.0,0.0,0.0,0.0
27-07-2016,115.35,500.0,0.0,0.0,0.0,0.0,0.0,0.0
28-07-2016,115.35,500.0,0.0,0.0,0.0,0.0,0.0,0.0
29-07-2016,115.35,500.0,0.0,0.0,0.0,0.0,0.0,0.0
30-07-2016,115.35,500.0,0.0,0.0,0.0,0.0,0.0,0.0
31-07-2016,115.35,500.0,0.0,0.0,0.0,0.0,0.0,0.0
01-08-2016,115.35,500.0,0.0,0.0,0.0,0.0,0.0,0.0
02-08-2016,115.35,500.0,0.0,0.0,0.0,0.0,0.0,0.0
03-08-2016,115.35,500.0,0.0,0.0,0.0,0.0,0.0,0.0
04-08-2016,115.35,500.0,0.0,0.0,0.0,0.0,0.0,0.0
05-08-2016,115.35,500.0,0.0,0.0,0.0,0.0,0.0,0.0
06-08-2016,115.35,500.0,0.0,0.0,0.0,0.0,0.0,0.0
07-08-2016,115.35,500.0,0.0,0.0,0.0,0.0,0.0,0.0
08-08-2016,115.35,500.0,0.0,0.0,0.0,0.0,0.0,0.0
09-08-2016,115.35,500.0,0.0,0.0,0.0,0.0,0.0,0.0
10-08-2016,115.35,500.0,0.0,0.0,0.0,0.0,0.0,0.0
11-08-2016,115.35,500.0,0.0,0.0,0.0,0.0,0.0,0.0
12-08-2016,115.35,500.0,0.0,0.0,0.0,0.0,0.0,0.0
13-08-2016,115.35,500.0,0.0,0.0,0.0,0.0,0.0,0.0
14-08-2016,115.35,500.0,0.0,0.0,0.0,0.0,0.0,0.0
15-08-2016,115.35,500.0,0.0,0.0,0.0,0.0,0.0,0.0
16-08-2016,115.35,500.0,0.0,0.0,0.0,0.0,0.0,0.0
17-08-2016,115.35,500.0,0.0,0.0,0.0,0.0,0.0,0.0
18-08-2016,115.35,500.0,0.0,0.0,0.0,0.0,0.0,0.0
19-08-2016,115.35,500.0,0.0,0.0,0.0,0.0,0.0,0.0
20-08-2016,115.35,500.0,0.0,0.0,0.0,0.0,0.0,0.0
21-08-2016,115.35,500.0,0.0,0.0,0.0,0.0,0.0,0.0
22-08-2016,115.35,500.0,0.0,0.0,0.0,0.0,0.0,0.0
23-08-2016,115.35,500.0,0.0,0.0,0.0,0.0,0.0,0.0
24-08-2016,115.35,500.0,0.0,0.0,0.0,0.0,0.0,0.0
25-08-2016,115.35,500.0,0.0,0.0,0.0,0.0,0.0,0.0
26-08-2016,115.35,500.0,0.0,0.0,0.0,0.0,0.0,0.0
27-08-2016,115.35,500.0,0.0,0.0,0.0,0.0,0.0,0.0
28-08-2016,115.35,500.0,0.0,0.0,0.0,0.0,0.0,0.0
29-08-2016,115.35,500.0,0.0,0.0,0.0,0.0,0.0,0.0
30-08-2016,115.35,500.0,0.0,0.0,0.0,0.0,0.0,0.0
31-08-2016,115.35,500.0,0.0,0.0,0.0,0.0,0.0,0.0
01-09-2016,115.35,500.0,0.0,0.0,0.0,0.0,0.0,0.0
02-09-2016,115.35,500.0,0.0,0.0,0.0,0.0,0.0,0.0
03-09-2016,115.35,500.0,0.0,0.0,0.0,0.0,0.0,0.0
04-09-2016,115.35,500.0,0.0,0.0,0.0,0.0,0.0,0.0
05-09-2016,115.35,500.0,0.0,0.0,0.0,0.0,0.0,0.0
06-09-2016,115.35,500.0,0.0,0.0,0.0,0.0,0.0,0.0
07-09-2016,115.35,500.0,0.0,0.0,0.0,0.0,0.0,0.0
08-09-2016,115.35,500.0,0.0,0.0,0.0,0.0,0.0,0.0
09-09-2016,115.35,500.0,0.0,0.0,0.0,0.0,0.0,0.0
10-09-2016,115.35,500.0,0.0,0.0,0.0,0.0,0.0,0.0
11-09-2016,115.35,500.0,0.0,0.0,0.0,0.0,0.0,0.0
12-09-2016,115.35,500.0,0.0,0.0,0.0,0.0,0.0,0.0
13-09-2016,115.35,500.0,0.0,0.0,0.0,0.0,0.0,0.0
14-09-2016,115.35,500.0,0.0,0.0,0.0,0.0,0.0,0.0
15-09-2016,115.35,500.0,0.0,0.0,0.0,0.0,0.0,0.0
16-09-2016,115.35,500.0,0.0,0.0,0.0,0.0,0.0,0.0
17-09-2016,115.35,500.0,0.0,0.0,0.0,0.0,0.0,0.0
18-09-2016,115.35,500.0,0.0,0.0,0.0,0.0,0.0,0.0
19-09-2016,115.35,500.0,0.0,0.0,0.0,0.0,0.0,0.0
20-09-2016,115.35,500.0,0.0,0.0,0.0,0.0,0.0,0.0
21-09-2016,115.35,500.0,0.0,0.0,0.0,0.0,0.0,0.0
22-09-2016,115.35,500.0,0.0,0.0,0.0,0.0,0.0,0.0
23-09-2016,115.35,500.0,0.0,0.0,0.0,0.0,0.0,0.0
24-09-2016,115.35,500.0,0.0,0.0,0.0,0.0,0.0,0.0
25-09-2016,115.35,500.0,0.0,0.0,0.0,0.0,0.0,0.0
26-09-2016,115.35,500.0,0.0,0.0,0.0,0.0,0.0,0.0
27-09-2016,115.35,500.0,0.0,0.0,0.0,0.0,0.0,0.0
28-09-2016,115.35,500.0,0.0,0.0,0.0,0.0,0.0,0.0
29-09-2016,115.35,500.0,0.0,0.0,0.0,0.0,0.0,0.0
30-09-2016,115.35,500.0,0.0,0.0,0.0,0.0,0.0,0.0
01-10-2016,115.35,500.0,0.0,0.0,0.0,0.0,0.0,0.0
02-10-2016,115.35,500.0,0.0,0.0,0.0,0.0,0.0,0.0
03-10-2016,115.35,500.0,0.0,0.0,0.0,0.0,0.0,0.0
04-10-2016,115.35,500.0,0.0,0.0,0.0,0.0,0.0,0.0
05-10-2016,115.35,500.0,0.0,0.0,0.0,0.0,0.0,0.0
06-10-2016,115.35,500.0,0.0,0.0,0.0,0.0,0.0,0.0
07-10-2016,115.35,500.0,0.0,0.0,0.0,0.0,0.0,0.0
08-10-2016,115.35,500.0,0.0,0.0,0.0,0.0,0.0,0.0
09-10-2016,115.35,500.0,0.0,0.0,0.0,0.0,0.0,0.0
10-10-2016,115.35,500.0,0.0,0.0,0.0,0.0,0.0,0.0
11-10-2016,115.35,500.0,0.0,0.0,0.0,0.0,0.0,0.0
12-10-2016,115.35,500.0,0.0,0.0,0.0,0.0,0.0,0.0
13-10-2016,115.35,500.0,0.0,0.0,0.0,0.0,0.0,0.0
14-10-2016,115.35,500.0,0.0,0.0,0.0,0.0,0.0,0.0
15-10-2016,115.35,500.0,0.0,0.0,0.0,0.0,0.0,0.0
16-10-2016,115.35,500.0,0.0,0.0,0.0,0.0,0.0,0.0
17-10-2016,115.35,500.0,0.0,0.0,0.0,0.0,0.0,0.0
18-10-2016,115.35,500.0,0.0,0.0,0.0,0.0,0.0,0.0
19-10-2016,115.35,500.0,0.0,0.0,0.0,0.0,0.0,0.0
20-10-2016,115.35,500.0,0.0,0.0,0.0,0.0,0.0,0.0
21-10-2016,115.35,500.0,0.0,0.0,0.0,0.0,0.0,0.0
22-10-2016,115.35,500.0,0.0,0.0,0.0,0.0,0.0,0.0
23-10-2016,115.35,500.0,0.0,0.0,0.0,0.0,0.0,0.0
24-10-2016,115.35,500.0,0.0,0.0,0.0,0.0,0.0,0.0
25-10-2016,115.35,500.0,0.0,0.0,0.0,0.0,0.0,0.0
26-10-2016,115.35,500.0,0.0,0.0,0.0,0.0,0.0,0.0
27-10-2016,115.35,500.0,0.0,0.0,0.0,0.0,0.0,0.0
28-10-2016,115.35,500.0,0.0,0.0,0.0,0.0,0.0,0.0
29-10-2016,115.35,500.0,0.0,0.0,0.0,0.0,0.0,0.0
30-10-2016,115.35,500.0,0.0,0.0,0.0,0.0,0.0,0.0
31-10-2016,115.35,500.0,0.0,0.0,0.0,0.0,0.0,0.0
01-11-2016,115.35,500.0,0.0,0.0,0.0,0.0,0.0,0.0
02-11-2016,115.35,500.0,0.0,0.0,0.0,0.0,0.0,0.0
03-11-2016,115.35,500.0,0.0,0.0,0.0,0.0,0.0,0.0
04-11-2016,115.35,500.0,0.0,0.0,0.0,0.0,0.0,0.0
05-11-2016,115.35,500.0,0.0,0.0,0.0,0.0,0.0,0.0
06-11-2016,115.35,500.0,0.0,0.0,0.0,0.0,0.0,0.0
07-11-2016,115.35,500.0,0.0,0.0,0.0,0.0,0.0,0.0
08-11-2016,115.35,500.0,0.0,0.0,0.0,0.0,0.0,0.0
09-11-2016,115.35,500.0,0.0,0.0,0.0,0.0,0.0,0.0
10-11-2016,115.35,500.0,0.0,0.0,0.0,0.0,0.0,0.0
11-11-2016,115.35,500.0,0.0,0.0,0.0,0.0,0.0,0.0
12-11-2016,115.35,500.0,0.0,0.0,0.0,0.0,0.0,0.0
13-11-2016,115.35,500.0,0.0,0.0,0.0,0.0,0.0,0.0
14-11-2016,115.35,500.0,0.0,0.0,0.0,0.0,0.0,0.0
15-11-2016,115.35,500.0,0.0,0.0,0.0,0.0,0.0,0.0
16-11-2016,115.35,500.0,0.0,0.0,0.0,0.0,0.0,0.0
17-11-2016,115.35,500.0,0.0,0.0,0.0,0.0,0.0,0.0
18-11-2016,115.35,500.0,0.0,0.0,0.0,0.0,0.0,0.0
19-11-2016,115.35,500.0,0.0,0.0,0.0,0.0,0.0,0.0
20-11-2016,115.35,500.0,0.0,0.0,0.0,0.0,0.0,0.0
21-11-2016,115.35,500.0,0.0,0.0,0.0,0.0,0.0,0.0
22-11-2016,115.35,500.0,0.0,0.0,0.0,0.0,0.0,0.0
23-11-2016,115.35,500.0,0.0,0.0,0.0,0.0,0.0,0.0
24-11-2016,115.35,500.0,0.0,0.0,0.0,0.0,0.0,0.0
25-11-2016,115.35,500.0,0.0,0.0,0.0,0.0,0.0,0.0
26-11-2016,115.35,500.0,0.0,0.0,0.0,0.0,0.0,0.0
27-11-2016,115.35,500.0,0.0,0.0,0.0,0.0,0.0,0.0
28-11-2016,115.35,500.0,0.0,0.0,0.0,0.0,0.0,0.0
29-11-2016,115.35,500.0,0.0,0.0,0.0,0.0,0.0,0.0
30-11-2016,115.35,500.0,0.0,0.0,0.0,0.0,0.0,0.0
01-12-2016,115.35,500.0,0.0,0.0,0.0,0.0,0.0,0.0
02-12-2016,115.35,500.0,0.0,0.0,0.0,0.0,0.0,0.0
03-12-2016,115.35,500.0,0.0,0.0,0.0,0.0,0.0,0.0
04-12-2016,115.35,500.0,0.0,0.0,0.0,0.0,0.0,0.0
05-12-2016,115.35,500.0,0.0,0.0,0.0,0.0,0.0,0.0
06-12-2016,115.35,500.0,0.0,0.0,0.0,0.0,0.0,0.0
07-12-2016,115.35,500.0,0.0,0.0,0.0,0.0,0.0,0.0
08-12-2016,115.35,500.0,0.0,0.0,0.0,0.0,0.0,0.0
09-12-2016,115.35,500.0,0.0,0.0,0.0,0.0,0.0,0.0
10-12-2016,115.35,500.0,0.0,0.0,0.0,0.0,0.0,0.0
11-12-2016,115.35,500.0,0.0,0.0,0.0,0.0,0.0,0.0
12-12-2016,115.35,500.0,0.0,0.0,0.0,0.0,0.0,0.0
13-12-2016,115.35,500.0,0.0,0.0,0.0,0.0,0.0,0.0
14-12-2016,115.35,500.0,0.0,0.0,0.0,0.0,0.0,0.0
15-12-2016,115.35,500.0,0.0,0.0,0.0,0.0,0.0,0.0
16-12-2016,115.35,500.0,0.0,0.0,0.0,0.0,0.0,0.0
18-12-2016,115.35,500.0,0.0,0.0,0.0,0.0,0.0,0.0
19-12-2016,115.35,500.0,0.0,0.0,0.0,0.0,0.0,0.0
20-12-2016,115.35,500.0,0.0,0.0,0.0,0.0,0.0,0.0
21-12-2016,115.35,500.0,0.0,0.0,0.0,0.0,0.0,0.0
22-12-2016,115.35,500.0,0.0,0.0,0.0,0.0,0.0,0.0
23-12-2016,115.35,500.0,0.0,0.0,0.0,0.0,0.0,0.0
24-12-2016,115.35,500.0,0.0,0.0,0.0,0.0,0.0,0.0
25-12-2016,115.35,500.0,0.0,0.0,0.0,0.0,0.0,0.0
26-12-2016,115.35,500.0,0.0,0.0,0.0,0.0,0.0,0.0
27-12-2016,115.35,500.0,0.0,0.0,0.0,0.0,0.0,0.0
28-12-2016,115.35,500.0,0.0,0.0,0.0,0.0,0.0,0.0
29-12-2016,115.35,500.0,0.0,0.0,0.0,0.0,0.0,0.0
30-12-2016,115.35,500.0,0.0,0.0,0.0,0.0,0.0,0.0
31-12-2016,115.35,500.0,0.0,0.0,0.0,0.0,0.0,0.0
01-01-2017,115.35,500.0,0.0,0.0,0.0,0.0,0.0,0.0
02-01-2017,115.35,500.0,0.0,0.0,0.0,0.0,0.0,0.0
03-01-2017,115.35,500.0,0.0,0.0,0.0,0.0,0.0,0.0
04-01-2017,115.35,500.0,0.0,0.0,0.0,0.0,0.0,0.0
05-01-2017,115.35,500.0,0.0,0.0,0.0,0.0,0.0,0.0
06-01-2017,115.35,500.0,0.0,0.0,0.0,0.0,0.0,0.0
07-01-2017,115.35,500.0,0.0,0.0,0.0,0.0,0.0,0.0
08-01-2017,115.35,500.0,0.0,0.0,0.0,0.0,0.0,0.0
09-01-2017,115.35,500.0,0.0,0.0,0.0,0.0,0.0,0.0
10-01-2017,115.35,500.0,0.0,0.0,0.0,0.0,0.0,0.0
11-01-2017,115.35,500.0,0.0,0.0,0.0,0.0,0.0,0.0
12-01-2017,115.35,500.0,0.0,0.0,0.0,0.0,0.0,0.0
13-01-2017,115.35,500.0,0.0,0.0,0.0,0.0,0.0,0.0
14-01-2017,115.35,500.0,0.0,0.0,0.0,0.0,0.0,0.0
15-01-2017,115.35,500.0,0.0,0.0,0.0,0.0,0.0,0.0
16-01-2017,115.35,500.0,0.0,0.0,0.0,0.0,0.0,0.0
17-01-2017,115.35,500.0,0.0,0.0,0.0,0.0,0.0,0.0
18-01-2017,115.35,500.0,0.0,0.0,0.0,0.0,0.0,0.0
19-01-2017,115.35,500.0,0.0,0.0,0.0,0.0,0.0,0.0
20-01-2017,115.35,500.0,0.0,0.0,0.0,0.0,0.0,0.0
21-01-2017,115.35,500.0,0.0,0.0,0.0,0.0,0.0,0.0
22-01-2017,115.35,500.0,0.0,0.0,0.0,0.0,0.0,0.0
23-01-2017,115.35,500.0,0.0,0.0,0.0,0.0,0.0,0.0
24-01-2017,115.35,500.0,0.0,0.0,0.0,0.0,0.0,0.0
25-01-2017,115.35,500.0,0.0,0.0,0.0,0.0,0.0,0.0
26-01-2017,115.35,500.0,0.0,0.0,0.0,0.0,0.0,0.0
27-01-2017,115.35,500.0,0.0,0.0,0.0,0.0,0.0,0.0
28-01-2017,115.35,500.0,0.0,0.0,0.0,0.0,0.0,0.0
29-01-2017,115.35,500.0,0.0,0.0,0.0,0.0,0.0,0.0
30-01-2017,115.35,500.0,0.0,0.0,0.0,0.0,0.0,0.0
31-01-2017,115.35,500.0,0.0,0.0,0.0,0.0,0.0,0.0
01-02-2017,115.35,500.0,0.0,0.0,0.0,0.0,0.0,0.0
02-02-2017,115.35,500.0,0.0,0.0,0.0,0.0,0.0,0.0
03-02-2017,115.35,500.0,0.0,0.0,0.0,0.0,0.0,0.0
06-02-2017,115.35,500.0,0.0,0.0,0.0,0.0,0.0,0.0
07-02-2017,115.35,500.0,0.0,0.0,0.0,0.0,0.0,0.0
08-02-2017,115.35,500.0,0.0,0.0,0.0,0.0,0.0,0.0
09-02-2017,115.35,500.0,0.0,0.0,0.0,0.0,0.0,0.0
10-02-2017,115.35,500.0,0.0,0.0,0.0,0.0,0.0,0.0
11-02-2017,115.35,500.0,0.0,0.0,0.0,0.0,0.0,0.0
12-02-2017,115.35,500.0,0.0,0.0,0.0,0.0,0.0,0.0
13-02-2017,115.35,500.0,0.0,0.0,0.0,0.0,0.0,0.0
14-02-2017,115.35,500.0,0.0,0.0,0.0,0.0,0.0,0.0
15-02-2017,115.35,500.0,0.0,0.0,0.0,0.0,0.0,0.0
16-02-2017,115.35,500.0,0.0,0.0,0.0,0.0,0.0,0.0
17-02-2017,115.35,500.0,0.0,0.0,0.0,0.0,0.0,0.0
19-02-2017,115.35,500.0,0.0,0.0,0.0,0.0,0.0,0.0
20-02-2017,115.35,500.0,0.0,0.0,0.0,0.0,0.0,0.0
21-02-2017,115.35,500.0,0.0,0.0,0.0,0.0,0.0,0.0
22-02-2017,115.35,500.0,0.0,0.0,0.0,0.0,0.0,0.0
23-02-2017,115.35,500.0,0.0,0.0,0.0,0.0,0.0,0.0
24-02-2017,115.35,500.0,0.0,0.0,0.0,0.0,0.0,0.0
25-02-2017,115.35,500.0,0.0,0.0,0.0,0.0,0.0,0.0
27-02-2017,115.35,500.0,0.0,0.0,0.0,0.0,0.0,0.0
28-02-2017,115.35,500.0,0.0,0.0,0.0,0.0,0.0,0.0
01-03-2017,115.35,500.0,0.0,0.0,0.0,0.0,0.0,0.0
02-03-2017,115.35,500.0,0.0,0.0,0.0,0.0,0.0,0.0
03-03-2017,115.35,500.0,0.0,0.0,0.0,0.0,0.0,0.0
04-03-2017,115.35,500.0,0.0,0.0,0.0,0.0,0.0,0.0
05-03-2017,115.35,500.0,0.0,0.0,0.0,0.0,0.0,0.0
06-03-2017,115.35,500.0,0.0,0.0,0.0,0.0,0.0,0.0
07-03-2017,115.35,500.0,0.0,0.0,0.0,0.0,0.0,0.0
08-03-2017,115.35,500.0,0.0,0.0,0.0,0.0,0.0,0.0
09-03-2017,115.35,500.0,0.0,0.0,0.0,0.0,0.0,0.0
10-03-2017,115.35,500.0,0.0,0.0,0.0,0.0,0.0,0.0
11-03-2017,115.35,500.0,0.0,0.0,0.0,0.0,0.0,0.0
12-03-2017,115.35,500.0,0.0,0.0,0.0,0.0,0.0,0.0
13-03-2017,115.35,500.0,0.0,0.0,0.0,0.0,0.0,0.0
14-03-2017,115.35,500.0,0.0,0.0,0.0,0.0,0.0,0.0
15-03-2017,115.35,500.0,0.0,0.0,0.0,0.0,0.0,0.0
16-03-2017,115.35,500.0,0.0,0.0,0.0,0.0,0.0,0.0
17-03-2017,115.35,500.0,0.0,0.0,0.0,0.0,0.0,0.0
18-03-2017,115.35,500.0,0.0,0.0,0.0,0.0,0.0,0.0
19-03-2017,115.35,500.0,0.0,0.0,0.0,0.0,0.0,0.0
20-03-2017,115.35,500.0,0.0,0.0,0.0,0.0,0.0,0.0
21-03-2017,115.35,500.0,0.0,0.0,0.0,0.0,0.0,0.0
22-03-2017,115.35,500.0,0.0,0.0,0.0,0.0,0.0,0.0
23-03-2017,115.35,500.0,0.0,0.0,0.0,0.0,0.0,0.0
24-03-2017,115.35,500.0,0.0,0.0,0.0,0.0,0.0,0.0
25-03-2017,115.35,500.0,0.0,0.0,0.0,0.0,0.0,0.0
26-03-2017,115.35,500.0,0.0,0.0,0.0,0.0,0.0,0.0
27-03-2017,115.35,500.0,0.0,0.0,0.0,0.0,0.0,0.0
28-03-2017,115.35,500.0,0.0,0.0,0.0,0.0,0.0,0.0
29-03-2017,115.35,500.0,0.0,0.0,0.0,0.0,0.0,0.0
30-03-2017,115.35,500.0,0.0,0.0,0.0,0.0,0.0,0.0
31-03-2017,115.35,500.0,0.0,0.0,0.0,0.0,0.0,0.0
01-04-2017,115.35,500.0,0.0,0.0,0.0,0.0,0.0,0.0
02-04-2017,115.35,500.0,0.0,0.0,0.0,0.0,0.0,0.0
03-04-2017,115.35,500.0,0.0,0.0,0.0,0.0,0.0,0.0
04-04-2017,115.35,500.0,0.0,0.0,0.0,0.0,0.0,0.0
05-04-2017,115.35,500.0,0.0,0.0,0.0,0.0,0.0,0.0
06-04-2017,115.35,500.0,0.0,0.0,0.0,0.0,0.0,0.0
07-04-2017,115.35,500.0,0.0,0.0,0.0,0.0,0.0,0.0
08-04-2017,115.35,500.0,0.0,0.0,0.0,0.0,0.0,0.0
09-04-2017,115.35,500.0,0.0,0.0,0.0,0.0,0.0,0.0
10-04-2017,115.35,500.0,0.0,0.0,0.0,0.0,0.0,0.0
11-04-2017,115.35,500.0,0.0,0.0,0.0,0.0,0.0,0.0
12-04-2017,115.35,500.0,0.0,0.0,0.0,0.0,0.0,0.0
13-04-2017,115.35,500.0,0.0,0.0,0.0,0.0,0.0,0.0
14-04-2017,115.35,500.0,0.0,0.0,0.0,0.0,0.0,0.0
15-04-2017,115.35,500.0,0.0,0.0,0.0,0.0,0.0,0.0
16-04-2017,115.35,500.0,0.0,0.0,0.0,0.0,0.0,0.0
17-04-2017,115.35,500.0,0.0,0.0,0.0,0.0,0.0,0.0
18-04-2017,115.35,500.0,0.0,0.0,0.0,0.0,0.0,0.0
19-04-2017,115.35,500.0,0.0,0.0,0.0,0.0,0.0,0.0
20-04-2017,115.35,500.0,0.0,0.0,0.0,0.0,0.0,0.0
21-04-2017,115.35,500.0,0.0,0.0,0.0,0.0,0.0,0.0
22-04-2017,115.35,500.0,0.0,0.0,0.0,0.0,0.0,0.0
23-04-2017,115.35,500.0,0.0,0.0,0.0,0.0,0.0,0.0
24-04-2017,115.35,500.0,0.0,0.0,0.0,0.0,0.0,0.0
25-04-2017,115.35,500.0,0.0,0.0,0.0,0.0,0.0,0.0
26-04-2017,115.35,500.0,0.0,0.0,0.0,0.0,0.0,0.0
27-04-2017,115.35,500.0,0.0,0.0,0.0,0.0,0.0,0.0
28-04-2017,115.35,500.0,0.0,0.0,0.0,0.0,0.0,0.0
29-04-2017,115.35,500.0,0.0,0.0,0.0,0.0,0.0,0.0
30-04-2017,115.35,500.0,0.0,0.0,0.0,0.0,0.0,0.0
01-05-2017,115.35,500.0,0.0,0.0,0.0,0.0,0.0,0.0
02-05-2017,115.35,500.0,0.0,0.0,0.0,0.0,0.0,0.0
03-05-2017,115.35,500.0,0.0,0.0,0.0,0.0,0.0,0.0
04-05-2017,115.35,500.0,0.0,0.0,0.0,0.0,0.0,0.0
05-05-2017,115.35,500.0,0.0,0.0,0.0,0.0,0.0,0.0
06-05-2017,115.35,500.0,0.0,0.0,0.0,0.0,0.0,0.0
07-05-2017,115.35,500.0,0.0,0.0,0.0,0.0,0.0,0.0
08-05-2017,115.35,500.0,0.0,0.0,0.0,0.0,0.0,0.0
09-05-2017,115.35,500.0,0.0,0.0,0.0,0.0,0.0,0.0
10-05-2017,115.35,500.0,0.0,0.0,0.0,0.0,0.0,0.0
11-05-2017,115.35,500.0,0.0,0.0,0.0,0.0,0.0,0.0
12-05-2017,115.35,500.0,0.0,0.0,0.0,0.0,0.0,0.0
13-05-2017,115.35,500.0,0.0,0.0,0.0,0.0,0.0,0.0
14-05-2017,115.35,500.0,0.0,0.0,0.0,0.0,0.0,0.0
15-05-2017,115.35,500.0,0.0,0.0,0.0,0.0,0.0,0.0
16-05-2017,115.35,500.0,0.0,0.0,0.0,0.0,0.0,0.0
17-05-2017,115.35,500.0,0.0,0.0,0.0,0.0,0.0,0.0
18-05-2017,115.35,500.0,0.0,0.0,0.0,0.0,0.0,0.0
19-05-2017,115.35,500.0,0.0,0.0,0.0,0.0,0.0,0.0
20-05-2017,115.35,500.0,0.0,0.0,0.0,0.0,0.0,0.0
21-05-2017,115.35,500.0,0.0,0.0,0.0,0.0,0.0,0.0
22-05-2017,115.35,500.0,0.0,0.0,0.0,0.0,0.0,0.0
23-05-2017,115.35,500.0,0.0,0.0,0.0,0.0,0.0,0.0
24-05-2017,115.35,500.0,0.0,0.0,0.0,0.0,0.0,0.0
25-05-2017,115.35,500.0,0.0,0.0,0.0,0.0,0.0,0.0
26-05-2017,115.35,500.0,0.0,0.0,0.0,0.0,0.0,0.0
27-05-2017,115.35,500.0,0.0,0.0,0.0,0.0,0.0,0.0
28-05-2017,115.35,500.0,0.0,0.0,0.0,0.0,0.0,0.0
29-05-2017,115.35,500.0,0.0,0.0,0.0,0.0,0.0,0.0
30-05-2017,115.35,500.0,0.0,0.0,0.0,0.0,0.0,0.0
31-05-2017,115.35,500.0,0.0,0.0,0.0,0.0,0.0,0.0
01-06-2017,115.35,500.0,0.0,0.0,0.0,0.0,0.0,0.0
02-06-2017,115.35,500.0,0.0,0.0,0.0,0.0,0.0,0.0
03-06-2017,115.35,500.0,0.0,0.0,0.0,0.0,0.0,0.0
04-06-2017,115.35,500.0,0.0,0.0,0.0,0.0,0.0,0.0
05-06-2017,115.35,500.0,0.0,0.0,0.0,0.0,0.0,0.0
06-06-2017,115.35,500.0,0.0,0.0,0.0,0.0,0.0,0.0
07-06-2017,115.35,500.0,0.0,0.0,0.0,0.0,0.0,0.0
08-06-2017,115.35,500.0,0.0,0.0,0.0,0.0,0.0,0.0
09-06-2017,115.35,500.0,0.0,0.0,0.0,0.0,0.0,0.0
10-06-2017,115.35,500.0,0.0,0.0,0.0,0.0,0.0,0.0
11-06-2017,115.35,500.0,0.0,0.0,0.0,0.0,0.0,0.0
12-06-2017,115.35,500.0,0.0,0.0,0.0,0.0,0.0,0.0
13-06-2017,115.35,500.0,0.0,0.0,0.0,0.0,0.0,0.0
14-06-2017,115.35,500.0,0.0,0.0,0.0,0.0,0.0,0.0
15-06-2017,115.35,500.0,0.0,0.0,0.0,0.0,0.0,0.0
16-06-2017,115.35,500.0,0.0,0.0,0.0,0.0,0.0,0.0
17-06-2017,115.35,500.0,0.0,0.0,0.0,0.0,0.0,0.0
18-06-2017,115.35,500.0,0.0,0.0,0.0,0.0,0.0,0.0
19-06-2017,115.35,500.0,0.0,0.0,0.0,0.0,0.0,0.0
20-06-2017,115.35,500.0,0.0,0.0,0.0,0.0,0.0,0.0
21-06-2017,115.35,500.0,0.0,0.0,0.0,0.0,0.0,0.0
22-06-2017,115.35,500.0,0.0,0.0,0.0,0.0,0.0,0.0
23-06-2017,115.35,500.0,0.0,0.0,0.0,0.0,0.0,0.0
24-06-2017,115.35,500.0,0.0,0.0,0.0,0.0,0.0,0.0
25-06-2017,115.35,500.0,0.0,0.0,0.0,0.0,0.0,0.0
26-06-2017,115.35,500.0,0.0,0.0,0.0,0.0,0.0,0.0
27-06-2017,115.35,500.0,0.0,0.0,0.0,0.0,0.0,0.0
28-06-2017,115.35,500.0,0.0,0.0,0.0,0.0,0.0,0.0
29-06-2017,115.35,500.0,0.0,0.0,0.0,0.0,0.0,0.0
30-06-2017,115.35,500.0,0.0,0.0,0.0,0.0,0.0,0.0
01-07-2017,115.35,500.0,0.0,0.0,0.0,0.0,0.0,0.0
02-07-2017,115.35,500.0,0.0,0.0,0.0,0.0,0.0,0.0
03-07-2017,115.35,500.0,0.0,0.0,0.0,0.0,0.0,0.0
04-07-2017,115.35,500.0,0.0,0.0,0.0,0.0,0.0,0.0
05-07-2017,115.35,500.0,0.0,0.0,0.0,0.0,0.0,0.0
06-07-2017,115.35,500.0,0.0,0.0,0.0,0.0,0.0,0.0
07-07-2017,115.35,500.0,0.0,0.0,0.0,0.0,0.0,0.0
08-07-2017,115.35,500.0,0.0,0.0,0.0,0.0,0.0,0.0
09-07-2017,115.35,500.0,0.0,0.0,0.0,0.0,0.0,0.0
10-07-2017,115.35,500.0,0.0,0.0,0.0,0.0,0.0,0.0
11-07-2017,115.35,500.0,0.0,0.0,0.0,0.0,0.0,0.0
12-07-2017,115.35,500.0,0.0,0.0,0.0,0.0,0.0,0.0
13-07-2017,115.35,500.0,0.0,0.0,0.0,0.0,0.0,0.0
14-07-2017,115.35,500.0,0.0,0.0,0.0,0.0,0.0,0.0
15-07-2017,115.35,500.0,0.0,0.0,0.0,0.0,0.0,0.0
16-07-2017,115.35,500.0,0.0,0.0,0.0,0.0,0.0,0.0
17-07-2017,115.35,500.0,0.0,0.0,0.0,0.0,0.0,0.0
18-07-2017,115.35,500.0,0.0,0.0,0.0,0.0,0.0,0.0
19-07-2017,115.35,500.0,0.0,0.0,0.0,0.0,0.0,0.0
20-07-2017,115.35,500.0,0.0,0.0,0.0,0.0,0.0,0.0
21-07-2017,115.35,500.0,0.0,0.0,0.0,0.0,0.0,0.0
22-07-2017,115.35,500.0,0.0,0.0,0.0,0.0,0.0,0.0
23-07-2017,115.35,500.0,0.0,0.0,0.0,0.0,0.0,0.0
24-07-2017,115.35,500.0,0.0,0.0,0.0,0.0,0.0,0.0
25-07-2017,115.35,500.0,0.0,0.0,0.0,0.0,0.0,0.0
26-07-2017,115.35,500.0,0.0,0.0,0.0,0.0,0.0,0.0
27-07-2017,115.35,500.0,0.0,0.0,0.0,0.0,0.0,0.0
28-07-2017,115.35,500.0,0.0,0.0,0.0,0.0,0.0,0.0
29-07-2017,115.35,500.0,0.0,0.0,0.0,0.0,0.0,0.0
30-07-2017,115.35,500.0,0.0,0.0,0.0,0.0,0.0,0.0
31-07-2017,115.35,500.0,0.0,0.0,0.0,0.0,0.0,0.0
01-08-2017,115.35,500.0,0.0,0.0,0.0,0.0,0.0,0.0
02-08-2017,115.35,500.0,0.0,0.0,0.0,0.0,0.0,0.0
03-08-2017,115.35,500.0,0.0,0.0,0.0,0.0,0.0,0.0
04-08-2017,115.35,500.0,0.0,0.0,0.0,0.0,0.0,0.0
05-08-2017,115.35,500.0,0.0,0.0,0.0,0.0,0.0,0.0
06-08-2017,115.35,500.0,0.0,0.0,0.0,0.0,0.0,0.0
07-08-2017,115.35,500.0,0.0,0.0,0.0,0.0,0.0,0.0
08-08-2017,115.35,500.0,0.0,0.0,0.0,0.0,0.0,0.0
09-08-2017,115.35,500.0,0.0,0.0,0.0,0.0,0.0,0.0
10-08-2017,115.35,500.0,0.0,0.0,0.0,0.0,0.0,0.0
11-08-2017,115.35,500.0,0.0,0.0,0.0,0.0,0.0,0.0
12-08-2017,115.35,500.0,0.0,0.0,0.0,0.0,0.0,0.0
13-08-2017,115.35,500.0,0.0,0.0,0.0,0.0,0.0,0.0
14-08-2017,115.35,500.0,0.0,0.0,0.0,0.0,0.0,0.0
15-08-2017,115.35,500.0,0.0,0.0,0.0,0.0,0.0,0.0
16-08-2017,115.35,500.0,0.0,0.0,0.0,0.0,0.0,0.0
17-08-2017,115.35,500.0,0.0,0.0,0.0,0.0,0.0,0.0
18-08-2017,115.35,500.0,0.0,0.0,0.0,0.0,0.0,0.0
19-08-2017,115.35,500.0,0.0,0.0,0.0,0.0,0.0,0.0
20-08-2017,115.35,500.0,0.0,0.0,0.0,0.0,0.0,0.0
21-08-2017,115.35,500.0,0.0,0.0,0.0,0.0,0.0,0.0
22-08-2017,115.35,500.0,0.0,0.0,0.0,0.0,0.0,0.0
23-08-2017,115.35,500.0,0.0,0.0,0.0,0.0,0.0,0.0
24-08-2017,115.35,500.0,0.0,0.0,0.0,0.0,0.0,0.0
25-08-2017,115.35,500.0,0.0,0.0,0.0,0.0,0.0,0.0
26-08-2017,115.35,500.0,0.0,0.0,0.0,0.0,0.0,0.0
27-08-2017,115.35,500.0,0.0,0.0,0.0,0.0,0.0,0.0
28-08-2017,115.35,500.0,0.0,0.0,0.0,0.0,0.0,0.0
29-08-2017,115.35,500.0,0.0,0.0,0.0,0.0,0.0,0.0
30-08-2017,115.35,500.0,0.0,0.0,0.0,0.0,0.0,0.0
31-08-2017,115.35,500.0,0.0,0.0,0.0,0.0,0.0,0.0
01-09-2017,115.35,500.0,0.0,0.0,0.0,0.0,0.0,0.0
02-09-2017,115.35,500.0,0.0,0.0,0.0,0.0,0.0,0.0
03-09-2017,115.35,500.0,0.0,0.0,0.0,0.0,0.0,0.0
04-09-2017,115.35,500.0,0.0,0.0,0.0,0.0,0.0,0.0
05-09-2017,115.35,500.0,0.0,0.0,0.0,0.0,0.0,0.0
06-09-2017,115.35,500.0,0.0,0.0,0.0,0.0,0.0,0.0
07-09-2017,115.35,500.0,0.0,0.0,0.0,0.0,0.0,0.0
08-09-2017,115.35,500.0,0.0,0.0,0.0,0.0,0.0,0.0
09-09-2017,115.35,500.0,0.0,0.0,0.0,0.0,0.0,0.0
10-09-2017,115.35,500.0,0.0,0.0,0.0,0.0,0.0,0.0
11-09-2017,115.35,500.0,0.0,0.0,0.0,0.0,0.0,0.0
12-09-2017,115.35,500.0,0.0,0.0,0.0,0.0,0.0,0.0
13-09-2017,115.35,500.0,0.0,0.0,0.0,0.0,0.0,0.0
14-09-2017,115.35,500.0,0.0,0.0,0.0,0.0,0.0,0.0
15-09-2017,115.35,500.0,0.0,0.0,0.0,0.0,0.0,0.0
16-09-2017,115.35,500.0,0.0,0.0,0.0,0.0,0.0,0.0
17-09-2017,115.35,500.0,0.0,0.0,0.0,0.0,0.0,0.0
18-09-2017,115.35,500.0,0.0,0.0,0.0,0.0,0.0,0.0
19-09-2017,115.35,500.0,0.0,0.0,0.0,0.0,0.0,0.0
20-09-2017,115.35,500.0,0.0,0.0,0.0,0.0,0.0,0.0
21-09-2017,115.35,500.0,0.0,0.0,0.0,0.0,0.0,0.0
22-09-2017,115.35,500.0,0.0,0.0,0.0,0.0,0.0,0.0
23-09-2017,115.35,500.0,0.0,0.0,0.0,0.0,0.0,0.0
24-09-2017,115.35,500.0,0.0,0.0,0.0,0.0,0.0,0.0
25-09-2017,115.35,500.0,0.0,0.0,0.0,0.0,0.0,0.0
26-09-2017,115.35,500.0,0.0,0.0,0.0,0.0,0.0,0.0
27-09-2017,115.35,500.0,0.0,0.0,0.0,0.0,0.0,0.0
28-09-2017,115.35,500.0,0.0,0.0,0.0,0.0,0.0,0.0
29-09-2017,115.35,500.0,0.0,0.0,0.0,0.0,0.0,0.0
30-09-2017,115.35,500.0,0.0,0.0,0.0,0.0,0.0,0.0
01-10-2017,115.35,500.0,0.0,0.0,0.0,0.0,0.0,0.0
02-10-2017,115.35,500.0,0.0,0.0,0.0,0.0,0.0,0.0
03-10-2017,115.35,500.0,0.0,0.0,0.0,0.0,0.0,0.0
04-10-2017,115.35,500.0,0.0,0.0,0.0,0.0,0.0,0.0
05-10-2017,115.35,500.0,0.0,0.0,0.0,0.0,0.0,0.0
06-10-2017,115.35,500.0,0.0,0.0,0.0,0.0,0.0,0.0
07-10-2017,115.35,500.0,0.0,0.0,0.0,0.0,0.0,0.0
08-10-2017,115.35,500.0,0.0,0.0,0.0,0.0,0.0,0.0
09-10-2017,115.35,500.0,0.0,0.0,0.0,0.0,0.0,0.0
10-10-2017,115.35,500.0,0.0,0.0,0.0,0.0,0.0,0.0
11-10-2017,115.35,500.0,0.0,0.0,0.0,0.0,0.0,0.0
12-10-2017,115.35,500.0,0.0,0.0,0.0,0.0,0.0,0.0
13-10-2017,115.35,500.0,0.0,0.0,0.0,0.0,0.0,0.0
14-10-2017,115.35,500.0,0.0,0.0,0.0,0.0,0.0,0.0
15-10-2017,115.35,500.0,0.0,0.0,0.0,0.0,0.0,0.0
16-10-2017,115.35,500.0,0.0,0.0,0.0,0.0,0.0,0.0
17-10-2017,115.35,500.0,0.0,0.0,0.0,0.0,0.0,0.0
18-10-2017,115.35,500.0,0.0,0.0,0.0,0.0,0.0,0.0
19-10-2017,115.35,500.0,0.0,0.0,0.0,0.0,0.0,0.0
20-10-2017,115.35,500.0,0.0,0.0,0.0,0.0,0.0,0.0
21-10-2017,115.35,500.0,0.0,0.0,0.0,0.0,0.0,0.0
22-10-2017,115.35,500.0,0.0,0.0,0.0,0.0,0.0,0.0
23-10-2017,115.35,500.0,0.0,0.0,0.0,0.0,0.0,0.0
24-10-2017,115.35,500.0,0.0,0.0,0.0,0.0,0.0,0.0
25-10-2017,115.35,500.0,0.0,0.0,0.0,0.0,0.0,0.0
26-10-2017,115.35,500.0,0.0,0.0,0.0,0.0,0.0,0.0
27-10-2017,115.35,500.0,0.0,0.0,0.0,0.0,0.0,0.0
28-10-2017,115.35,500.0,0.0,0.0,0.0,0.0,0.0,0.0
29-10-2017,115.35,500.0,0.0,0.0,0.0,0.0,0.0,0.0
30-10-2017,115.35,500.0,0.0,0.0,0.0,0.0,0.0,0.0
31-10-2017,115.35,500.0,0.0,0.0,0.0,0.0,0.0,0.0
01-11-2017,115.35,500.0,0.0,0.0,0.0,0.0,0.0,0.0
02-11-2017,115.35,500.0,0.0,0.0,0.0,0.0,0.0,0.0
03-11-2017,115.35,500.0,0.0,0.0,0.0,0.0,0.0,0.0
04-11-2017,115.35,500.0,0.0,0.0,0.0,0.0,0.0,0.0
05-11-2017,115.35,500.0,0.0,0.0,0.0,0.0,0.0,0.0
06-11-2017,115.35,500.0,0.0,0.0,0.0,0.0,0.0,0.0
07-11-2017,115.35,500.0,0.0,0.0,0.0,0.0,0.0,0.0
08-11-2017,115.35,500.0,0.0,0.0,0.0,0.0,0.0,0.0
09-11-2017,115.35,500.0,0.0,0.0,0.0,0.0,0.0,0.0
10-11-2017,115.35,500.0,0.0,0.0,0.0,0.0,0.0,0.0
11-11-2017,115.35,500.0,0.0,0.0,0.0,0.0,0.0,0.0
12-11-2017,115.35,500.0,0.0,0.0,0.0,0.0,0.0,0.0
13-11-2017,115.35,500.0,0.0,0.0,0.0,0.0,0.0,0.0
14-11-2017,115.35,500.0,0.0,0.0,0.0,0.0,0.0,0.0
15-11-2017,115.35,500.0,0.0,0.0,0.0,0.0,0.0,0.0
16-11-2017,115.35,500.0,0.0,0.0,0.0,0.0,0.0,0.0
17-11-2017,115.35,500.0,0.0,0.0,0.0,0.0,0.0,0.0
18-11-2017,115.35,500.0,0.0,0.0,0.0,0.0,0.0,0.0
19-11-2017,115.35,500.0,0.0,0.0,0.0,0.0,0.0,0.0
20-11-2017,115.35,500.0,0.0,0.0,0.0,0.0,0.0,0.0
21-11-2017,115.35,500.0,0.0,0.0,0.0,0.0,0.0,0.0
22-11-2017,115.35,500.0,0.0,0.0,0.0,0.0,0.0,0.0
23-11-2017,115.35,500.0,0.0,0.0,0.0,0.0,0.0,0.0
24-11-2017,115.35,500.0,0.0,0.0,0.0,0.0,0.0,0.0
25-11-2017,115.35,500.0,0.0,0.0,0.0,0.0,0.0,0.0
26-11-2017,115.35,500.0,0.0,0.0,0.0,0.0,0.0,0.0
27-11-2017,115.35,500.0,0.0,0.0,0.0,0.0,0.0,0.0
28-11-2017,115.35,500.0,0.0,0.0,0.0,0.0,0.0,0.0
29-11-2017,115.35,500.0,0.0,0.0,0.0,0.0,0.0,0.0
30-11-2017,115.35,500.0,0.0,0.0,0.0,0.0,0.0,0.0
01-12-2017,115.35,500.0,0.0,0.0,0.0,0.0,0.0,0.0
02-12-2017,115.35,500.0,0.0,0.0,0.0,0.0,0.0,0.0
03-12-2017,115.35,500.0,0.0,0.0,0.0,0.0,0.0,0.0
04-12-2017,115.35,500.0,0.0,0.0,0.0,0.0,0.0,0.0
05-12-2017,115.35,500.0,0.0,0.0,0.0,0.0,0.0,0.0
06-12-2017,115.35,500.0,0.0,0.0,0.0,0.0,0.0,0.0
07-12-2017,115.35,500.0,0.0,0.0,0.0,0.0,0.0,0.0
08-12-2017,115.35,500.0,0.0,0.0,0.0,0.0,0.0,0.0
09-12-2017,115.35,500.0,0.0,0.0,0.0,0.0,0.0,0.0
10-12-2017,115.35,500.0,0.0,0.0,0.0,0.0,0.0,0.0
11-12-2017,115.35,500.0,0.0,0.0,0.0,0.0,0.0,0.0
12-12-2017,115.35,500.0,0.0,0.0,0.0,0.0,0.0,0.0
13-12-2017,115.35,500.0,0.0,0.0,0.0,0.0,0.0,0.0
14-12-2017,115.35,500.0,0.0,0.0,0.0,0.0,0.0,0.0
15-12-2017,115.35,500.0,0.0,0.0,0.0,0.0,0.0,0.0
16-12-2017,115.35,500.0,0.0,0.0,0.0,0.0,0.0,0.0
17-12-2017,115.35,500.0,0.0,0.0,0.0,0.0,0.0,0.0
18-12-2017,115.35,500.0,0.0,0.0,0.0,0.0,0.0,0.0
19-12-2017,115.35,500.0,0.0,0.0,0.0,0.0,0.0,0.0
20-12-2017,115.35,500.0,0.0,0.0,0.0,0.0,0.0,0.0
21-12-2017,115.35,500.0,0.0,0.0,0.0,0.0,0.0,0.0
22-12-2017,115.35,500.0,0.0,0.0,0.0,0.0,0.0,0.0
23-12-2017,115.35,500.0,0.0,0.0,0.0,0.0,0.0,0.0
24-12-2017,115.35,500.0,0.0,0.0,0.0,0.0,0.0,0.0
25-12-2017,115.35,500.0,0.0,0.0,0.0,0.0,0.0,0.0
26-12-2017,115.35,500.0,0.0,0.0,0.0,0.0,0.0,0.0
27-12-2017,115.35,500.0,0.0,0.0,0.0,0.0,0.0,0.0
28-12-2017,115.35,500.0,0.0,0.0,0.0,0.0,0.0,0.0
29-12-2017,115.35,500.0,0.0,0.0,0.0,0.0,0.0,0.0
30-12-2017,115.35,500.0,0.0,0.0,0.0,0.0,0.0,0.0
31-12-2017,115.35,500.0,0.0,0.0,0.0,0.0,0.0,0.0
01-01-2018,115.35,500.0,0.0,0.0,0.0,0.0,0.0,0.0
02-01-2018,115.35,500.0,0.0,0.0,0.0,0.0,0.0,0.0
03-01-2018,115.35,500.0,0.0,0.0,0.0,0.0,0.0,0.0
04-01-2018,115.35,500.0,0.0,0.0,0.0,0.0,0.0,0.0
05-01-2018,115.35,500.0,0.0,0.0,0.0,0.0,0.0,0.0
06-01-2018,115.35,500.0,0.0,0.0,0.0,0.0,0.0,0.0
07-01-2018,115.35,500.0,0.0,0.0,0.0,0.0,0.0,0.0
08-01-2018,115.35,500.0,0.0,0.0,0.0,0.0,0.0,0.0
09-01-2018,115.35,500.0,0.0,0.0,0.0,0.0,0.0,0.0
10-01-2018,115.35,500.0,0.0,0.0,0.0,0.0,0.0,0.0
11-01-2018,115.35,500.0,0.0,0.0,0.0,0.0,0.0,0.0
12-01-2018,115.35,500.0,0.0,0.0,0.0,0.0,0.0,0.0
13-01-2018,115.35,500.0,0.0,0.0,0.0,0.0,0.0,0.0
14-01-2018,115.35,500.0,0.0,0.0,0.0,0.0,0.0,0.0
15-01-2018,115.35,500.0,0.0,0.0,0.0,0.0,0.0,0.0
16-01-2018,115.35,500.0,0.0,0.0,0.0,0.0,0.0,0.0
17-01-2018,115.35,500.0,0.0,0.0,0.0,0.0,0.0,0.0
18-01-2018,115.35,500.0,0.0,0.0,0.0,0.0,0.0,0.0
19-01-2018,115.35,500.0,0.0,0.0,0.0,0.0,0.0,0.0
20-01-2018,115.35,500.0,0.0,0.0,0.0,0.0,0.0,0.0
21-01-2018,115.35,500.0,0.0,0.0,0.0,0.0,0.0,0.0
22-01-2018,115.35,500.0,0.0,0.0,0.0,0.0,0.0,0.0
23-01-2018,115.35,500.0,0.0,0.0,0.0,0.0,0.0,0.0
24-01-2018,115.35,500.0,0.0,0.0,0.0,0.0,0.0,0.0
25-01-2018,115.35,500.0,0.0,0.0,0.0,0.0,0.0,0.0
26-01-2018,115.35,500.0,0.0,0.0,0.0,0.0,0.0,0.0
27-01-2018,115.35,500.0,0.0,0.0,0.0,0.0,0.0,0.0
28-01-2018,115.35,500.0,0.0,0.0,0.0,0.0,0.0,0.0
29-01-2018,115.35,500.0,0.0,0.0,0.0,0.0,0.0,0.0
30-01-2018,115.35,500.0,0.0,0.0,0.0,0.0,0.0,0.0
31-01-2018,115.35,500.0,0.0,0.0,0.0,0.0,0.0,0.0
01-02-2018,115.35,500.0,0.0,0.0,0.0,0.0,0.0,0.0
02-02-2018,115.35,500.0,0.0,0.0,0.0,0.0,0.0,0.0
03-02-2018,115.35,500.0,0.0,0.0,0.0,0.0,0.0,0.0
04-02-2018,115.35,500.0,0.0,0.0,0.0,0.0,0.0,0.0
05-02-2018,115.35,500.0,0.0,0.0,0.0,0.0,0.0,0.0
06-02-2018,115.35,500.0,0.0,0.0,0.0,0.0,0.0,0.0
07-02-2018,115.35,500.0,0.0,0.0,0.0,0.0,0.0,0.0
08-02-2018,115.35,500.0,0.0,0.0,0.0,0.0,0.0,0.0
09-02-2018,115.35,500.0,0.0,0.0,0.0,0.0,0.0,0.0
10-02-2018,115.35,500.0,0.0,0.0,0.0,0.0,0.0,0.0
11-02-2018,115.35,500.0,0.0,0.0,0.0,0.0,0.0,0.0
12-02-2018,115.35,500.0,0.0,0.0,0.0,0.0,0.0,0.0
13-02-2018,115.35,500.0,0.0,0.0,0.0,0.0,0.0,0.0
14-02-2018,115.35,500.0,0.0,0.0,0.0,0.0,0.0,0.0
15-02-2018,115.35,500.0,0.0,0.0,0.0,0.0,0.0,0.0
16-02-2018,115.35,500.0,0.0,0.0,0.0,0.0,0.0,0.0
17-02-2018,115.35,500.0,0.0,0.0,0.0,0.0,0.0,0.0
18-02-2018,115.35,500.0,0.0,0.0,0.0,0.0,0.0,0.0
19-02-2018,115.35,500.0,0.0,0.0,0.0,0.0,0.0,0.0
20-02-2018,115.35,500.0,0.0,0.0,0.0,0.0,0.0,0.0
21-02-2018,115.35,500.0,0.0,0.0,0.0,0.0,0.0,0.0
22-02-2018,115.35,500.0,0.0,0.0,0.0,0.0,0.0,0.0
23-02-2018,115.35,500.0,0.0,0.0,0.0,0.0,0.0,0.0
24-02-2018,115.35,500.0,0.0,0.0,0.0,0.0,0.0,0.0
25-02-2018,115.35,500.0,0.0,0.0,0.0,0.0,0.0,0.0
26-02-2018,115.35,500.0,0.0,0.0,0.0,0.0,0.0,0.0
27-02-2018,115.35,500.0,0.0,0.0,0.0,0.0,0.0,0.0
28-02-2018,115.35,500.0,0.0,0.0,0.0,0.0,0.0,0.0
01-03-2018,115.35,500.0,0.0,0.0,0.0,0.0,0.0,0.0
02-03-2018,115.35,500.0,0.0,0.0,0.0,0.0,0.0,0.0
03-03-2018,115.35,500.0,0.0,0.0,0.0,0.0,0.0,0.0
04-03-2018,115.35,500.0,0.0,0.0,0.0,0.0,0.0,0.0
05-03-2018,115.35,500.0,0.0,0.0,0.0,0.0,0.0,0.0
06-03-2018,115.35,500.0,0.0,0.0,0.0,0.0,0.0,0.0
07-03-2018,115.35,500.0,0.0,0.0,0.0,0.0,0.0,0.0
08-03-2018,115.35,500.0,0.0,0.0,0.0,0.0,0.0,0.0
09-03-2018,115.35,500.0,0.0,0.0,0.0,0.0,0.0,0.0
10-03-2018,115.35,500.0,0.0,0.0,0.0,0.0,0.0,0.0
11-03-2018,115.35,500.0,0.0,0.0,0.0,0.0,0.0,0.0
12-03-2018,115.35,500.0,0.0,0.0,0.0,0.0,0.0,0.0
13-03-2018,115.35,500.0,0.0,0.0,0.0,0.0,0.0,0.0
14-03-2018,115.35,500.0,0.0,0.0,0.0,0.0,0.0,0.0
15-03-2018,115.35,500.0,0.0,0.0,0.0,0.0,0.0,0.0
16-03-2018,115.35,500.0,0.0,0.0,0.0,0.0,0.0,0.0
17-03-2018,115.35,500.0,0.0,0.0,0.0,0.0,0.0,0.0
18-03-2018,115.35,500.0,0.0,0.0,0.0,0.0,0.0,0.0
19-03-2018,115.35,500.0,0.0,0.0,0.0,0.0,0.0,0.0
20-03-2018,115.35,500.0,0.0,0.0,0.0,0.0,0.0,0.0
21-03-2018,115.35,500.0,0.0,0.0,0.0,0.0,0.0,0.0
22-03-2018,115.35,500.0,0.0,0.0,0.0,0.0,0.0,0.0
23-03-2018,115.35,500.0,0.0,0.0,0.0,0.0,0.0,0.0
24-03-2018,115.35,500.0,0.0,0.0,0.0,0.0,0.0,0.0
25-03-2018,115.35,500.0,0.0,0.0,0.0,0.0,0.0,0.0
26-03-2018,115.35,500.0,0.0,0.0,0.0,0.0,0.0,0.0
27-03-2018,115.35,500.0,0.0,0.0,0.0,0.0,0.0,0.0
28-03-2018,115.35,500.0,0.0,0.0,0.0,0.0,0.0,0.0
29-03-2018,115.35,500.0,0.0,0.0,0.0,0.0,0.0,0.0
30-03-2018,115.35,500.0,0.0,0.0,0.0,0.0,0.0,0.0
31-03-2018,115.35,500.0,0.0,0.0,0.0,0.0,0.0,0.0
01-04-2018,115.35,500.0,0.0,0.0,0.0,0.0,0.0,0.0
02-04-2018,115.35,500.0,0.0,0.0,0.0,0.0,0.0,0.0
03-04-2018,115.35,500.0,0.0,0.0,0.0,0.0,0.0,0.0
04-04-2018,115.35,500.0,0.0,0.0,0.0,0.0,0.0,0.0
05-04-2018,115.35,500.0,0.0,0.0,0.0,0.0,0.0,0.0
06-04-2018,115.35,500.0,0.0,0.0,0.0,0.0,0.0,0.0
07-04-2018,115.35,500.0,0.0,0.0,0.0,0.0,0.0,0.0
08-04-2018,115.35,500.0,0.0,0.0,0.0,0.0,0.0,0.0
09-04-2018,115.35,500.0,0.0,0.0,0.0,0.0,0.0,0.0
10-04-2018,115.35,500.0,0.0,0.0,0.0,0.0,0.0,0.0
11-04-2018,115.35,500.0,0.0,0.0,0.0,0.0,0.0,0.0
12-04-2018,115.35,500.0,0.0,0.0,0.0,0.0,0.0,0.0
13-04-2018,115.35,500.0,0.0,0.0,0.0,0.0,0.0,0.0
14-04-2018,115.35,500.0,0.0,0.0,0.0,0.0,0.0,0.0
15-04-2018,115.35,500.0,0.0,0.0,0.0,0.0,0.0,0.0
16-04-2018,115.35,500.0,0.0,0.0,0.0,0.0,0.0,0.0
17-04-2018,115.35,500.0,0.0,0.0,0.0,0.0,0.0,0.0
18-04-2018,115.35,500.0,0.0,0.0,0.0,0.0,0.0,0.0
19-04-2018,115.35,500.0,0.0,0.0,0.0,0.0,0.0,0.0
20-04-2018,115.35,500.0,0.0,0.0,0.0,0.0,0.0,0.0
21-04-2018,115.35,500.0,0.0,0.0,0.0,0.0,0.0,0.0
22-04-2018,115.35,500.0,0.0,0.0,0.0,0.0,0.0,0.0
23-04-2018,115.35,500.0,0.0,0.0,0.0,0.0,0.0,0.0
24-04-2018,115.35,500.0,0.0,0.0,0.0,0.0,0.0,0.0
25-04-2018,115.35,500.0,0.0,0.0,0.0,0.0,0.0,0.0
26-04-2018,115.35,500.0,0.0,0.0,0.0,0.0,0.0,0.0
27-04-2018,115.35,500.0,0.0,0.0,0.0,0.0,0.0,0.0
28-04-2018,115.35,500.0,0.0,0.0,0.0,0.0,0.0,0.0
29-04-2018,115.35,500.0,0.0,0.0,0.0,0.0,0.0,0.0
30-04-2018,115.35,500.0,0.0,0.0,0.0,0.0,0.0,0.0
01-05-2018,115.35,500.0,0.0,0.0,0.0,0.0,0.0,0.0
02-05-2018,115.35,500.0,0.0,0.0,0.0,0.0,0.0,0.0
03-05-2018,115.35,500.0,0.0,0.0,0.0,0.0,0.0,0.0
04-05-2018,115.35,500.0,0.0,0.0,0.0,0.0,0.0,0.0
05-05-2018,115.35,500.0,0.0,0.0,0.0,0.0,0.0,0.0
06-05-2018,115.35,500.0,0.0,0.0,0.0,0.0,0.0,0.0
07-05-2018,115.35,500.0,0.0,0.0,0.0,0.0,0.0,0.0
08-05-2018,115.35,500.0,0.0,0.0,0.0,0.0,0.0,0.0
09-05-2018,115.35,500.0,0.0,0.0,0.0,0.0,0.0,0.0
10-05-2018,115.35,500.0,0.0,0.0,0.0,0.0,0.0,0.0
11-05-2018,115.35,500.0,0.0,0.0,0.0,0.0,0.0,0.0
12-05-2018,115.35,500.0,0.0,0.0,0.0,0.0,0.0,0.0
13-05-2018,115.35,500.0,0.0,0.0,0.0,0.0,0.0,0.0
14-05-2018,115.35,500.0,0.0,0.0,0.0,0.0,0.0,0.0
15-05-2018,115.35,500.0,0.0,0.0,0.0,0.0,0.0,0.0
16-05-2018,115.35,500.0,0.0,0.0,0.0,0.0,0.0,0.0
17-05-2018,115.35,500.0,0.0,0.0,0.0,0.0,0.0,0.0
18-05-2018,115.35,500.0,0.0,0.0,0.0,0.0,0.0,0.0
19-05-2018,115.35,500.0,0.0,0.0,0.0,0.0,0.0,0.0
20-05-2018,115.35,500.0,0.0,0.0,0.0,0.0,0.0,0.0
21-05-2018,115.35,500.0,0.0,0.0,0.0,0.0,0.0,0.0
22-05-2018,115.35,500.0,0.0,0.0,0.0,0.0,0.0,0.0
23-05-2018,115.35,500.0,0.0,0.0,0.0,0.0,0.0,0.0
24-05-2018,115.35,500.0,0.0,0.0,0.0,0.0,0.0,0.0
25-05-2018,115.35,500.0,0.0,0.0,0.0,0.0,0.0,0.0
26-05-2018,115.35,500.0,0.0,0.0,0.0,0.0,0.0,0.0
27-05-2018,115.35,500.0,0.0,0.0,0.0,0.0,0.0,0.0
28-05-2018,115.35,500.0,0.0,0.0,0.0,0.0,0.0,0.0
29-05-2018,115.35,500.0,0.0,0.0,0.0,0.0,0.0,0.0
30-05-2018,115.35,500.0,0.0,0.0,0.0,0.0,0.0,0.0
31-05-2018,115.35,500.0,0.0,0.0,0.0,0.0,0.0,0.0
01-06-2018,115.35,500.0,0.0,0.0,0.0,0.0,0.0,0.0
02-06-2018,115.35,500.0,0.0,0.0,0.0,0.0,0.0,0.0
03-06-2018,115.35,500.0,0.0,0.0,0.0,0.0,0.0,0.0
04-06-2018,115.35,500.0,0.0,0.0,0.0,0.0,0.0,0.0
05-06-2018,115.35,500.0,0.0,0.0,0.0,0.0,0.0,0.0
06-06-2018,115.35,500.0,0.0,0.0,0.0,0.0,0.0,0.0
07-06-2018,115.35,500.0,0.0,0.0,0.0,0.0,0.0,0.0
08-06-2018,115.35,500.0,0.0,0.0,0.0,0.0,0.0,0.0
09-06-2018,115.35,500.0,0.0,0.0,0.0,0.0,0.0,0.0
10-06-2018,115.35,500.0,0.0,0.0,0.0,0.0,0.0,0.0
11-06-2018,115.35,500.0,0.0,0.0,0.0,0.0,0.0,0.0
12-06-2018,115.35,500.0,0.0,0.0,0.0,0.0,0.0,0.0
13-06-2018,115.35,500.0,0.0,0.0,0.0,0.0,0.0,0.0
14-06-2018,115.35,500.0,0.0,0.0,0.0,0.0,0.0,0.0
15-06-2018,115.35,500.0,0.0,0.0,0.0,0.0,0.0,0.0
16-06-2018,115.35,500.0,0.0,0.0,0.0,0.0,0.0,0.0
17-06-2018,115.35,500.0,0.0,0.0,0.0,0.0,0.0,0.0
18-06-2018,115.35,500.0,0.0,0.0,0.0,0.0,0.0,0.0
19-06-2018,115.35,500.0,0.0,0.0,0.0,0.0,0.0,0.0
20-06-2018,115.35,500.0,0.0,0.0,0.0,0.0,0.0,0.0
21-06-2018,115.35,500.0,0.0,0.0,0.0,0.0,0.0,0.0
22-06-2018,115.35,500.0,0.0,0.0,0.0,0.0,0.0,0.0
23-06-2018,115.35,500.0,0.0,0.0,0.0,0.0,0.0,0.0
24-06-2018,115.35,500.0,0.0,0.0,0.0,0.0,0.0,0.0
25-06-2018,115.35,500.0,0.0,0.0,0.0,0.0,0.0,0.0
26-06-2018,115.35,500.0,0.0,0.0,0.0,0.0,0.0,0.0
27-06-2018,115.35,500.0,0.0,0.0,0.0,0.0,0.0,0.0
28-06-2018,115.35,500.0,0.0,0.0,0.0,0.0,0.0,0.0
29-06-2018,115.35,500.0,0.0,0.0,0.0,0.0,0.0,0.0
30-06-2018,115.35,500.0,0.0,0.0,0.0,0.0,0.0,0.0
01-07-2018,115.35,500.0,0.0,0.0,0.0,0.0,0.0,0.0
02-07-2018,115.35,500.0,0.0,0.0,0.0,0.0,0.0,0.0
03-07-2018,115.35,500.0,0.0,0.0,0.0,0.0,0.0,0.0
04-07-2018,115.35,500.0,0.0,0.0,0.0,0.0,0.0,0.0
05-07-2018,115.35,500.0,0.0,0.0,0.0,0.0,0.0,0.0
06-07-2018,115.35,500.0,0.0,0.0,0.0,0.0,0.0,0.0
07-07-2018,115.35,500.0,0.0,0.0,0.0,0.0,0.0,0.0
08-07-2018,115.35,500.0,0.0,0.0,0.0,0.0,0.0,0.0
09-07-2018,115.35,500.0,0.0,0.0,0.0,0.0,0.0,0.0
10-07-2018,115.35,500.0,0.0,0.0,0.0,0.0,0.0,0.0
11-07-2018,115.35,500.0,0.0,0.0,0.0,0.0,0.0,0.0
12-07-2018,115.35,500.0,0.0,0.0,0.0,0.0,0.0,0.0
13-07-2018,115.35,500.0,0.0,0.0,0.0,0.0,0.0,0.0
14-07-2018,115.35,500.0,0.0,0.0,0.0,0.0,0.0,0.0
15-07-2018,115.35,500.0,0.0,0.0,0.0,0.0,0.0,0.0
16-07-2018,115.35,500.0,0.0,0.0,0.0,0.0,0.0,0.0
17-07-2018,115.35,500.0,0.0,0.0,0.0,0.0,0.0,0.0
18-07-2018,115.35,500.0,0.0,0.0,0.0,0.0,0.0,0.0
19-07-2018,115.35,500.0,0.0,0.0,0.0,0.0,0.0,0.0
20-07-2018,115.35,500.0,0.0,0.0,0.0,0.0,0.0,0.0
21-07-2018,115.35,500.0,0.0,0.0,0.0,0.0,0.0,0.0
22-07-2018,115.35,500.0,0.0,0.0,0.0,0.0,0.0,0.0
23-07-2018,115.35,500.0,0.0,0.0,0.0,0.0,0.0,0.0
24-07-2018,115.35,500.0,0.0,0.0,0.0,0.0,0.0,0.0
25-07-2018,115.35,500.0,0.0,0.0,0.0,0.0,0.0,0.0
26-07-2018,115.35,500.0,0.0,0.0,0.0,0.0,0.0,0.0
27-07-2018,115.35,500.0,0.0,0.0,0.0,0.0,0.0,0.0
28-07-2018,115.35,500.0,0.0,0.0,0.0,0.0,0.0,0.0
29-07-2018,115.35,500.0,0.0,0.0,0.0,0.0,0.0,0.0
30-07-2018,115.35,500.0,0.0,0.0,0.0,0.0,0.0,0.0
31-07-2018,115.35,500.0,0.0,0.0,0.0,0.0,0.0,0.0
01-08-2018,115.35,500.0,0.0,0.0,0.0,0.0,0.0,0.0
02-08-2018,115.35,500.0,0.0,0.0,0.0,0.0,0.0,0.0
03-08-2018,115.35,500.0,0.0,0.0,0.0,0.0,0.0,0.0
04-08-2018,115.35,500.0,0.0,0.0,0.0,0.0,0.0,0.0
05-08-2018,115.35,500.0,0.0,0.0,0.0,0.0,0.0,0.0
06-08-2018,115.35,500.0,0.0,0.0,0.0,0.0,0.0,0.0
07-08-2018,115.35,500.0,0.0,0.0,0.0,0.0,0.0,0.0
08-08-2018,115.35,500.0,0.0,0.0,0.0,0.0,0.0,0.0
09-08-2018,115.35,500.0,0.0,0.0,0.0,0.0,0.0,0.0
10-08-2018,115.35,500.0,0.0,0.0,0.0,0.0,0.0,0.0
11-08-2018,115.35,500.0,0.0,0.0,0.0,0.0,0.0,0.0
12-08-2018,115.35,500.0,0.0,0.0,0.0,0.0,0.0,0.0
13-08-2018,115.35,500.0,0.0,0.0,0.0,0.0,0.0,0.0
14-08-2018,115.35,500.0,0.0,0.0,0.0,0.0,0.0,0.0
15-08-2018,115.35,500.0,0.0,0.0,0.0,0.0,0.0,0.0
16-08-2018,115.35,500.0,0.0,0.0,0.0,0.0,0.0,0.0
17-08-2018,115.35,500.0,0.0,0.0,0.0,0.0,0.0,0.0
18-08-2018,115.35,500.0,0.0,0.0,0.0,0.0,0.0,0.0
19-08-2018,115.35,500.0,0.0,0.0,0.0,0.0,0.0,0.0
20-08-2018,115.35,500.0,0.0,0.0,0.0,0.0,0.0,0.0
21-08-2018,115.35,500.0,0.0,0.0,0.0,0.0,0.0,0.0
22-08-2018,115.35,500.0,0.0,0.0,0.0,0.0,0.0,0.0
23-08-2018,115.35,500.0,0.0,0.0,0.0,0.0,0.0,0.0
24-08-2018,115.35,500.0,0.0,0.0,0.0,0.0,0.0,0.0
25-08-2018,115.35,500.0,0.0,0.0,0.0,0.0,0.0,0.0
26-08-2018,115.35,500.0,0.0,0.0,0.0,0.0,0.0,0.0
27-08-2018,115.35,500.0,0.0,0.0,0.0,0.0,0.0,0.0
28-08-2018,115.35,500.0,0.0,0.0,0.0,0.0,0.0,0.0
29-08-2018,115.35,500.0,0.0,0.0,0.0,0.0,0.0,0.0
30-08-2018,115.35,500.0,0.0,0.0,0.0,0.0,0.0,0.0
31-08-2018,115.35,500.0,0.0,0.0,0.0,0.0,0.0,0.0
01-09-2018,115.35,500.0,0.0,0.0,0.0,0.0,0.0,0.0
02-09-2018,115.35,500.0,0.0,0.0,0.0,0.0,0.0,0.0
03-09-2018,115.35,500.0,0.0,0.0,0.0,0.0,0.0,0.0
04-09-2018,115.35,500.0,0.0,0.0,0.0,0.0,0.0,0.0
05-09-2018,115.35,500.0,0.0,0.0,0.0,0.0,0.0,0.0
06-09-2018,115.35,500.0,0.0,0.0,0.0,0.0,0.0,0.0
07-09-2018,115.35,500.0,0.0,0.0,0.0,0.0,0.0,0.0
08-09-2018,115.35,500.0,0.0,0.0,0.0,0.0,0.0,0.0
09-09-2018,115.35,500.0,0.0,0.0,0.0,0.0,0.0,0.0
10-09-2018,115.35,500.0,0.0,0.0,0.0,0.0,0.0,0.0
11-09-2018,115.35,500.0,0.0,0.0,0.0,0.0,0.0,0.0
12-09-2018,115.35,500.0,0.0,0.0,0.0,0.0,0.0,0.0
13-09-2018,115.35,500.0,0.0,0.0,0.0,0.0,0.0,0.0
14-09-2018,115.35,500.0,0.0,0.0,0.0,0.0,0.0,0.0
15-09-2018,115.35,500.0,0.0,0.0,0.0,0.0,0.0,0.0
16-09-2018,115.35,500.0,0.0,0.0,0.0,0.0,0.0,0.0
17-09-2018,115.35,500.0,0.0,0.0,0.0,0.0,0.0,0.0
18-09-2018,115.35,500.0,0.0,0.0,0.0,0.0,0.0,0.0
19-09-2018,115.35,500.0,0.0,0.0,0.0,0.0,0.0,0.0
20-09-2018,115.35,500.0,0.0,0.0,0.0,0.0,0.0,0.0
21-09-2018,115.35,500.0,0.0,0.0,0.0,0.0,0.0,0.0
22-09-2018,115.35,500.0,0.0,0.0,0.0,0.0,0.0,0.0
23-09-2018,115.35,500.0,0.0,0.0,0.0,0.0,0.0,0.0
24-09-2018,115.35,500.0,0.0,0.0,0.0,0.0,0.0,0.0
25-09-2018,115.35,500.0,0.0,0.0,0.0,0.0,0.0,0.0
26-09-2018,115.35,500.0,0.0,0.0,0.0,0.0,0.0,0.0
27-09-2018,115.35,500.0,0.0,0.0,0.0,0.0,0.0,0.0
28-09-2018,115.35,500.0,0.0,0.0,0.0,0.0,0.0,0.0
29-09-2018,115.35,500.0,0.0,0.0,0.0,0.0,0.0,0.0
30-09-2018,115.35,500.0,0.0,0.0,0.0,0.0,0.0,0.0
01-10-2018,115.35,500.0,0.0,0.0,0.0,0.0,0.0,0.0
02-10-2018,115.35,500.0,0.0,0.0,0.0,0.0,0.0,0.0
03-10-2018,115.35,500.0,0.0,0.0,0.0,0.0,0.0,0.0
04-10-2018,115.35,500.0,0.0,0.0,0.0,0.0,0.0,0.0
05-10-2018,115.35,500.0,0.0,0.0,0.0,0.0,0.0,0.0
06-10-2018,115.35,500.0,0.0,0.0,0.0,0.0,0.0,0.0
07-10-2018,115.35,500.0,0.0,0.0,0.0,0.0,0.0,0.0
08-10-2018,115.35,500.0,0.0,0.0,0.0,0.0,0.0,0.0
09-10-2018,115.35,500.0,0.0,0.0,0.0,0.0,0.0,0.0
10-10-2018,115.35,500.0,0.0,0.0,0.0,0.0,0.0,0.0
11-10-2018,115.35,500.0,0.0,0.0,0.0,0.0,0.0,0.0
12-10-2018,115.35,500.0,0.0,0.0,0.0,0.0,0.0,0.0
13-10-2018,115.35,500.0,0.0,0.0,0.0,0.0,0.0,0.0
14-10-2018,115.35,500.0,0.0,0.0,0.0,0.0,0.0,0.0
15-10-2018,115.35,500.0,0.0,0.0,0.0,0.0,0.0,0.0
16-10-2018,115.35,500.0,0.0,0.0,0.0,0.0,0.0,0.0
17-10-2018,115.35,500.0,0.0,0.0,0.0,0.0,0.0,0.0
18-10-2018,115.35,500.0,0.0,0.0,0.0,0.0,0.0,0.0
19-10-2018,115.35,500.0,0.0,0.0,0.0,0.0,0.0,0.0
20-10-2018,115.35,500.0,0.0,0.0,0.0,0.0,0.0,0.0
21-10-2018,115.35,500.0,0.0,0.0,0.0,0.0,0.0,0.0
22-10-2018,115.35,500.0,0.0,0.0,0.0,0.0,0.0,0.0
23-10-2018,115.35,500.0,0.0,0.0,0.0,0.0,0.0,0.0
24-10-2018,115.35,500.0,0.0,0.0,0.0,0.0,0.0,0.0
25-10-2018,115.35,500.0,0.0,0.0,0.0,0.0,0.0,0.0
26-10-2018,115.35,500.0,0.0,0.0,0.0,0.0,0.0,0.0
27-10-2018,115.35,500.0,0.0,0.0,0.0,0.0,0.0,0.0
28-10-2018,115.35,500.0,0.0,0.0,0.0,0.0,0.0,0.0
29-10-2018,115.35,500.0,0.0,0.0,0.0,0.0,0.0,0.0
30-10-2018,115.35,500.0,0.0,0.0,0.0,0.0,0.0,0.0
31-10-2018,115.35,500.0,0.0,0.0,0.0,0.0,0.0,0.0
01-11-2018,115.35,500.0,0.0,0.0,0.0,0.0,0.0,0.0
02-11-2018,115.35,500.0,0.0,0.0,0.0,0.0,0.0,0.0
03-11-2018,115.35,500.0,0.0,0.0,0.0,0.0,0.0,0.0
04-11-2018,115.35,500.0,0.0,0.0,0.0,0.0,0.0,0.0
05-11-2018,115.35,500.0,0.0,0.0,0.0,0.0,0.0,0.0
06-11-2018,115.35,500.0,0.0,0.0,0.0,0.0,0.0,0.0
07-11-2018,115.35,500.0,0.0,0.0,0.0,0.0,0.0,0.0
08-11-2018,115.35,500.0,0.0,0.0,0.0,0.0,0.0,0.0
09-11-2018,115.35,500.0,0.0,0.0,0.0,0.0,0.0,0.0
10-11-2018,115.35,500.0,0.0,0.0,0.0,0.0,0.0,0.0
11-11-2018,115.35,500.0,0.0,0.0,0.0,0.0,0.0,0.0
12-11-2018,115.35,500.0,0.0,0.0,0.0,0.0,0.0,0.0
13-11-2018,115.35,500.0,0.0,0.0,0.0,0.0,0.0,0.0
14-11-2018,115.35,500.0,0.0,0.0,0.0,0.0,0.0,0.0
15-11-2018,115.35,500.0,0.0,0.0,0.0,0.0,0.0,0.0
16-11-2018,115.35,500.0,0.0,0.0,0.0,0.0,0.0,0.0
17-11-2018,115.35,500.0,0.0,0.0,0.0,0.0,0.0,0.0
18-11-2018,115.35,500.0,0.0,0.0,0.0,0.0,0.0,0.0
19-11-2018,115.35,500.0,0.0,0.0,0.0,0.0,0.0,0.0
20-11-2018,115.35,500.0,0.0,0.0,0.0,0.0,0.0,0.0
21-11-2018,115.35,500.0,0.0,0.0,0.0,0.0,0.0,0.0
22-11-2018,115.35,500.0,0.0,0.0,0.0,0.0,0.0,0.0
23-11-2018,115.35,500.0,0.0,0.0,0.0,0.0,0.0,0.0
24-11-2018,115.35,500.0,0.0,0.0,0.0,0.0,0.0,0.0
25-11-2018,115.35,500.0,0.0,0.0,0.0,0.0,0.0,0.0
26-11-2018,115.35,500.0,0.0,0.0,0.0,0.0,0.0,0.0
27-11-2018,115.35,500.0,0.0,0.0,0.0,0.0,0.0,0.0
28-11-2018,115.35,500.0,0.0,0.0,0.0,0.0,0.0,0.0
29-11-2018,115.35,500.0,0.0,0.0,0.0,0.0,0.0,0.0
30-11-2018,115.35,500.0,0.0,0.0,0.0,0.0,0.0,0.0
01-12-2018,115.35,500.0,0.0,0.0,0.0,0.0,0.0,0.0
02-12-2018,115.35,500.0,0.0,0.0,0.0,0.0,0.0,0.0
03-12-2018,115.35,500.0,0.0,0.0,0.0,0.0,0.0,0.0
04-12-2018,115.35,500.0,0.0,0.0,0.0,0.0,0.0,0.0
05-12-2018,115.35,500.0,0.0,0.0,0.0,0.0,0.0,0.0
06-12-2018,115.35,500.0,0.0,0.0,0.0,0.0,0.0,0.0
07-12-2018,115.35,500.0,0.0,0.0,0.0,0.0,0.0,0.0
08-12-2018,115.35,500.0,0.0,0.0,0.0,0.0,0.0,0.0
09-12-2018,115.35,500.0,0.0,0.0,0.0,0.0,0.0,0.0
10-12-2018,115.35,500.0,0.0,0.0,0.0,0.0,0.0,0.0
11-12-2018,115.35,500.0,0.0,0.0,0.0,0.0,0.0,0.0
12-12-2018,115.35,500.0,0.0,0.0,0.0,0.0,0.0,0.0
13-12-2018,115.35,500.0,0.0,0.0,0.0,0.0,0.0,0.0
14-12-2018,115.35,500.0,0.0,0.0,0.0,0.0,0.0,0.0
15-12-2018,115.35,500.0,0.0,0.0,0.0,0.0,0.0,0.0
16-12-2018,115.35,500.0,0.0,0.0,0.0,0.0,0.0,0.0
17-12-2018,115.35,500.0,0.0,0.0,0.0,0.0,0.0,0.0
18-12-2018,115.35,500.0,0.0,0.0,0.0,0.0,0.0,0.0
19-12-2018,115.35,500.0,0.0,0.0,0.0,0.0,0.0,0.0
20-12-2018,115.35,500.0,0.0,0.0,0.0,0.0,0.0,0.0
21-12-2018,115.35,500.0,0.0,0.0,0.0,0.0,0.0,0.0
22-12-2018,115.35,500.0,0.0,0.0,0.0,0.0,0.0,0.0
23-12-2018,115.35,500.0,0.0,0.0,0.0,0.0,0.0,0.0
24-12-2018,115.35,500.0,0.0,0.0,0.0,0.0,0.0,0.0
25-12-2018,115.35,500.0,0.0,0.0,0.0,0.0,0.0,0.0
26-12-2018,115.35,500.0,0.0,0.0,0.0,0.0,0.0,0.0
27-12-2018,115.35,500.0,0.0,0.0,0.0,0.0,0.0,0.0
28-12-2018,115.35,500.0,0.0,0.0,0.0,0.0,0.0,0.0
29-12-2018,115.35,500.0,0.0,0.0,0.0,0.0,0.0,0.0
30-12-2018,115.35,500.0,0.0,0.0,0.0,0.0,0.0,0.0
31-12-2018,115.35,500.0,0.0,0.0,0.0,0.0,0.0,0.0
01-01-2019,115.35,500.0,0.0,0.0,0.0,0.0,0.0,0.0
02-01-2019,115.35,500.0,0.0,0.0,0.0,0.0,0.0,0.0
03-01-2019,115.35,500.0,0.0,0.0,0.0,0.0,0.0,0.0
04-01-2019,115.35,500.0,0.0,0.0,0.0,0.0,0.0,0.0
05-01-2019,115.35,500.0,0.0,0.0,0.0,0.0,0.0,0.0
06-01-2019,115.35,500.0,0.0,0.0,0.0,0.0,0.0,0.0
07-01-2019,115.35,500.0,0.0,0.0,0.0,0.0,0.0,0.0
08-01-2019,115.35,500.0,0.0,0.0,0.0,0.0,0.0,0.0
09-01-2019,115.35,500.0,0.0,0.0,0.0,0.0,0.0,0.0
10-01-2019,115.35,500.0,0.0,0.0,0.0,0.0,0.0,0.0
11-01-2019,115.35,500.0,0.0,0.0,0.0,0.0,0.0,0.0
12-01-2019,115.35,500.0,0.0,0.0,0.0,0.0,0.0,0.0
13-01-2019,115.35,500.0,0.0,0.0,0.0,0.0,0.0,0.0
14-01-2019,115.35,500.0,0.0,0.0,0.0,0.0,0.0,0.0
15-01-2019,115.35,500.0,0.0,0.0,0.0,0.0,0.0,0.0
16-01-2019,115.35,500.0,0.0,0.0,0.0,0.0,0.0,0.0
17-01-2019,115.35,500.0,0.0,0.0,0.0,0.0,0.0,0.0
18-01-2019,115.35,500.0,0.0,0.0,0.0,0.0,0.0,0.0
19-01-2019,115.35,500.0,0.0,0.0,0.0,0.0,0.0,0.0
20-01-2019,115.35,500.0,0.0,0.0,0.0,0.0,0.0,0.0
21-01-2019,115.35,500.0,0.0,0.0,0.0,0.0,0.0,0.0
22-01-2019,115.35,500.0,0.0,0.0,0.0,0.0,0.0,0.0
23-01-2019,115.35,500.0,0.0,0.0,0.0,0.0,0.0,0.0
24-01-2019,115.35,500.0,0.0,0.0,0.0,0.0,0.0,0.0
25-01-2019,115.35,500.0,0.0,0.0,0.0,0.0,0.0,0.0
26-01-2019,115.35,500.0,0.0,0.0,0.0,0.0,0.0,0.0
27-01-2019,115.35,500.0,0.0,0.0,0.0,0.0,0.0,0.0
28-01-2019,115.35,500.0,0.0,0.0,0.0,0.0,0.0,0.0
29-01-2019,115.35,500.0,0.0,0.0,0.0,0.0,0.0,0.0
30-01-2019,115.35,500.0,0.0,0.0,0.0,0.0,0.0,0.0
31-01-2019,115.35,500.0,0.0,0.0,0.0,0.0,0.0,0.0
01-02-2019,115.35,500.0,0.0,0.0,0.0,0.0,0.0,0.0
02-02-2019,115.35,500.0,0.0,0.0,0.0,0.0,0.0,0.0
03-02-2019,115.35,500.0,0.0,0.0,0.0,0.0,0.0,0.0
04-02-2019,115.35,500.0,0.0,0.0,0.0,0.0,0.0,0.0
05-02-2019,115.35,500.0,0.0,0.0,0.0,0.0,0.0,0.0
06-02-2019,115.35,500.0,0.0,0.0,0.0,0.0,0.0,0.0
07-02-2019,115.35,500.0,0.0,0.0,0.0,0.0,0.0,0.0
08-02-2019,115.35,500.0,0.0,0.0,0.0,0.0,0.0,0.0
09-02-2019,115.35,500.0,0.0,0.0,0.0,0.0,0.0,0.0
10-02-2019,115.35,500.0,0.0,0.0,0.0,0.0,0.0,0.0
11-02-2019,115.35,500.0,0.0,0.0,0.0,0.0,0.0,0.0
12-02-2019,115.35,500.0,0.0,0.0,0.0,0.0,0.0,0.0
13-02-2019,115.35,500.0,0.0,0.0,0.0,0.0,0.0,0.0
14-02-2019,115.35,500.0,0.0,0.0,0.0,0.0,0.0,0.0
15-02-2019,115.35,500.0,0.0,0.0,0.0,0.0,0.0,0.0
16-02-2019,115.35,500.0,0.0,0.0,0.0,0.0,0.0,0.0
17-02-2019,115.35,500.0,0.0,0.0,0.0,0.0,0.0,0.0
18-02-2019,115.35,500.0,0.0,0.0,0.0,0.0,0.0,0.0
19-02-2019,115.35,500.0,0.0,0.0,0.0,0.0,0.0,0.0
20-02-2019,115.35,500.0,0.0,0.0,0.0,0.0,0.0,0.0
21-02-2019,115.35,500.0,0.0,0.0,0.0,0.0,0.0,0.0
22-02-2019,115.35,500.0,0.0,0.0,0.0,0.0,0.0,0.0
23-02-2019,115.35,500.0,0.0,0.0,0.0,0.0,0.0,0.0
24-02-2019,115.35,500.0,0.0,0.0,0.0,0.0,0.0,0.0
25-02-2019,115.35,500.0,0.0,0.0,0.0,0.0,0.0,0.0
26-02-2019,115.35,500.0,0.0,0.0,0.0,0.0,0.0,0.0
27-02-2019,115.35,500.0,0.0,0.0,0.0,0.0,0.0,0.0
28-02-2019,115.35,500.0,0.0,0.0,0.0,0.0,0.0,0.0
01-03-2019,115.35,500.0,0.0,0.0,0.0,0.0,0.0,0.0
02-03-2019,115.35,500.0,0.0,0.0,0.0,0.0,0.0,0.0
03-03-2019,115.35,500.0,0.0,0.0,0.0,0.0,0.0,0.0
04-03-2019,115.35,500.0,0.0,0.0,0.0,0.0,0.0,0.0
05-03-2019,115.35,500.0,0.0,0.0,0.0,0.0,0.0,0.0
06-03-2019,115.35,500.0,0.0,0.0,0.0,0.0,0.0,0.0
07-03-2019,115.35,500.0,0.0,0.0,0.0,0.0,0.0,0.0
08-03-2019,115.35,500.0,0.0,0.0,0.0,0.0,0.0,0.0
09-03-2019,115.35,500.0,0.0,0.0,0.0,0.0,0.0,0.0
10-03-2019,115.35,500.0,0.0,0.0,0.0,0.0,0.0,0.0
11-03-2019,115.35,500.0,0.0,0.0,0.0,0.0,0.0,0.0
12-03-2019,115.35,500.0,0.0,0.0,0.0,0.0,0.0,0.0
13-03-2019,115.35,500.0,0.0,0.0,0.0,0.0,0.0,0.0
14-03-2019,115.35,500.0,0.0,0.0,0.0,0.0,0.0,0.0
15-03-2019,115.35,500.0,0.0,0.0,0.0,0.0,0.0,0.0
16-03-2019,115.35,500.0,0.0,0.0,0.0,0.0,0.0,0.0
17-03-2019,115.35,500.0,0.0,0.0,0.0,0.0,0.0,0.0
18-03-2019,115.35,500.0,0.0,0.0,0.0,0.0,0.0,0.0
19-03-2019,115.35,500.0,0.0,0.0,0.0,0.0,0.0,0.0
21-03-2019,115.35,500.0,0.0,0.0,0.0,0.0,0.0,0.0
22-03-2019,115.35,500.0,0.0,0.0,0.0,0.0,0.0,0.0
23-03-2019,115.35,500.0,0.0,0.0,0.0,0.0,0.0,0.0
24-03-2019,115.35,500.0,0.0,0.0,0.0,0.0,0.0,0.0
25-03-2019,115.35,500.0,0.0,0.0,0.0,0.0,0.0,0.0
26-03-2019,115.35,500.0,0.0,0.0,0.0,0.0,0.0,0.0
27-03-2019,115.35,500.0,0.0,0.0,0.0,0.0,0.0,0.0
28-03-2019,115.35,500.0,0.0,0.0,0.0,0.0,0.0,0.0
29-03-2019,115.35,500.0,0.0,0.0,0.0,0.0,0.0,0.0
30-03-2019,115.35,500.0,0.0,0.0,0.0,0.0,0.0,0.0
01-04-2019,115.35,500.0,0.0,0.0,0.0,0.0,0.0,0.0
02-04-2019,115.35,500.0,0.0,0.0,0.0,0.0,0.0,0.0
03-04-2019,115.35,500.0,0.0,0.0,0.0,0.0,0.0,0.0
04-04-2019,115.35,500.0,0.0,0.0,0.0,0.0,0.0,0.0
05-04-2019,115.35,500.0,0.0,0.0,0.0,0.0,0.0,0.0
06-04-2019,115.35,500.0,0.0,0.0,0.0,0.0,0.0,0.0
07-04-2019,115.35,500.0,0.0,0.0,0.0,0.0,0.0,0.0
08-04-2019,115.35,500.0,0.0,0.0,0.0,0.0,0.0,0.0
09-04-2019,115.35,500.0,0.0,0.0,0.0,0.0,0.0,0.0
10-04-2019,115.35,500.0,0.0,0.0,0.0,0.0,0.0,0.0
11-04-2019,115.35,500.0,0.0,0.0,0.0,0.0,0.0,0.0
12-04-2019,115.35,500.0,0.0,0.0,0.0,0.0,0.0,0.0
13-04-2019,115.35,500.0,0.0,0.0,0.0,0.0,0.0,0.0
14-04-2019,115.35,500.0,0.0,0.0,0.0,0.0,0.0,0.0
15-04-2019,115.35,500.0,0.0,0.0,0.0,0.0,0.0,0.0
16-04-2019,115.35,500.0,0.0,0.0,0.0,0.0,0.0,0.0
17-04-2019,115.35,500.0,0.0,0.0,0.0,0.0,0.0,0.0
18-04-2019,115.35,500.0,0.0,0.0,0.0,0.0,0.0,0.0
19-04-2019,115.35,500.0,0.0,0.0,0.0,0.0,0.0,0.0
20-04-2019,115.35,500.0,0.0,0.0,0.0,0.0,0.0,0.0
21-04-2019,115.35,500.0,0.0,0.0,0.0,0.0,0.0,0.0
22-04-2019,115.35,500.0,0.0,0.0,0.0,0.0,0.0,0.0
23-04-2019,115.35,500.0,0.0,0.0,0.0,0.0,0.0,0.0
24-04-2019,115.35,500.0,0.0,0.0,0.0,0.0,0.0,0.0
25-04-2019,115.35,500.0,0.0,0.0,0.0,0.0,0.0,0.0
26-04-2019,115.35,500.0,0.0,0.0,0.0,0.0,0.0,0.0
27-04-2019,115.35,500.0,0.0,0.0,0.0,0.0,0.0,0.0
28-04-2019,115.35,500.0,0.0,0.0,0.0,0.0,0.0,0.0
29-04-2019,115.35,500.0,0.0,0.0,0.0,0.0,0.0,0.0
30-04-2019,115.35,500.0,0.0,0.0,0.0,0.0,0.0,0.0
01-05-2019,115.35,500.0,0.0,0.0,0.0,0.0,0.0,0.0
02-05-2019,115.35,500.0,0.0,0.0,0.0,0.0,0.0,0.0
03-05-2019,115.35,500.0,0.0,0.0,0.0,0.0,0.0,0.0
04-05-2019,115.35,500.0,0.0,0.0,0.0,0.0,0.0,0.0
05-05-2019,115.35,500.0,0.0,0.0,0.0,0.0,0.0,0.0
06-05-2019,115.35,500.0,0.0,0.0,0.0,0.0,0.0,0.0
07-05-2019,115.35,500.0,0.0,0.0,0.0,0.0,0.0,0.0
08-05-2019,115.35,500.0,0.0,0.0,0.0,0.0,0.0,0.0
09-05-2019,115.35,500.0,0.0,0.0,0.0,0.0,0.0,0.0
10-05-2019,115.35,500.0,0.0,0.0,0.0,0.0,0.0,0.0
11-05-2019,115.35,500.0,0.0,0.0,0.0,0.0,0.0,0.0
12-05-2019,115.35,500.0,0.0,0.0,0.0,0.0,0.0,0.0
13-05-2019,115.35,500.0,0.0,0.0,0.0,0.0,0.0,0.0
14-05-2019,115.35,500.0,0.0,0.0,0.0,0.0,0.0,0.0
15-05-2019,115.35,500.0,0.0,0.0,0.0,0.0,0.0,0.0
16-05-2019,115.35,500.0,0.0,0.0,0.0,0.0,0.0,0.0
17-05-2019,115.35,500.0,0.0,0.0,0.0,0.0,0.0,0.0
18-05-2019,115.35,500.0,0.0,0.0,0.0,0.0,0.0,0.0
19-05-2019,115.35,500.0,0.0,0.0,0.0,0.0,0.0,0.0
20-05-2019,115.35,500.0,0.0,0.0,0.0,0.0,0.0,0.0
21-05-2019,115.35,500.0,0.0,0.0,0.0,0.0,0.0,0.0
22-05-2019,115.35,500.0,0.0,0.0,0.0,0.0,0.0,0.0
23-05-2019,115.35,500.0,0.0,0.0,0.0,0.0,0.0,0.0
24-05-2019,115.35,500.0,0.0,0.0,0.0,0.0,0.0,0.0
25-05-2019,115.35,500.0,0.0,0.0,0.0,0.0,0.0,0.0
26-05-2019,115.35,500.0,0.0,0.0,0.0,0.0,0.0,0.0
27-05-2019,115.35,500.0,0.0,0.0,0.0,0.0,0.0,0.0
28-05-2019,115.35,500.0,0.0,0.0,0.0,0.0,0.0,0.0
29-05-2019,115.35,500.0,0.0,0.0,0.0,0.0,0.0,0.0
30-05-2019,115.35,500.0,0.0,0.0,0.0,0.0,0.0,0.0
31-05-2019,115.35,500.0,0.0,0.0,0.0,0.0,0.0,0.0
01-06-2019,115.35,500.0,0.0,0.0,0.0,0.0,0.0,0.0
02-06-2019,115.35,500.0,0.0,0.0,0.0,0.0,0.0,0.0
03-06-2019,115.35,500.0,0.0,0.0,0.0,0.0,0.0,0.0
04-06-2019,115.35,500.0,0.0,0.0,0.0,0.0,0.0,0.0
05-06-2019,115.35,500.0,0.0,0.0,0.0,0.0,0.0,0.0
06-06-2019,115.35,500.0,0.0,0.0,0.0,0.0,0.0,0.0
07-06-2019,115.35,500.0,0.0,0.0,0.0,0.0,0.0,0.0
08-06-2019,115.35,500.0,0.0,0.0,0.0,0.0,0.0,0.0
09-06-2019,115.35,500.0,0.0,0.0,0.0,0.0,0.0,0.0
10-06-2019,115.35,500.0,0.0,0.0,0.0,0.0,0.0,0.0
11-06-2019,115.35,500.0,0.0,0.0,0.0,0.0,0.0,0.0
12-06-2019,115.35,500.0,0.0,0.0,0.0,0.0,0.0,0.0
13-06-2019,115.35,500.0,0.0,0.0,0.0,0.0,0.0,0.0
14-06-2019,115.35,500.0,0.0,0.0,0.0,0.0,0.0,0.0
15-06-2019,115.35,500.0,0.0,0.0,0.0,0.0,0.0,0.0
16-06-2019,115.35,500.0,0.0,0.0,0.0,0.0,0.0,0.0
17-06-2019,115.35,500.0,0.0,0.0,0.0,0.0,0.0,0.0
18-06-2019,115.35,500.0,0.0,0.0,0.0,0.0,0.0,0.0
19-06-2019,115.35,500.0,0.0,0.0,0.0,0.0,0.0,0.0
20-06-2019,115.35,500.0,0.0,0.0,0.0,0.0,0.0,0.0
21-06-2019,115.35,500.0,0.0,0.0,0.0,0.0,0.0,0.0
22-06-2019,115.35,500.0,0.0,0.0,0.0,0.0,0.0,0.0
23-06-2019,115.35,500.0,0.0,0.0,0.0,0.0,0.0,0.0
24-06-2019,115.35,500.0,0.0,0.0,0.0,0.0,0.0,0.0
25-06-2019,115.35,500.0,0.0,0.0,0.0,0.0,0.0,0.0
26-06-2019,115.35,500.0,0.0,0.0,0.0,0.0,0.0,0.0
27-06-2019,115.35,500.0,0.0,0.0,0.0,0.0,0.0,0.0
28-06-2019,115.35,500.0,0.0,0.0,0.0,0.0,0.0,0.0
29-06-2019,115.35,500.0,0.0,0.0,0.0,0.0,0.0,0.0
30-06-2019,115.35,500.0,0.0,0.0,0.0,0.0,0.0,0.0
01-07-2019,115.35,500.0,0.0,0.0,0.0,0.0,0.0,0.0
02-07-2019,115.35,500.0,0.0,0.0,0.0,0.0,0.0,0.0
03-07-2019,115.35,500.0,0.0,0.0,0.0,0.0,0.0,0.0
04-07-2019,115.35,500.0,0.0,0.0,0.0,0.0,0.0,0.0
05-07-2019,115.35,500.0,0.0,0.0,0.0,0.0,0.0,0.0
06-07-2019,115.35,500.0,0.0,0.0,0.0,0.0,0.0,0.0
07-07-2019,115.35,500.0,0.0,0.0,0.0,0.0,0.0,0.0
08-07-2019,115.35,500.0,0.0,0.0,0.0,0.0,0.0,0.0
09-07-2019,115.35,500.0,0.0,0.0,0.0,0.0,0.0,0.0
10-07-2019,115.35,500.0,0.0,0.0,0.0,0.0,0.0,0.0
11-07-2019,115.35,500.0,0.0,0.0,0.0,0.0,0.0,0.0
12-07-2019,115.35,500.0,0.0,0.0,0.0,0.0,0.0,0.0
13-07-2019,115.35,500.0,0.0,0.0,0.0,0.0,0.0,0.0
14-07-2019,115.35,500.0,0.0,0.0,0.0,0.0,0.0,0.0
15-07-2019,115.35,500.0,0.0,0.0,0.0,0.0,0.0,0.0
16-07-2019,115.35,500.0,0.0,0.0,0.0,0.0,0.0,0.0
17-07-2019,115.35,500.0,0.0,0.0,0.0,0.0,0.0,0.0
18-07-2019,115.35,500.0,0.0,0.0,0.0,0.0,0.0,0.0
19-07-2019,115.35,500.0,0.0,0.0,0.0,0.0,0.0,0.0
20-07-2019,115.35,500.0,0.0,0.0,0.0,0.0,0.0,0.0
21-07-2019,115.35,500.0,0.0,0.0,0.0,0.0,0.0,0.0
22-07-2019,115.35,500.0,0.0,0.0,0.0,0.0,0.0,0.0
23-07-2019,115.35,500.0,0.0,0.0,0.0,0.0,0.0,0.0
24-07-2019,115.35,500.0,0.0,0.0,0.0,0.0,0.0,0.0
25-07-2019,115.35,500.0,0.0,0.0,0.0,0.0,0.0,0.0
26-07-2019,115.35,500.0,0.0,0.0,0.0,0.0,0.0,0.0
27-07-2019,115.35,500.0,0.0,0.0,0.0,0.0,0.0,0.0
28-07-2019,115.35,500.0,0.0,0.0,0.0,0.0,0.0,0.0
29-07-2019,115.35,500.0,0.0,0.0,0.0,0.0,0.0,0.0
30-07-2019,115.35,500.0,0.0,0.0,0.0,0.0,0.0,0.0
31-07-2019,115.35,500.0,0.0,0.0,0.0,0.0,0.0,0.0
01-08-2019,115.35,500.0,0.0,0.0,0.0,0.0,0.0,0.0
02-08-2019,115.35,500.0,0.0,0.0,0.0,0.0,0.0,0.0
03-08-2019,115.35,500.0,0.0,0.0,0.0,0.0,0.0,0.0
04-08-2019,115.35,500.0,0.0,0.0,0.0,0.0,0.0,0.0
05-08-2019,115.35,500.0,0.0,0.0,0.0,0.0,0.0,0.0
06-08-2019,115.35,500.0,0.0,0.0,0.0,0.0,0.0,0.0
07-08-2019,115.35,500.0,0.0,0.0,0.0,0.0,0.0,0.0
08-08-2019,115.35,500.0,0.0,0.0,0.0,0.0,0.0,0.0
09-08-2019,115.35,500.0,0.0,0.0,0.0,0.0,0.0,0.0
10-08-2019,115.35,500.0,0.0,0.0,0.0,0.0,0.0,0.0
11-08-2019,115.35,500.0,0.0,0.0,0.0,0.0,0.0,0.0
12-08-2019,115.35,500.0,0.0,0.0,0.0,0.0,0.0,0.0
13-08-2019,115.35,500.0,0.0,0.0,0.0,0.0,0.0,0.0
14-08-2019,115.35,500.0,0.0,0.0,0.0,0.0,0.0,0.0
15-08-2019,115.35,500.0,0.0,0.0,0.0,0.0,0.0,0.0
16-08-2019,115.35,500.0,0.0,0.0,0.0,0.0,0.0,0.0
17-08-2019,115.35,500.0,0.0,0.0,0.0,0.0,0.0,0.0
18-08-2019,115.35,500.0,0.0,0.0,0.0,0.0,0.0,0.0
19-08-2019,115.35,500.0,0.0,0.0,0.0,0.0,0.0,0.0
20-08-2019,115.35,500.0,0.0,0.0,0.0,0.0,0.0,0.0
21-08-2019,115.35,500.0,0.0,0.0,0.0,0.0,0.0,0.0
22-08-2019,115.35,500.0,0.0,0.0,0.0,0.0,0.0,0.0
23-08-2019,115.35,500.0,0.0,0.0,0.0,0.0,0.0,0.0
24-08-2019,115.35,500.0,0.0,0.0,0.0,0.0,0.0,0.0
25-08-2019,115.35,500.0,0.0,0.0,0.0,0.0,0.0,0.0
26-08-2019,115.35,500.0,0.0,0.0,0.0,0.0,0.0,0.0
27-08-2019,115.35,500.0,0.0,0.0,0.0,0.0,0.0,0.0
28-08-2019,115.35,500.0,0.0,0.0,0.0,0.0,0.0,0.0
29-08-2019,115.35,500.0,0.0,0.0,0.0,0.0,0.0,0.0
30-08-2019,115.35,500.0,0.0,0.0,0.0,0.0,0.0,0.0
31-08-2019,115.35,500.0,0.0,0.0,0.0,0.0,0.0,0.0
01-09-2019,115.35,500.0,0.0,0.0,0.0,0.0,0.0,0.0
02-09-2019,115.35,500.0,0.0,0.0,0.0,0.0,0.0,0.0
03-09-2019,115.35,500.0,0.0,0.0,0.0,0.0,0.0,0.0
04-09-2019,115.35,500.0,0.0,0.0,0.0,0.0,0.0,0.0
05-09-2019,115.35,500.0,0.0,0.0,0.0,0.0,0.0,0.0
06-09-2019,115.35,500.0,0.0,0.0,0.0,0.0,0.0,0.0
07-09-2019,115.35,500.0,0.0,0.0,0.0,0.0,0.0,0.0
08-09-2019,115.35,500.0,0.0,0.0,0.0,0.0,0.0,0.0
09-09-2019,115.35,500.0,0.0,0.0,0.0,0.0,0.0,0.0
10-09-2019,115.35,500.0,0.0,0.0,0.0,0.0,0.0,0.0
11-09-2019,115.35,500.0,0.0,0.0,0.0,0.0,0.0,0.0
12-09-2019,115.35,500.0,0.0,0.0,0.0,0.0,0.0,0.0
13-09-2019,115.35,500.0,0.0,0.0,0.0,0.0,0.0,0.0
14-09-2019,115.35,500.0,0.0,0.0,0.0,0.0,0.0,0.0
15-09-2019,115.35,500.0,0.0,0.0,0.0,0.0,0.0,0.0
16-09-2019,115.35,500.0,0.0,0.0,0.0,0.0,0.0,0.0
17-09-2019,115.35,500.0,0.0,0.0,0.0,0.0,0.0,0.0
18-09-2019,115.35,500.0,0.0,0.0,0.0,0.0,0.0,0.0
19-09-2019,115.35,500.0,0.0,0.0,0.0,0.0,0.0,0.0
20-09-2019,115.35,500.0,0.0,0.0,0.0,0.0,0.0,0.0
21-09-2019,115.35,500.0,0.0,0.0,0.0,0.0,0.0,0.0
22-09-2019,115.35,500.0,0.0,0.0,0.0,0.0,0.0,0.0
23-09-2019,115.35,500.0,0.0,0.0,0.0,0.0,0.0,0.0
24-09-2019,115.35,500.0,0.0,0.0,0.0,0.0,0.0,0.0
25-09-2019,115.35,500.0,0.0,0.0,0.0,0.0,0.0,0.0
26-09-2019,115.35,500.0,0.0,0.0,0.0,0.0,0.0,0.0
27-09-2019,115.35,500.0,0.0,0.0,0.0,0.0,0.0,0.0
28-09-2019,115.35,500.0,0.0,0.0,0.0,0.0,0.0,0.0
29-09-2019,115.35,500.0,0.0,0.0,0.0,0.0,0.0,0.0
30-09-2019,115.35,500.0,0.0,0.0,0.0,0.0,0.0,0.0
01-10-2019,115.35,500.0,0.0,0.0,0.0,0.0,0.0,0.0
02-10-2019,115.35,500.0,0.0,0.0,0.0,0.0,0.0,0.0
03-10-2019,115.35,500.0,0.0,0.0,0.0,0.0,0.0,0.0
04-10-2019,115.35,500.0,0.0,0.0,0.0,0.0,0.0,0.0
05-10-2019,115.35,500.0,0.0,0.0,0.0,0.0,0.0,0.0
06-10-2019,115.35,500.0,0.0,0.0,0.0,0.0,0.0,0.0
07-10-2019,115.35,500.0,0.0,0.0,0.0,0.0,0.0,0.0
08-10-2019,115.35,500.0,0.0,0.0,0.0,0.0,0.0,0.0
09-10-2019,115.35,500.0,0.0,0.0,0.0,0.0,0.0,0.0
10-10-2019,115.35,500.0,0.0,0.0,0.0,0.0,0.0,0.0
11-10-2019,115.35,500.0,0.0,0.0,0.0,0.0,0.0,0.0
12-10-2019,115.35,500.0,0.0,0.0,0.0,0.0,0.0,0.0
13-10-2019,115.35,500.0,0.0,0.0,0.0,0.0,0.0,0.0
14-10-2019,115.35,500.0,0.0,0.0,0.0,0.0,0.0,0.0
15-10-2019,115.35,500.0,0.0,0.0,0.0,0.0,0.0,0.0
16-10-2019,115.35,500.0,0.0,0.0,0.0,0.0,0.0,0.0
17-10-2019,115.35,500.0,0.0,0.0,0.0,0.0,0.0,0.0
18-10-2019,115.35,500.0,0.0,0.0,0.0,0.0,0.0,0.0
19-10-2019,115.35,500.0,0.0,0.0,0.0,0.0,0.0,0.0
20-10-2019,115.35,500.0,0.0,0.0,0.0,0.0,0.0,0.0
21-10-2019,115.35,500.0,0.0,0.0,0.0,0.0,0.0,0.0
22-10-2019,115.35,500.0,0.0,0.0,0.0,0.0,0.0,0.0
23-10-2019,115.35,500.0,0.0,0.0,0.0,0.0,0.0,0.0
24-10-2019,115.35,500.0,0.0,0.0,0.0,0.0,0.0,0.0
25-10-2019,115.35,500.0,0.0,0.0,0.0,0.0,0.0,0.0
26-10-2019,115.35,500.0,0.0,0.0,0.0,0.0,0.0,0.0
27-10-2019,115.35,500.0,0.0,0.0,0.0,0.0,0.0,0.0
28-10-2019,115.35,500.0,0.0,0.0,0.0,0.0,0.0,0.0
29-10-2019,115.35,500.0,0.0,0.0,0.0,0.0,0.0,0.0
30-10-2019,115.35,500.0,0.0,0.0,0.0,0.0,0.0,0.0
31-10-2019,115.35,500.0,0.0,0.0,0.0,0.0,0.0,0.0
01-11-2019,115.35,500.0,0.0,0.0,0.0,0.0,0.0,0.0
02-11-2019,115.35,500.0,0.0,0.0,0.0,0.0,0.0,0.0
03-11-2019,115.35,500.0,0.0,0.0,0.0,0.0,0.0,0.0
04-11-2019,115.35,500.0,0.0,0.0,0.0,0.0,0.0,0.0
05-11-2019,115.35,500.0,0.0,0.0,0.0,0.0,0.0,0.0
06-11-2019,115.35,500.0,0.0,0.0,0.0,0.0,0.0,0.0
07-11-2019,115.35,500.0,0.0,0.0,0.0,0.0,0.0,0.0
08-11-2019,115.35,500.0,0.0,0.0,0.0,0.0,0.0,0.0
09-11-2019,115.35,500.0,0.0,0.0,0.0,0.0,0.0,0.0
10-11-2019,115.35,500.0,0.0,0.0,0.0,0.0,0.0,0.0
11-11-2019,115.35,500.0,0.0,0.0,0.0,0.0,0.0,0.0
12-11-2019,115.35,500.0,0.0,0.0,0.0,0.0,0.0,0.0
13-11-2019,115.35,500.0,0.0,0.0,0.0,0.0,0.0,0.0
14-11-2019,115.35,500.0,0.0,0.0,0.0,0.0,0.0,0.0
15-11-2019,115.35,500.0,0.0,0.0,0.0,0.0,0.0,0.0
16-11-2019,115.35,500.0,0.0,0.0,0.0,0.0,0.0,0.0
17-11-2019,115.35,500.0,0.0,0.0,0.0,0.0,0.0,0.0
18-11-2019,115.35,500.0,0.0,0.0,0.0,0.0,0.0,0.0
19-11-2019,115.35,500.0,0.0,0.0,0.0,0.0,0.0,0.0
20-11-2019,115.35,500.0,0.0,0.0,0.0,0.0,0.0,0.0
21-11-2019,115.35,500.0,0.0,0.0,0.0,0.0,0.0,0.0
22-11-2019,115.35,500.0,0.0,0.0,0.0,0.0,0.0,0.0
23-11-2019,115.35,500.0,0.0,0.0,0.0,0.0,0.0,0.0
24-11-2019,115.35,500.0,0.0,0.0,0.0,0.0,0.0,0.0
25-11-2019,115.35,500.0,0.0,0.0,0.0,0.0,0.0,0.0
26-11-2019,115.35,500.0,0.0,0.0,0.0,0.0,0.0,0.0
27-11-2019,115.35,500.0,0.0,0.0,0.0,0.0,0.0,0.0
28-11-2019,115.35,500.0,0.0,0.0,0.0,0.0,0.0,0.0
29-11-2019,115.35,500.0,0.0,0.0,0.0,0.0,0.0,0.0
30-11-2019,115.35,500.0,0.0,0.0,0.0,0.0,0.0,0.0
01-12-2019,115.35,500.0,0.0,0.0,0.0,0.0,0.0,0.0
02-12-2019,115.35,500.0,0.0,0.0,0.0,0.0,0.0,0.0
03-12-2019,115.35,500.0,0.0,0.0,0.0,0.0,0.0,0.0
04-12-2019,115.35,500.0,0.0,0.0,0.0,0.0,0.0,0.0
05-12-2019,115.35,500.0,0.0,0.0,0.0,0.0,0.0,0.0
06-12-2019,115.35,500.0,0.0,0.0,0.0,0.0,0.0,0.0
07-12-2019,115.35,500.0,0.0,0.0,0.0,0.0,0.0,0.0
08-12-2019,115.35,500.0,0.0,0.0,0.0,0.0,0.0,0.0
09-12-2019,115.35,500.0,0.0,0.0,0.0,0.0,0.0,0.0
10-12-2019,115.35,500.0,0.0,0.0,0.0,0.0,0.0,0.0
11-12-2019,115.35,500.0,0.0,0.0,0.0,0.0,0.0,0.0
12-12-2019,115.35,500.0,0.0,0.0,0.0,0.0,0.0,0.0
13-12-2019,115.35,500.0,0.0,0.0,0.0,0.0,0.0,0.0
14-12-2019,115.35,500.0,0.0,0.0,0.0,0.0,0.0,0.0
15-12-2019,115.35,500.0,0.0,0.0,0.0,0.0,0.0,0.0
16-12-2019,115.35,500.0,0.0,0.0,0.0,0.0,0.0,0.0
17-12-2019,115.35,500.0,0.0,0.0,0.0,0.0,0.0,0.0
18-12-2019,115.35,500.0,0.0,0.0,0.0,0.0,0.0,0.0
19-12-2019,115.35,500.0,0.0,0.0,0.0,0.0,0.0,0.0
20-12-2019,115.35,500.0,0.0,0.0,0.0,0.0,0.0,0.0
21-12-2019,115.35,500.0,0.0,0.0,0.0,0.0,0.0,0.0
22-12-2019,115.35,500.0,0.0,0.0,0.0,0.0,0.0,0.0
23-12-2019,115.35,500.0,0.0,0.0,0.0,0.0,0.0,0.0
24-12-2019,115.35,500.0,0.0,0.0,0.0,0.0,0.0,0.0
25-12-2019,115.35,500.0,0.0,0.0,0.0,0.0,0.0,0.0
26-12-2019,115.35,500.0,0.0,0.0,0.0,0.0,0.0,0.0
27-12-2019,115.35,500.0,0.0,0.0,0.0,0.0,0.0,0.0
28-12-2019,115.35,500.0,0.0,0.0,0.0,0.0,0.0,0.0
29-12-2019,115.35,500.0,0.0,0.0,0.0,0.0,0.0,0.0
30-12-2019,115.35,500.0,0.0,0.0,0.0,0.0,0.0,0.0
31-12-2019,115.35,500.0,0.0,0.0,0.0,0.0,0.0,0.0
01-01-2020,115.35,500.0,0.0,0.0,0.0,0.0,0.0,0.0
02-01-2020,115.35,500.0,0.0,0.0,0.0,0.0,0.0,0.0
03-01-2020,115.35,500.0,0.0,0.0,0.0,0.0,0.0,0.0
04-01-2020,115.35,500.0,0.0,0.0,0.0,0.0,0.0,0.0
05-01-2020,115.35,500.0,0.0,0.0,0.0,0.0,0.0,0.0
06-01-2020,115.35,500.0,0.0,0.0,0.0,0.0,0.0,0.0
07-01-2020,115.35,500.0,0.0,0.0,0.0,0.0,0.0,0.0
08-01-2020,115.35,500.0,0.0,0.0,0.0,0.0,0.0,0.0
09-01-2020,115.35,500.0,0.0,0.0,0.0,0.0,0.0,0.0
10-01-2020,115.35,500.0,0.0,0.0,0.0,0.0,0.0,0.0
11-01-2020,115.35,500.0,0.0,0.0,0.0,0.0,0.0,0.0
12-01-2020,115.35,500.0,0.0,0.0,0.0,0.0,0.0,0.0
13-01-2020,115.35,500.0,0.0,0.0,0.0,0.0,0.0,0.0
14-01-2020,115.35,500.0,0.0,0.0,0.0,0.0,0.0,0.0
15-01-2020,115.35,500.0,0.0,0.0,0.0,0.0,0.0,0.0
16-01-2020,115.35,500.0,0.0,0.0,0.0,0.0,0.0,0.0
17-01-2020,115.35,500.0,0.0,0.0,0.0,0.0,0.0,0.0
18-01-2020,115.35,500.0,0.0,0.0,0.0,0.0,0.0,0.0
19-01-2020,115.35,500.0,0.0,0.0,0.0,0.0,0.0,0.0
20-01-2020,115.35,500.0,0.0,0.0,0.0,0.0,0.0,0.0
21-01-2020,115.35,500.0,0.0,0.0,0.0,0.0,0.0,0.0
22-01-2020,115.35,500.0,0.0,0.0,0.0,0.0,0.0,0.0
23-01-2020,115.35,500.0,0.0,0.0,0.0,0.0,0.0,0.0
24-01-2020,115.35,500.0,0.0,0.0,0.0,0.0,0.0,0.0
25-01-2020,115.35,500.0,0.0,0.0,0.0,0.0,0.0,0.0
26-01-2020,115.35,500.0,0.0,0.0,0.0,0.0,0.0,0.0
27-01-2020,115.35,500.0,0.0,0.0,0.0,0.0,0.0,0.0
28-01-2020,115.35,500.0,0.0,0.0,0.0,0.0,0.0,0.0
29-01-2020,115.35,500.0,0.0,0.0,0.0,0.0,0.0,0.0
30-01-2020,115.35,500.0,0.0,0.0,0.0,0.0,0.0,0.0
31-01-2020,115.35,500.0,0.0,0.0,0.0,0.0,0.0,0.0
01-02-2020,115.35,500.0,0.0,0.0,0.0,0.0,0.0,0.0
02-02-2020,115.35,500.0,0.0,0.0,0.0,0.0,0.0,0.0
03-02-2020,115.35,500.0,0.0,0.0,0.0,0.0,0.0,0.0
04-02-2020,115.35,500.0,0.0,0.0,0.0,0.0,0.0,0.0
05-02-2020,115.35,500.0,0.0,0.0,0.0,0.0,0.0,0.0
06-02-2020,115.35,500.0,0.0,0.0,0.0,0.0,0.0,0.0
07-02-2020,115.35,500.0,0.0,0.0,0.0,0.0,0.0,0.0
08-02-2020,115.35,500.0,0.0,0.0,0.0,0.0,0.0,0.0
09-02-2020,115.35,500.0,0.0,0.0,0.0,0.0,0.0,0.0
10-02-2020,115.35,500.0,0.0,0.0,0.0,0.0,0.0,0.0
11-02-2020,115.35,500.0,0.0,0.0,0.0,0.0,0.0,0.0
12-02-2020,115.35,500.0,101.83,204.0,40.8,75.0,0.0,0.0
13-02-2020,115.35,500.0,0.0,0.0,0.0,0.0,0.0,0.0
14-02-2020,115.35,500.0,0.0,0.0,0.0,0.0,0.0,0.0
15-02-2020,115.35,500.0,0.0,0.0,0.0,0.0,0.0,0.0
16-02-2020,115.35,500.0,0.0,0.0,0.0,0.0,0.0,0.0
17-02-2020,115.35,500.0,0.0,0.0,0.0,0.0,0.0,0.0
18-02-2020,115.35,500.0,0.0,0.0,0.0,0.0,0.0,0.0
19-02-2020,115.35,500.0,0.0,0.0,0.0,0.0,0.0,0.0
20-02-2020,115.35,500.0,0.0,0.0,0.0,0.0,0.0,0.0
21-02-2020,115.35,500.0,0.0,0.0,0.0,0.0,0.0,0.0
22-02-2020,115.35,500.0,0.0,0.0,0.0,0.0,0.0,0.0
23-02-2020,115.35,500.0,0.0,0.0,0.0,0.0,0.0,0.0
24-02-2020,115.35,500.0,0.0,0.0,0.0,0.0,0.0,0.0
25-02-2020,115.35,500.0,0.0,0.0,0.0,0.0,0.0,0.0
26-02-2020,115.35,500.0,0.0,0.0,0.0,0.0,0.0,0.0
27-02-2020,115.35,500.0,0.0,0.0,0.0,0.0,0.0,0.0
28-02-2020,115.35,500.0,0.0,0.0,0.0,0.0,0.0,0.0
29-02-2020,115.35,500.0,0.0,0.0,0.0,0.0,0.0,0.0
01-03-2020,115.35,500.0,0.0,0.0,0.0,0.0,0.0,0.0
02-03-2020,115.35,500.0,0.0,0.0,0.0,0.0,0.0,0.0
03-03-2020,115.35,500.0,0.0,0.0,0.0,0.0,0.0,0.0
04-03-2020,115.35,500.0,0.0,0.0,0.0,0.0,0.0,0.0
05-03-2020,115.35,500.0,0.0,0.0,0.0,0.0,0.0,0.0
06-03-2020,115.35,500.0,0.0,0.0,0.0,0.0,0.0,0.0
07-03-2020,115.35,500.0,0.0,0.0,0.0,0.0,0.0,0.0
08-03-2020,115.35,500.0,0.0,0.0,0.0,0.0,0.0,0.0
09-03-2020,115.35,500.0,0.0,0.0,0.0,0.0,0.0,0.0
10-03-2020,115.35,500.0,0.0,0.0,0.0,0.0,0.0,0.0
11-03-2020,115.35,500.0,0.0,0.0,0.0,0.0,0.0,0.0
12-03-2020,115.35,500.0,0.0,0.0,0.0,0.0,0.0,0.0
13-03-2020,115.35,500.0,0.0,0.0,0.0,0.0,0.0,0.0
14-03-2020,115.35,500.0,0.0,0.0,0.0,0.0,0.0,0.0
15-03-2020,115.35,500.0,0.0,0.0,0.0,0.0,0.0,0.0
16-03-2020,115.35,500.0,0.0,0.0,0.0,0.0,0.0,0.0
17-03-2020,115.35,500.0,0.0,0.0,0.0,0.0,0.0,0.0
18-03-2020,115.35,500.0,0.0,0.0,0.0,0.0,0.0,0.0
19-03-2020,115.35,500.0,0.0,0.0,0.0,0.0,0.0,0.0
21-03-2020,115.35,500.0,0.0,0.0,0.0,0.0,0.0,0.0
22-03-2020,115.35,500.0,0.0,0.0,0.0,0.0,0.0,0.0
23-03-2020,115.35,500.0,0.0,0.0,0.0,0.0,0.0,0.0
24-03-2020,115.35,500.0,0.0,0.0,0.0,0.0,0.0,0.0
25-03-2020,115.35,500.0,0.0,0.0,0.0,0.0,0.0,0.0
26-03-2020,115.35,500.0,0.0,0.0,0.0,0.0,0.0,0.0
27-03-2020,115.35,500.0,0.0,0.0,0.0,0.0,0.0,0.0
28-03-2020,115.35,500.0,0.0,0.0,0.0,0.0,0.0,0.0
29-03-2020,115.35,500.0,0.0,0.0,0.0,0.0,0.0,0.0
30-03-2020,115.35,500.0,0.0,0.0,0.0,0.0,0.0,0.0
31-03-2020,115.35,500.0,0.0,0.0,0.0,0.0,0.0,0.0
01-04-2020,115.35,500.0,0.0,0.0,0.0,0.0,0.0,0.0
02-04-2020,115.35,500.0,0.0,0.0,0.0,0.0,0.0,0.0
03-04-2020,115.35,500.0,0.0,0.0,0.0,0.0,0.0,0.0
04-04-2020,115.35,500.0,0.0,0.0,0.0,0.0,0.0,0.0
05-04-2020,115.35,500.0,0.0,0.0,0.0,0.0,0.0,0.0
06-04-2020,115.35,500.0,0.0,0.0,0.0,0.0,0.0,0.0
07-04-2020,115.35,500.0,0.0,0.0,0.0,0.0,0.0,0.0
08-04-2020,115.35,500.0,0.0,0.0,0.0,0.0,0.0,0.0
09-04-2020,115.35,500.0,0.0,0.0,0.0,0.0,0.0,0.0
10-04-2020,115.35,500.0,0.0,0.0,0.0,0.0,0.0,0.0
11-04-2020,115.35,500.0,0.0,0.0,0.0,0.0,0.0,0.0
12-04-2020,115.35,500.0,0.0,0.0,0.0,0.0,0.0,0.0
13-04-2020,115.35,500.0,0.0,0.0,0.0,0.0,0.0,0.0
14-04-2020,115.35,500.0,0.0,0.0,0.0,0.0,0.0,0.0
15-04-2020,115.35,500.0,0.0,0.0,0.0,0.0,0.0,0.0
16-04-2020,115.35,500.0,0.0,0.0,0.0,0.0,0.0,0.0
17-04-2020,115.35,500.0,0.0,0.0,0.0,0.0,0.0,0.0
18-04-2020,115.35,500.0,0.0,0.0,0.0,0.0,0.0,0.0
19-04-2020,115.35,500.0,0.0,0.0,0.0,0.0,0.0,0.0
20-04-2020,115.35,500.0,0.0,0.0,0.0,0.0,0.0,0.0
21-04-2020,115.35,500.0,0.0,0.0,0.0,0.0,0.0,0.0
22-04-2020,115.35,500.0,0.0,0.0,0.0,0.0,0.0,0.0
23-04-2020,115.35,500.0,0.0,0.0,0.0,0.0,0.0,0.0
24-04-2020,115.35,500.0,0.0,0.0,0.0,0.0,0.0,0.0
25-04-2020,115.35,500.0,0.0,0.0,0.0,0.0,0.0,0.0
26-04-2020,115.35,500.0,0.0,0.0,0.0,0.0,0.0,0.0
27-04-2020,115.35,500.0,0.0,0.0,0.0,0.0,0.0,0.0
28-04-2020,115.35,500.0,0.0,0.0,0.0,0.0,0.0,0.0
29-04-2020,115.35,500.0,0.0,0.0,0.0,0.0,0.0,0.0
30-04-2020,115.35,500.0,0.0,0.0,0.0,0.0,0.0,0.0
01-05-2020,115.35,500.0,0.0,0.0,0.0,0.0,0.0,0.0
02-05-2020,115.35,500.0,0.0,0.0,0.0,0.0,0.0,0.0
03-05-2020,115.35,500.0,0.0,0.0,0.0,0.0,0.0,0.0
04-05-2020,115.35,500.0,0.0,0.0,0.0,0.0,0.0,0.0
05-05-2020,115.35,500.0,0.0,0.0,0.0,0.0,0.0,0.0
06-05-2020,115.35,500.0,0.0,0.0,0.0,0.0,0.0,0.0
07-05-2020,115.35,500.0,0.0,0.0,0.0,0.0,0.0,0.0
08-05-2020,115.35,500.0,0.0,0.0,0.0,0.0,0.0,0.0
09-05-2020,115.35,500.0,0.0,0.0,0.0,0.0,0.0,0.0
10-05-2020,115.35,500.0,0.0,0.0,0.0,0.0,0.0,0.0
11-05-2020,115.35,500.0,0.0,0.0,0.0,0.0,0.0,0.0
12-05-2020,115.35,500.0,0.0,0.0,0.0,0.0,0.0,0.0
13-05-2020,115.35,500.0,0.0,0.0,0.0,0.0,0.0,0.0
14-05-2020,115.35,500.0,0.0,0.0,0.0,0.0,0.0,0.0
15-05-2020,115.35,500.0,0.0,0.0,0.0,0.0,0.0,0.0
16-05-2020,115.35,500.0,0.0,0.0,0.0,0.0,0.0,0.0
17-05-2020,115.35,500.0,0.0,0.0,0.0,0.0,0.0,0.0
18-05-2020,115.35,500.0,0.0,0.0,0.0,0.0,0.0,0.0
19-05-2020,115.35,500.0,0.0,0.0,0.0,0.0,0.0,0.0
20-05-2020,115.35,500.0,0.0,0.0,0.0,0.0,0.0,0.0
21-05-2020,115.35,500.0,0.0,0.0,0.0,0.0,0.0,0.0
22-05-2020,115.35,500.0,0.0,0.0,0.0,0.0,0.0,0.0
23-05-2020,115.35,500.0,0.0,0.0,0.0,0.0,0.0,0.0
24-05-2020,115.35,500.0,0.0,0.0,0.0,0.0,0.0,0.0
25-05-2020,115.35,500.0,0.0,0.0,0.0,0.0,0.0,0.0
26-05-2020,115.35,500.0,0.0,0.0,0.0,0.0,0.0,0.0
27-05-2020,115.35,500.0,0.0,0.0,0.0,0.0,0.0,0.0
28-05-2020,115.35,500.0,0.0,0.0,0.0,0.0,0.0,0.0
29-05-2020,115.35,500.0,0.0,0.0,0.0,0.0,0.0,0.0
30-05-2020,115.35,500.0,0.0,0.0,0.0,0.0,0.0,0.0
31-05-2020,115.35,500.0,0.0,0.0,0.0,0.0,0.0,0.0
01-06-2020,115.35,500.0,0.0,0.0,0.0,0.0,0.0,0.0
02-06-2020,115.35,500.0,0.0,0.0,0.0,0.0,0.0,0.0
03-06-2020,115.35,500.0,0.0,0.0,0.0,0.0,0.0,0.0
04-06-2020,115.35,500.0,0.0,0.0,0.0,0.0,0.0,0.0
05-06-2020,115.35,500.0,0.0,0.0,0.0,0.0,0.0,0.0
06-06-2020,115.35,500.0,0.0,0.0,0.0,0.0,0.0,0.0
07-06-2020,115.35,500.0,0.0,0.0,0.0,0.0,0.0,0.0
08-06-2020,115.35,500.0,0.0,0.0,0.0,0.0,0.0,0.0
09-06-2020,115.35,500.0,0.0,0.0,0.0,0.0,0.0,0.0
10-06-2020,115.35,500.0,0.0,0.0,0.0,0.0,0.0,0.0
11-06-2020,115.35,500.0,0.0,0.0,0.0,0.0,0.0,0.0
12-06-2020,115.35,500.0,0.0,0.0,0.0,0.0,0.0,0.0
13-06-2020,115.35,500.0,0.0,0.0,0.0,0.0,0.0,0.0
14-06-2020,115.35,500.0,0.0,0.0,0.0,0.0,0.0,0.0
15-06-2020,115.35,500.0,0.0,0.0,0.0,0.0,0.0,0.0
16-06-2020,115.35,500.0,0.0,0.0,0.0,0.0,0.0,0.0
17-06-2020,115.35,500.0,0.0,0.0,0.0,0.0,0.0,0.0
18-06-2020,115.35,500.0,0.0,0.0,0.0,0.0,0.0,0.0
19-06-2020,115.35,500.0,0.0,0.0,0.0,0.0,0.0,0.0
20-06-2020,115.35,500.0,0.0,0.0,0.0,0.0,0.0,0.0
21-06-2020,115.35,500.0,0.0,0.0,0.0,0.0,0.0,0.0
22-06-2020,115.35,500.0,0.0,0.0,0.0,0.0,0.0,0.0
23-06-2020,115.35,500.0,0.0,0.0,0.0,0.0,0.0,0.0
24-06-2020,115.35,500.0,0.0,0.0,0.0,0.0,0.0,0.0
25-06-2020,115.35,500.0,0.0,0.0,0.0,0.0,0.0,0.0
26-06-2020,115.35,500.0,0.0,0.0,0.0,0.0,0.0,0.0
27-06-2020,115.35,500.0,0.0,0.0,0.0,0.0,0.0,0.0
28-06-2020,115.35,500.0,0.0,0.0,0.0,0.0,0.0,0.0
29-06-2020,115.35,500.0,0.0,0.0,0.0,0.0,0.0,0.0
30-06-2020,115.35,500.0,0.0,0.0,0.0,0.0,0.0,0.0
01-07-2020,115.35,500.0,0.0,0.0,0.0,0.0,0.0,0.0
02-07-2020,115.35,500.0,0.0,0.0,0.0,0.0,0.0,0.0
03-07-2020,115.35,500.0,0.0,0.0,0.0,0.0,0.0,0.0
04-07-2020,115.35,500.0,0.0,0.0,0.0,0.0,0.0,0.0
05-07-2020,115.35,500.0,0.0,0.0,0.0,0.0,0.0,0.0
06-07-2020,115.35,500.0,0.0,0.0,0.0,0.0,0.0,0.0
07-07-2020,115.35,500.0,0.0,0.0,0.0,0.0,0.0,0.0
08-07-2020,115.35,500.0,0.0,0.0,0.0,0.0,0.0,0.0
09-07-2020,115.35,500.0,0.0,0.0,0.0,0.0,0.0,0.0
10-07-2020,115.35,500.0,0.0,0.0,0.0,0.0,0.0,0.0
11-07-2020,115.35,500.0,0.0,0.0,0.0,0.0,0.0,0.0
12-07-2020,115.35,500.0,0.0,0.0,0.0,0.0,0.0,0.0
13-07-2020,115.35,500.0,0.0,0.0,0.0,0.0,0.0,0.0
14-07-2020,115.35,500.0,0.0,0.0,0.0,0.0,0.0,0.0
15-07-2020,115.35,500.0,0.0,0.0,0.0,0.0,0.0,0.0
16-07-2020,115.35,500.0,0.0,0.0,0.0,0.0,0.0,0.0
17-07-2020,115.35,500.0,0.0,0.0,0.0,0.0,0.0,0.0
18-07-2020,115.35,500.0,0.0,0.0,0.0,0.0,0.0,0.0
19-07-2020,115.35,500.0,0.0,0.0,0.0,0.0,0.0,0.0
20-07-2020,115.35,500.0,0.0,0.0,0.0,0.0,0.0,0.0
21-07-2020,115.35,500.0,0.0,0.0,0.0,0.0,0.0,0.0
22-07-2020,115.35,500.0,0.0,0.0,0.0,0.0,0.0,0.0
23-07-2020,115.35,500.0,0.0,0.0,0.0,0.0,0.0,0.0
24-07-2020,115.35,500.0,0.0,0.0,0.0,0.0,0.0,0.0
25-07-2020,115.35,500.0,0.0,0.0,0.0,0.0,0.0,0.0
26-07-2020,115.35,500.0,0.0,0.0,0.0,0.0,0.0,0.0
27-07-2020,115.35,500.0,0.0,0.0,0.0,0.0,0.0,0.0
28-07-2020,115.35,500.0,0.0,0.0,0.0,0.0,0.0,0.0
29-07-2020,115.35,500.0,0.0,0.0,0.0,0.0,0.0,0.0
30-07-2020,115.35,500.0,0.0,0.0,0.0,0.0,0.0,0.0
31-07-2020,115.35,500.0,0.0,0.0,0.0,0.0,0.0,0.0
01-08-2020,115.35,500.0,0.0,0.0,0.0,0.0,0.0,0.0
02-08-2020,115.35,500.0,0.0,0.0,0.0,0.0,0.0,0.0
03-08-2020,115.35,500.0,0.0,0.0,0.0,0.0,0.0,0.0
04-08-2020,115.35,500.0,0.0,0.0,0.0,0.0,0.0,0.0
05-08-2020,115.35,500.0,0.0,0.0,0.0,0.0,0.0,0.0
06-08-2020,115.35,500.0,0.0,0.0,0.0,0.0,0.0,0.0
07-08-2020,115.35,500.0,0.0,0.0,0.0,0.0,0.0,0.0
08-08-2020,115.35,500.0,0.0,0.0,0.0,0.0,0.0,0.0
09-08-2020,115.35,500.0,0.0,0.0,0.0,0.0,0.0,0.0
10-08-2020,115.35,500.0,0.0,0.0,0.0,0.0,0.0,0.0
11-08-2020,115.35,500.0,0.0,0.0,0.0,0.0,0.0,0.0
12-08-2020,115.35,500.0,0.0,0.0,0.0,0.0,0.0,0.0
13-08-2020,115.35,500.0,0.0,0.0,0.0,0.0,0.0,0.0
14-08-2020,115.35,500.0,0.0,0.0,0.0,0.0,0.0,0.0
15-08-2020,115.35,500.0,0.0,0.0,0.0,0.0,0.0,0.0
16-08-2020,115.35,500.0,0.0,0.0,0.0,0.0,0.0,0.0
17-08-2020,115.35,500.0,0.0,0.0,0.0,0.0,0.0,0.0
18-08-2020,115.35,500.0,0.0,0.0,0.0,0.0,0.0,0.0
19-08-2020,115.35,500.0,0.0,0.0,0.0,0.0,0.0,0.0
20-08-2020,115.35,500.0,0.0,0.0,0.0,0.0,0.0,0.0
21-08-2020,115.35,500.0,0.0,0.0,0.0,0.0,0.0,0.0
22-08-2020,115.35,500.0,0.0,0.0,0.0,0.0,0.0,0.0
23-08-2020,115.35,500.0,0.0,0.0,0.0,0.0,0.0,0.0
24-08-2020,115.35,500.0,0.0,0.0,0.0,0.0,0.0,0.0
25-08-2020,115.35,500.0,0.0,0.0,0.0,0.0,0.0,0.0
26-08-2020,115.35,500.0,0.0,0.0,0.0,0.0,0.0,0.0
27-08-2020,115.35,500.0,0.0,0.0,0.0,0.0,0.0,0.0
28-08-2020,115.35,500.0,0.0,0.0,0.0,0.0,0.0,0.0
29-08-2020,115.35,500.0,0.0,0.0,0.0,0.0,0.0,0.0
30-08-2020,115.35,500.0,0.0,0.0,0.0,0.0,0.0,0.0
31-08-2020,115.35,500.0,0.0,0.0,0.0,0.0,0.0,0.0
01-09-2020,115.35,500.0,0.0,0.0,0.0,0.0,0.0,0.0
02-09-2020,115.35,500.0,0.0,0.0,0.0,0.0,0.0,0.0
03-09-2020,115.35,500.0,0.0,0.0,0.0,0.0,0.0,0.0
04-09-2020,115.35,500.0,0.0,0.0,0.0,0.0,0.0,0.0
05-09-2020,115.35,500.0,0.0,0.0,0.0,0.0,0.0,0.0
06-09-2020,115.35,500.0,0.0,0.0,0.0,0.0,0.0,0.0
07-09-2020,115.35,500.0,0.0,0.0,0.0,0.0,0.0,0.0
08-09-2020,115.35,500.0,0.0,0.0,0.0,0.0,0.0,0.0
09-09-2020,115.35,500.0,0.0,0.0,0.0,0.0,0.0,0.0
10-09-2020,115.35,500.0,0.0,0.0,0.0,0.0,0.0,0.0
11-09-2020,115.35,500.0,0.0,0.0,0.0,0.0,0.0,0.0
12-09-2020,115.35,500.0,0.0,0.0,0.0,0.0,0.0,0.0
13-09-2020,115.35,500.0,0.0,0.0,0.0,0.0,0.0,0.0
14-09-2020,115.35,500.0,0.0,0.0,0.0,0.0,0.0,0.0
15-09-2020,115.35,500.0,0.0,0.0,0.0,0.0,0.0,0.0
16-09-2020,115.35,500.0,0.0,0.0,0.0,0.0,0.0,0.0
17-09-2020,115.35,500.0,0.0,0.0,0.0,0.0,0.0,0.0
18-09-2020,115.35,500.0,0.0,0.0,0.0,0.0,0.0,0.0
19-09-2020,115.35,500.0,0.0,0.0,0.0,0.0,0.0,0.0
20-09-2020,115.35,500.0,0.0,0.0,0.0,0.0,0.0,0.0
21-09-2020,115.35,500.0,0.0,0.0,0.0,0.0,0.0,0.0
22-09-2020,115.35,500.0,0.0,0.0,0.0,0.0,0.0,0.0
23-09-2020,115.35,500.0,0.0,0.0,0.0,0.0,0.0,0.0
24-09-2020,115.35,500.0,0.0,0.0,0.0,0.0,0.0,0.0
25-09-2020,115.35,500.0,0.0,0.0,0.0,0.0,0.0,0.0
26-09-2020,115.35,500.0,0.0,0.0,0.0,0.0,0.0,0.0
27-09-2020,115.35,500.0,0.0,0.0,0.0,0.0,0.0,0.0
28-09-2020,115.35,500.0,0.0,0.0,0.0,0.0,0.0,0.0
29-09-2020,115.35,500.0,0.0,0.0,0.0,0.0,0.0,0.0
30-09-2020,115.35,500.0,0.0,0.0,0.0,0.0,0.0,0.0
01-10-2020,115.35,500.0,0.0,0.0,0.0,0.0,0.0,0.0
02-10-2020,115.35,500.0,0.0,0.0,0.0,0.0,0.0,0.0
03-10-2020,115.35,500.0,0.0,0.0,0.0,0.0,0.0,0.0
04-10-2020,115.35,500.0,0.0,0.0,0.0,0.0,0.0,0.0
05-10-2020,115.35,500.0,0.0,0.0,0.0,0.0,0.0,0.0
06-10-2020,115.35,500.0,0.0,0.0,0.0,0.0,0.0,0.0
07-10-2020,115.35,500.0,0.0,0.0,0.0,0.0,0.0,0.0
08-10-2020,115.35,500.0,0.0,0.0,0.0,0.0,0.0,0.0
09-10-2020,115.35,500.0,0.0,0.0,0.0,0.0,0.0,0.0
10-10-2020,115.35,500.0,0.0,0.0,0.0,0.0,0.0,0.0
11-10-2020,115.35,500.0,0.0,0.0,0.0,0.0,0.0,0.0
12-10-2020,115.35,500.0,0.0,0.0,0.0,0.0,0.0,0.0
13-10-2020,115.35,500.0,0.0,0.0,0.0,0.0,0.0,0.0
14-10-2020,115.35,500.0,0.0,0.0,0.0,0.0,0.0,0.0
15-10-2020,115.35,500.0,0.0,0.0,0.0,0.0,0.0,0.0
16-10-2020,115.35,500.0,0.0,0.0,0.0,0.0,0.0,0.0
17-10-2020,115.35,500.0,0.0,0.0,0.0,0.0,0.0,0.0
18-10-2020,115.35,500.0,0.0,0.0,0.0,0.0,0.0,0.0
19-10-2020,115.35,500.0,0.0,0.0,0.0,0.0,0.0,0.0
20-10-2020,115.35,500.0,0.0,0.0,0.0,0.0,0.0,0.0
21-10-2020,115.35,500.0,0.0,0.0,0.0,0.0,0.0,0.0
22-10-2020,115.35,500.0,0.0,0.0,0.0,0.0,0.0,0.0
23-10-2020,115.35,500.0,0.0,0.0,0.0,0.0,0.0,0.0
24-10-2020,115.35,500.0,0.0,0.0,0.0,0.0,0.0,0.0
25-10-2020,115.35,500.0,0.0,0.0,0.0,0.0,0.0,0.0
26-10-2020,115.35,500.0,0.0,0.0,0.0,0.0,0.0,0.0
27-10-2020,115.35,500.0,0.0,0.0,0.0,0.0,0.0,0.0
28-10-2020,115.35,500.0,0.0,0.0,0.0,0.0,0.0,0.0
29-10-2020,115.35,500.0,0.0,0.0,0.0,0.0,0.0,0.0
30-10-2020,115.35,500.0,0.0,0.0,0.0,0.0,0.0,0.0
31-10-2020,115.35,500.0,0.0,0.0,0.0,0.0,0.0,0.0
01-11-2020,115.35,500.0,0.0,0.0,0.0,0.0,0.0,0.0
02-11-2020,115.35,500.0,0.0,0.0,0.0,0.0,0.0,0.0
03-11-2020,115.35,500.0,0.0,0.0,0.0,0.0,0.0,0.0
04-11-2020,115.35,500.0,0.0,0.0,0.0,0.0,0.0,0.0
05-11-2020,115.35,500.0,0.0,0.0,0.0,0.0,0.0,0.0
06-11-2020,115.35,500.0,0.0,0.0,0.0,0.0,0.0,0.0
07-11-2020,115.35,500.0,0.0,0.0,0.0,0.0,0.0,0.0
08-11-2020,115.35,500.0,0.0,0.0,0.0,0.0,0.0,0.0
09-11-2020,115.35,500.0,0.0,0.0,0.0,0.0,0.0,0.0
10-11-2020,115.35,500.0,0.0,0.0,0.0,0.0,0.0,0.0
11-11-2020,115.35,500.0,0.0,0.0,0.0,0.0,0.0,0.0
12-11-2020,115.35,500.0,0.0,0.0,0.0,0.0,0.0,0.0
13-11-2020,115.35,500.0,0.0,0.0,0.0,0.0,0.0,0.0
14-11-2020,115.35,500.0,0.0,0.0,0.0,0.0,0.0,0.0
15-11-2020,115.35,500.0,0.0,0.0,0.0,0.0,0.0,0.0
16-11-2020,115.35,500.0,0.0,0.0,0.0,0.0,0.0,0.0
17-11-2020,115.35,500.0,0.0,0.0,0.0,0.0,0.0,0.0
18-11-2020,115.35,500.0,0.0,0.0,0.0,0.0,0.0,0.0
19-11-2020,115.35,500.0,0.0,0.0,0.0,0.0,0.0,0.0
20-11-2020,115.35,500.0,0.0,0.0,0.0,0.0,0.0,0.0
21-11-2020,115.35,500.0,0.0,140.0,28.0,0.0,0.0,0.0
23-11-2020,115.35,500.0,0.0,140.0,28.0,0.0,0.0,0.0
24-11-2020,115.35,500.0,0.0,140.0,28.0,0.0,0.0,0.0
25-11-2020,115.35,500.0,99.07,140.0,28.0,0.0,0.0,0.0
26-11-2020,115.35,500.0,99.07,140.0,28.0,0.0,0.0,0.0
27-11-2020,115.35,500.0,100.88,170.0,34.0,75.0,0.0,12.0
28-11-2020,115.35,500.0,101.24,180.0,36.0,75.0,0.0,0.0
29-11-2020,115.35,500.0,101.04,186.0,37.2,75.0,0.0,0.0
30-11-2020,115.35,500.0,101.57,192.0,38.4,75.0,0.0,2.0
01-12-2020,115.35,500.0,101.7,198.0,39.6,75.0,0.0,0.0
02-12-2020,115.35,500.0,101.83,204.0,40.8,75.0,0.0,0.0
03-12-2020,115.35,500.0,101.98,210.0,42.0,75.0,0.0,39.0
04-12-2020,115.35,500.0,102.1,217.0,43.4,90.0,0.0,110.0
05-12-2020,115.35,500.0,102.34,227.0,45.4,75.0,0.0,42.0
06-12-2020,115.35,500.0,102.57,233.0,46.6,75.0,0.0,24.0
07-12-2020,115.35,500.0,102.81,239.0,47.8,75.0,0.0,38.0
08-12-2020,115.35,500.0,103.04,245.0,49.0,75.0,0.0,17.0
09-12-2020,115.35,500.0,103.24,251.0,50.2,75.0,0.0,13.0
10-12-2020,115.35,500.0,103.44,257.0,51.4,75.0,0.0,26.0
11-12-2020,115.35,500.0,103.61,263.0,52.6,75.0,0.0,0.0
12-12-2020,115.35,500.0,103.79,269.0,53.8,75.0,0.0,0.0
13-12-2020,115.35,500.0,103.97,275.0,55.0,75.0,0.0,0.0
14-12-2020,115.35,500.0,104.15,282.0,56.4,75.0,0.0,0.0
15-12-2020,115.35,500.0,104.34,288.0,57.6,75.0,0.0,0.0
16-12-2020,115.35,500.0,104.54,293.0,58.6,75.0,0.0,0.0
17-12-2020,115.35,500.0,104.74,299.0,59.8,75.0,0.0,0.0
18-12-2020,115.35,500.0,104.92,305.0,61.0,75.0,0.0,0.0
19-12-2020,115.35,500.0,105.08,311.0,62.2,75.0,0.0,0.0
20-12-2020,115.35,500.0,105.26,316.0,63.2,75.0,0.0,0.0
21-12-2020,115.35,500.0,105.51,322.0,64.4,75.0,0.0,0.0
22-12-2020,115.35,500.0,105.74,328.0,65.6,75.0,0.0,0.0
23-12-2020,115.35,500.0,106.01,333.0,66.6,75.0,0.0,0.0
24-12-2020,115.35,500.0,106.21,338.0,67.6,75.0,0.0,0.0
25-12-2020,115.35,500.0,106.42,343.0,68.6,75.0,0.0,0.0
26-12-2020,115.35,500.0,106.63,348.0,69.6,75.0,0.0,0.0
27-12-2020,115.35,500.0,106.84,353.0,70.6,75.0,0.0,0.0
28-12-2020,115.35,500.0,107.04,358.0,71.6,75.0,0.0,0.0
29-12-2020,115.35,500.0,107.26,363.0,72.6,75.0,0.0,0.0
30-12-2020,115.35,500.0,107.46,368.0,73.6,75.0,0.0,0.0
31-12-2020,115.35,500.0,107.63,373.0,74.6,75.0,0.0,2.0
01-01-2021,115.35,500.0,107.79,378.0,75.6,75.0,0.0,0.0
02-01-2021,115.35,500.0,107.98,383.0,76.6,75.0,0.0,0.0
03-01-2021,115.35,500.0,108.16,389.0,77.8,75.0,0.0,0.0
04-01-2021,115.35,500.0,108.34,394.0,78.8,75.0,0.0,0.0
05-01-2021,115.35,500.0,108.49,400.0,80.0,75.0,0.0,15.0
06-01-2021,115.35,500.0,108.84,406.0,81.2,75.0,0.0,47.0
07-01-2021,115.35,500.0,109.15,412.0,82.4,75.0,0.0,23.0
08-01-2021,115.35,500.0,109.37,417.0,83.4,75.0,0.0,3.0
09-01-2021,115.35,500.0,109.51,423.0,84.6,75.0,0.0,14.0
10-01-2021,115.35,500.0,109.63,428.0,85.6,75.0,0.0,0.0
11-01-2021,115.35,500.0,109.75,433.0,86.6,75.0,0.0,0.0
12-01-2021,115.35,500.0,109.84,437.0,87.4,75.0,0.0,0.0
13-01-2021,115.35,500.0,109.94,442.0,88.4,75.0,0.0,0.0
14-01-2021,115.35,500.0,110.04,447.0,89.4,75.0,0.0,0.0
15-01-2021,115.35,500.0,110.13,451.0,90.2,75.0,0.0,0.0
16-01-2021,115.35,500.0,110.22,456.0,91.2,75.0,0.0,0.0
17-01-2021,115.35,500.0,110.31,460.0,92.0,75.0,0.0,0.0
18-01-2021,115.35,500.0,110.4,464.0,92.8,75.0,0.0,0.0
19-01-2021,115.35,500.0,110.48,468.0,93.6,75.0,0.0,0.0
20-01-2021,115.35,500.0,110.56,472.0,94.4,75.0,0.0,0.0
21-01-2021,115.35,500.0,110.63,475.0,95.0,75.0,0.0,0.0
22-01-2021,115.35,500.0,110.7,478.0,95.6,75.0,0.0,0.0
23-01-2021,115.35,500.0,110.78,481.0,96.2,75.0,0.0,0.0
24-01-2021,115.35,500.0,110.86,484.0,96.8,75.0,0.0,0.0
25-01-2021,115.35,500.0,110.94,487.0,97.4,75.0,0.0,0.0
26-01-2021,115.35,500.0,111.01,488.0,97.6,40.0,0.0,0.0
27-01-2021,115.35,500.0,111.08,490.0,98.0,40.0,0.0,0.0
28-01-2021,115.35,500.0,111.12,491.0,98.2,25.0,0.0,0.0
29-01-2021,115.35,500.0,111.15,491.0,98.2,25.0,0.0,0.0
30-01-2021,115.35,500.0,111.18,492.0,98.4,25.0,0.0,0.0
31-01-2021,115.35,500.0,111.24,492.5,98.5,25.0,0.0,0.0
01-02-2021,115.35,500.0,111.29,493.0,98.6,25.0,0.0,0.0
02-02-2021,115.35,500.0,113.75,493.0,98.6,25.0,0.0,0.0
03-02-2021,115.35,500.0,113.82,494.0,98.8,25.0,0.0,0.0
04-02-2021,115.35,500.0,113.82,494.0,98.8,25.0,0.0,0.0
05-02-2021,115.35,500.0,113.98,495.0,99.0,20.0,0.0,0.0
06-02-2021,115.35,500.0,113.98,495.0,99.0,20.0,0.0,0.0
07-02-2021,115.35,500.0,114.14,496.0,99.2,20.0,0.0,0.0
08-02-2021,115.35,500.0,114.14,496.0,99.2,20.0,0.0,0.0
09-02-2021,115.35,500.0,114.29,497.0,99.4,20.0,0.0,0.0
10-02-2021,115.35,500.0,114.29,497.0,99.4,20.0,0.0,0.0
11-02-2021,115.35,500.0,114.44,498.0,99.6,20.0,0.0,0.0
12-02-2021,115.35,500.0,114.44,498.0,99.6,20.0,0.0,0.0
13-02-2021,115.35,500.0,114.44,498.0,99.6,10.0,0.0,0.0
14-02-2021,115.35,500.0,114.44,498.0,99.6,10.0,0.0,0.0
15-02-2021,115.35,500.0,114.44,498.0,99.6,8.0,0.0,0.0
16-02-2021,115.35,500.0,114.44,498.0,99.6,8.0,0.0,0.0
17-02-2021,115.35,500.0,114.44,498.0,99.6,8.0,0.0,0.0
18-02-2021,115.35,500.0,114.44,498.0,99.6,8.0,0.0,0.0
19-02-2021,115.35,500.0,114.44,498.0,99.6,5.0,0.0,0.0
20-02-2021,115.35,500.0,114.44,498.0,99.6,5.0,0.0,2.0
21-02-2021,115.35,500.0,114.44,498.0,99.6,5.0,0.0,0.0
22-02-2021,115.35,500.0,114.44,498.0,99.6,5.0,0.0,6.0
23-02-2021,115.35,500.0,114.44,498.0,99.6,5.0,0.0,0.0
24-02-2021,115.35,500.0,114.44,498.0,99.6,5.0,0.0,0.0
25-02-2021,115.35,500.0,114.44,498.0,99.6,5.0,0.0,0.0
26-02-2021,115.35,500.0,114.44,498.0,99.6,5.0,0.0,0.0
27-02-2021,115.35,500.0,114.44,498.0,99.6,5.0,0.0,0.0
28-02-2021,115.35,500.0,114.44,498.0,99.6,5.0,0.0,0.0
01-03-2021,115.35,500.0,114.44,498.0,99.6,5.0,0.0,0.0
02-03-2021,115.35,500.0,114.44,498.0,99.6,5.0,0.0,0.0
03-03-2021,115.35,500.0,114.44,498.0,99.6,5.0,0.0,0.0
04-03-2021,115.35,500.0,114.44,498.0,99.6,5.0,0.0,0.0
05-03-2021,115.35,500.0,114.44,498.0,99.6,5.0,0.0,0.0
06-03-2021,115.35,500.0,114.44,498.0,99.6,5.0,0.0,0.0
07-03-2021,115.35,500.0,114.44,498.0,99.6,5.0,0.0,0.0
08-03-2021,115.35,500.0,114.44,498.0,99.6,5.0,0.0,0.0
09-03-2021,115.35,500.0,114.44,498.0,99.6,25.0,0.0,0.0
10-03-2021,115.35,500.0,115.35,500.0,100.0,5.0,0.0,0.0
11-03-2021,115.35,500.0,115.35,500.0,100.0,5.0,0.0,0.0
12-03-2021,115.35,500.0,115.35,500.0,100.0,3.0,0.0,0.0
13-03-2021,115.35,500.0,115.35,500.0,100.0,3.0,0.0,0.0
14-03-2021,115.35,500.0,115.35,500.0,100.0,3.0,0.0,0.0
15-03-2021,115.35,500.0,115.35,500.0,100.0,3.0,0.0,0.0
16-03-2021,115.35,500.0,115.35,500.0,100.0,3.0,0.0,0.0
17-03-2021,115.35,500.0,115.35,500.0,100.0,2.0,0.0,0.0
18-03-2021,115.35,500.0,115.35,500.0,100.0,1.0,0.0,0.0
19-03-2021,115.35,500.0,115.35,500.0,100.0,0.0,0.0,0.0
20-03-2021,115.35,500.0,115.31,499.0,99.8,0.0,0.0,0.0
21-03-2021,115.35,500.0,115.27,498.0,99.6,0.0,15.0,0.0
22-03-2021,115.35,500.0,115.24,497.0,99.4,0.0,15.0,0.0
23-03-2021,115.35,500.0,115.18,496.0,99.2,0.0,15.0,0.0
24-03-2021,115.35,500.0,115.15,495.0,99.0,0.0,15.0,0.0
25-03-2021,115.35,500.0,115.12,494.0,98.8,0.0,15.0,0.0
26-03-2021,115.35,500.0,115.09,493.0,98.6,0.0,15.0,0.0
27-03-2021,115.35,500.0,115.06,492.0,98.4,0.0,15.0,0.0
28-03-2021,115.35,500.0,115.03,491.0,98.2,0.0,15.0,0.0
29-03-2021,115.35,500.0,115.0,490.0,98.0,0.0,15.0,0.0
30-03-2021,115.35,500.0,114.97,489.0,97.8,0.0,15.0,0.0
31-03-2021,115.35,500.0,114.94,488.0,97.6,0.0,15.0,0.0
01-04-2021,115.35,500.0,114.91,487.0,97.4,0.0,15.0,0.0
02-04-2021,115.35,500.0,114.88,486.0,97.2,0.0,15.0,0.0
03-04-2021,115.35,500.0,114.85,485.0,97.0,0.0,15.0,0.0
04-04-2021,115.35,500.0,114.82,484.0,96.8,0.0,15.0,0.0
05-04-2021,115.35,500.0,114.79,483.0,96.6,0.0,15.0,0.0
06-04-2021,115.35,500.0,114.76,482.0,96.4,0.0,15.0,0.0
07-04-2021,115.35,500.0,114.73,481.0,96.2,0.0,15.0,0.0
08-04-2021,115.35,500.0,114.7,480.0,96.0,0.0,15.0,0.0
09-04-2021,115.35,500.0,114.67,479.0,95.8,0.0,15.0,0.0
10-04-2021,115.35,500.0,114.64,478.0,95.6,0.0,15.0,0.0
11-04-2021,115.35,500.0,114.61,477.0,95.4,0.0,15.0,0.0
12-04-2021,115.35,500.0,114.58,476.0,95.2,0.0,15.0,0.0
13-04-2021,115.35,500.0,114.55,475.0,95.0,0.0,15.0,0.0
14-04-2021,115.35,500.0,114.52,474.0,94.8,0.0,15.0,0.0
15-04-2021,115.35,500.0,114.49,473.0,94.6,0.0,15.0,8.0
16-04-2021,115.35,500.0,114.46,472.0,94.4,0.0,15.0,3.0
17-04-2021,115.35,500.0,114.42,471.0,94.2,0.0,15.0,0.0
18-04-2021,115.35,500.0,114.38,470.0,94.0,0.0,15.0,0.0
19-04-2021,115.35,500.0,114.34,469.0,93.8,0.0,15.0,0.0
20-04-2021,115.35,500.0,114.31,468.0,93.6,0.0,15.0,0.0
21-04-2021,115.35,500.0,114.27,467.0,93.4,0.0,15.0,0.0
22-04-2021,115.35,500.0,114.24,466.0,93.2,0.0,15.0,0.0
23-04-2021,115.35,500.0,114.2,465.0,93.0,0.0,15.0,0.0
24-04-2021,115.35,500.0,114.17,464.0,92.8,0.0,15.0,0.0
25-04-2021,115.35,500.0,114.14,463.0,92.6,0.0,15.0,0.0
26-04-2021,115.35,500.0,114.1,462.0,92.4,0.0,15.0,0.0
27-04-2021,115.35,500.0,114.07,461.0,92.2,0.0,15.0,0.0
28-04-2021,115.35,500.0,114.04,460.0,92.0,0.0,15.0,0.0
29-04-2021,115.35,500.0,114.0,459.0,91.8,0.0,15.0,0.0
30-04-2021,115.35,500.0,113.97,458.0,91.6,0.0,15.0,0.0
01-05-2021,115.35,500.0,113.94,457.0,91.4,0.0,15.0,0.0
02-05-2021,115.35,500.0,113.9,456.0,91.2,0.0,15.0,0.0
03-05-2021,115.35,500.0,113.87,455.0,91.0,0.0,15.0,0.0
04-05-2021,115.35,500.0,113.83,454.0,90.8,0.0,15.0,0.0
05-05-2021,115.35,500.0,113.8,453.0,90.6,0.0,15.0,0.0
06-05-2021,115.35,500.0,113.76,452.0,90.4,0.0,15.0,0.0
07-05-2021,115.35,500.0,113.72,451.0,90.2,0.0,15.0,0.0
08-05-2021,115.35,500.0,113.69,450.0,90.0,0.0,15.0,0.0
09-05-2021,115.35,500.0,113.65,449.0,89.8,0.0,15.0,0.0
10-05-2021,115.35,500.0,113.62,448.0,89.6,0.0,15.0,0.0
11-05-2021,115.35,500.0,113.59,447.0,89.4,0.0,15.0,0.0
12-05-2021,115.35,500.0,113.56,446.0,89.2,0.0,15.0,0.0
13-05-2021,115.35,500.0,113.52,445.0,89.0,0.0,15.0,0.0
14-05-2021,115.35,500.0,113.49,444.0,88.8,0.0,15.0,0.0
15-05-2021,115.35,500.0,113.45,443.0,88.6,0.0,15.0,0.0
16-05-2021,115.35,500.0,113.42,442.0,88.4,0.0,15.0,0.0
17-05-2021,115.35,500.0,113.39,441.0,88.2,0.0,15.0,0.0
18-05-2021,115.35,500.0,113.35,440.0,88.0,0.0,15.0,0.0
19-05-2021,115.35,500.0,113.32,439.0,87.8,0.0,15.0,0.0
20-05-2021,115.35,500.0,113.29,438.0,87.6,0.0,15.0,0.0
21-05-2021,115.35,500.0,113.25,437.0,87.4,0.0,15.0,15.0
22-05-2021,115.35,500.0,113.22,436.0,87.2,0.0,15.0,0.0
23-05-2021,115.35,500.0,113.18,435.0,87.0,0.0,15.0,0.0
24-05-2021,115.35,500.0,113.15,434.0,86.8,0.0,15.0,0.0
25-05-2021,115.35,500.0,113.11,433.0,86.6,0.0,15.0,0.0
26-05-2021,115.35,500.0,113.08,432.0,86.4,0.0,15.0,0.0
27-05-2021,115.35,500.0,113.04,431.0,86.2,0.0,15.0,0.0
28-05-2021,115.35,500.0,113.01,430.0,86.0,0.0,15.0,0.0
29-05-2021,115.35,500.0,112.97,429.0,85.8,0.0,15.0,0.0
30-05-2021,115.35,500.0,112.94,428.0,85.6,0.0,15.0,0.0
31-05-2021,115.35,500.0,112.91,427.0,85.4,0.0,15.0,0.0
01-06-2021,115.35,500.0,112.88,426.0,85.2,0.0,15.0,0.0
02-06-2021,115.35,500.0,112.85,425.0,85.0,0.0,15.0,0.0
03-06-2021,115.35,500.0,112.81,424.0,84.8,0.0,15.0,0.0
04-06-2021,115.35,500.0,112.77,423.0,84.6,0.0,15.0,0.0
05-06-2021,115.35,500.0,112.74,422.0,84.4,0.0,15.0,0.0
06-06-2021,115.35,500.0,112.71,421.0,84.2,0.0,15.0,0.0
07-06-2021,115.35,500.0,112.68,420.0,84.0,0.0,15.0,0.0
08-06-2021,115.35,500.0,112.68,420.0,84.0,0.0,5.0,0.0
09-06-2021,115.35,500.0,112.68,420.0,84.0,0.0,5.0,0.0
10-06-2021,115.35,500.0,112.68,420.0,84.0,0.0,5.0,0.0
11-06-2021,115.35,500.0,112.68,420.0,84.0,0.0,5.0,0.0
12-06-2021,115.35,500.0,112.68,420.0,84.0,0.0,5.0,0.0
13-06-2021,115.35,500.0,112.68,420.0,84.0,0.0,5.0,0.0
14-06-2021,115.35,500.0,112.68,420.0,84.0,0.0,5.0,0.0
15-06-2021,115.35,500.0,112.68,420.0,84.0,0.0,5.0,0.0
16-06-2021,115.35,500.0,112.68,420.0,84.0,0.0,5.0,0.0
17-06-2021,115.35,500.0,112.68,420.0,84.0,0.0,5.0,0.0
18-06-2021,115.35,500.0,112.68,420.0,84.0,0.0,5.0,0.0
19-06-2021,115.35,500.0,112.68,420.0,84.0,0.0,5.0,0.0
20-06-2021,115.35,500.0,112.68,420.0,84.0,0.0,5.0,0.0
21-06-2021,115.35,500.0,112.68,420.0,84.0,0.0,5.0,0.0
22-06-2021,115.35,500.0,112.64,419.0,83.8,0.0,5.0,0.0
23-06-2021,115.35,500.0,112.64,419.0,83.8,0.0,5.0,0.0
24-06-2021,115.35,500.0,112.64,419.0,83.8,0.0,5.0,10.0
25-06-2021,115.35,500.0,112.64,419.0,83.8,0.0,5.0,0.0
26-06-2021,115.35,500.0,112.64,419.0,83.8,0.0,5.0,0.0
27-06-2021,115.35,500.0,112.64,419.0,83.8,0.0,5.0,0.0
28-06-2021,115.35,500.0,112.64,419.0,83.8,0.0,5.0,2.0
29-06-2021,115.35,500.0,112.64,419.0,83.8,0.0,5.0,5.0
30-06-2021,115.35,500.0,112.64,419.0,83.8,0.0,5.0,0.0
01-07-2021,115.35,500.0,112.61,418.0,83.6,0.0,5.0,0.0
02-07-2021,115.35,500.0,112.61,418.0,83.6,0.0,5.0,0.0
03-07-2021,115.35,500.0,112.81,423.0,84.6,25.0,5.0,58.0
04-07-2021,115.35,500.0,112.84,424.0,84.8,15.0,5.0,0.0
05-07-2021,115.35,500.0,112.84,424.0,84.8,0.0,5.0,3.0
06-07-2021,115.35,500.0,112.84,424.0,84.8,0.0,5.0,0.0
07-07-2021,115.35,500.0,112.84,424.0,84.8,0.0,5.0,0.0
08-07-2021,115.35,500.0,112.84,424.0,84.8,0.0,5.0,0.0
09-07-2021,115.35,500.0,112.93,427.0,85.4,20.0,5.0,29.0
10-07-2021,115.35,500.0,112.97,428.0,85.6,10.0,5.0,5.0
11-07-2021,115.35,500.0,113.0,429.0,85.8,10.0,5.0,14.0
12-07-2021,115.35,500.0,113.0,429.0,85.8,0.0,5.0,0.0
13-07-2021,115.35,500.0,113.0,429.0,85.8,0.0,5.0,0.0
14-07-2021,115.35,500.0,113.0,429.0,85.8,0.0,5.0,4.0
15-07-2021,115.35,500.0,113.04,430.0,86.0,0.0,5.0,6.0
16-07-2021,115.35,500.0,113.04,430.0,86.0,0.0,5.0,0.0
17-07-2021,115.35,500.0,113.08,431.0,86.2,10.0,5.0,10.0
18-07-2021,115.35,500.0,113.08,431.0,86.2,0.0,5.0,4.0
19-07-2021,115.35,500.0,113.24,436.0,87.2,30.0,5.0,35.0
20-07-2021,115.35,500.0,113.31,438.0,87.6,20.0,5.0,18.0
21-07-2021,115.35,500.0,113.34,439.0,87.8,7.0,5.0,7.0
22-07-2021,115.35,500.0,113.34,439.0,87.8,0.0,5.0,2.0
23-07-2021,115.35,500.0,113.34,439.0,87.8,0.0,5.0,0.0
24-07-2021,115.35,500.0,113.34,439.0,87.8,0.0,5.0,0.0
25-07-2021,115.35,500.0,113.31,438.0,87.6,0.0,5.0,0.0
26-07-2021,115.35,500.0,113.61,447.0,89.4,70.0,5.0,73.0
27-07-2021,115.35,500.0,113.64,448.0,89.6,20.0,5.0,0.0
28-07-2021,115.35,500.0,113.67,449.0,89.8,8.0,5.0,0.0
29-07-2021,115.35,500.0,113.67,449.0,89.8,0.0,5.0,0.0
30-07-2021,115.35,500.0,113.67,449.0,89.8,0.0,5.0,0.0
31-07-2021,115.35,500.0,113.64,448.0,89.6,0.0,5.0,0.0
01-08-2021,115.35,500.0,113.67,449.0,89.8,10.0,5.0,10.0
02-08-2021,115.35,500.0,113.67,449.0,89.8,0.0,5.0,0.0
03-08-2021,115.35,500.0,113.77,452.0,90.4,50.0,15.0,0.0
04-08-2021,115.35,500.0,113.87,455.0,91.0,50.0,15.0,0.0
05-08-2021,115.35,500.0,113.96,458.0,91.6,50.0,15.0,0.0
06-08-2021,115.35,500.0,114.09,462.0,92.4,50.0,15.0,5.0
07-08-2021,115.35,500.0,114.15,464.0,92.8,50.0,15.0,0.0
08-08-2021,115.35,500.0,114.25,467.0,93.4,50.0,15.0,0.0
09-08-2021,115.35,500.0,114.35,470.0,94.0,50.0,15.0,0.0
10-08-2021,115.35,500.0,114.55,476.0,95.2,70.0,15.0,38.0
11-08-2021,115.35,500.0,114.65,479.0,95.8,50.0,15.0,1.0
12-08-2021,115.35,500.0,114.75,482.0,96.4,50.0,15.0,0.0
13-08-2021,115.35,500.0,114.85,485.0,97.0,50.0,15.0,0.0
14-08-2021,115.35,500.0,114.88,486.0,97.2,25.0,15.0,0.0
15-08-2021,115.35,500.0,114.88,486.0,97.2,20.0,15.0,0.0
16-08-2021,115.35,500.0,114.88,486.0,97.2,20.0,15.0,0.0
17-08-2021,115.35,500.0,114.88,486.0,97.2,20.0,15.0,0.0
18-08-2021,115.35,500.0,114.88,486.0,97.2,20.0,15.0,0.0
19-08-2021,115.35,500.0,114.88,486.0,97.2,20.0,15.0,0.0
20-08-2021,115.35,500.0,114.88,486.0,97.2,20.0,15.0,0.0
21-08-2021,115.35,500.0,114.88,486.0,97.2,20.0,15.0,0.0
22-08-2021,115.35,500.0,114.88,486.0,97.2,0.0,5.0,0.0
23-08-2021,115.35,500.0,114.85,485.0,97.0,0.0,5.0,0.0
24-08-2021,115.35,500.0,114.85,485.0,97.0,0.0,5.0,0.0
25-08-2021,115.35,500.0,114.88,486.0,97.2,10.0,5.0,26.0
26-08-2021,115.35,500.0,114.85,485.0,97.0,0.0,5.0,0.0
27-08-2021,115.35,500.0,114.85,485.0,97.0,0.0,5.0,20.0
28-08-2021,115.35,500.0,114.85,485.0,97.0,5.0,5.0,11.0
29-08-2021,115.35,500.0,114.82,484.0,96.8,0.0,5.0,1.0
30-08-2021,115.35,500.0,114.79,483.0,96.6,0.0,5.0,0.0
31-08-2021,115.35,500.0,114.75,482.0,96.4,0.0,5.0,0.0
01-09-2021,115.35,500.0,114.72,481.0,96.2,0.0,5.0,0.0
02-09-2021,115.35,500.0,114.69,480.0,96.0,0.0,5.0,0.0
03-09-2021,115.35,500.0,114.65,479.0,95.8,0.0,5.0,0.0
04-09-2021,115.35,500.0,114.62,478.0,95.6,0.0,5.0,0.0
05-09-2021,115.35,500.0,114.59,477.0,95.4,0.0,5.0,0.0
06-09-2021,115.35,500.0,114.55,476.0,95.2,0.0,5.0,0.0
07-09-2021,115.35,500.0,114.52,475.0,95.0,0.0,5.0,0.0
08-09-2021,115.35,500.0,114.49,474.0,94.8,0.0,5.0,0.0
09-09-2021,115.35,500.0,114.45,473.0,94.6,0.0,5.0,0.0
10-09-2021,115.35,500.0,114.42,472.0,94.4,0.0,5.0,0.0
11-09-2021,115.35,500.0,114.39,471.0,94.2,0.0,5.0,0.0
12-09-2021,115.35,500.0,114.35,470.0,94.0,0.0,5.0,0.0
13-09-2021,115.35,500.0,114.32,469.0,93.8,0.0,5.0,0.0
14-09-2021,115.35,500.0,114.29,468.0,93.6,0.0,5.0,0.0
15-09-2021,115.35,500.0,114.25,467.0,93.4,0.0,5.0,0.0
16-09-2021,115.35,500.0,114.22,466.0,93.2,0.0,5.0,0.0
17-09-2021,115.35,500.0,114.19,465.0,93.0,0.0,5.0,0.0
18-09-2021,115.35,500.0,114.15,464.0,92.8,0.0,5.0,4.0
19-09-2021,115.35,500.0,114.12,463.0,92.6,0.0,5.0,0.0
20-09-2021,115.35,500.0,114.09,462.0,92.4,0.0,5.0,0.0
21-09-2021,115.35,500.0,114.05,461.0,92.2,0.0,5.0,0.0
22-09-2021,115.35,500.0,114.09,462.0,92.4,15.0,5.0,24.0
23-09-2021,115.35,500.0,114.05,461.0,92.2,0.0,5.0,0.0
24-09-2021,115.35,500.0,114.02,460.0,92.0,0.0,5.0,0.0
25-09-2021,115.35,500.0,113.99,459.0,91.8,0.0,5.0,0.0
26-09-2021,115.35,500.0,113.99,459.0,91.8,5.0,5.0,7.0
27-09-2021,115.35,500.0,113.95,458.0,91.6,0.0,5.0,0.0
28-09-2021,115.35,500.0,113.92,457.0,91.4,0.0,5.0,0.0
29-09-2021,115.35,500.0,113.92,457.0,91.4,5.0,5.0,6.0
30-09-2021,115.35,500.0,113.89,456.0,91.2,0.0,5.0,5.0
01-10-2021,115.35,500.0,113.89,456.0,91.2,0.0,5.0,6.0
02-10-2021,115.35,500.0,113.85,455.0,91.0,0.0,5.0,0.0
03-10-2021,115.35,500.0,113.82,454.0,90.8,0.0,5.0,2.0
04-10-2021,115.35,500.0,113.79,453.0,90.6,0.0,5.0,0.0
05-10-2021,115.35,500.0,113.75,452.0,90.4,0.0,5.0,0.0
06-10-2021,115.35,500.0,113.95,458.0,91.6,35.0,5.0,55.0
07-10-2021,115.35,500.0,114.02,460.0,92.0,5.0,5.0,6.0
08-10-2021,115.35,500.0,114.02,460.0,92.0,0.0,5.0,0.0
09-10-2021,115.35,500.0,114.02,460.0,92.0,0.0,5.0,0.0
10-10-2021,115.35,500.0,113.99,459.0,91.8,0.0,5.0,2.0
11-10-2021,115.35,500.0,114.05,461.0,92.2,15.0,5.0,31.0
12-10-2021,115.35,500.0,114.05,461.0,92.2,0.0,5.0,0.0
13-10-2021,115.35,500.0,114.05,461.0,92.2,0.0,5.0,0.0
14-10-2021,115.35,500.0,114.25,467.0,93.4,40.0,5.0,49.0
15-10-2021,115.35,500.0,114.32,469.0,93.8,5.0,5.0,5.0
16-10-2021,115.35,500.0,114.32,469.0,93.8,0.0,5.0,0.0
17-10-2021,115.35,500.0,114.29,468.0,93.6,0.0,5.0,0.0
18-10-2021,115.35,500.0,114.25,467.0,93.4,0.0,5.0,0.0
19-10-2021,115.35,500.0,114.22,466.0,93.2,0.0,5.0,0.0
20-10-2021,115.35,500.0,114.19,465.0,93.0,0.0,5.0,0.0
21-10-2021,115.35,500.0,114.15,464.0,92.8,0.0,5.0,0.0
22-10-2021,115.35,500.0,114.12,463.0,92.6,0.0,5.0,0.0
23-10-2021,115.35,500.0,114.12,462.0,92.4,0.0,5.0,0.0
24-10-2021,115.35,500.0,114.05,461.0,92.2,0.0,5.0,0.0
25-10-2021,115.35,500.0,114.02,460.0,92.0,0.0,5.0,2.0
26-10-2021,115.35,500.0,113.99,459.0,91.8,0.0,5.0,0.0
27-10-2021,115.35,500.0,113.95,458.0,91.6,0.0,5.0,0.0
28-10-2021,115.35,500.0,113.92,457.0,91.4,0.0,5.0,0.0
29-10-2021,115.35,500.0,113.89,456.0,91.2,0.0,5.0,0.0
30-10-2021,115.35,500.0,113.99,459.0,91.8,25.0,5.0,17.0
31-10-2021,115.35,500.0,114.12,463.0,92.6,30.0,5.0,21.0
01-11-2021,115.35,500.0,114.25,467.0,93.4,25.0,5.0,19.0
02-11-2021,115.35,500.0,114.35,470.0,94.0,25.0,5.0,18.0
03-11-2021,115.35,500.0,115.35,500.0,100.0,202.0,202.0,0.0
04-11-2021,115.35,500.0,114.51,475.0,95.0,25.0,5.0,18.0
05-11-2021,115.35,500.0,114.59,477.0,95.4,15.0,5.0,2.0
06-11-2021,115.35,500.0,114.65,479.0,95.8,20.0,5.0,0.0
07-11-2021,115.35,500.0,114.95,491.0,98.2,95.0,0.0,58.0
08-11-2021,115.35,500.0,115.35,500.0,100.0,90.0,90.0,83.0
09-11-2021,115.35,500.0,115.35,500.0,100.0,70.0,70.0,10.0
10-11-2021,115.35,500.0,115.35,500.0,100.0,70.0,70.0,2.0
11-11-2021,115.35,500.0,115.35,500.0,100.0,215.0,215.0,106.0
12-11-2021,115.35,500.0,115.35,500.0,100.0,321.0,321.0,68.0
13-11-2021,115.35,500.0,115.35,500.0,100.0,305.0,305.0,3.0
14-11-2021,115.35,500.0,115.35,500.0,100.0,281.0,281.0,0.0
15-11-2021,115.35,500.0,115.35,500.0,100.0,267.0,267.0,20.0
16-11-2021,115.35,500.0,115.35,500.0,100.0,215.0,215.0,0.0
17-11-2021,115.35,500.0,115.35,500.0,100.0,162.0,162.0,0.0
18-11-2021,115.35,500.0,115.35,500.0,100.0,175.0,175.0,27.0
19-11-2021,115.35,500.0,115.35,500.0,100.0,230.0,230.0,54.0
20-11-2021,115.35,500.0,115.35,500.0,100.0,223.0,223.0,9.0
21-11-2021,115.35,500.0,115.35,500.0,100.0,216.0,216.0,2.0
22-11-2021,115.35,500.0,115.35,500.0,100.0,216.0,216.0,0.0
23-11-2021,115.35,500.0,115.35,500.0,100.0,181.0,181.0,7.0
24-11-2021,115.35,500.0,115.35,500.0,100.0,149.0,149.0,0.0
25-11-2021,115.35,500.0,115.35,500.0,100.0,114.0,114.0,0.0
26-11-2021,115.35,500.0,115.35,500.0,100.0,97.0,97.0,0.0
27-11-2021,115.35,500.0,115.35,500.0,100.0,108.0,108.0,57.0
28-11-2021,115.35,500.0,115.35,500.0,100.0,156.0,156.0,27.0
29-11-2021,115.35,500.0,115.35,500.0,100.0,321.0,321.0,76.0
30-11-2021,115.35,500.0,115.35,500.0,100.0,329.0,329.0,18.0
01-12-2021,115.35,500.0,115.35,500.0,100.0,290.0,290.0,18.0
02-12-2021,115.35,500.0,115.35,500.0,100.0,237.0,237.0,0.0
03-12-2021,115.35,500.0,115.35,500.0,100.0,202.0,202.0,0.0
04-12-2021,115.35,500.0,115.35,500.0,100.0,168.0,168.0,0.0
05-12-2021,115.35,500.0,115.35,500.0,100.0,149.0,149.0,0.0
06-12-2021,115.35,500.0,115.35,500.0,100.0,143.0,143.0,0.0
07-12-2021,115.35,500.0,115.35,500.0,100.0,143.0,143.0,0.0
08-12-2021,115.35,500.0,115.35,500.0,100.0,137.0,137.0,0.0
09-12-2021,115.35,500.0,115.35,500.0,100.0,92.0,92.0,0.0
10-12-2021,115.35,500.0,115.35,500.0,100.0,86.0,86.0,25.0
11-12-2021,115.35,500.0,115.35,500.0,100.0,86.0,86.0,2.0
12-12-2021,115.35,500.0,115.35,500.0,100.0,114.0,114.0,15.0
13-12-2021,115.35,500.0,115.35,500.0,100.0,97.0,97.0,7.0
14-12-2021,115.35,500.0,115.35,500.0,100.0,102.0,102.0,21.0
15-12-2021,115.35,500.0,115.35,500.0,100.0,97.0,97.0,0.0
16-12-2021,115.35,500.0,115.35,500.0,100.0,92.0,92.0,0.0
17-12-2021,115.35,500.0,115.35,500.0,100.0,86.0,86.0,0.0
18-12-2021,115.35,500.0,115.35,500.0,100.0,92.0,92.0,0.0
19-12-2021,115.35,500.0,115.35,500.0,100.0,81.0,81.0,0.0
20-12-2021,115.35,500.0,115.35,500.0,100.0,67.0,67.0,0.0
21-12-2021,115.35,500.0,115.35,500.0,100.0,62.0,62.0,0.0
22-12-2021,115.35,500.0,115.35,500.0,100.0,48.0,48.0,0.0
23-12-2021,115.35,500.0,115.35,500.0,100.0,48.0,48.0,0.0
24-12-2021,115.35,500.0,115.35,500.0,100.0,53.0,53.0,0.0
25-12-2021,115.35,500.0,115.35,500.0,100.0,53.0,53.0,0.0
26-12-2021,115.35,500.0,115.35,500.0,100.0,53.0,53.0,0.0
27-12-2021,115.35,500.0,115.35,500.0,100.0,53.0,53.0,0.0
28-12-2021,115.35,500.0,115.35,500.0,100.0,53.0,53.0,0.0
29-12-2021,115.35,500.0,115.35,500.0,100.0,53.0,53.0,5.0
30-12-2021,115.35,500.0,115.35,500.0,100.0,53.0,53.0,0.0
31-12-2021,115.35,500.0,115.35,500.0,100.0,102.0,102.0,66.0
01-01-2022,115.35,500.0,115.35,500.0,100.0,175.0,175.0,55.0
02-01-2022,115.35,500.0,115.35,500.0,100.0,216.0,216.0,0.0
03-01-2022,115.35,500.0,115.35,500.0,100.0,188.0,188.0,0.0
04-01-2022,115.35,500.0,115.35,500.0,100.0,175.0,175.0,0.0
05-01-2022,115.35,500.0,115.35,500.0,100.0,162.0,162.0,0.0
06-01-2022,115.35,500.0,115.35,500.0,100.0,125.0,125.0,0.0
07-01-2022,115.35,500.0,115.35,500.0,100.0,149.0,149.0,0.0
08-01-2022,115.35,500.0,115.35,500.0,100.0,149.0,149.0,0.0
09-01-2022,115.35,500.0,115.35,500.0,100.0,149.0,149.0,0.0
10-01-2022,115.35,500.0,115.35,500.0,100.0,149.0,149.0,0.0
11-01-2022,115.35,500.0,115.35,500.0,100.0,137.0,137.0,0.0
12-01-2022,115.35,500.0,115.35,500.0,100.0,119.0,119.0,0.0
13-01-2022,115.35,500.0,115.35,500.0,100.0,119.0,119.0,0.0
14-01-2022,115.35,500.0,115.35,500.0,100.0,102.0,102.0,0.0
15-01-2022,115.35,500.0,115.35,500.0,100.0,102.0,102.0,0.0
16-01-2022,115.35,500.0,115.35,500.0,100.0,81.0,81.0,0.0
17-01-2022,115.35,500.0,115.35,500.0,100.0,81.0,81.0,5.0
18-01-2022,115.35,500.0,115.35,500.0,100.0,81.0,81.0,0.0
19-01-2022,115.35,500.0,115.35,500.0,100.0,81.0,81.0,0.0
20-01-2022,115.35,500.0,115.35,500.0,100.0,81.0,81.0,0.0
21-01-2022,115.35,500.0,115.35,500.0,100.0,81.0,81.0,0.0
22-01-2022,115.35,500.0,115.35,500.0,100.0,71.0,71.0,0.0
23-01-2022,115.35,500.0,115.35,500.0,100.0,71.0,71.0,0.0
24-01-2022,115.35,500.0,115.35,500.0,100.0,44.0,44.0,0.0
25-01-2022,115.35,500.0,115.35,500.0,100.0,44.0,44.0,0.0
26-01-2022,115.35,500.0,115.35,500.0,100.0,44.0,44.0,0.0
27-01-2022,115.35,500.0,115.35,500.0,100.0,44.0,44.0,0.0
28-01-2022,115.35,500.0,115.35,500.0,100.0,44.0,44.0,0.0
29-01-2022,115.35,500.0,115.35,500.0,100.0,44.0,44.0,0.0
30-01-2022,115.35,500.0,115.35,500.0,100.0,44.0,44.0,0.0
31-01-2022,115.35,500.0,115.35,500.0,100.0,44.0,44.0,0.0
01-02-2022,115.35,500.0,115.35,500.0,100.0,44.0,44.0,0.0
02-02-2022,115.35,500.0,115.35,500.0,100.0,44.0,44.0,0.0
03-02-2022,115.35,500.0,115.35,500.0,100.0,44.0,44.0,0.0
04-02-2022,115.35,500.0,115.35,500.0,100.0,44.0,44.0,0.0
05-02-2022,115.35,500.0,115.35,500.0,100.0,44.0,44.0,0.0
06-02-2022,115.35,500.0,115.35,500.0,100.0,44.0,44.0,0.0
07-02-2022,115.35,500.0,115.35,500.0,100.0,44.0,44.0,0.0
08-02-2022,115.35,500.0,115.35,500.0,100.0,44.0,44.0,0.0
09-02-2022,115.35,500.0,115.35,500.0,100.0,29.0,29.0,0.0
10-02-2022,115.35,500.0,115.35,500.0,100.0,29.0,29.0,0.0
11-02-2022,115.35,500.0,115.35,500.0,100.0,29.0,29.0,0.0
12-02-2022,115.35,500.0,115.35,500.0,100.0,29.0,29.0,0.0
13-02-2022,115.35,500.0,115.35,500.0,100.0,29.0,29.0,0.0
14-02-2022,115.35,500.0,115.35,500.0,100.0,29.0,29.0,0.0
15-02-2022,115.35,500.0,115.35,500.0,100.0,25.0,25.0,0.0
16-02-2022,115.35,500.0,115.35,500.0,100.0,25.0,25.0,0.0
17-02-2022,115.35,500.0,115.35,500.0,100.0,22.0,22.0,0.0
18-02-2022,115.35,500.0,115.35,500.0,100.0,22.0,22.0,0.0
19-02-2022,115.35,500.0,115.35,500.0,100.0,22.0,22.0,0.0
20-02-2022,115.35,500.0,115.35,500.0,100.0,22.0,22.0,0.0
21-02-2022,115.35,500.0,115.35,500.0,100.0,22.0,22.0,0.0
22-02-2022,115.35,500.0,115.35,500.0,100.0,22.0,22.0,0.0
23-02-2022,115.35,500.0,115.35,500.0,100.0,22.0,22.0,0.0
24-02-2022,115.35,500.0,115.35,500.0,100.0,22.0,22.0,0.0
25-02-2022,115.35,500.0,115.35,500.0,100.0,22.0,22.0,0.0
26-02-2022,115.35,500.0,115.35,500.0,100.0,22.0,22.0,0.0
27-02-2022,115.35,500.0,115.35,500.0,100.0,22.0,22.0,0.0
28-02-2022,115.35,500.0,115.35,500.0,100.0,22.0,22.0,0.0
01-03-2022,115.35,500.0,115.35,500.0,100.0,22.0,22.0,0.0
02-03-2022,115.35,500.0,115.35,500.0,100.0,22.0,22.0,0.0
03-03-2022,115.35,500.0,115.35,500.0,100.0,22.0,22.0,0.0
04-03-2022,115.35,500.0,115.35,500.0,100.0,22.0,22.0,0.0
05-03-2022,115.35,500.0,115.35,500.0,100.0,22.0,22.0,0.0
06-03-2022,115.35,500.0,115.35,500.0,100.0,22.0,22.0,0.0
07-03-2022,115.35,500.0,115.35,500.0,100.0,22.0,22.0,0.0
08-03-2022,115.35,500.0,115.35,500.0,100.0,22.0,22.0,0.0
09-03-2022,115.35,500.0,115.35,500.0,100.0,22.0,22.0,0.0
10-03-2022,115.35,500.0,115.35,500.0,100.0,22.0,22.0,0.0
11-03-2022,115.35,500.0,115.35,500.0,100.0,22.0,22.0,0.0
12-03-2022,115.35,500.0,115.35,500.0,100.0,22.0,22.0,0.0
13-03-2022,115.35,500.0,115.35,500.0,100.0,22.0,22.0,0.0
14-03-2022,115.35,500.0,115.35,500.0,100.0,22.0,22.0,0.0
15-03-2022,115.35,500.0,115.35,500.0,100.0,22.0,22.0,0.0
16-03-2022,115.35,500.0,115.35,500.0,100.0,22.0,22.0,0.0
17-03-2022,115.35,500.0,115.35,500.0,100.0,22.0,22.0,0.0
18-03-2022,115.35,500.0,115.35,500.0,100.0,22.0,22.0,0.0
19-03-2022,115.35,500.0,115.35,500.0,100.0,22.0,22.0,0.0
20-03-2022,115.35,500.0,115.35,500.0,100.0,22.0,22.0,0.0
21-03-2022,115.35,500.0,115.35,500.0,100.0,22.0,22.0,0.0
22-03-2022,115.35,500.0,115.35,500.0,100.0,22.0,22.0,0.0
23-03-2022,115.35,500.0,115.35,500.0,100.0,22.0,22.0,0.0
24-03-2022,115.35,500.0,115.35,500.0,100.0,22.0,22.0,0.0
25-03-2022,115.35,500.0,115.35,500.0,100.0,22.0,22.0,0.0
26-03-2022,115.35,500.0,115.35,500.0,100.0,22.0,22.0,0.0
27-03-2022,115.35,500.0,115.35,500.0,100.0,22.0,22.0,0.0
28-03-2022,115.35,500.0,115.35,500.0,100.0,22.0,22.0,0.0
29-03-2022,115.35,500.0,115.35,500.0,100.0,22.0,22.0,0.0
30-03-2022,115.35,500.0,115.35,500.0,100.0,10.0,10.0,0.0
31-03-2022,115.35,500.0,115.35,500.0,100.0,10.0,10.0,0.0
01-04-2022,115.35,500.0,115.35,500.0,100.0,10.0,10.0,0.0
02-04-2022,115.35,500.0,115.31,499.0,99.8,5.0,15.0,0.0
03-04-2022,115.35,500.0,115.31,499.0,99.8,5.0,15.0,0.0
04-04-2022,115.35,500.0,115.28,497.0,99.4,3.0,15.0,0.0
05-04-2022,115.35,500.0,115.25,496.0,99.2,3.0,15.0,0.0
06-04-2022,115.35,500.0,115.21,494.0,98.8,3.0,15.0,0.0
07-04-2022,115.35,500.0,115.21,494.0,98.8,3.0,15.0,0.0
08-04-2022,115.35,500.0,115.18,493.0,98.6,0.0,15.0,0.0
09-04-2022,115.35,500.0,115.15,491.0,98.2,0.0,15.0,0.0
10-04-2022,115.35,500.0,115.11,490.0,98.0,0.0,15.0,0.0
11-04-2022,115.35,500.0,115.08,489.0,97.8,0.0,15.0,0.0
12-04-2022,115.35,500.0,115.05,487.0,97.4,0.0,15.0,0.0
13-04-2022,115.35,500.0,115.01,486.0,97.2,0.0,15.0,0.0
14-04-2022,115.35,500.0,114.98,485.0,97.0,0.0,15.0,0.0
15-04-2022,115.35,500.0,114.95,484.0,96.8,0.0,15.0,0.0
16-04-2022,115.35,500.0,114.91,483.0,96.6,0.0,15.0,0.0
17-04-2022,115.35,500.0,114.88,482.0,96.4,0.0,15.0,0.0
18-04-2022,115.35,500.0,114.85,481.0,96.2,0.0,15.0,0.0
19-04-2022,115.35,500.0,114.85,481.0,96.2,0.0,10.0,0.0
20-04-2022,115.35,500.0,114.81,480.0,96.0,0.0,10.0,0.0
21-04-2022,115.35,500.0,114.81,480.0,96.0,0.0,10.0,0.0
22-04-2022,115.35,500.0,114.78,479.0,95.8,0.0,10.0,0.0
23-04-2022,115.35,500.0,114.78,479.0,95.8,0.0,10.0,0.0
24-04-2022,115.35,500.0,114.75,478.0,95.6,0.0,10.0,0.0
25-04-2022,115.35,500.0,114.75,478.0,95.6,0.0,10.0,0.0
26-04-2022,115.35,500.0,114.71,477.0,95.4,0.0,10.0,0.0
27-04-2022,115.35,500.0,114.71,477.0,95.4,0.0,10.0,0.0
28-04-2022,115.35,500.0,114.68,476.0,95.2,0.0,10.0,0.0
29-04-2022,115.35,500.0,114.68,476.0,95.2,0.0,10.0,0.0
30-04-2022,115.35,500.0,114.65,475.0,95.0,0.0,10.0,0.0
01-05-2022,115.35,500.0,114.61,474.0,94.8,0.0,15.0,0.0
02-05-2022,115.35,500.0,114.58,473.0,94.6,0.0,15.0,0.0
03-05-2022,115.35,500.0,114.55,472.0,94.4,0.0,15.0,0.0
04-05-2022,115.35,500.0,114.51,471.0,94.2,0.0,15.0,0.0
05-05-2022,115.35,500.0,114.48,470.0,94.0,0.0,15.0,22.0
06-05-2022,115.35,500.0,114.45,469.0,93.8,0.0,15.0,0.0
07-05-2022,115.35,500.0,114.41,468.0,93.6,0.0,15.0,0.0
08-05-2022,115.35,500.0,114.38,467.0,93.4,0.0,15.0,0.0
09-05-2022,115.35,500.0,114.35,466.0,93.2,0.0,15.0,0.0
10-05-2022,115.35,500.0,114.31,465.0,93.0,0.0,15.0,0.0
11-05-2022,115.35,500.0,114.31,465.0,93.0,0.0,5.0,25.0
12-05-2022,115.35,500.0,114.28,464.0,92.8,0.0,15.0,0.0
13-05-2022,115.35,500.0,114.25,463.0,92.6,0.0,15.0,5.0
14-05-2022,115.35,500.0,114.21,462.0,92.4,0.0,15.0,0.0
15-05-2022,115.35,500.0,114.21,462.0,92.4,0.0,10.0,12.0
16-05-2022,115.35,500.0,114.21,462.0,92.4,0.0,10.0,10.0
17-05-2022,115.35,500.0,114.18,461.0,92.2,0.0,10.0,2.0
18-05-2022,115.35,500.0,114.15,460.0,92.0,0.0,15.0,0.0
19-05-2022,115.35,500.0,114.11,459.0,91.8,0.0,15.0,0.0
20-05-2022,115.35,500.0,114.08,458.0,91.6,0.0,15.0,0.0
21-05-2022,115.35,500.0,114.05,457.0,91.4,0.0,15.0,0.0
22-05-2022,115.35,500.0,114.01,456.0,91.2,0.0,15.0,0.0
23-05-2022,115.35,500.0,113.98,455.0,91.0,0.0,15.0,0.0
24-05-2022,115.35,500.0,113.95,454.0,90.8,0.0,15.0,0.0
25-05-2022,115.35,500.0,113.91,453.0,90.6,0.0,15.0,0.0
26-05-2022,115.35,500.0,113.88,452.0,90.4,0.0,15.0,0.0
27-05-2022,115.35,500.0,113.85,451.0,90.2,0.0,15.0,7.0
28-05-2022,115.35,500.0,113.81,450.0,90.0,0.0,15.0,0.0
29-05-2022,115.35,500.0,113.77,449.0,89.8,0.0,15.0,0.0
30-05-2022,115.35,500.0,113.73,448.0,89.6,0.0,15.0,0.0
31-05-2022,115.35,500.0,113.7,447.0,89.4,0.0,15.0,0.0
01-06-2022,115.35,500.0,113.67,446.0,89.2,0.0,15.0,0.0
02-06-2022,115.35,500.0,113.63,445.0,89.0,0.0,15.0,0.0
03-06-2022,115.35,500.0,113.6,444.0,88.8,0.0,15.0,0.0
04-06-2022,115.35,500.0,113.57,443.0,88.6,0.0,15.0,0.0
05-06-2022,115.35,500.0,113.53,442.0,88.4,0.0,15.0,0.0
06-06-2022,115.35,500.0,113.5,441.0,88.2,0.0,15.0,0.0
07-06-2022,115.35,500.0,113.47,440.0,88.0,0.0,15.0,0.0
08-06-2022,115.35,500.0,113.43,439.0,87.8,0.0,15.0,0.0
09-06-2022,115.35,500.0,113.4,438.0,87.6,0.0,15.0,0.0
10-06-2022,115.35,500.0,113.37,437.0,87.4,0.0,15.0,0.0
11-06-2022,115.35,500.0,113.33,436.0,87.2,0.0,15.0,0.0
12-06-2022,115.35,500.0,113.3,435.0,87.0,0.0,15.0,0.0
13-06-2022,115.35,500.0,113.27,434.0,86.8,0.0,15.0,0.0
14-06-2022,115.35,500.0,113.2,432.0,86.4,0.0,15.0,0.0
15-06-2022,115.35,500.0,113.17,431.0,86.2,0.0,15.0,0.0
16-06-2022,115.35,500.0,113.13,430.0,86.0,0.0,15.0,2.0
17-06-2022,115.35,500.0,113.1,429.0,85.8,0.0,15.0,4.0
18-06-2022,115.35,500.0,113.07,428.0,85.6,0.0,15.0,0.0
19-06-2022,115.35,500.0,113.0,426.0,85.2,0.0,15.0,0.0
20-06-2022,115.35,500.0,113.13,430.0,86.0,25.0,205.0,50.0
21-06-2022,115.35,500.0,113.2,432.0,86.4,15.0,5.0,10.0
22-06-2022,115.35,500.0,113.23,433.0,86.6,10.0,5.0,0.0
23-06-2022,115.35,500.0,113.2,432.0,86.4,0.0,15.0,0.0
24-06-2022,115.35,500.0,113.17,431.0,86.2,0.0,15.0,0.0
25-06-2022,115.35,500.0,113.13,430.0,86.0,0.0,15.0,0.0
26-06-2022,115.35,500.0,113.1,429.0,85.8,0.0,15.0,0.0
27-06-2022,115.35,500.0,113.07,428.0,85.6,0.0,15.0,0.0
28-06-2022,115.35,500.0,113.03,427.0,85.4,0.0,15.0,0.0
29-06-2022,115.35,500.0,113.0,426.0,85.2,0.0,15.0,0.0
30-06-2022,115.35,500.0,112.97,425.0,85.0,0.0,15.0,5.0
01-07-2022,115.35,500.0,113.0,426.0,85.2,5.0,0.0,53.0
02-07-2022,115.35,500.0,113.1,429.0,85.8,15.0,5.0,29.0
03-07-2022,115.35,500.0,113.1,429.0,85.8,5.0,5.0,0.0
04-07-2022,115.35,500.0,113.07,428.0,85.6,0.0,15.0,0.0
05-07-2022,115.35,500.0,113.03,427.0,85.4,0.0,15.0,0.0
06-07-2022,115.35,500.0,113.07,428.0,85.6,10.0,5.0,23.0
07-07-2022,115.35,500.0,113.07,428.0,85.6,5.0,5.0,0.0
08-07-2022,115.35,500.0,113.03,427.0,85.4,0.0,15.0,0.0
09-07-2022,115.35,500.0,113.03,427.0,85.4,0.0,15.0,1.0
10-07-2022,115.35,500.0,113.03,427.0,85.4,0.0,10.0,10.0
11-07-2022,115.35,500.0,113.0,426.0,85.2,0.0,10.0,0.0
12-07-2022,115.35,500.0,113.0,426.0,85.2,0.0,10.0,1.0
13-07-2022,115.35,500.0,113.0,426.0,85.2,0.0,10.0,4.0
14-07-2022,115.35,500.0,112.93,424.0,84.8,0.0,15.0,0.0
15-07-2022,115.35,500.0,112.9,423.0,84.6,0.0,15.0,0.0
16-07-2022,115.35,500.0,112.87,422.0,84.4,0.0,15.0,0.0
17-07-2022,115.35,500.0,113.7,447.0,89.4,285.0,15.0,19.0
18-07-2022,115.35,500.0,114.45,469.0,93.8,270.0,15.0,0.0
19-07-2022,115.35,500.0,115.38,489.0,97.8,245.0,15.0,12.0
20-07-2022,115.35,500.0,115.35,500.0,100.0,225.0,225.0,0.0
21-07-2022,115.35,500.0,115.35,500.0,100.0,345.0,345.0,47.0
22-07-2022,115.35,500.0,115.35,500.0,100.0,230.0,230.0,0.0
23-07-2022,115.35,500.0,115.35,500.0,100.0,215.0,215.0,0.0
24-07-2022,115.35,500.0,115.35,500.0,100.0,190.0,190.0,0.0
25-07-2022,115.35,500.0,115.35,500.0,100.0,195.0,195.0,28.0
26-07-2022,115.35,500.0,115.35,500.0,100.0,200.0,200.0,5.0
27-07-2022,115.35,500.0,115.35,500.0,100.0,205.0,205.0,16.0
28-07-2022,115.35,500.0,115.35,500.0,100.0,190.0,190.0,0.0
29-07-2022,115.35,500.0,115.35,500.0,100.0,157.0,157.0,0.0
30-07-2022,115.35,500.0,115.35,500.0,100.0,130.0,130.0,0.0
31-07-2022,115.35,500.0,115.35,500.0,100.0,110.0,110.0,0.0
01-08-2022,115.35,500.0,115.35,500.0,100.0,100.0,100.0,42.0
02-08-2022,115.35,500.0,115.35,500.0,100.0,80.0,80.0,0.0
03-08-2022,115.35,500.0,115.35,500.0,100.0,95.0,95.0,0.0
04-08-2022,115.35,500.0,115.35,500.0,100.0,90.0,90.0,0.0
05-08-2022,115.35,500.0,115.35,500.0,100.0,85.0,85.0,0.0
06-08-2022,115.35,500.0,115.35,500.0,100.0,75.0,75.0,0.0
07-08-2022,115.35,500.0,115.35,500.0,100.0,90.0,90.0,0.0
08-08-2022,115.35,500.0,115.35,500.0,100.0,95.0,95.0,0.0
09-08-2022,115.35,500.0,115.35,500.0,100.0,105.0,105.0,6.0
10-08-2022,115.35,500.0,115.35,500.0,100.0,95.0,95.0,0.0
11-08-2022,115.35,500.0,115.35,500.0,100.0,95.0,95.0,0.0
12-08-2022,115.35,500.0,115.35,500.0,100.0,95.0,95.0,0.0
13-08-2022,115.35,500.0,115.35,500.0,100.0,90.0,90.0,0.0
14-08-2022,115.35,500.0,115.35,500.0,100.0,85.0,85.0,0.0
15-08-2022,115.35,500.0,115.35,500.0,100.0,75.0,75.0,0.0
16-08-2022,115.35,500.0,115.35,500.0,100.0,80.0,80.0,0.0
17-08-2022,115.35,500.0,115.35,500.0,100.0,85.0,85.0,23.0
18-08-2022,115.35,500.0,115.35,500.0,100.0,85.0,85.0,0.0
19-08-2022,115.35,500.0,115.35,500.0,100.0,85.0,85.0,0.0
20-08-2022,115.35,500.0,115.35,500.0,100.0,85.0,85.0,0.0
21-08-2022,115.35,500.0,115.35,500.0,100.0,80.0,80.0,0.0
22-08-2022,115.35,500.0,115.35,500.0,100.0,80.0,80.0,7.0
23-08-2022,115.35,500.0,115.35,500.0,100.0,75.0,75.0,7.0
24-08-2022,115.35,500.0,115.35,500.0,100.0,75.0,75.0,5.0
25-08-2022,115.35,500.0,115.31,500.0,100.0,75.0,75.0,0.0
26-08-2022,115.35,500.0,115.35,500.0,100.0,80.0,80.0,16.0
27-08-2022,115.35,500.0,115.35,500.0,100.0,85.0,85.0,29.0
28-08-2022,115.35,500.0,115.35,500.0,100.0,85.0,85.0,6.0
29-08-2022,115.35,500.0,115.35,500.0,100.0,85.0,85.0,0.0
30-08-2022,115.35,500.0,115.35,500.0,100.0,45.0,45.0,0.0
31-08-2022,115.35,500.0,115.35,500.0,100.0,35.0,35.0,0.0
01-09-2022,115.35,500.0,115.35,500.0,100.0,40.0,40.0,58.0
02-09-2022,115.35,500.0,115.35,500.0,100.0,25.0,25.0,13.0
03-09-2022,115.35,500.0,115.35,500.0,100.0,25.0,25.0,0.0
04-09-2022,115.35,500.0,115.35,500.0,100.0,25.0,25.0,0.0
05-09-2022,115.35,500.0,115.35,500.0,100.0,25.0,25.0,3.0
06-09-2022,115.35,500.0,115.35,500.0,100.0,20.0,20.0,0.0
07-09-2022,115.35,500.0,115.35,500.0,100.0,25.0,25.0,0.0
08-09-2022,115.35,500.0,115.35,500.0,100.0,25.0,25.0,0.0
09-09-2022,115.35,500.0,115.35,500.0,100.0,25.0,25.0,0.0
10-09-2022,115.35,500.0,115.35,500.0,100.0,50.0,50.0,66.0
11-09-2022,115.35,500.0,115.35,500.0,100.0,35.0,35.0,0.0
12-09-2022,115.35,500.0,115.35,500.0,100.0,25.0,25.0,0.0
13-09-2022,115.35,500.0,115.35,500.0,100.0,25.0,25.0,0.0
14-09-2022,115.35,500.0,115.35,500.0,100.0,25.0,25.0,0.0
15-09-2022,115.35,500.0,115.35,500.0,100.0,25.0,25.0,0.0
16-09-2022,115.35,500.0,115.35,500.0,100.0,25.0,25.0,0.0
17-09-2022,115.35,500.0,115.35,500.0,100.0,30.0,30.0,16.0
18-09-2022,115.35,500.0,115.35,500.0,100.0,20.0,20.0,0.0
19-09-2022,115.35,500.0,115.35,500.0,100.0,25.0,25.0,0.0
20-09-2022,115.35,500.0,115.35,500.0,100.0,25.0,25.0,0.0
21-09-2022,115.35,500.0,115.35,500.0,100.0,25.0,25.0,0.0
22-09-2022,115.35,500.0,115.35,500.0,100.0,25.0,25.0,0.0
23-09-2022,115.35,500.0,115.35,500.0,100.0,22.0,22.0,0.0
24-09-2022,115.35,500.0,115.35,500.0,100.0,25.0,25.0,0.0
25-09-2022,115.35,500.0,115.35,500.0,100.0,22.0,22.0,0.0
26-09-2022,115.35,500.0,115.35,500.0,100.0,25.0,25.0,0.0
27-09-2022,115.35,500.0,115.35,500.0,100.0,22.0,22.0,0.0
28-09-2022,115.35,500.0,115.35,500.0,100.0,25.0,25.0,5.0
29-09-2022,115.35,500.0,115.35,500.0,100.0,22.0,22.0,0.0
30-09-2022,115.35,500.0,115.35,500.0,100.0,25.0,25.0,0.0
01-10-2022,115.35,500.0,115.35,500.0,100.0,21.0,21.0,5.0
02-10-2022,115.35,500.0,115.35,500.0,100.0,21.0,21.0,0.0
03-10-2022,115.35,500.0,115.35,500.0,100.0,25.0,25.0,0.0
04-10-2022,115.35,500.0,115.35,500.0,100.0,25.0,0.0,0.0
05-10-2022,115.35,500.0,115.35,500.0,100.0,25.0,25.0,0.0
06-10-2022,115.35,500.0,115.35,500.0,100.0,25.0,25.0,12.0
07-10-2022,115.35,500.0,115.35,500.0,100.0,139.0,139.0,41.0
08-10-2022,115.35,500.0,115.35,500.0,100.0,125.0,125.0,2.0
09-10-2022,115.35,500.0,115.35,500.0,100.0,112.0,112.0,5.0
10-10-2022,115.35,500.0,115.35,500.0,100.0,107.0,107.0,11.0
11-10-2022,115.35,500.0,115.35,500.0,100.0,102.0,102.0,0.0
12-10-2022,115.35,500.0,115.35,500.0,100.0,96.0,96.0,2.0
13-10-2022,115.35,500.0,115.35,500.0,100.0,96.0,96.0,0.0
14-10-2022,115.35,500.0,115.35,500.0,100.0,91.0,91.0,0.0
15-10-2022,115.35,500.0,115.35,500.0,100.0,86.0,86.0,0.0
17-10-2022,115.35,500.0,115.35,500.0,100.0,72.0,72.0,11.0
18-10-2022,115.35,500.0,115.35,500.0,100.0,70.0,70.0,0.0
19-10-2022,115.35,500.0,115.35,500.0,100.0,70.0,70.0,0.0
20-10-2022,115.35,500.0,115.35,500.0,100.0,80.0,80.0,11.0
21-10-2022,115.35,500.0,115.35,500.0,100.0,124.0,124.0,74.0
22-10-2022,115.35,500.0,115.35,500.0,100.0,112.0,112.0,0.0
23-10-2022,115.35,500.0,115.35,500.0,100.0,102.0,102.0,0.0
24-10-2022,115.35,500.0,115.35,500.0,100.0,81.0,81.0,0.0
25-10-2022,115.35,500.0,115.35,500.0,100.0,63.0,63.0,0.0
26-10-2022,115.35,500.0,115.35,500.0,100.0,26.0,26.0,0.0
27-10-2022,115.35,500.0,115.35,500.0,100.0,23.0,23.0,0.0
28-10-2022,115.35,500.0,115.35,500.0,100.0,26.0,26.0,0.0
29-10-2022,115.35,500.0,115.35,500.0,100.0,26.0,26.0,15.0
30-10-2022,115.35,500.0,115.35,500.0,100.0,26.0,26.0,0.0
31-10-2022,115.35,500.0,115.35,500.0,100.0,23.0,23.0,0.0
01-11-2022,115.35,500.0,115.35,500.0,100.0,70.0,70.0,42.0
02-11-2022,115.35,500.0,115.35,500.0,100.0,155.0,155.0,87.0
03-11-2022,115.35,500.0,115.35,500.0,100.0,133.0,133.0,7.0
04-11-2022,115.35,500.0,115.35,500.0,100.0,125.0,125.0,6.0
05-11-2022,115.35,500.0,115.35,500.0,100.0,120.0,120.0,0.0
06-11-2022,115.35,500.0,115.35,500.0,100.0,110.0,110.0,2.0
07-11-2022,115.35,500.0,115.35,500.0,100.0,110.0,110.0,0.0
08-11-2022,115.35,500.0,115.35,500.0,100.0,100.0,100.0,0.0
09-11-2022,115.35,500.0,115.35,500.0,100.0,80.0,80.0,0.0
10-11-2022,115.35,500.0,115.35,500.0,100.0,80.0,80.0,0.0
11-11-2022,115.35,500.0,115.35,500.0,100.0,130.0,130.0,40.0
12-11-2022,115.35,500.0,115.35,500.0,100.0,145.0,145.0,24.0
13-11-2022,115.35,500.0,115.35,500.0,100.0,230.0,230.0,110.0
14-11-2022,115.35,500.0,115.35,500.0,100.0,280.0,280.0,31.0
15-11-2022,115.35,500.0,115.35,500.0,100.0,235.0,235.0,4.0
16-11-2022,115.35,500.0,115.35,500.0,100.0,185.0,185.0,0.0
17-11-2022,115.35,500.0,115.35,500.0,100.0,112.0,112.0,0.0
18-11-2022,115.35,500.0,115.35,500.0,100.0,46.0,46.0,0.0
19-11-2022,115.35,500.0,115.35,500.0,100.0,26.0,26.0,0.0
20-11-2022,115.35,500.0,115.35,500.0,100.0,16.0,16.0,0.0
21-11-2022,115.35,500.0,115.35,500.0,100.0,10.0,10.0,0.0
22-11-2022,115.35,500.0,115.35,500.0,100.0,10.0,10.0,10.0
23-11-2022,115.35,500.0,115.35,500.0,100.0,20.0,20.0,17.0
24-11-2022,115.35,500.0,115.35,500.0,100.0,30.0,30.0,32.0
25-11-2022,115.35,500.0,115.35,500.0,100.0,20.0,30.0,3.0
26-11-2022,115.35,500.0,115.35,500.0,100.0,15.0,15.0,0.0
27-11-2022,115.35,500.0,115.35,500.0,100.0,10.0,10.0,0.0
28-11-2022,115.35,500.0,115.35,500.0,100.0,10.0,10.0,0.0
29-11-2022,115.35,500.0,115.35,500.0,100.0,10.0,10.0,0.0
30-11-2022,115.35,500.0,115.35,500.0,100.0,10.0,10.0,0.0
01-12-2022,115.35,500.0,115.28,497.0,99.4,3.0,15.0,0.0
02-12-2022,115.35,500.0,115.25,496.0,99.2,3.0,15.0,0.0
03-12-2022,115.35,500.0,115.21,494.0,98.8,3.0,15.0,0.0
04-12-2022,115.35,500.0,115.18,493.0,98.6,3.0,15.0,0.0
05-12-2022,115.35,500.0,115.15,491.0,98.2,0.0,15.0,0.0
06-12-2022,115.35,500.0,115.15,491.0,98.2,0.0,15.0,0.0
07-12-2022,115.35,500.0,115.11,490.0,98.0,0.0,15.0,0.0
08-12-2022,115.35,500.0,115.11,489.0,97.8,0.0,15.0,0.0
09-12-2022,115.35,500.0,115.08,489.0,97.8,0.0,10.0,2.0
10-12-2022,115.35,500.0,115.35,500.0,100.0,35.0,35.0,112.0
11-12-2022,115.35,500.0,115.35,500.0,100.0,32.0,32.0,5.0
12-12-2022,115.35,500.0,115.35,500.0,100.0,63.0,63.0,50.0
13-12-2022,115.35,500.0,115.35,500.0,100.0,54.0,54.0,32.0
14-12-2022,115.35,500.0,115.35,500.0,100.0,39.0,39.0,0.0
15-12-2022,115.35,500.0,115.35,500.0,100.0,20.0,20.0,0.0
16-12-2022,115.35,500.0,115.35,500.0,100.0,16.0,16.0,0.0
17-12-2022,115.35,500.0,115.35,500.0,100.0,10.0,10.0,0.0
18-12-2022,115.35,500.0,115.35,500.0,100.0,10.0,10.0,0.0
19-12-2022,115.35,500.0,115.28,497.0,99.4,0.0,15.0,0.0
20-12-2022,115.35,500.0,115.28,497.0,99.4,0.0,15.0,0.0
21-12-2022,115.35,500.0,115.25,496.0,99.2,0.0,15.0,0.0
22-12-2022,115.35,500.0,115.25,496.0,99.2,0.0,15.0,0.0
23-12-2022,115.35,500.0,115.21,494.0,98.8,0.0,15.0,0.0
24-12-2022,115.35,500.0,115.18,493.0,98.6,0.0,15.0,0.0
25-12-2022,115.35,500.0,115.15,491.0,98.2,0.0,15.0,4.0
26-12-2022,115.35,500.0,115.15,491.0,98.2,0.0,10.0,7.0
27-12-2022,115.35,500.0,115.11,490.0,98.0,0.0,15.0,2.0
28-12-2022,115.35,500.0,115.11,490.0,98.0,0.0,15.0,0.0
29-12-2022,115.35,500.0,115.08,489.0,97.8,0.0,15.0,0.0
30-12-2022,115.35,500.0,115.05,488.0,97.6,0.0,15.0,0.0
31-12-2022,115.35,500.0,115.02,487.0,97.4,0.0,15.0,0.0
01-01-2023,115.35,500.0,114.98,486.0,97.2,0.0,15.0,0.0
02-01-2023,115.35,500.0,114.98,486.0,97.2,0.0,10.0,0.0
03-01-2023,115.35,500.0,114.93,485.0,97.0,0.0,10.0,0.0
04-01-2023,115.35,500.0,114.93,485.0,97.0,0.0,10.0,0.0
05-01-2023,115.35,500.0,114.91,484.0,96.8,0.0,10.0,0.0
06-01-2023,115.35,500.0,114.91,484.0,96.8,0.0,10.0,0.0
07-01-2023,115.35,500.0,114.87,483.0,96.6,0.0,10.0,0.0
08-01-2023,115.35,500.0,114.87,483.0,96.6,0.0,10.0,0.0
09-01-2023,115.35,500.0,114.84,482.0,96.4,0.0,10.0,0.0
10-01-2023,115.35,500.0,114.84,482.0,96.4,0.0,10.0,0.0
11-01-2023,115.35,500.0,114.8,481.0,96.2,0.0,10.0,0.0
12-01-2023,115.35,500.0,114.8,481.0,96.2,0.0,10.0,0.0
13-01-2023,115.35,500.0,114.77,480.0,96.0,0.0,15.0,0.0
14-01-2023,115.35,500.0,114.77,480.0,96.0,0.0,15.0,0.0
15-01-2023,115.35,500.0,114.7,478.0,95.6,0.0,15.0,0.0
16-01-2023,115.35,500.0,114.67,477.0,95.4,0.0,15.0,0.0
17-01-2023,115.35,500.0,114.63,476.0,95.2,0.0,15.0,0.0
18-01-2023,115.35,500.0,114.59,475.0,95.0,0.0,15.0,0.0
19-01-2023,115.35,500.0,114.55,474.0,94.8,0.0,15.0,0.0
20-01-2023,115.35,500.0,114.52,473.0,94.6,0.0,15.0,0.0
21-01-2023,115.35,500.0,114.48,472.0,94.4,0.0,15.0,0.0
22-01-2023,115.35,500.0,114.44,471.0,94.2,0.0,15.0,0.0
23-01-2023,115.35,500.0,114.41,470.0,94.0,0.0,15.0,0.0
24-01-2023,115.35,500.0,114.37,469.0,93.8,0.0,15.0,0.0
25-01-2023,115.35,500.0,114.33,468.0,93.6,0.0,15.0,0.0
26-01-2023,115.35,500.0,114.3,467.0,93.4,0.0,15.0,0.0
27-01-2023,115.35,500.0,114.26,466.0,93.2,0.0,15.0,0.0
28-01-2023,115.35,500.0,114.26,466.0,93.2,0.0,15.0,0.0
29-01-2023,115.35,500.0,114.22,465.0,93.0,0.0,15.0,0.0
30-01-2023,115.35,500.0,114.22,465.0,93.0,0.0,15.0,0.0
31-01-2023,115.35,500.0,114.19,464.0,92.8,0.0,15.0,0.0
01-02-2023,115.35,500.0,114.15,463.0,92.6,0.0,15.0,0.0
02-02-2023,115.35,500.0,114.15,463.0,92.6,0.0,15.0,0.0
03-02-2023,115.35,500.0,114.11,462.0,92.4,0.0,15.0,0.0
04-02-2023,115.35,500.0,114.11,462.0,92.4,0.0,15.0,0.0
05-02-2023,115.35,500.0,114.3,467.0,93.4,55.0,15.0,0.0
06-02-2023,115.35,500.0,114.41,472.0,94.4,55.0,15.0,0.0
07-02-2023,115.35,500.0,114.57,477.0,95.4,55.0,15.0,0.0
08-02-2023,115.35,500.0,114.73,482.0,96.4,55.0,15.0,0.0
09-02-2023,115.35,500.0,114.73,482.0,96.4,55.0,15.0,0.0
10-02-2023,115.35,500.0,114.82,492.0,98.4,55.0,15.0,0.0
11-02-2023,115.35,500.0,115.25,496.0,99.2,55.0,15.0,0.0
12-02-2023,115.35,500.0,115.35,500.0,100.0,55.0,15.0,0.0
13-02-2023,115.35,500.0,115.35,500.0,100.0,55.0,55.0,0.0
14-02-2023,115.35,500.0,115.35,500.0,100.0,55.0,55.0,0.0
15-02-2023,115.35,500.0,115.35,500.0,100.0,50.0,50.0,0.0
16-02-2023,115.35,500.0,115.35,500.0,100.0,25.0,25.0,0.0
17-02-2023,115.35,500.0,115.35,500.0,100.0,25.0,25.0,0.0
18-02-2023,115.35,500.0,115.35,500.0,100.0,25.0,25.0,0.0
19-02-2023,115.35,500.0,115.35,500.0,100.0,25.0,25.0,0.0
20-02-2023,115.35,500.0,115.35,500.0,100.0,20.0,20.0,0.0
21-02-2023,115.35,500.0,115.35,500.0,100.0,20.0,20.0,0.0
22-02-2023,115.35,500.0,115.35,500.0,100.0,20.0,20.0,0.0
23-02-2023,115.35,500.0,115.35,500.0,100.0,20.0,20.0,0.0
24-02-2023,115.35,500.0,115.35,500.0,100.0,20.0,20.0,0.0
25-02-2023,115.35,500.0,115.35,500.0,100.0,15.0,15.0,0.0
26-02-2023,115.35,500.0,115.35,500.0,100.0,15.0,15.0,0.0
27-02-2023,115.35,500.0,115.35,500.0,100.0,15.0,15.0,0.0
28-02-2023,115.35,500.0,115.35,500.0,100.0,15.0,15.0,0.0
01-03-2023,115.35,500.0,115.35,500.0,100.0,15.0,15.0,0.0
02-03-2023,115.35,500.0,115.35,500.0,100.0,15.0,15.0,0.0
03-03-2023,115.35,500.0,115.35,500.0,100.0,15.0,15.0,0.0
04-03-2023,115.35,500.0,115.35,500.0,100.0,15.0,15.0,0.0
05-03-2023,115.35,500.0,115.35,500.0,100.0,15.0,15.0,0.0
06-03-2023,115.35,500.0,115.35,500.0,100.0,15.0,15.0,0.0
07-03-2023,115.35,500.0,115.35,500.0,100.0,15.0,150.0,0.0
08-03-2023,115.35,500.0,115.35,500.0,100.0,15.0,15.0,0.0
09-03-2023,115.35,500.0,115.35,500.0,100.0,15.0,15.0,0.0
10-03-2023,115.35,500.0,115.35,500.0,100.0,15.0,15.0,0.0
11-03-2023,115.35,500.0,115.35,500.0,100.0,15.0,15.0,0.0
12-03-2023,115.35,500.0,115.35,500.0,100.0,15.0,15.0,0.0
13-03-2023,115.35,500.0,115.35,500.0,100.0,15.0,15.0,0.0
14-03-2023,115.35,500.0,115.35,500.0,100.0,15.0,15.0,0.0
15-03-2023,115.35,500.0,115.35,500.0,100.0,15.0,15.0,0.0
16-03-2023,115.35,500.0,115.35,500.0,100.0,15.0,15.0,0.0
17-03-2023,115.35,500.0,115.35,500.0,100.0,15.0,15.0,0.0
18-03-2023,115.35,500.0,115.35,500.0,100.0,15.0,15.0,22.0
19-03-2023,115.35,500.0,115.35,500.0,100.0,15.0,15.0,3.0
20-03-2023,115.35,500.0,115.35,500.0,100.0,21.0,21.0,25.0
21-03-2023,115.35,500.0,115.35,500.0,100.0,21.0,21.0,28.0
22-03-2023,115.35,500.0,115.35,500.0,100.0,15.0,15.0,6.0
23-03-2023,115.35,500.0,115.35,500.0,100.0,15.0,15.0,0.0
24-03-2023,115.35,500.0,115.35,500.0,100.0,10.0,10.0,12.0
25-03-2023,115.35,500.0,115.35,500.0,100.0,10.0,10.0,0.0
26-03-2023,115.35,500.0,115.35,500.0,100.0,10.0,10.0,0.0
27-03-2023,115.35,500.0,115.35,500.0,100.0,10.0,10.0,0.0
28-03-2023,115.35,500.0,115.35,500.0,100.0,10.0,10.0,0.0
29-03-2023,115.35,500.0,115.35,500.0,100.0,10.0,10.0,0.0
30-03-2023,115.35,500.0,115.35,500.0,100.0,10.0,10.0,0.0
31-03-2023,115.35,500.0,115.35,500.0,100.0,10.0,10.0,0.0
01-04-2023,115.35,500.0,115.35,500.0,100.0,10.0,10.0,0.0
02-04-2023,115.35,500.0,115.35,500.0,100.0,10.0,10.0,0.0
03-04-2023,115.35,500.0,115.35,500.0,100.0,10.0,10.0,0.0
04-04-2023,115.35,500.0,115.31,499.0,99.8,0.0,15.0,0.0
05-04-2023,115.35,500.0,115.28,497.0,99.4,0.0,15.0,0.0
06-04-2023,115.35,500.0,115.25,496.0,99.2,0.0,15.0,0.0
07-04-2023,115.35,500.0,115.21,494.0,98.8,0.0,15.0,0.0
08-04-2023,115.35,500.0,115.18,493.0,98.6,0.0,15.0,0.0
09-04-2023,115.35,500.0,115.15,491.0,98.2,0.0,15.0,0.0
10-04-2023,115.35,500.0,115.11,490.0,98.0,0.0,15.0,0.0
11-04-2023,115.35,500.0,115.08,488.0,97.6,0.0,15.0,0.0
12-04-2023,115.35,500.0,115.05,487.0,97.4,0.0,15.0,0.0
13-04-2023,115.35,500.0,115.01,485.0,97.0,0.0,15.0,0.0
14-04-2023,115.35,500.0,114.98,484.0,96.8,0.0,0.0,0.0
15-04-2023,115.35,500.0,114.95,483.0,96.6,0.0,15.0,0.0
16-04-2023,115.35,500.0,114.92,482.0,96.4,0.0,15.0,0.0
17-04-2023,115.35,500.0,114.89,481.0,96.2,0.0,15.0,0.0
18-04-2023,115.35,500.0,114.85,480.0,96.0,0.0,15.0,0.0
19-04-2023,115.35,500.0,114.82,479.0,95.8,0.0,15.0,0.0
20-04-2023,115.35,500.0,114.79,478.0,95.6,0.0,15.0,0.0
21-04-2023,115.35,500.0,114.75,477.0,95.4,0.0,15.0,0.0
22-04-2023,115.35,500.0,114.72,476.0,95.2,0.0,15.0,0.0
23-04-2023,115.35,500.0,114.69,475.0,95.0,0.0,15.0,0.0
24-04-2023,115.35,500.0,114.69,475.0,95.0,15.0,15.0,59.0
25-04-2023,115.35,500.0,114.69,475.0,95.0,15.0,15.0,0.0
26-04-2023,115.35,500.0,114.66,474.0,94.8,0.0,15.0,0.0
27-04-2023,115.35,500.0,114.62,473.0,94.6,0.0,15.0,0.0
28-04-2023,115.35,500.0,114.59,472.0,94.4,0.0,15.0,0.0
29-04-2023,115.35,500.0,114.59,472.0,94.4,0.0,10.0,0.0
30-04-2023,115.35,500.0,114.56,471.0,94.2,0.0,10.0,0.0
01-05-2023,115.35,500.0,114.56,471.0,94.2,0.0,10.0,0.0
02-05-2023,115.35,500.0,114.59,472.0,94.4,20.0,10.0,19.0
03-05-2023,115.35,500.0,114.59,472.0,94.4,10.0,10.0,0.0
04-05-2023,115.35,500.0,114.56,471.0,94.2,0.0,10.0,0.0
05-05-2023,115.35,500.0,114.56,471.0,94.2,0.0,10.0,0.0
06-05-2023,115.35,500.0,114.52,470.0,94.0,0.0,10.0,2.0
07-05-2023,115.35,500.0,114.52,470.0,94.0,0.0,10.0,0.0
08-05-2023,115.35,500.0,114.49,469.0,93.8,0.0,10.0,0.0
09-05-2023,115.35,500.0,114.49,469.0,93.8,0.0,10.0,0.0
10-05-2023,115.35,500.0,114.46,468.0,93.6,0.0,10.0,0.0
11-05-2023,115.35,500.0,114.46,468.0,93.6,0.0,10.0,0.0
12-05-2023,115.35,500.0,114.43,467.0,93.4,0.0,10.0,0.0
13-05-2023,115.35,500.0,114.43,467.0,93.4,0.0,10.0,0.0
14-05-2023,115.35,500.0,114.39,466.0,93.2,0.0,10.0,0.0
15-05-2023,115.35,500.0,114.39,466.0,93.2,0.0,10.0,0.0
16-05-2023,115.35,500.0,114.36,465.0,93.0,0.0,10.0,0.0
17-05-2023,115.35,500.0,114.36,465.0,93.0,0.0,10.0,0.0
18-05-2023,115.35,500.0,114.33,464.0,92.8,0.0,10.0,0.0
19-05-2023,115.35,500.0,114.33,464.0,92.8,0.0,10.0,4.0
20-05-2023,115.35,500.0,114.3,463.0,92.6,0.0,10.0,0.0
21-05-2023,115.35,500.0,114.3,463.0,92.6,0.0,10.0,0.0
22-05-2023,115.35,500.0,114.3,463.0,92.6,0.0,10.0,21.0
23-05-2023,115.35,500.0,114.3,463.0,92.6,0.0,10.0,0.0
24-05-2023,115.35,500.0,114.27,462.0,92.4,0.0,10.0,0.0
26-05-2023,115.35,500.0,114.27,462.0,92.4,0.0,10.0,16.0
27-05-2023,115.35,500.0,114.23,461.0,92.2,0.0,10.0,0.0
28-05-2023,115.35,500.0,114.23,461.0,92.2,0.0,10.0,0.0
29-05-2023,115.35,500.0,114.2,460.0,92.0,0.0,10.0,0.0
30-05-2023,115.35,500.0,114.2,460.0,92.0,0.0,10.0,0.0
31-05-2023,115.35,500.0,114.16,459.0,91.8,0.0,10.0,3.0
01-06-2023,115.35,500.0,114.16,459.0,91.8,0.0,10.0,0.0
02-06-2023,115.35,500.0,114.13,458.0,91.6,0.0,10.0,0.0
03-06-2023,115.35,500.0,114.1,457.0,91.4,0.0,10.0,0.0
05-06-2023,115.35,500.0,114.03,455.0,91.0,0.0,10.0,0.0
06-06-2023,115.35,500.0,113.96,453.0,90.6,0.0,20.0,6.0
07-06-2023,115.35,500.0,113.9,451.0,90.2,0.0,21.0,0.0
08-06-2023,115.35,500.0,113.84,449.0,89.8,0.0,29.0,0.0
09-06-2023,115.35,500.0,113.74,446.0,89.2,0.0,30.0,0.0
10-06-2023,115.35,500.0,113.7,445.0,89.0,0.0,20.0,15.0
11-06-2023,115.35,500.0,113.64,443.0,88.6,0.0,30.0,4.0
12-06-2023,115.35,500.0,113.61,442.0,88.4,0.0,26.0,25.0
13-06-2023,115.35,500.0,113.54,440.0,88.0,0.0,31.0,0.0
14-06-2023,115.35,500.0,113.44,437.0,87.4,0.0,31.0,24.0
15-06-2023,115.35,500.0,113.37,435.0,87.0,0.0,31.0,0.0
16-06-2023,115.35,500.0,113.27,432.0,86.4,0.0,31.0,0.0
17-06-2023,115.35,500.0,113.2,430.0,86.0,0.0,31.0,0.0
18-06-2023,115.35,500.0,113.14,428.0,85.6,0.0,31.0,0.0
19-06-2023,115.35,500.0,113.05,425.0,85.0,0.0,30.0,6.0
20-06-2023,115.35,500.0,112.98,423.0,84.6,0.0,31.0,16.0
21-06-2023,115.35,500.0,112.91,421.0,84.2,0.0,31.0,14.0
22-06-2023,115.35,500.0,112.85,419.0,83.8,0.0,31.0,2.0
23-06-2023,115.35,500.0,112.79,417.0,83.4,0.0,31.0,0.0
24-06-2023,115.35,500.0,112.72,415.0,83.0,0.0,31.0,13.0
25-06-2023,115.35,500.0,112.69,414.0,82.8,10.0,26.0,24.0
26-06-2023,115.35,500.0,112.63,412.0,82.4,0.0,26.0,0.0
27-06-2023,115.35,500.0,112.55,410.0,82.0,0.0,25.0,0.0
28-06-2023,115.35,500.0,112.49,408.0,81.6,0.0,26.0,0.0
29-06-2023,115.35,500.0,112.43,406.0,81.2,0.0,25.0,0.0
30-06-2023,115.35,500.0,112.37,404.0,80.8,0.0,25.0,0.0
01-07-2023,115.35,500.0,112.31,402.0,80.4,0.0,26.0,0.0
02-07-2023,115.35,500.0,112.25,400.0,80.0,0.0,26.0,0.0
03-07-2023,115.35,500.0,112.19,398.0,79.6,0.0,25.0,0.0
04-07-2023,115.35,500.0,112.13,396.0,79.2,0.0,25.0,0.0
05-07-2023,115.35,500.0,112.1,395.0,79.0,0.0,22.0,1.0
06-07-2023,115.35,500.0,112.04,393.0,78.6,0.0,25.0,2.0
07-07-2023,115.35,500.0,112.01,392.0,78.4,0.0,20.0,0.0
08-07-2023,115.35,500.0,112.01,392.0,78.4,0.0,5.0,0.0
09-07-2023,115.35,500.0,111.98,391.0,78.2,0.0,18.0,0.0
10-07-2023,115.35,500.0,111.95,390.0,78.0,0.0,25.0,5.0
11-07-2023,115.35,500.0,111.89,388.0,77.6,0.0,26.0,0.0
12-07-2023,115.35,500.0,111.83,386.0,77.2,0.0,25.0,0.0
13-07-2023,115.35,500.0,111.77,384.0,76.8,0.0,26.0,0.0
14-07-2023,115.35,500.0,111.77,384.0,76.8,25.0,23.0,72.0
15-07-2023,115.35,500.0,111.74,383.0,76.6,10.0,25.0,0.0
16-07-2023,115.35,500.0,111.67,381.0,76.2,0.0,25.0,0.0
17-07-2023,115.35,500.0,111.61,379.0,75.8,0.0,26.0,0.0
18-07-2023,115.35,500.0,111.54,377.0,75.4,0.0,26.0,0.0
19-07-2023,115.35,500.0,111.51,376.0,75.2,0.0,19.0,0.0
20-07-2023,115.35,500.0,111.47,375.0,75.0,0.0,22.0,2.0
21-07-2023,115.35,500.0,111.4,373.0,74.6,0.0,26.0,0.0
22-07-2023,115.35,500.0,111.37,372.0,74.4,0.0,21.0,0.0
23-07-2023,115.35,500.0,111.34,371.0,74.2,0.0,15.0,7.0
24-07-2023,115.35,500.0,111.34,371.0,74.2,0.0,14.0,2.0
25-07-2023,115.35,500.0,111.34,371.0,74.2,20.0,15.0,21.0
26-07-2023,115.35,500.0,111.31,370.0,74.0,5.0,15.0,7.0
27-07-2023,115.35,500.0,111.31,370.0,74.0,5.0,13.0,0.0
28-07-2023,115.35,500.0,111.28,369.0,73.8,0.0,16.0,0.0
29-07-2023,115.35,500.0,111.24,368.0,73.6,0.0,16.0,0.0
30-07-2023,115.35,500.0,111.21,367.0,73.4,0.0,16.0,0.0
31-07-2023,115.35,500.0,111.18,366.0,73.2,0.0,15.0,0.0
01-08-2023,115.35,500.0,111.15,365.0,73.0,0.0,15.0,0.0
02-08-2023,115.35,500.0,111.11,364.0,72.8,0.0,15.0,0.0
03-08-2023,115.35,500.0,111.08,363.0,72.6,0.0,15.0,0.0
04-08-2023,115.35,500.0,111.04,362.0,72.4,0.0,15.0,0.0
05-08-2023,115.35,500.0,111.01,361.0,72.2,0.0,13.0,0.0
06-08-2023,115.35,500.0,110.98,360.0,72.0,0.0,15.0,0.0
07-08-2023,115.35,500.0,110.95,359.0,71.8,0.0,17.0,0.0
08-08-2023,115.35,500.0,110.92,358.0,71.6,0.0,16.0,0.0
09-08-2023,115.35,500.0,110.85,356.0,71.2,0.0,16.0,0.0
10-08-2023,115.35,500.0,110.82,355.0,71.0,0.0,15.0,0.0
11-08-2023,115.35,500.0,110.75,353.0,70.6,0.0,21.0,0.0
12-08-2023,115.35,500.0,110.69,351.0,70.2,0.0,18.0,0.0
13-08-2023,115.35,500.0,110.62,349.0,69.8,0.0,21.0,4.0
14-08-2023,115.35,500.0,110.55,347.0,69.4,0.0,22.0,0.0
15-08-2023,115.35,500.0,110.55,347.0,69.4,15.0,18.0,9.0
16-08-2023,115.35,500.0,110.65,350.0,70.0,25.0,11.0,14.0
17-08-2023,115.35,500.0,110.72,352.0,70.4,30.0,15.0,49.0
18-08-2023,115.35,500.0,110.75,353.0,70.6,25.0,16.0,8.0
19-08-2023,115.35,500.0,110.69,351.0,70.2,10.0,17.0,0.0
20-08-2023,115.35,500.0,110.62,349.0,69.8,0.0,16.0,0.0
21-08-2023,115.35,500.0,110.59,348.0,69.6,0.0,16.0,0.0
22-08-2023,115.35,500.0,110.52,346.0,69.2,0.0,16.0,0.0
23-08-2023,115.35,500.0,110.46,344.0,68.8,0.0,21.0,21.0
24-08-2023,115.35,500.0,110.55,347.0,69.4,25.0,16.0,23.0
25-08-2023,115.35,500.0,110.55,347.0,69.4,15.0,17.0,0.0
26-08-2023,115.35,500.0,110.49,345.0,69.0,0.0,20.0,0.0
27-08-2023,115.35,500.0,110.42,343.0,68.6,0.0,19.0,26.0
28-08-2023,115.35,500.0,110.49,345.0,69.0,25.0,16.0,0.0
29-08-2023,115.35,500.0,110.49,345.0,69.0,15.0,16.0,17.0
30-08-2023,115.35,500.0,110.46,344.0,68.8,0.0,16.0,0.0
31-08-2023,115.35,500.0,110.42,343.0,68.6,0.0,15.0,0.0
01-09-2023,115.35,500.0,110.39,342.0,68.4,0.0,10.0,0.0
02-09-2023,115.35,500.0,110.36,341.0,68.2,0.0,15.0,0.0
03-09-2023,115.35,500.0,110.42,343.0,68.6,25.0,14.0,28.0
04-09-2023,115.35,500.0,110.42,343.0,68.6,15.0,15.0,0.0
06-09-2023,115.35,500.0,110.36,341.0,68.2,0.0,17.0,4.0
07-09-2023,115.35,500.0,110.33,340.0,68.0,0.0,17.0,0.0
08-09-2023,115.35,500.0,110.23,337.0,67.4,0.0,22.0,5.0
09-09-2023,115.35,500.0,110.13,334.0,66.8,0.0,22.0,4.0
10-09-2023,115.35,500.0,110.03,331.0,66.2,0.0,21.0,0.0
11-09-2023,115.35,500.0,109.97,329.0,65.8,0.0,21.0,0.0
12-09-2023,115.35,500.0,109.93,328.0,65.6,0.0,21.0,0.0
13-09-2023,115.35,500.0,109.87,326.0,65.2,0.0,21.0,0.0
14-09-2023,115.35,500.0,109.77,323.0,64.6,0.0,21.0,2.0
15-09-2023,115.35,500.0,109.7,321.0,64.2,0.0,21.0,0.0
16-09-2023,115.35,500.0,109.77,323.0,64.6,20.0,16.0,17.0
17-09-2023,115.35,500.0,109.97,329.0,65.8,50.0,16.0,35.0
18-09-2023,115.35,500.0,109.9,327.0,65.4,10.0,20.0,0.0
19-09-2023,115.35,500.0,110.0,330.0,66.0,40.0,16.0,27.0
20-09-2023,115.35,500.0,109.93,328.0,65.6,5.0,21.0,0.0
26-09-2023,115.35,500.0,109.77,323.0,64.6,0.0,17.0,7.0
27-09-2023,115.35,500.0,109.9,327.0,65.4,25.0,5.0,16.0
28-09-2023,115.35,500.0,110.65,350.0,70.0,450.0,35.0,32.0
29-09-2023,115.35,500.0,111.67,381.0,76.2,420.0,45.0,0.0
30-09-2023,115.35,500.0,112.85,419.0,83.8,425.0,45.0,3.0
01-10-2023,115.35,500.0,113.84,449.0,89.8,415.0,45.0,5.0
02-10-2023,115.35,500.0,114.66,474.0,94.8,395.0,45.0,0.0
03-10-2023,115.35,500.0,115.15,491.0,98.2,395.0,45.0,0.0
04-10-2023,115.35,500.0,115.24,495.0,99.0,15.0,15.0,0.0
05-10-2023,115.35,500.0,115.18,493.0,98.6,0.0,15.0,0.0
06-10-2023,115.35,500.0,115.12,490.0,98.0,0.0,15.0,0.0
07-10-2023,115.35,500.0,115.05,487.0,97.4,0.0,15.0,0.0
08-10-2023,115.35,500.0,114.98,484.0,96.8,0.0,15.0,23.0
10-10-2023,115.35,500.0,114.85,480.0,96.0,0.0,15.0,0.0
11-10-2023,115.35,500.0,114.79,478.0,95.6,0.0,15.0,0.0
12-10-2023,115.35,500.0,114.72,476.0,95.2,0.0,15.0,0.0
13-10-2023,115.35,500.0,114.66,474.0,94.8,0.0,15.0,0.0
14-10-2023,115.35,500.0,114.59,472.0,94.4,0.0,15.0,0.0
15-10-2023,115.35,500.0,114.52,470.0,94.0,0.0,15.0,0.0
16-10-2023,115.35,500.0,114.46,468.0,93.6,0.0,15.0,0.0
17-10-2023,115.35,500.0,114.39,466.0,93.2,0.0,15.0,0.0
18-10-2023,115.35,500.0,114.33,464.0,92.8,0.0,15.0,0.0
19-10-2023,115.35,500.0,114.26,462.0,92.4,0.0,15.0,0.0
20-10-2023,115.35,500.0,114.2,460.0,92.0,0.0,15.0,0.0
21-10-2023,115.35,500.0,114.13,458.0,91.6,0.0,15.0,0.0
22-10-2023,115.35,500.0,114.07,456.0,91.2,0.0,15.0,0.0
23-10-2023,115.35,500.0,114.0,454.0,90.8,0.0,15.0,0.0
24-10-2023,115.35,500.0,113.93,452.0,90.4,0.0,15.0,0.0
25-10-2023,115.35,500.0,113.87,450.0,90.0,0.0,15.0,0.0
26-10-2023,115.35,500.0,113.8,448.0,89.6,0.0,15.0,0.0
27-10-2023,115.35,500.0,113.74,446.0,89.2,0.0,15.0,0.0
28-10-2023,115.35,500.0,113.67,444.0,88.8,0.0,15.0,0.0
29-10-2023,115.35,500.0,113.6,442.0,88.4,0.0,15.0,0.0
30-10-2023,115.35,500.0,113.54,440.0,88.0,0.0,15.0,0.0
31-10-2023,115.35,500.0,113.57,441.0,88.2,30.0,10.0,11.0
01-11-2023,115.35,500.0,113.57,441.0,88.2,0.0,10.0,0.0
02-11-2023,115.35,500.0,113.54,440.0,88.0,0.0,10.0,0.0
03-11-2023,115.35,500.0,113.51,439.0,87.8,0.0,10.0,0.0
04-11-2023,115.35,500.0,113.48,438.0,87.6,0.0,10.0,0.0
05-11-2023,115.35,500.0,113.48,438.0,87.6,10.0,10.0,11.0
06-11-2023,115.35,500.0,113.44,437.0,87.4,0.0,10.0,0.0
07-11-2023,115.35,500.0,113.44,437.0,87.4,0.0,10.0,0.0
08-11-2023,115.35,500.0,113.41,436.0,87.2,0.0,10.0,0.0
09-11-2023,115.35,500.0,113.37,435.0,87.0,0.0,10.0,0.0
10-11-2023,115.35,500.0,113.37,435.0,87.0,10.0,10.0,11.0
11-11-2023,115.35,500.0,113.34,434.0,86.8,0.0,10.0,0.0
12-11-2023,115.35,500.0,113.3,433.0,86.6,0.0,10.0,0.0
13-11-2023,115.35,500.0,113.27,432.0,86.4,0.0,10.0,0.0
14-11-2023,115.35,500.0,113.24,431.0,86.2,0.0,10.0,6.0
15-11-2023,115.35,500.0,113.3,433.0,86.6,30.0,10.0,32.0
16-11-2023,115.35,500.0,113.34,434.0,86.8,10.0,10.0,7.0
17-11-2023,115.35,500.0,113.34,434.0,86.8,0.0,10.0,0.0
18-11-2023,115.35,500.0,113.38,435.0,87.0,0.0,10.0,0.0
19-11-2023,115.35,500.0,113.34,434.0,86.8,0.0,10.0,0.0
20-11-2023,115.35,500.0,113.34,434.0,86.8,10.0,10.0,5.0
21-11-2023,115.35,500.0,113.38,435.0,87.0,20.0,10.0,11.0
22-11-2023,115.35,500.0,113.38,435.0,87.0,10.0,10.0,3.0
23-11-2023,115.35,500.0,113.41,436.0,87.2,20.0,10.0,6.0
24-11-2023,115.35,500.0,113.41,436.0,87.2,10.0,10.0,0.0
25-11-2023,115.35,500.0,113.41,436.0,87.2,10.0,10.0,7.0
26-11-2023,115.35,500.0,113.41,436.0,87.2,10.0,10.0,0.0
27-11-2023,115.35,500.0,113.44,437.0,87.4,15.0,10.0,5.0
28-11-2023,115.35,500.0,113.74,446.0,89.2,80.0,10.0,35.0
29-11-2023,115.35,500.0,113.93,452.0,90.4,50.0,10.0,15.0
30-11-2023,115.35,500.0,114.36,465.0,93.0,80.0,10.0,36.0
01-12-2023,115.35,500.0,114.52,470.0,94.0,50.0,10.0,14.0
02-12-2023,115.35,500.0,114.69,475.0,95.0,50.0,10.0,0.0
03-12-2023,115.35,500.0,115.05,487.0,97.4,150.0,10.0,42.0
04-12-2023,115.35,500.0,115.35,500.0,100.0,371.0,371.0,123.0
05-12-2023,115.35,500.0,115.35,500.0,100.0,590.0,590.0,106.0
06-12-2023,115.35,500.0,115.35,500.0,100.0,450.0,450.0,0.0
07-12-2023,115.35,500.0,115.35,500.0,100.0,347.0,347.0,0.0
08-12-2023,115.35,500.0,115.35,500.0,100.0,269.0,269.0,0.0
09-12-2023,115.35,500.0,115.35,500.0,100.0,185.0,185.0,0.0
10-12-2023,115.35,500.0,115.35,500.0,100.0,118.0,118.0,0.0
11-12-2023,115.35,500.0,115.35,500.0,100.0,102.0,102.0,0.0
12-12-2023,115.35,500.0,115.35,500.0,100.0,72.0,72.0,0.0
13-12-2023,115.35,500.0,115.35,500.0,100.0,54.0,54.0,0.0
14-12-2023,115.35,500.0,115.35,500.0,100.0,32.0,32.0,0.0
15-12-2023,115.35,500.0,115.35,500.0,100.0,32.0,32.0,0.0
16-12-2023,115.35,500.0,115.35,500.0,100.0,32.0,32.0,6.0
17-12-2023,115.35,500.0,115.35,500.0,100.0,32.0,32.0,0.0
18-12-2023,115.35,500.0,115.35,500.0,100.0,32.0,32.0,6.0
19-12-2023,115.35,500.0,115.35,500.0,100.0,20.0,20.0,0.0
20-12-2023,115.35,500.0,115.35,500.0,100.0,18.0,18.0,0.0
21-12-2023,115.35,500.0,115.35,500.0,100.0,16.0,16.0,0.0
22-12-2023,115.35,500.0,115.35,500.0,100.0,16.0,16.0,0.0
23-12-2023,115.35,500.0,115.35,500.0,100.0,13.0,13.0,0.0
24-12-2023,115.35,500.0,115.35,500.0,100.0,13.0,13.0,0.0
25-12-2023,115.35,500.0,115.35,500.0,100.0,13.0,13.0,0.0
26-12-2023,115.35,500.0,115.35,500.0,100.0,10.0,10.0,0.0
27-12-2023,115.35,500.0,115.35,500.0,100.0,10.0,10.0,0.0
28-12-2023,115.35,500.0,115.35,500.0,100.0,10.0,10.0,0.0
29-12-2023,115.35,500.0,115.35,500.0,100.0,10.0,10.0,0.0
30-12-2023,115.35,500.0,115.35,500.0,100.0,10.0,10.0,0.0
31-12-2023,115.35,500.0,115.35,500.0,100.0,10.0,10.0,0.0
01-01-2024,115.35,500.0,115.35,500.0,100.0,10.0,10.0,0.0
02-01-2024,115.35,500.0,115.35,500.0,100.0,10.0,10.0,0.0
03-01-2024,115.35,500.0,115.35,500.0,100.0,10.0,10.0,0.0
04-01-2024,115.35,500.0,115.31,499.0,99.8,0.0,15.0,0.0
05-01-2024,115.35,500.0,115.31,499.0,99.8,5.0,10.0,0.0
06-01-2024,115.35,500.0,115.28,497.0,99.4,0.0,10.0,0.0
07-01-2024,115.35,500.0,115.28,497.0,99.4,0.0,10.0,0.0
08-01-2024,115.35,500.0,115.28,497.0,99.4,10.0,10.0,12.0
09-01-2024,115.35,500.0,115.28,497.0,99.4,10.0,10.0,0.0
10-01-2024,115.35,500.0,115.28,497.0,99.4,10.0,10.0,0.0
11-01-2024,115.35,500.0,115.28,497.0,99.4,5.0,10.0,0.0
12-01-2024,115.35,500.0,115.28,497.0,99.4,5.0,10.0,0.0
13-01-2024,115.35,500.0,115.28,497.0,99.4,5.0,10.0,0.0
14-01-2024,115.35,500.0,115.25,496.0,99.2,0.0,10.0,0.0
15-01-2024,115.35,500.0,115.25,496.0,99.2,0.0,10.0,0.0
16-01-2024,115.35,500.0,115.25,496.0,99.2,5.0,10.0,0.0
17-01-2024,115.35,500.0,115.25,496.0,99.2,5.0,10.0,0.0
18-01-2024,115.35,500.0,115.25,496.0,99.2,5.0,10.0,0.0
19-01-2024,115.35,500.0,115.25,496.0,99.2,5.0,10.0,0.0
20-01-2024,115.35,500.0,115.25,496.0,99.2,5.0,10.0,0.0
21-01-2024,115.35,500.0,115.25,496.0,99.2,5.0,10.0,0.0
22-01-2024,115.35,500.0,115.25,496.0,99.2,5.0,10.0,0.0
23-01-2024,115.35,500.0,115.25,496.0,99.2,5.0,10.0,0.0
24-01-2024,115.35,500.0,115.25,496.0,99.2,5.0,10.0,0.0
25-01-2024,115.35,500.0,115.21,494.0,98.8,5.0,10.0,0.0
26-01-2024,115.35,500.0,115.21,494.0,98.8,5.0,10.0,0.0
27-01-2024,115.35,500.0,115.21,494.0,98.8,5.0,10.0,0.0
28-01-2024,115.35,500.0,115.21,494.0,98.8,5.0,10.0,0.0
29-01-2024,115.35,500.0,115.21,494.0,98.8,5.0,10.0,0.0
30-01-2024,115.35,500.0,115.21,494.0,98.8,5.0,10.0,0.0
31-01-2024,115.35,500.0,115.18,493.0,98.6,0.0,10.0,0.0
01-02-2024,115.35,500.0,115.18,493.0,98.6,0.0,10.0,0.0
02-02-2024,115.35,500.0,115.18,493.0,98.6,0.0,10.0,0.0
03-02-2024,115.35,500.0,115.18,493.0,98.6,0.0,10.0,0.0
04-02-2024,115.35,500.0,115.15,491.0,98.2,0.0,10.0,0.0
05-02-2024,115.35,500.0,115.15,491.0,98.2,0.0,10.0,0.0
06-02-2024,115.35,500.0,115.15,491.0,98.2,0.0,10.0,0.0
07-02-2024,115.35,500.0,115.15,491.0,98.2,0.0,10.0,0.0
08-02-2024,115.35,500.0,115.15,491.0,98.2,0.0,10.0,0.0
09-02-2024,115.35,500.0,115.15,491.0,98.2,0.0,10.0,0.0
10-02-2024,115.35,500.0,115.15,491.0,98.2,0.0,10.0,0.0
11-02-2024,115.35,500.0,115.15,491.0,98.2,0.0,10.0,0.0
12-02-2024,115.35,500.0,115.15,491.0,98.2,0.0,10.0,0.0
13-02-2024,115.35,500.0,115.12,490.0,98.0,0.0,10.0,0.0
14-02-2024,115.35,500.0,115.12,490.0,98.0,0.0,10.0,0.0
15-02-2024,115.35,500.0,115.05,487.0,97.4,0.0,15.0,0.0
16-02-2024,115.35,500.0,114.98,484.0,96.8,0.0,24.0,0.0
17-02-2024,115.35,500.0,114.92,482.0,96.4,0.0,23.0,0.0
18-02-2024,115.35,500.0,114.85,480.0,96.0,0.0,23.0,0.0
19-02-2024,115.35,500.0,114.82,479.0,95.8,0.0,17.0,0.0
20-02-2024,115.35,500.0,114.78,478.0,95.6,0.0,18.0,0.0
21-02-2024,115.35,500.0,114.75,477.0,95.4,0.0,18.0,0.0
22-02-2024,115.35,500.0,114.72,476.0,95.2,0.0,18.0,0.0
23-02-2024,115.35,500.0,114.72,476.0,95.2,0.0,15.0,0.0
24-02-2024,115.35,500.0,114.72,476.0,95.2,0.0,15.0,0.0
25-02-2024,115.35,500.0,114.69,475.0,95.0,0.0,15.0,0.0
26-02-2024,115.35,500.0,114.62,472.0,94.4,0.0,20.0,0.0
27-02-2024,115.35,500.0,114.62,472.0,94.4,0.0,15.0,0.0
28-02-2024,115.35,500.0,114.55,470.0,94.0,0.0,23.0,0.0
29-02-2024,115.35,500.0,114.49,469.0,93.8,0.0,23.0,0.0
01-03-2024,115.35,500.0,114.45,468.0,93.6,0.0,20.0,0.0
02-03-2024,115.35,500.0,114.38,466.0,93.2,0.0,20.0,0.0
03-03-2024,115.35,500.0,114.35,465.0,93.0,0.0,20.0,0.0
04-03-2024,115.35,500.0,114.28,463.0,92.6,0.0,20.0,0.0
05-03-2024,115.35,500.0,114.25,462.0,92.4,0.0,15.0,0.0
06-03-2024,115.35,500.0,114.22,461.0,92.2,0.0,15.0,0.0
07-03-2024,115.35,500.0,114.19,460.0,92.0,0.0,15.0,0.0
08-03-2024,115.35,500.0,114.16,459.0,91.8,0.0,15.0,0.0
09-03-2024,115.35,500.0,114.16,459.0,91.8,0.0,15.0,0.0
10-03-2024,115.35,500.0,114.12,458.0,91.6,0.0,15.0,0.0
11-03-2024,115.35,500.0,114.09,457.0,91.4,0.0,15.0,0.0
12-03-2024,115.35,500.0,114.06,456.0,91.2,0.0,15.0,0.0
13-03-2024,115.35,500.0,114.03,455.0,91.0,0.0,15.0,0.0
14-03-2024,115.35,500.0,114.0,454.0,90.8,0.0,15.0,0.0
15-03-2024,115.35,500.0,113.96,453.0,90.6,0.0,15.0,0.0
16-03-2024,115.35,500.0,113.92,452.0,90.4,0.0,15.0,0.0
17-03-2024,115.35,500.0,113.89,451.0,90.2,0.0,15.0,0.0
18-03-2024,115.35,500.0,113.83,449.0,89.8,0.0,15.0,0.0
19-03-2024,115.35,500.0,113.8,448.0,89.6,0.0,15.0,0.0
20-03-2024,115.35,500.0,113.77,447.0,89.4,0.0,15.0,0.0
21-03-2024,115.35,500.0,113.74,446.0,89.2,0.0,15.0,0.0
22-03-2024,115.35,500.0,113.68,444.0,88.8,0.0,15.0,0.0
23-03-2024,115.35,500.0,113.65,443.0,88.6,0.0,15.0,0.0
24-03-2024,115.35,500.0,113.62,442.0,88.4,0.0,15.0,0.0
25-03-2024,115.35,500.0,113.59,441.0,88.2,0.0,15.0,0.0
26-03-2024,115.35,500.0,113.56,440.0,88.0,0.0,15.0,0.0
27-03-2024,115.35,500.0,113.53,439.0,87.8,0.0,15.0,0.0
28-03-2024,115.35,500.0,113.47,437.0,87.4,0.0,23.0,0.0
29-03-2024,115.35,500.0,113.44,436.0,87.2,0.0,15.0,0.0
30-03-2024,115.35,500.0,113.41,435.0,87.0,0.0,15.0,0.0
31-03-2024,115.35,500.0,113.38,434.0,86.8,0.0,15.0,0.0
01-04-2024,115.35,500.0,113.35,433.0,86.6,0.0,15.0,0.0
02-04-2024,115.35,500.0,113.32,432.0,86.4,0.0,15.0,0.0
03-04-2024,115.35,500.0,113.26,430.0,86.0,0.0,23.0,0.0
04-04-2024,115.35,500.0,113.23,429.0,85.8,0.0,15.0,0.0
05-04-2024,115.35,500.0,113.17,427.0,85.4,0.0,23.0,0.0
06-04-2024,115.35,500.0,113.11,425.0,85.0,0.0,23.0,0.0
07-04-2024,115.35,500.0,113.08,424.0,84.8,0.0,20.0,0.0
08-04-2024,115.35,500.0,113.02,422.0,84.4,0.0,23.0,0.0
09-04-2024,115.35,500.0,112.96,420.0,84.0,0.0,23.0,0.0
10-04-2024,115.35,500.0,112.9,418.0,83.6,0.0,23.0,0.0
11-04-2024,115.35,500.0,112.84,416.0,83.2,0.0,23.0,0.0
12-04-2024,115.35,500.0,112.78,414.0,82.8,0.0,23.0,0.0
13-04-2024,115.35,500.0,112.72,412.0,82.4,0.0,23.0,0.0
14-04-2024,115.35,500.0,112.66,410.0,82.0,0.0,23.0,0.0
15-04-2024,115.35,500.0,112.58,408.0,81.6,0.0,23.0,0.0
16-04-2024,115.35,500.0,112.51,406.0,81.2,0.0,23.0,0.0
17-04-2024,115.35,500.0,112.44,404.0,80.8,0.0,23.0,0.0
18-04-2024,115.35,500.0,112.37,402.0,80.4,0.0,23.0,0.0
19-04-2024,115.35,500.0,112.31,400.0,80.0,0.0,23.0,0.0
20-04-2024,115.35,500.0,112.24,398.0,79.6,0.0,23.0,0.0
21-04-2024,115.35,500.0,112.17,396.0,79.2,0.0,23.0,0.0
22-04-2024,115.35,500.0,112.09,394.0,78.8,0.0,23.0,0.0
23-04-2024,115.35,500.0,112.01,392.0,78.4,0.0,25.0,0.0
24-04-2024,115.35,500.0,111.94,390.0,78.0,0.0,25.0,0.0
25-04-2024,115.35,500.0,111.88,388.0,77.6,0.0,25.0,0.0
26-04-2024,115.35,500.0,111.8,386.0,77.2,0.0,25.0,0.0
27-04-2024,115.35,500.0,111.72,384.0,76.8,0.0,25.0,0.0
28-04-2024,115.35,500.0,111.64,382.0,76.4,0.0,25.0,0.0
29-04-2024,115.35,500.0,111.56,380.0,76.0,0.0,25.0,0.0
30-04-2024,115.35,500.0,111.48,378.0,75.6,0.0,25.0,0.0
01-05-2024,115.35,500.0,111.4,376.0,75.2,0.0,25.0,0.0
02-05-2024,115.35,500.0,111.34,374.0,74.8,0.0,25.0,0.0
03-05-2024,115.35,500.0,111.28,372.0,74.4,0.0,25.0,0.0
04-05-2024,115.35,500.0,111.25,371.0,74.2,0.0,15.0,0.0
05-05-2024,115.35,500.0,111.22,370.0,74.0,0.0,15.0,0.0
06-05-2024,115.35,500.0,111.19,369.0,73.8,0.0,15.0,0.0
07-05-2024,115.35,500.0,111.13,367.0,73.4,0.0,25.0,0.0
08-05-2024,115.35,500.0,111.07,365.0,73.0,0.0,25.0,0.0
09-05-2024,115.35,500.0,111.01,363.0,72.6,0.0,25.0,0.0
10-05-2024,115.35,500.0,110.95,361.0,72.2,0.0,25.0,0.0
11-05-2024,115.35,500.0,110.89,359.0,71.8,0.0,25.0,0.0
12-05-2024,115.35,500.0,110.83,357.0,71.4,0.0,25.0,0.0
13-05-2024,115.35,500.0,110.77,355.0,71.0,0.0,25.0,0.0
14-05-2024,115.35,500.0,110.72,352.0,70.4,0.0,25.0,0.0
15-05-2024,115.35,500.0,110.65,350.0,70.0,0.0,25.0,0.0
16-05-2024,115.35,500.0,110.59,348.0,69.6,0.0,25.0,0.0
17-05-2024,115.35,500.0,110.53,346.0,69.2,0.0,25.0,0.0
18-05-2024,115.35,500.0,110.46,344.0,68.8,0.0,25.0,0.0
19-05-2024,115.35,500.0,110.39,342.0,68.4,0.0,25.0,0.0
20-05-2024,115.35,500.0,110.32,340.0,68.0,0.0,25.0,0.0
21-05-2024,115.35,500.0,110.25,338.0,67.6,0.0,25.0,0.0
22-05-2024,115.35,500.0,110.18,336.0,67.2,0.0,25.0,0.0
23-05-2024,115.35,500.0,110.11,334.0,66.8,0.0,25.0,0.0
24-05-2024,115.35,500.0,110.04,332.0,66.4,0.0,25.0,0.0
25-05-2024,115.35,500.0,109.97,330.0,66.0,0.0,25.0,0.0
26-05-2024,115.35,500.0,109.9,328.0,65.6,0.0,25.0,0.0
27-05-2024,115.35,500.0,109.87,327.0,65.4,0.0,15.0,0.0
28-05-2024,115.35,500.0,109.83,326.0,65.2,0.0,15.0,0.0
29-05-2024,115.35,500.0,109.8,325.0,65.0,0.0,15.0,0.0
30-05-2024,115.35,500.0,109.76,324.0,64.8,0.0,15.0,0.0
31-05-2024,115.35,500.0,109.73,323.0,64.6,0.0,15.0,0.0
01-06-2024,115.35,500.0,109.69,322.0,64.4,0.0,15.0,0.0
02-06-2024,115.35,500.0,109.66,321.0,64.2,0.0,15.0,0.0
03-06-2024,115.35,500.0,109.62,320.0,64.0,0.0,15.0,0.0
04-06-2024,115.35,500.0,109.59,319.0,63.8,0.0,15.0,0.0
05-06-2024,115.35,500.0,109.55,318.0,63.6,0.0,15.0,0.0
06-06-2024,115.35,500.0,109.52,317.0,63.4,0.0,15.0,0.0
07-06-2024,115.35,500.0,109.55,318.0,63.6,30.0,15.0,9.0
08-06-2024,115.35,500.0,109.62,320.0,64.0,50.0,15.0,38.0
09-06-2024,115.35,500.0,109.62,320.0,64.0,15.0,15.0,0.0
10-06-2024,115.35,500.0,109.59,319.0,63.8,0.0,15.0,0.0
11-06-2024,115.35,500.0,109.55,318.0,63.6,0.0,15.0,0.0
12-06-2024,115.35,500.0,109.52,317.0,63.4,0.0,15.0,0.0
13-06-2024,115.35,500.0,109.48,316.0,63.2,0.0,15.0,5.0
14-06-2024,115.35,500.0,109.48,316.0,63.2,15.0,15.0,4.0
15-06-2024,115.35,500.0,109.45,315.0,63.0,0.0,15.0,0.0
16-06-2024,115.35,500.0,109.41,314.0,62.8,0.0,15.0,0.0
17-06-2024,115.35,500.0,109.37,313.0,62.6,0.0,15.0,0.0
18-06-2024,115.35,500.0,109.37,313.0,62.6,15.0,15.0,6.0
19-06-2024,115.35,500.0,109.37,313.0,62.6,15.0,15.0,5.0
20-06-2024,115.35,500.0,109.33,312.0,62.4,0.0,15.0,3.0
21-06-2024,115.35,500.0,109.29,311.0,62.2,0.0,15.0,4.0
22-06-2024,115.35,500.0,109.25,310.0,62.0,0.0,15.0,0.0
23-06-2024,115.35,500.0,109.22,309.0,61.8,0.0,15.0,0.0
23-06-2024,115.35,500.0,109.22,309.0,61.8,0.0,15.0,0.0
23-06-2024,115.35,500.0,109.22,309.0,61.8,0.0,15.0,0.0
23-06-2024,115.35,500.0,109.22,309.0,61.8,0.0,15.0,0.0
23-06-2024,115.35,500.0,109.22,309.0,61.8,0.0,15.0,0.0
23-06-2024,115.35,500.0,109.22,309.0,61.8,0.0,15.0,0.0
24-06-2024,115.35,500.0,109.18,308.0,61.6,0.0,15.0,0.0
25-06-2024,115.35,500.0,109.15,307.0,61.4,0.0,15.0,0.0
26-06-2024,115.35,500.0,109.11,306.0,61.2,0.0,15.0,0.0
27-06-2024,115.35,500.0,109.08,305.0,61.0,0.0,15.0,0.0
28-06-2024,115.35,500.0,109.04,304.0,60.8,0.0,15.0,0.0
29-06-2024,115.35,500.0,109.01,303.0,60.6,0.0,15.0,0.0
30-06-2024,115.35,500.0,108.97,302.0,60.4,0.0,15.0,0.0
01-07-2024,115.35,500.0,108.94,301.0,60.2,0.0,15.0,0.0
02-07-2024,115.35,500.0,108.91,300.0,60.0,0.0,15.0,3.0
03-07-2024,115.35,500.0,108.88,299.0,59.8,0.0,15.0,0.0
04-07-2024,115.35,500.0,108.91,300.0,60.0,30.0,15.0,14.0
05-07-2024,115.35,500.0,108.91,300.0,60.0,15.0,15.0,0.0
06-07-2024,115.35,500.0,108.91,300.0,60.0,15.0,15.0,13.0
07-07-2024,115.35,500.0,108.91,300.0,60.0,15.0,15.0,0.0
08-07-2024,115.35,500.0,108.88,299.0,59.8,0.0,15.0,9.0
09-07-2024,115.35,500.0,108.88,299.0,59.8,15.0,15.0,4.0
10-07-2024,115.35,500.0,108.85,298.0,59.6,0.0,15.0,0.0
11-07-2024,115.35,500.0,108.91,300.0,60.0,50.0,15.0,14.0
12-07-2024,115.35,500.0,108.97,302.0,60.4,45.0,15.0,0.0
13-07-2024,115.35,500.0,109.11,306.0,61.2,80.0,15.0,19.0
14-07-2024,115.35,500.0,109.25,310.0,62.0,75.0,15.0,14.0
15-07-2024,115.35,500.0,109.37,313.0,62.6,50.0,10.0,4.0
16-07-2024,115.35,500.0,109.41,314.0,62.8,30.0,10.0,0.0
17-07-2024,115.35,500.0,109.41,314.0,62.8,15.0,10.0,0.0
18-07-2024,115.35,500.0,109.45,315.0,63.0,30.0,10.0,15.0
19-07-2024,115.35,500.0,109.45,315.0,63.0,15.0,15.0,0.0
20-07-2024,115.35,500.0,109.45,315.0,63.0,15.0,15.0,5.0
21-07-2024,115.35,500.0,109.45,315.0,63.0,15.0,15.0,0.0
22-07-2024,115.35,500.0,109.41,314.0,62.8,0.0,15.0,0.0
23-07-2024,115.35,500.0,109.38,313.0,62.6,0.0,15.0,0.0
24-07-2024,115.35,500.0,109.35,312.0,62.4,0.0,15.0,0.0
25-07-2024,115.35,500.0,109.32,311.0,62.2,0.0,15.0,0.0
26-07-2024,115.35,500.0,109.28,310.0,62.0,0.0,15.0,0.0
27-07-2024,115.35,500.0,109.24,309.0,61.8,0.0,15.0,0.0
28-07-2024,115.35,500.0,109.21,308.0,61.6,0.0,15.0,0.0
29-07-2024,115.35,500.0,109.18,307.0,61.4,0.0,15.0,0.0
30-07-2024,115.35,500.0,109.18,307.0,61.4,15.0,15.0,3.0
31-07-2024,115.35,500.0,109.15,306.0,61.2,0.0,15.0,0.0
01-08-2024,115.35,500.0,109.11,305.0,61.0,0.0,15.0,0.0
02-08-2024,115.35,500.0,109.08,304.0,60.8,0.0,15.0,0.0
03-08-2024,115.35,500.0,109.04,303.0,60.6,0.0,15.0,0.0
04-08-2024,115.35,500.0,109.04,303.0,60.6,15.0,15.0,4.0
05-08-2024,115.35,500.0,109.04,303.0,60.6,15.0,15.0,8.0
06-08-2024,115.35,500.0,109.04,303.0,60.6,15.0,15.0,9.0
07-08-2024,115.35,500.0,109.21,308.0,61.6,70.0,10.0,42.0
08-08-2024,115.35,500.0,109.21,308.0,61.6,15.0,15.0,3.0
09-08-2024,115.35,500.0,109.18,307.0,61.4,0.0,15.0,0.0
10-08-2024,115.35,500.0,109.28,310.0,62.0,60.0,15.0,23.0
11-08-2024,115.35,500.0,109.28,310.0,62.0,15.0,15.0,0.0
12-08-2024,115.35,500.0,109.31,311.0,62.2,40.0,15.0,27.0
13-08-2024,115.35,500.0,109.31,311.0,62.2,15.0,15.0,0.0
14-08-2024,115.35,500.0,109.28,310.0,62.0,0.0,15.0,0.0
15-08-2024,115.35,500.0,109.28,310.0,62.0,15.0,15.0,5.0
16-08-2024,115.35,500.0,109.24,309.0,61.8,0.0,15.0,0.0
17-08-2024,115.35,500.0,109.21,308.0,61.6,0.0,15.0,0.0
18-08-2024,115.35,500.0,109.18,307.0,61.4,0.0,15.0,0.0
19-08-2024,115.35,500.0,109.14,306.0,61.2,0.0,15.0,0.0
20-08-2024,115.35,500.0,109.11,305.0,61.0,0.0,15.0,0.0
21-08-2024,115.35,500.0,109.11,305.0,61.0,0.0,10.0,0.0
22-08-2024,115.35,500.0,109.07,304.0,60.8,0.0,10.0,0.0
23-08-2024,115.35,500.0,109.07,304.0,60.8,0.0,10.0,0.0
24-08-2024,115.35,500.0,109.04,303.0,60.6,0.0,10.0,0.0
25-08-2024,115.35,500.0,109.04,303.0,60.6,0.0,10.0,0.0
26-08-2024,115.35,500.0,109.0,302.0,60.4,0.0,10.0,0.0
27-08-2024,115.35,500.0,109.0,302.0,60.4,0.0,10.0,0.0
28-08-2024,115.35,500.0,108.97,301.0,60.2,0.0,15.0,3.0
29-08-2024,115.35,500.0,108.97,301.0,60.2,0.0,10.0,0.0
30-08-2024,115.35,500.0,108.93,300.0,60.0,0.0,15.0,5.0
