Date,Full Tank Level (ft.),Full Capacity (mcft),Level (ft),Storage (mcft),Storage Level (%),Inflow (cusecs),Outflow (cusecs),Rainfall (mm)
01-01-2004,140.0,3231.0,115.0,3.9,0.12,0.0,0.0,0.0
02-01-2004,140.0,3231.0,115.0,3.9,0.12,0.0,0.0,0.0
03-01-2004,140.0,3231.0,115.0,3.9,0.12,0.0,0.0,0.0
04-01-2004,140.0,3231.0,115.0,3.9,0.12,0.0,0.0,0.0
05-01-2004,140.0,3231.0,114.97,3.8,0.12,0.0,0.0,0.0
06-01-2004,140.0,3231.0,114.97,3.8,0.12,0.0,0.0,0.0
07-01-2004,140.0,3231.0,114.97,3.8,0.12,0.0,0.0,0.0
08-01-2004,140.0,3231.0,114.94,3.7,0.11,0.0,0.0,0.0
09-01-2004,140.0,3231.0,114.94,3.7,0.11,0.0,0.0,0.0
10-01-2004,140.0,3231.0,114.94,3.7,0.11,0.0,0.0,0.0
11-01-2004,140.0,3231.0,114.9,3.6,0.11,0.0,0.0,0.0
12-01-2004,140.0,3231.0,114.9,3.6,0.11,0.0,0.0,0.0
13-01-2004,140.0,3231.0,114.9,3.6,0.11,0.0,0.0,0.0
14-01-2004,140.0,3231.0,114.87,3.5,0.11,0.0,0.0,0.0
15-01-2004,140.0,3231.0,114.87,3.5,0.11,0.0,0.0,0.0
16-01-2004,140.0,3231.0,114.83,3.4,0.11,0.0,0.0,0.0
17-01-2004,140.0,3231.0,114.83,3.4,0.11,0.0,0.0,0.0
18-01-2004,140.0,3231.0,114.83,3.4,0.11,0.0,0.0,0.0
19-01-2004,140.0,3231.0,114.83,3.4,0.11,0.0,0.0,0.0
20-01-2004,140.0,3231.0,114.83,3.4,0.11,0.0,0.0,0.0
21-01-2004,140.0,3231.0,114.79,3.3,0.1,0.0,0.0,0.0
22-01-2004,140.0,3231.0,114.79,3.3,0.1,0.0,0.0,0.0
23-01-2004,140.0,3231.0,114.79,3.3,0.1,0.0,0.0,0.0
24-01-2004,140.0,3231.0,114.79,3.3,0.1,0.0,0.0,0.0
25-01-2004,140.0,3231.0,114.75,3.2,0.1,0.0,0.0,0.0
26-01-2004,140.0,3231.0,114.75,3.2,0.1,0.0,0.0,0.0
27-01-2004,140.0,3231.0,115.0,3.9,0.12,8.0,0.0,31.0
28-01-2004,140.0,3231.0,115.35,4.9,0.15,11.0,0.0,33.0
29-01-2004,140.0,3231.0,115.35,4.9,0.15,0.0,0.0,0.0
30-01-2004,140.0,3231.0,115.35,4.9,0.15,0.0,0.0,0.0
31-01-2004,140.0,3231.0,115.3,4.8,0.15,0.0,0.0,0.0
01-02-2004,140.0,3231.0,115.3,4.8,0.15,0.0,0.0,0.0
02-02-2004,140.0,3231.0,115.3,4.8,0.15,0.0,0.0,0.0
03-02-2004,140.0,3231.0,115.27,4.7,0.15,0.0,0.0,0.0
04-02-2004,140.0,3231.0,115.27,4.7,0.15,0.0,0.0,0.0
05-02-2004,140.0,3231.0,115.27,4.7,0.15,0.0,0.0,0.0
06-02-2004,140.0,3231.0,115.23,4.6,0.14,0.0,0.0,0.0
07-02-2004,140.0,3231.0,115.23,4.6,0.14,0.0,0.0,0.0
08-02-2004,140.0,3231.0,115.23,4.6,0.14,0.0,0.0,0.0
09-02-2004,140.0,3231.0,115.2,4.5,0.14,0.0,0.0,0.0
10-02-2004,140.0,3231.0,115.2,4.5,0.14,0.0,0.0,0.0
11-02-2004,140.0,3231.0,115.2,4.5,0.14,0.0,0.0,0.0
12-02-2004,140.0,3231.0,115.17,4.4,0.14,0.0,0.0,0.0
13-02-2004,140.0,3231.0,115.17,4.4,0.14,0.0,0.0,0.0
14-02-2004,140.0,3231.0,115.17,4.4,0.14,0.0,0.0,0.0
15-02-2004,140.0,3231.0,115.14,4.3,0.13,0.0,0.0,0.0
16-02-2004,140.0,3231.0,115.14,4.3,0.13,0.0,0.0,0.0
17-02-2004,140.0,3231.0,115.1,4.2,0.13,0.0,0.0,0.0
18-02-2004,140.0,3231.0,115.14,4.3,0.13,10.0,0.0,0.0
19-02-2004,140.0,3231.0,115.2,4.5,0.14,5.0,0.0,0.0
20-02-2004,140.0,3231.0,115.3,4.8,0.15,4.0,0.0,0.0
21-02-2004,140.0,3231.0,115.3,4.8,0.15,0.0,0.0,0.0
22-02-2004,140.0,3231.0,115.3,4.8,0.15,0.0,0.0,0.0
23-02-2004,140.0,3231.0,115.27,4.7,0.15,0.0,0.0,0.0
24-02-2004,140.0,3231.0,115.27,4.7,0.15,0.0,0.0,0.0
25-02-2004,140.0,3231.0,115.27,4.7,0.15,0.0,0.0,0.0
26-02-2004,140.0,3231.0,115.23,4.6,0.14,0.0,0.0,0.0
27-02-2004,140.0,3231.0,115.23,4.6,0.14,0.0,0.0,0.0
28-02-2004,140.0,3231.0,115.2,4.5,0.14,0.0,0.0,0.0
29-02-2004,140.0,3231.0,115.2,4.5,0.14,0.0,0.0,0.0
01-03-2004,140.0,3231.0,115.17,4.4,0.14,0.0,0.0,0.0
02-03-2004,140.0,3231.0,115.17,4.4,0.14,0.0,0.0,0.0
03-03-2004,140.0,3231.0,115.14,4.3,0.13,0.0,0.0,0.0
04-03-2004,140.0,3231.0,115.14,4.3,0.13,0.0,0.0,0.0
05-03-2004,140.0,3231.0,115.1,4.2,0.13,0.0,0.0,0.0
06-03-2004,140.0,3231.0,115.1,4.2,0.13,0.0,0.0,0.0
07-03-2004,140.0,3231.0,115.07,4.2,0.13,0.0,0.0,0.0
08-03-2004,140.0,3231.0,115.07,4.1,0.13,0.0,0.0,0.0
09-03-2004,140.0,3231.0,115.92,6.96,0.22,57.0,30.0,0.0
10-03-2004,140.0,3231.0,116.84,10.9,0.34,105.0,55.0,0.0
11-03-2004,140.0,3231.0,117.52,14.4,0.45,102.0,63.0,0.0
12-03-2004,140.0,3231.0,117.71,15.4,0.48,97.0,90.0,0.0
13-03-2004,140.0,3231.0,117.86,16.2,0.5,101.0,90.0,0.0
14-03-2004,140.0,3231.0,118.22,18.4,0.57,116.0,90.0,0.0
15-03-2004,140.0,3231.0,118.6,21.0,0.65,132.0,90.0,0.0
16-03-2004,140.0,3231.0,118.89,23.4,0.72,128.0,90.0,0.0
17-03-2004,140.0,3231.0,119.09,25.2,0.78,119.0,90.0,0.0
18-03-2004,140.0,3231.0,119.15,25.7,0.8,102.0,90.0,0.0
19-03-2004,140.0,3231.0,118.96,24.0,0.74,76.0,90.0,0.0
20-03-2004,140.0,3231.0,118.54,20.6,0.64,57.0,90.0,0.0
21-03-2004,140.0,3231.0,118.01,17.1,0.53,52.0,90.0,0.0
22-03-2004,140.0,3231.0,117.21,12.7,0.39,40.0,90.0,0.0
23-03-2004,140.0,3231.0,116.65,10.0,0.31,42.0,73.0,0.0
24-03-2004,140.0,3231.0,116.47,9.2,0.28,52.0,61.0,0.0
25-03-2004,140.0,3231.0,116.53,9.5,0.29,65.0,63.0,0.0
26-03-2004,140.0,3231.0,116.55,9.6,0.3,65.0,63.0,0.0
27-03-2004,140.0,3231.0,116.55,9.6,0.3,63.0,63.0,0.0
28-03-2004,140.0,3231.0,116.45,9.1,0.28,59.0,63.0,0.0
29-03-2004,140.0,3231.0,116.31,8.5,0.26,45.0,52.0,0.0
30-03-2004,140.0,3231.0,116.16,7.9,0.24,41.0,47.0,0.0
31-03-2004,140.0,3231.0,116.16,7.9,0.24,40.0,40.0,0.0
01-04-2004,140.0,3231.0,116.16,7.9,0.24,40.0,40.0,0.0
02-04-2004,140.0,3231.0,116.2,8.1,0.25,45.0,42.0,0.0
03-04-2004,140.0,3231.0,116.27,8.3,0.26,46.0,43.0,0.0
04-04-2004,140.0,3231.0,116.07,7.5,0.23,29.0,37.0,0.0
05-04-2004,140.0,3231.0,115.81,6.5,0.2,10.0,21.0,0.0
06-04-2004,140.0,3231.0,115.56,5.6,0.17,6.0,15.0,0.0
07-04-2004,140.0,3231.0,115.5,5.4,0.17,8.0,14.0,20.0
08-04-2004,140.0,3231.0,115.61,5.8,0.18,20.0,15.0,0.0
09-04-2004,140.0,3231.0,115.89,6.8,0.21,38.0,25.0,0.0
10-04-2004,140.0,3231.0,116.1,7.7,0.24,44.0,33.0,0.0
11-04-2004,140.0,3231.0,116.15,7.9,0.24,36.0,33.0,0.0
12-04-2004,140.0,3231.0,115.95,7.1,0.22,21.0,29.0,0.0
13-04-2004,140.0,3231.0,115.7,6.2,0.19,10.0,19.0,0.0
14-04-2004,140.0,3231.0,115.59,5.8,0.18,11.0,16.0,0.0
15-04-2004,140.0,3231.0,115.58,5.7,0.18,11.0,11.0,0.0
16-04-2004,140.0,3231.0,115.5,5.4,0.17,3.0,5.0,0.0
17-04-2004,140.0,3231.0,115.38,5.0,0.15,0.0,3.0,0.0
18-04-2004,140.0,3231.0,115.3,4.8,0.15,0.0,3.0,0.0
19-04-2004,140.0,3231.0,115.27,4.7,0.15,0.0,0.0,1.0
20-04-2004,140.0,3231.0,115.24,4.6,0.14,0.0,0.0,0.0
21-04-2004,140.0,3231.0,115.2,4.5,0.14,0.0,0.0,0.0
22-04-2004,140.0,3231.0,115.17,4.4,0.14,0.0,0.0,0.0
23-04-2004,140.0,3231.0,115.14,4.3,0.13,0.0,0.0,0.0
24-04-2004,140.0,3231.0,115.1,4.2,0.13,0.0,0.0,0.0
25-04-2004,140.0,3231.0,115.07,4.1,0.13,0.0,0.0,0.0
26-04-2004,140.0,3231.0,115.04,4.0,0.12,0.0,0.0,0.0
27-04-2004,140.0,3231.0,115.0,3.9,0.12,0.0,0.0,0.0
28-04-2004,140.0,3231.0,114.97,3.8,0.12,0.0,0.0,0.0
29-04-2004,140.0,3231.0,114.93,3.7,0.11,0.0,0.0,0.0
30-04-2004,140.0,3231.0,114.9,3.6,0.11,0.0,0.0,0.0
01-05-2004,140.0,3231.0,114.86,3.5,0.11,0.0,0.0,0.0
02-05-2004,140.0,3231.0,114.83,3.4,0.11,0.0,0.0,0.0
03-05-2004,140.0,3231.0,114.83,3.4,0.11,0.0,0.0,21.0
04-05-2004,140.0,3231.0,115.43,5.2,0.16,21.0,0.0,91.0
05-05-2004,140.0,3231.0,115.91,6.9,0.21,20.0,0.0,30.0
06-05-2004,140.0,3231.0,116.35,8.7,0.27,21.0,0.0,15.0
07-05-2004,140.0,3231.0,116.2,8.1,0.25,15.0,45.0,9.0
08-05-2004,140.0,3231.0,115.8,6.5,0.2,15.0,33.0,0.0
09-05-2004,140.0,3231.0,115.5,5.4,0.17,8.0,20.0,4.0
10-05-2004,140.0,3231.0,115.21,4.5,0.14,6.0,15.0,0.0
11-05-2004,140.0,3231.0,115.14,4.3,0.13,0.0,5.0,0.0
12-05-2004,140.0,3231.0,115.14,4.3,0.13,0.0,0.0,0.0
13-05-2004,140.0,3231.0,115.1,4.2,0.13,0.0,0.0,0.0
14-05-2004,140.0,3231.0,115.07,4.1,0.13,0.0,0.0,0.0
15-05-2004,140.0,3231.0,115.04,4.0,0.12,0.0,0.0,0.0
16-05-2004,140.0,3231.0,115.0,3.9,0.12,0.0,0.0,0.0
17-05-2004,140.0,3231.0,115.75,6.3,0.19,28.0,0.0,45.0
18-05-2004,140.0,3231.0,116.0,7.3,0.23,12.0,0.0,0.0
19-05-2004,140.0,3231.0,116.1,7.7,0.24,5.0,0.0,0.0
20-05-2004,140.0,3231.0,116.1,7.7,0.24,5.0,0.0,0.0
21-05-2004,140.0,3231.0,116.1,7.7,0.24,0.0,0.0,0.0
22-05-2004,140.0,3231.0,116.08,7.6,0.24,0.0,0.0,0.0
23-05-2004,140.0,3231.0,116.08,7.6,0.24,0.0,0.0,2.0
24-05-2004,140.0,3231.0,116.14,7.8,0.24,2.0,0.0,3.0
25-05-2004,140.0,3231.0,116.2,8.1,0.25,3.0,0.0,0.0
26-05-2004,140.0,3231.0,116.25,8.3,0.26,3.0,0.0,0.0
27-05-2004,140.0,3231.0,115.82,6.6,0.2,3.0,45.0,0.0
28-05-2004,140.0,3231.0,115.23,4.6,0.14,2.0,25.0,0.0
29-05-2004,140.0,3231.0,115.08,4.1,0.13,0.0,5.0,0.0
30-05-2004,140.0,3231.0,114.96,3.7,0.11,0.0,0.0,3.0
31-05-2004,140.0,3231.0,114.96,3.7,0.11,0.0,0.0,0.0
01-06-2004,140.0,3231.0,115.2,4.5,0.14,0.0,9.0,5.0
02-06-2004,140.0,3231.0,115.3,4.8,0.15,4.0,0.0,9.0
03-06-2004,140.0,3231.0,115.35,4.9,0.15,1.0,0.0,4.0
04-06-2004,140.0,3231.0,115.35,4.9,0.15,0.0,0.0,0.0
05-06-2004,140.0,3231.0,115.35,4.9,0.15,0.0,0.0,2.0
06-06-2004,140.0,3231.0,115.35,4.9,0.15,0.0,0.0,0.0
07-06-2004,140.0,3231.0,115.3,4.8,0.15,0.0,0.0,0.0
08-06-2004,140.0,3231.0,115.4,5.1,0.16,3.0,0.0,5.0
09-06-2004,140.0,3231.0,115.65,6.0,0.19,10.0,0.0,19.0
10-06-2004,140.0,3231.0,115.75,6.3,0.19,4.0,0.0,2.0
11-06-2004,140.0,3231.0,115.9,6.9,0.21,7.0,0.0,6.0
12-06-2004,140.0,3231.0,115.95,7.1,0.22,2.0,0.0,0.0
13-06-2004,140.0,3231.0,115.95,7.1,0.22,0.0,0.0,0.0
14-06-2004,140.0,3231.0,115.95,7.1,0.22,0.0,0.0,0.0
15-06-2004,140.0,3231.0,115.92,7.0,0.22,0.0,0.0,0.0
16-06-2004,140.0,3231.0,115.9,6.9,0.21,0.0,0.0,0.0
17-06-2004,140.0,3231.0,115.87,6.8,0.21,0.0,0.0,0.0
18-06-2004,140.0,3231.0,115.84,6.7,0.21,0.0,0.0,0.0
19-06-2004,140.0,3231.0,115.82,6.6,0.2,0.0,0.0,0.0
20-06-2004,140.0,3231.0,115.79,6.5,0.2,0.0,0.0,0.0
21-06-2004,140.0,3231.0,115.76,6.4,0.2,0.0,0.0,0.0
22-06-2004,140.0,3231.0,115.72,6.3,0.19,0.0,0.0,0.0
23-06-2004,140.0,3231.0,115.69,6.2,0.19,0.0,0.0,0.0
24-06-2004,140.0,3231.0,115.66,6.0,0.19,0.0,0.0,0.0
25-06-2004,140.0,3231.0,115.63,5.9,0.18,0.0,0.0,0.0
26-06-2004,140.0,3231.0,115.6,5.8,0.18,0.0,0.0,0.0
27-06-2004,140.0,3231.0,115.58,5.7,0.18,0.0,0.0,0.0
28-06-2004,140.0,3231.0,115.56,5.6,0.17,0.0,0.0,0.0
29-06-2004,140.0,3231.0,115.54,5.5,0.17,0.0,0.0,1.0
30-06-2004,140.0,3231.0,115.52,5.5,0.17,0.0,0.0,0.0
01-07-2004,140.0,3231.0,115.5,5.4,0.17,0.0,0.0,0.0
02-07-2004,140.0,3231.0,115.48,5.3,0.16,0.0,0.0,0.0
03-07-2004,140.0,3231.0,115.46,5.3,0.16,0.0,0.0,0.0
04-07-2004,140.0,3231.0,115.54,5.6,0.17,3.0,0.0,4.0
05-07-2004,140.0,3231.0,115.53,5.5,0.17,0.0,0.0,0.0
06-07-2004,140.0,3231.0,115.58,5.7,0.18,2.0,0.0,3.0
07-07-2004,140.0,3231.0,115.57,5.7,0.18,0.0,0.0,0.0
08-07-2004,140.0,3231.0,115.56,5.6,0.17,0.0,0.0,0.0
09-07-2004,140.0,3231.0,115.55,5.6,0.17,0.0,0.0,0.0
10-07-2004,140.0,3231.0,115.54,5.6,0.17,0.0,0.0,0.0
11-07-2004,140.0,3231.0,115.54,5.6,0.17,0.0,0.0,2.0
12-07-2004,140.0,3231.0,115.53,5.5,0.17,0.0,0.0,0.0
13-07-2004,140.0,3231.0,115.52,5.5,0.17,0.0,0.0,0.0
14-07-2004,140.0,3231.0,115.51,5.5,0.17,0.0,0.0,0.0
15-07-2004,140.0,3231.0,115.5,5.4,0.17,0.0,0.0,0.0
16-07-2004,140.0,3231.0,115.49,5.4,0.17,0.0,0.0,0.0
17-07-2004,140.0,3231.0,115.48,5.4,0.17,0.0,0.0,0.0
18-07-2004,140.0,3231.0,115.47,5.3,0.16,0.0,0.0,0.0
19-07-2004,140.0,3231.0,115.45,5.3,0.16,0.0,0.0,0.0
20-07-2004,140.0,3231.0,115.43,5.2,0.16,0.0,0.0,0.0
21-07-2004,140.0,3231.0,115.4,5.1,0.16,0.0,0.0,0.0
22-07-2004,140.0,3231.0,115.35,4.9,0.15,0.0,0.0,0.0
23-07-2004,140.0,3231.0,115.25,4.6,0.14,0.0,0.0,0.0
24-07-2004,140.0,3231.0,115.15,4.3,0.13,0.0,0.0,0.0
25-07-2004,140.0,3231.0,115.1,4.0,0.12,0.0,0.0,0.0
26-07-2004,140.0,3231.0,115.1,4.1,0.13,2.0,0.0,16.0
27-07-2004,140.0,3231.0,115.0,3.9,0.12,0.0,0.0,0.0
28-07-2004,140.0,3231.0,114.9,3.6,0.11,0.0,0.0,0.0
29-07-2004,140.0,3231.0,114.9,3.6,0.11,0.0,0.0,7.0
30-07-2004,140.0,3231.0,114.9,3.6,0.11,0.0,0.0,10.0
31-07-2004,140.0,3231.0,114.86,3.5,0.11,0.0,0.0,0.0
01-08-2004,140.0,3231.0,114.86,3.5,0.11,0.0,0.0,1.0
02-08-2004,140.0,3231.0,114.83,3.4,0.11,0.0,0.0,0.0
03-08-2004,140.0,3231.0,114.79,3.3,0.1,0.0,0.0,0.0
04-08-2004,140.0,3231.0,114.79,3.3,0.1,0.0,0.0,1.0
05-08-2004,140.0,3231.0,114.75,3.2,0.1,0.0,0.0,0.0
06-08-2004,140.0,3231.0,114.75,3.2,0.1,0.0,0.0,9.0
07-08-2004,140.0,3231.0,114.72,3.1,0.1,0.0,0.0,0.0
08-08-2004,140.0,3231.0,114.68,3.0,0.09,0.0,0.0,0.0
09-08-2004,140.0,3231.0,114.68,3.0,0.09,0.0,0.0,5.0
10-08-2004,140.0,3231.0,114.6,2.9,0.09,0.0,0.0,0.0
11-08-2004,140.0,3231.0,114.6,2.8,0.09,0.0,0.0,0.0
12-08-2004,140.0,3231.0,114.56,2.7,0.08,0.0,0.0,0.0
13-08-2004,140.0,3231.0,114.56,2.7,0.08,0.0,0.0,2.0
14-08-2004,140.0,3231.0,114.56,2.7,0.08,0.0,0.0,3.0
15-08-2004,140.0,3231.0,114.52,2.6,0.08,0.0,0.0,0.0
16-08-2004,140.0,3231.0,114.52,2.6,0.08,0.0,0.0,4.0
17-08-2004,140.0,3231.0,114.48,2.5,0.08,0.0,0.0,0.0
18-08-2004,140.0,3231.0,114.43,2.4,0.07,0.0,0.0,0.0
19-08-2004,140.0,3231.0,114.43,2.4,0.07,0.0,0.0,1.0
20-08-2004,140.0,3231.0,114.39,2.3,0.07,0.0,0.0,0.0
21-08-2004,140.0,3231.0,114.34,2.2,0.07,0.0,0.0,0.0
22-08-2004,140.0,3231.0,114.3,2.1,0.06,0.0,0.0,0.0
23-08-2004,140.0,3231.0,114.25,2.0,0.06,0.0,0.0,0.0
24-08-2004,140.0,3231.0,114.2,1.9,0.06,0.0,0.0,0.0
25-08-2004,140.0,3231.0,114.15,1.8,0.06,0.0,0.0,0.0
26-08-2004,140.0,3231.0,114.1,1.7,0.05,0.0,0.0,0.0
27-08-2004,140.0,3231.0,114.05,1.6,0.05,0.0,0.0,0.0
28-08-2004,140.0,3231.0,114.0,1.5,0.05,0.0,0.0,0.0
29-08-2004,140.0,3231.0,113.94,1.4,0.04,0.0,0.0,0.0
30-08-2004,140.0,3231.0,113.88,1.3,0.04,0.0,0.0,0.0
31-08-2004,140.0,3231.0,113.88,1.3,0.04,0.0,0.0,2.0
01-09-2004,140.0,3231.0,113.82,1.2,0.04,0.0,0.0,0.0
02-09-2004,140.0,3231.0,113.75,1.1,0.03,0.0,0.0,0.0
03-09-2004,140.0,3231.0,113.69,1.0,0.03,0.0,0.0,0.0
04-09-2004,140.0,3231.0,113.61,0.9,0.03,0.0,0.0,0.0
05-09-2004,140.0,3231.0,113.61,0.9,0.03,0.0,0.0,27.0
06-09-2004,140.0,3231.0,114.1,1.7,0.05,9.0,0.0,21.0
07-09-2004,140.0,3231.0,114.1,1.7,0.05,0.0,0.0,0.0
08-09-2004,140.0,3231.0,114.2,1.9,0.06,2.0,0.0,10.0
09-09-2004,140.0,3231.0,114.2,1.9,0.06,0.0,0.0,0.0
10-09-2004,140.0,3231.0,114.5,2.5,0.08,7.0,0.0,39.0
11-09-2004,140.0,3231.0,114.5,2.5,0.08,0.0,0.0,0.0
12-09-2004,140.0,3231.0,114.43,2.4,0.07,0.0,0.0,0.0
13-09-2004,140.0,3231.0,114.39,2.3,0.07,0.0,0.0,0.0
14-09-2004,140.0,3231.0,114.34,2.15,0.07,0.0,0.0,0.0
15-09-2004,140.0,3231.0,114.3,2.1,0.06,0.0,0.0,0.0
16-09-2004,140.0,3231.0,114.25,2.0,0.06,0.0,0.0,0.0
17-09-2004,140.0,3231.0,114.25,2.0,0.06,0.0,0.0,2.0
18-09-2004,140.0,3231.0,114.2,1.9,0.06,0.0,0.0,0.0
19-09-2004,140.0,3231.0,114.15,1.8,0.06,0.0,0.0,0.0
20-09-2004,140.0,3231.0,114.75,3.2,0.1,16.0,0.0,24.0
21-09-2004,140.0,3231.0,115.2,4.5,0.14,15.0,0.0,29.0
22-09-2004,140.0,3231.0,115.5,5.4,0.17,11.0,0.0,0.0
23-09-2004,140.0,3231.0,115.8,6.5,0.2,12.0,0.0,2.0
24-09-2004,140.0,3231.0,116.1,7.7,0.24,13.0,0.0,15.0
25-09-2004,140.0,3231.0,116.4,8.9,0.28,14.0,0.0,2.0
26-09-2004,140.0,3231.0,116.8,9.8,0.3,10.0,0.0,3.0
27-09-2004,140.0,3231.0,116.8,10.7,0.33,10.0,0.0,0.0
28-09-2004,140.0,3231.0,117.2,11.7,0.36,11.0,0.0,6.0
29-09-2004,140.0,3231.0,117.1,12.2,0.38,6.0,0.0,0.0
30-09-2004,140.0,3231.0,117.4,13.7,0.42,17.0,0.0,22.0
01-10-2004,140.0,3231.0,117.5,14.2,0.44,0.0,0.0,0.0
02-10-2004,140.0,3231.0,117.7,15.3,0.47,13.0,0.0,0.0
03-10-2004,140.0,3231.0,118.0,17.1,0.53,20.0,0.0,9.0
04-10-2004,140.0,3231.0,118.1,17.7,0.55,7.0,0.0,4.0
05-10-2004,140.0,3231.0,118.2,18.3,0.57,7.0,0.0,0.0
06-10-2004,140.0,3231.0,118.25,18.6,0.58,4.0,0.0,0.0
07-10-2004,140.0,3231.0,118.25,18.6,0.58,0.0,0.0,0.0
08-10-2004,140.0,3231.0,118.25,18.6,0.58,0.0,0.0,0.0
09-10-2004,140.0,3231.0,118.23,18.5,0.57,0.0,0.0,0.0
10-10-2004,140.0,3231.0,118.22,18.4,0.57,0.0,0.0,0.0
11-10-2004,140.0,3231.0,118.3,18.9,0.58,6.0,0.0,28.0
12-10-2004,140.0,3231.0,118.35,19.2,0.59,4.0,0.0,0.0
13-10-2004,140.0,3231.0,118.35,19.2,0.59,0.0,0.0,0.0
14-10-2004,140.0,3231.0,118.35,19.2,0.59,0.0,0.0,0.0
15-10-2004,140.0,3231.0,118.33,19.1,0.59,0.0,0.0,0.0
16-10-2004,140.0,3231.0,118.31,19.0,0.59,0.0,0.0,0.0
17-10-2004,140.0,3231.0,118.3,18.9,0.58,0.0,0.0,0.0
18-10-2004,140.0,3231.0,118.45,19.9,0.62,12.0,0.0,31.0
19-10-2004,140.0,3231.0,118.5,20.3,0.63,5.0,0.0,13.0
20-10-2004,140.0,3231.0,118.53,20.5,0.63,2.0,0.0,1.0
21-10-2004,140.0,3231.0,118.6,21.0,0.65,6.0,0.0,0.0
22-10-2004,140.0,3231.0,118.75,22.2,0.69,14.0,0.0,3.0
23-10-2004,140.0,3231.0,118.84,22.9,0.71,8.0,0.0,5.0
24-10-2004,140.0,3231.0,118.89,23.4,0.72,6.0,0.0,10.0
25-10-2004,140.0,3231.0,118.89,23.4,0.72,0.0,0.0,0.0
26-10-2004,140.0,3231.0,119.05,24.8,0.77,16.0,0.0,4.0
27-10-2004,140.0,3231.0,119.35,27.7,0.86,34.0,0.0,17.0
28-10-2004,140.0,3231.0,119.55,29.8,0.92,24.0,0.0,5.0
29-10-2004,140.0,3231.0,119.85,33.1,1.02,38.0,0.0,18.0
30-10-2004,140.0,3231.0,120.2,37.4,1.16,50.0,0.0,41.0
31-10-2004,140.0,3231.0,120.75,45.0,1.39,88.0,0.0,65.0
01-11-2004,140.0,3231.0,121.05,49.6,1.54,53.0,0.0,0.0
02-11-2004,140.0,3231.0,121.2,52.0,1.61,28.0,0.0,0.0
03-11-2004,140.0,3231.0,121.35,54.4,1.68,28.0,0.0,0.0
04-11-2004,140.0,3231.0,121.5,57.0,1.76,30.0,0.0,0.0
05-11-2004,140.0,3231.0,121.55,58.0,1.8,12.0,0.0,0.0
06-11-2004,140.0,3231.0,121.8,63.7,1.97,66.0,0.0,62.0
07-11-2004,140.0,3231.0,122.2,74.5,2.31,125.0,0.0,11.0
08-11-2004,140.0,3231.0,122.65,92.8,2.87,117.0,0.0,17.0
09-11-2004,140.0,3231.0,123.0,109.2,3.38,190.0,0.0,2.0
10-11-2004,140.0,3231.0,123.2,119.7,3.7,122.0,0.0,0.0
11-11-2004,140.0,3231.0,123.35,128.1,3.96,97.0,0.0,0.0
12-11-2004,140.0,3231.0,123.4,131.0,4.05,34.0,0.0,10.0
13-11-2004,140.0,3231.0,123.65,146.4,4.53,178.0,0.0,34.0
14-11-2004,140.0,3231.0,124.05,173.7,5.38,316.0,0.0,0.0
15-11-2004,140.0,3231.0,124.2,184.8,5.72,128.0,0.0,0.0
16-11-2004,140.0,3231.0,124.3,192.4,5.95,88.0,0.0,0.0
17-11-2004,140.0,3231.0,124.35,196.3,6.08,45.0,0.0,0.0
18-11-2004,140.0,3231.0,124.36,197.1,6.1,17.0,0.0,0.0
19-11-2004,140.0,3231.0,124.37,197.9,6.13,17.0,0.0,0.0
20-11-2004,140.0,3231.0,124.38,198.7,6.15,17.0,0.0,0.0
21-11-2004,140.0,3231.0,124.38,198.7,6.15,8.0,0.0,0.0
22-11-2004,140.0,3231.0,124.38,198.7,6.15,8.0,0.0,0.0
23-11-2004,140.0,3231.0,124.38,198.7,6.15,8.0,0.0,0.0
24-11-2004,140.0,3231.0,124.38,198.7,6.15,8.0,0.0,0.0
25-11-2004,140.0,3231.0,124.37,197.9,6.13,0.0,0.0,0.0
26-11-2004,140.0,3231.0,124.38,198.7,6.15,9.0,0.0,23.0
27-11-2004,140.0,3231.0,124.6,216.6,6.7,207.0,0.0,42.0
28-11-2004,140.0,3231.0,124.7,225.1,6.97,98.0,0.0,7.0
29-11-2004,140.0,3231.0,124.95,247.0,7.64,253.0,0.0,0.0
30-11-2004,140.0,3231.0,125.35,283.6,8.78,424.0,0.0,0.0
01-12-2004,140.0,3231.0,125.77,324.2,10.03,470.0,0.0,0.0
02-12-2004,140.0,3231.0,126.15,363.0,11.23,448.0,0.0,0.0
03-12-2004,140.0,3231.0,126.51,401.3,12.42,444.0,0.0,0.0
04-12-2004,140.0,3231.0,126.86,440.3,13.63,451.0,0.0,0.0
05-12-2004,140.0,3231.0,127.19,478.4,14.81,441.0,0.0,0.0
06-12-2004,140.0,3231.0,127.51,516.7,15.99,443.0,0.0,0.0
07-12-2004,140.0,3231.0,127.81,553.8,17.14,441.0,0.0,0.0
08-12-2004,140.0,3231.0,128.08,588.1,18.2,412.0,0.0,0.0
09-12-2004,140.0,3231.0,128.3,616.5,19.08,403.0,0.0,4.0
10-12-2004,140.0,3231.0,128.51,643.9,19.93,408.0,0.0,0.0
11-12-2004,140.0,3231.0,128.74,674.1,20.86,460.0,0.0,0.0
12-12-2004,140.0,3231.0,128.98,706.1,21.85,460.0,0.0,0.0
13-12-2004,140.0,3231.0,129.15,728.9,22.56,430.0,0.0,0.0
14-12-2004,140.0,3231.0,129.3,749.2,23.19,380.0,0.0,0.0
15-12-2004,140.0,3231.0,129.48,773.8,23.95,360.0,0.0,0.0
16-12-2004,140.0,3231.0,129.6,790.2,24.46,370.0,114.0,0.0
17-12-2004,140.0,3231.0,129.72,806.8,24.97,395.0,334.0,0.0
18-12-2004,140.0,3231.0,129.76,812.3,25.14,395.0,334.0,0.0
19-12-2004,140.0,3231.0,129.8,817.8,25.31,398.0,334.0,0.0
20-12-2004,140.0,3231.0,129.83,822.0,25.44,380.0,334.0,0.0
21-12-2004,140.0,3231.0,129.84,823.4,25.48,351.0,334.0,0.0
22-12-2004,140.0,3231.0,129.84,823.4,25.48,320.0,320.0,0.0
23-12-2004,140.0,3231.0,129.84,823.4,25.48,310.0,310.0,0.0
24-12-2004,140.0,3231.0,129.84,823.4,25.48,305.0,310.0,0.0
25-12-2004,140.0,3231.0,129.84,823.4,25.48,300.0,305.0,0.0
26-12-2004,140.0,3231.0,129.84,823.4,25.48,300.0,300.0,0.0
27-12-2004,140.0,3231.0,129.84,823.4,25.48,295.0,300.0,0.0
28-12-2004,140.0,3231.0,129.84,823.4,25.48,270.0,270.0,0.0
29-12-2004,140.0,3231.0,129.82,820.7,25.4,240.0,270.0,0.0
30-12-2004,140.0,3231.0,129.78,815.1,25.23,240.0,300.0,0.0
31-12-2004,140.0,3231.0,129.75,810.9,25.1,235.0,300.0,0.0
01-01-2005,140.0,3231.0,129.71,805.4,24.93,240.0,300.0,0.0
02-01-2005,140.0,3231.0,129.67,799.9,24.76,240.0,300.0,0.0
03-01-2005,140.0,3231.0,129.63,794.4,24.59,230.0,300.0,0.0
04-01-2005,140.0,3231.0,129.6,790.2,24.46,255.0,300.0,0.0
05-01-2005,140.0,3231.0,129.61,791.6,24.5,310.0,300.0,0.0
06-01-2005,140.0,3231.0,140.0,3231.0,100.0,0.0,0.0,0.0
07-01-2005,140.0,3231.0,129.74,809.6,25.06,430.0,300.0,0.0
08-01-2005,140.0,3231.0,129.83,822.1,25.44,455.0,350.0,0.0
09-01-2005,140.0,3231.0,129.88,829.0,25.66,455.0,350.0,0.0
10-01-2005,140.0,3231.0,129.93,836.0,25.87,445.0,350.0,0.0
11-01-2005,140.0,3231.0,129.98,843.0,26.09,445.0,350.0,0.0
12-01-2005,140.0,3231.0,130.03,850.0,26.31,450.0,350.0,0.0
13-01-2005,140.0,3231.0,130.07,855.6,26.48,435.0,350.0,0.0
14-01-2005,140.0,3231.0,130.11,861.2,26.65,445.0,350.0,0.0
15-01-2005,140.0,3231.0,130.15,866.9,26.83,450.0,350.0,0.0
16-01-2005,140.0,3231.0,130.19,872.5,27.0,445.0,350.0,0.0
17-01-2005,140.0,3231.0,130.22,876.8,27.14,420.0,350.0,0.0
18-01-2005,140.0,3231.0,130.23,878.2,27.18,395.0,400.0,0.0
19-01-2005,140.0,3231.0,130.21,875.3,27.09,380.0,400.0,0.0
20-01-2005,140.0,3231.0,130.17,869.7,26.92,360.0,400.0,0.0
21-01-2005,140.0,3231.0,130.13,864.1,26.74,340.0,400.0,0.0
22-01-2005,140.0,3231.0,130.09,858.4,26.57,340.0,400.0,0.0
23-01-2005,140.0,3231.0,130.05,852.8,26.39,355.0,400.0,0.0
24-01-2005,140.0,3231.0,130.03,850.0,26.31,375.0,400.0,0.0
25-01-2005,140.0,3231.0,130.06,854.2,26.44,450.0,400.0,0.0
26-01-2005,140.0,3231.0,130.1,859.8,26.61,465.0,400.0,0.0
27-01-2005,140.0,3231.0,130.13,864.0,26.74,445.0,400.0,0.0
28-01-2005,140.0,3231.0,130.13,864.0,26.74,405.0,400.0,0.0
29-01-2005,140.0,3231.0,130.12,862.6,26.7,380.0,400.0,0.0
30-01-2005,140.0,3231.0,130.11,861.2,26.65,385.0,400.0,0.0
31-01-2005,140.0,3231.0,130.09,858.4,26.57,365.0,400.0,0.0
01-02-2005,140.0,3231.0,130.04,851.4,26.35,325.0,400.0,0.0
02-02-2005,140.0,3231.0,129.98,842.9,26.09,295.0,400.0,0.0
03-02-2005,140.0,3231.0,129.92,834.6,25.83,300.0,400.0,0.0
04-02-2005,140.0,3231.0,129.88,829.0,25.66,330.0,400.0,0.0
05-02-2005,140.0,3231.0,129.85,824.8,25.53,360.0,400.0,0.0
06-02-2005,140.0,3231.0,129.83,822.0,25.44,365.0,400.0,0.0
07-02-2005,140.0,3231.0,129.8,817.8,25.31,360.0,400.0,0.0
08-02-2005,140.0,3231.0,129.78,815.1,25.23,335.0,400.0,0.0
09-02-2005,140.0,3231.0,129.75,810.9,25.1,315.0,400.0,0.0
10-02-2005,140.0,3231.0,129.72,806.8,24.97,285.0,380.0,0.0
11-02-2005,140.0,3231.0,129.66,798.5,24.71,255.0,350.0,0.0
12-02-2005,140.0,3231.0,129.62,792.9,24.54,245.0,330.0,0.0
13-02-2005,140.0,3231.0,129.55,783.3,24.24,215.0,330.0,0.0
14-02-2005,140.0,3231.0,129.46,771.0,23.86,193.0,330.0,0.0
15-02-2005,140.0,3231.0,129.33,756.0,23.4,175.0,330.0,0.0
16-02-2005,140.0,3231.0,129.25,742.4,22.98,170.0,330.0,0.0
17-02-2005,140.0,3231.0,129.15,728.9,22.56,165.0,330.0,0.0
18-02-2005,140.0,3231.0,129.05,715.6,22.15,155.0,300.0,0.0
19-02-2005,140.0,3231.0,128.95,702.0,21.73,140.0,300.0,0.0
20-02-2005,140.0,3231.0,128.85,688.7,21.32,140.0,300.0,0.0
21-02-2005,140.0,3231.0,128.74,674.1,20.86,110.0,270.0,0.0
22-02-2005,140.0,3231.0,128.62,658.3,20.37,85.0,360.0,0.0
23-02-2005,140.0,3231.0,128.43,633.4,19.6,70.0,360.0,0.0
24-02-2005,140.0,3231.0,128.25,610.0,18.88,80.0,360.0,0.0
25-02-2005,140.0,3231.0,128.07,586.8,18.16,85.0,360.0,0.0
26-02-2005,140.0,3231.0,127.88,562.6,17.41,75.0,350.0,0.0
27-02-2005,140.0,3231.0,127.68,537.6,16.64,65.0,330.0,0.0
28-02-2005,140.0,3231.0,127.5,515.5,15.95,45.0,280.0,0.0
01-03-2005,140.0,3231.0,127.33,495.0,15.32,40.0,280.0,0.0
02-03-2005,140.0,3231.0,127.14,472.5,14.62,25.0,280.0,0.0
03-03-2005,140.0,3231.0,126.95,450.5,13.94,25.0,270.0,0.0
04-03-2005,140.0,3231.0,126.76,428.9,13.27,20.0,270.0,0.0
05-03-2005,140.0,3231.0,126.57,407.9,12.62,20.0,270.0,0.0
06-03-2005,140.0,3231.0,126.38,387.3,11.99,20.0,240.0,0.0
07-03-2005,140.0,3231.0,126.2,368.2,11.4,15.0,210.0,0.0
08-03-2005,140.0,3231.0,126.04,351.5,10.88,10.0,200.0,0.0
09-03-2005,140.0,3231.0,125.89,336.2,10.41,5.0,180.0,0.0
10-03-2005,140.0,3231.0,125.76,323.2,10.0,0.0,150.0,0.0
11-03-2005,140.0,3231.0,125.64,311.4,9.64,0.0,130.0,0.0
12-03-2005,140.0,3231.0,125.64,300.7,9.31,0.0,125.0,0.0
13-03-2005,140.0,3231.0,125.4,288.3,8.92,0.0,120.0,0.0
14-03-2005,140.0,3231.0,125.3,278.9,8.63,22.0,120.0,26.0
15-03-2005,140.0,3231.0,125.18,267.8,8.29,0.0,110.0,0.0
16-03-2005,140.0,3231.0,125.08,258.6,8.0,0.0,95.0,0.0
17-03-2005,140.0,3231.0,124.99,250.5,7.75,0.0,85.0,0.0
18-03-2005,140.0,3231.0,124.91,243.4,7.53,0.0,70.0,0.0
19-03-2005,140.0,3231.0,124.83,236.4,7.32,0.0,60.0,0.0
20-03-2005,140.0,3231.0,124.76,230.3,7.13,0.0,50.0,0.0
21-03-2005,140.0,3231.0,124.7,225.1,6.97,0.0,50.0,0.0
22-03-2005,140.0,3231.0,124.68,223.4,6.91,0.0,0.0,0.0
23-03-2005,140.0,3231.0,124.67,222.5,6.89,0.0,0.0,0.0
24-03-2005,140.0,3231.0,124.66,221.7,6.86,0.0,0.0,0.0
25-03-2005,140.0,3231.0,124.65,220.8,6.83,0.0,0.0,0.0
26-03-2005,140.0,3231.0,124.64,220.0,6.81,0.0,0.0,0.0
27-03-2005,140.0,3231.0,124.63,219.2,6.78,0.0,0.0,0.0
28-03-2005,140.0,3231.0,124.62,218.3,6.76,0.0,0.0,0.0
29-03-2005,140.0,3231.0,124.61,217.5,6.73,0.0,0.0,0.0
30-03-2005,140.0,3231.0,124.6,216.6,6.7,0.0,0.0,0.0
31-03-2005,140.0,3231.0,124.59,215.8,6.68,0.0,0.0,0.0
01-04-2005,140.0,3231.0,124.58,214.9,6.65,0.0,0.0,0.0
02-04-2005,140.0,3231.0,124.57,214.1,6.63,0.0,0.0,0.0
03-04-2005,140.0,3231.0,124.56,213.3,6.6,0.0,0.0,0.0
04-04-2005,140.0,3231.0,124.55,212.5,6.58,0.0,0.0,3.0
05-04-2005,140.0,3231.0,124.58,214.9,6.65,28.0,0.0,14.0
06-04-2005,140.0,3231.0,124.83,236.4,7.32,249.0,0.0,59.0
07-04-2005,140.0,3231.0,124.82,235.5,7.29,0.0,0.0,0.0
08-04-2005,140.0,3231.0,125.07,257.7,7.98,255.0,0.0,75.0
09-04-2005,140.0,3231.0,125.06,256.8,7.95,0.0,0.0,0.0
10-04-2005,140.0,3231.0,125.05,255.9,7.92,0.0,0.0,0.0
11-04-2005,140.0,3231.0,125.04,255.0,7.89,0.0,0.0,0.0
12-04-2005,140.0,3231.0,125.03,254.1,7.86,0.0,0.0,0.0
13-04-2005,140.0,3231.0,125.02,253.2,7.84,0.0,0.0,0.0
14-04-2005,140.0,3231.0,125.01,252.3,7.81,0.0,0.0,0.0
15-04-2005,140.0,3231.0,125.0,251.4,7.78,0.0,0.0,0.0
16-04-2005,140.0,3231.0,124.99,250.5,7.75,0.0,0.0,0.0
17-04-2005,140.0,3231.0,124.98,249.6,7.73,0.0,0.0,0.0
18-04-2005,140.0,3231.0,124.97,248.7,7.7,0.0,0.0,0.0
19-04-2005,140.0,3231.0,124.96,247.8,7.67,0.0,0.0,0.0
20-04-2005,140.0,3231.0,124.95,246.9,7.64,0.0,0.0,0.0
21-04-2005,140.0,3231.0,124.94,246.0,7.61,0.0,0.0,0.0
22-04-2005,140.0,3231.0,124.93,245.2,7.59,0.0,0.0,0.0
23-04-2005,140.0,3231.0,124.92,244.3,7.56,0.0,0.0,0.0
24-04-2005,140.0,3231.0,124.91,243.4,7.53,0.0,0.0,0.0
25-04-2005,140.0,3231.0,124.9,242.5,7.51,0.0,0.0,0.0
26-04-2005,140.0,3231.0,124.89,241.6,7.48,0.0,0.0,0.0
27-04-2005,140.0,3231.0,124.88,240.8,7.45,0.0,0.0,0.0
28-04-2005,140.0,3231.0,124.87,239.9,7.42,0.0,0.0,0.0
29-04-2005,140.0,3231.0,124.86,239.0,7.4,0.0,0.0,1.0
30-04-2005,140.0,3231.0,124.84,237.3,7.34,0.0,0.0,0.0
01-05-2005,140.0,3231.0,124.82,235.5,7.29,0.0,0.0,0.0
02-05-2005,140.0,3231.0,124.85,238.1,7.37,30.0,0.0,15.0
03-05-2005,140.0,3231.0,124.83,236.4,7.32,30.0,0.0,0.0
04-05-2005,140.0,3231.0,124.81,234.6,7.26,0.0,0.0,0.0
05-05-2005,140.0,3231.0,124.79,232.9,7.21,0.0,0.0,0.0
06-05-2005,140.0,3231.0,124.77,231.2,7.16,0.0,0.0,0.0
07-05-2005,140.0,3231.0,124.77,231.2,7.16,0.0,0.0,8.0
08-05-2005,140.0,3231.0,124.75,229.4,7.1,0.0,0.0,8.0
09-05-2005,140.0,3231.0,124.73,227.7,7.05,0.0,0.0,8.0
10-05-2005,140.0,3231.0,124.71,226.0,6.99,0.0,0.0,0.0
11-05-2005,140.0,3231.0,124.69,224.3,6.94,0.0,0.0,0.0
12-05-2005,140.0,3231.0,124.67,222.6,6.89,0.0,0.0,0.0
13-05-2005,140.0,3231.0,124.65,220.9,6.84,0.0,0.0,0.0
14-05-2005,140.0,3231.0,124.63,219.2,6.78,0.0,0.0,0.0
15-05-2005,140.0,3231.0,124.61,217.5,6.73,0.0,0.0,0.0
16-05-2005,140.0,3231.0,124.59,215.8,6.68,0.0,0.0,0.0
17-05-2005,140.0,3231.0,124.57,214.1,6.63,0.0,0.0,0.0
18-05-2005,140.0,3231.0,124.55,212.5,6.58,0.0,0.0,0.0
19-05-2005,140.0,3231.0,124.52,210.0,6.5,0.0,0.0,0.0
20-05-2005,140.0,3231.0,124.49,207.5,6.42,0.0,0.0,0.0
21-05-2005,140.0,3231.0,124.46,205.1,6.35,0.0,0.0,0.0
22-05-2005,140.0,3231.0,124.43,202.7,6.27,0.0,0.0,0.0
23-05-2005,140.0,3231.0,124.4,200.3,6.2,0.0,0.0,0.0
24-05-2005,140.0,3231.0,124.37,197.9,6.13,0.0,0.0,0.0
25-05-2005,140.0,3231.0,124.34,195.5,6.05,0.0,0.0,0.0
26-05-2005,140.0,3231.0,124.31,193.2,5.98,0.0,0.0,5.0
27-05-2005,140.0,3231.0,124.28,190.9,5.91,0.0,0.0,0.0
28-05-2005,140.0,3231.0,124.25,188.7,5.84,0.0,0.0,0.0
29-05-2005,140.0,3231.0,124.22,186.3,5.77,0.0,0.0,0.0
30-05-2005,140.0,3231.0,124.19,184.0,5.69,0.0,0.0,8.0
31-05-2005,140.0,3231.0,124.16,181.8,5.63,0.0,0.0,0.0
01-06-2005,140.0,3231.0,124.13,179.5,5.56,0.0,0.0,0.0
02-06-2005,140.0,3231.0,124.1,177.3,5.49,0.0,0.0,0.0
03-06-2005,140.0,3231.0,124.07,175.1,5.42,0.0,0.0,0.0
04-06-2005,140.0,3231.0,124.05,173.7,5.38,0.0,0.0,17.0
05-06-2005,140.0,3231.0,124.02,171.5,5.31,0.0,0.0,0.0
06-06-2005,140.0,3231.0,123.99,169.4,5.24,0.0,0.0,0.0
07-06-2005,140.0,3231.0,123.96,167.2,5.17,0.0,0.0,0.0
08-06-2005,140.0,3231.0,123.93,165.1,5.11,0.0,0.0,0.0
09-06-2005,140.0,3231.0,123.91,163.7,5.07,0.0,0.0,7.0
10-06-2005,140.0,3231.0,132.2,1177.0,36.43,0.0,214.0,0.0
11-06-2005,140.0,3231.0,132.06,1153.0,35.69,0.0,214.0,0.0
12-06-2005,140.0,3231.0,131.92,1130.0,34.97,0.0,214.0,0.0
13-06-2005,140.0,3231.0,123.79,155.6,4.82,0.0,0.0,0.0
14-06-2005,140.0,3231.0,123.76,153.6,4.75,0.0,0.0,0.0
15-06-2005,140.0,3231.0,123.73,151.6,4.69,0.0,0.0,0.0
16-06-2005,140.0,3231.0,123.7,149.6,4.63,0.0,0.0,0.0
17-06-2005,140.0,3231.0,123.67,147.7,4.57,0.0,0.0,0.0
18-06-2005,140.0,3231.0,123.64,145.7,4.51,0.0,0.0,0.0
19-06-2005,140.0,3231.0,123.61,143.8,4.45,0.0,0.0,0.0
20-06-2005,140.0,3231.0,123.58,141.9,4.39,0.0,0.0,0.0
21-06-2005,140.0,3231.0,123.6,143.2,4.43,15.0,0.0,21.0
22-06-2005,140.0,3231.0,123.58,141.9,4.39,0.0,0.0,0.0
23-06-2005,140.0,3231.0,123.56,140.7,4.35,0.0,0.0,1.0
24-06-2005,140.0,3231.0,123.53,138.9,4.3,0.0,0.0,0.0
25-06-2005,140.0,3231.0,123.5,137.0,4.24,0.0,0.0,0.0
26-06-2005,140.0,3231.0,123.47,135.2,4.18,0.0,0.0,0.0
27-06-2005,140.0,3231.0,123.42,133.4,4.13,0.0,0.0,0.0
28-06-2005,140.0,3231.0,123.41,131.6,4.07,0.0,0.0,0.0
29-06-2005,140.0,3231.0,123.38,129.9,4.02,0.0,0.0,0.0
30-06-2005,140.0,3231.0,123.35,128.1,3.96,0.0,0.0,0.0
01-07-2005,140.0,3231.0,123.32,126.4,3.91,0.0,0.0,0.0
02-07-2005,140.0,3231.0,123.29,124.7,3.86,0.0,0.0,0.0
03-07-2005,140.0,3231.0,123.26,123.0,3.81,0.0,0.0,1.0
04-07-2005,140.0,3231.0,123.23,121.3,3.75,0.0,0.0,0.0
05-07-2005,140.0,3231.0,123.2,119.7,3.7,0.0,0.0,0.0
06-07-2005,140.0,3231.0,123.18,118.6,3.67,0.0,0.0,9.0
07-07-2005,140.0,3231.0,123.15,117.0,3.62,0.0,0.0,0.0
08-07-2005,140.0,3231.0,123.12,115.4,3.57,0.0,0.0,0.0
09-07-2005,140.0,3231.0,123.09,113.8,3.52,0.0,0.0,0.0
10-07-2005,140.0,3231.0,123.06,112.3,3.48,0.0,0.0,0.0
11-07-2005,140.0,3231.0,123.03,110.7,3.43,0.0,0.0,0.0
12-07-2005,140.0,3231.0,123.0,109.2,3.38,0.0,0.0,0.0
13-07-2005,140.0,3231.0,122.97,107.7,3.33,0.0,0.0,0.0
14-07-2005,140.0,3231.0,122.94,106.2,3.29,0.0,0.0,0.0
15-07-2005,140.0,3231.0,122.92,105.2,3.26,0.0,0.0,17.0
16-07-2005,140.0,3231.0,122.89,103.8,3.21,0.0,0.0,0.0
17-07-2005,140.0,3231.0,122.86,102.3,3.17,0.0,0.0,0.0
18-07-2005,140.0,3231.0,122.83,100.9,3.12,0.0,0.0,0.0
19-07-2005,140.0,3231.0,122.8,99.5,3.08,0.0,0.0,3.0
20-07-2005,140.0,3231.0,122.78,98.6,3.05,0.0,0.0,10.0
21-07-2005,140.0,3231.0,122.8,99.5,3.08,10.0,0.0,19.0
22-07-2005,140.0,3231.0,122.77,98.1,3.04,0.0,0.0,0.0
23-07-2005,140.0,3231.0,122.75,97.2,3.01,0.0,0.0,7.0
24-07-2005,140.0,3231.0,122.73,96.3,2.98,0.0,0.0,5.0
25-07-2005,140.0,3231.0,122.7,95.0,2.94,0.0,0.0,0.0
26-07-2005,140.0,3231.0,122.68,94.1,2.91,0.0,0.0,0.0
27-07-2005,140.0,3231.0,122.66,93.3,2.89,0.0,0.0,0.0
28-07-2005,140.0,3231.0,122.64,92.4,2.86,0.0,0.0,0.0
29-07-2005,140.0,3231.0,122.62,91.5,2.83,0.0,0.0,0.0
30-07-2005,140.0,3231.0,122.6,90.7,2.81,0.0,0.0,0.0
31-07-2005,140.0,3231.0,122.58,89.9,2.78,0.0,0.0,0.0
01-08-2005,140.0,3231.0,122.56,89.0,2.75,0.0,0.0,1.0
02-08-2005,140.0,3231.0,122.54,88.2,2.73,0.0,0.0,0.0
03-08-2005,140.0,3231.0,122.52,87.4,2.71,0.0,0.0,0.0
04-08-2005,140.0,3231.0,122.5,86.6,2.68,0.0,0.0,0.0
05-08-2005,140.0,3231.0,122.48,85.8,2.66,0.0,0.0,0.0
06-08-2005,140.0,3231.0,122.46,85.0,2.63,0.0,0.0,0.0
07-08-2005,140.0,3231.0,122.44,84.2,2.61,0.0,0.0,0.0
08-08-2005,140.0,3231.0,122.42,83.5,2.58,0.0,0.0,0.0
09-08-2005,140.0,3231.0,122.41,83.1,2.57,0.0,0.0,5.0
10-08-2005,140.0,3231.0,122.39,82.3,2.55,0.0,0.0,0.0
11-08-2005,140.0,3231.0,122.37,81.6,2.53,0.0,0.0,1.0
12-08-2005,140.0,3231.0,122.35,80.8,2.5,0.0,0.0,0.0
13-08-2005,140.0,3231.0,122.33,80.1,2.48,0.0,0.0,0.0
14-08-2005,140.0,3231.0,122.31,79.4,2.46,0.0,0.0,0.0
15-08-2005,140.0,3231.0,122.34,80.5,2.49,13.0,0.0,20.0
16-08-2005,140.0,3231.0,122.37,81.6,2.53,13.0,0.0,19.0
17-08-2005,140.0,3231.0,122.42,83.3,2.58,22.0,0.0,26.0
18-08-2005,140.0,3231.0,122.4,82.7,2.56,0.0,0.0,0.0
19-08-2005,140.0,3231.0,122.38,81.9,2.53,0.0,0.0,0.0
20-08-2005,140.0,3231.0,122.36,81.2,2.51,0.0,0.0,0.0
21-08-2005,140.0,3231.0,122.34,80.5,2.49,0.0,0.0,0.0
22-08-2005,140.0,3231.0,122.32,79.7,2.47,0.0,0.0,0.0
23-08-2005,140.0,3231.0,122.31,79.4,2.46,0.0,0.0,5.0
24-08-2005,140.0,3231.0,122.29,78.7,2.44,0.0,0.0,0.0
25-08-2005,140.0,3231.0,122.27,77.9,2.41,0.0,0.0,0.0
26-08-2005,140.0,3231.0,122.42,83.5,2.58,65.0,0.0,51.0
27-08-2005,140.0,3231.0,122.41,83.1,2.57,0.0,0.0,1.0
28-08-2005,140.0,3231.0,122.39,82.3,2.55,0.0,0.0,0.0
29-08-2005,140.0,3231.0,122.37,81.6,2.53,0.0,0.0,0.0
30-08-2005,140.0,3231.0,122.35,80.8,2.5,0.0,0.0,0.0
31-08-2005,140.0,3231.0,122.33,80.1,2.48,0.0,0.0,2.0
01-09-2005,140.0,3231.0,122.31,79.4,2.46,0.0,0.0,0.0
02-09-2005,140.0,3231.0,122.3,79.0,2.45,0.0,0.0,5.0
03-09-2005,140.0,3231.0,122.28,78.3,2.42,0.0,0.0,0.0
04-09-2005,140.0,3231.0,122.12,72.9,2.26,0.0,90.0,0.0
05-09-2005,140.0,3231.0,121.84,64.8,2.01,0.0,90.0,9.0
06-09-2005,140.0,3231.0,121.48,56.7,1.75,0.0,90.0,0.0
07-09-2005,140.0,3231.0,121.3,52.4,1.62,40.0,90.0,41.0
08-09-2005,140.0,3231.0,121.1,50.4,1.56,67.0,90.0,3.0
09-09-2005,140.0,3231.0,120.8,45.7,1.41,27.0,80.0,8.0
10-09-2005,140.0,3231.0,120.4,40.1,1.24,0.0,65.0,6.0
11-09-2005,140.0,3231.0,120.1,36.2,1.12,20.0,65.0,27.0
12-09-2005,140.0,3231.0,119.8,32.5,1.01,0.0,43.0,0.0
13-09-2005,140.0,3231.0,119.48,29.0,0.9,0.0,40.0,0.0
14-09-2005,140.0,3231.0,119.08,25.1,0.78,0.0,40.0,0.0
15-09-2005,140.0,3231.0,118.67,21.6,0.67,0.0,40.0,0.0
16-09-2005,140.0,3231.0,118.16,18.0,0.56,0.0,40.0,5.0
17-09-2005,140.0,3231.0,117.62,14.9,0.46,0.0,35.0,0.0
18-09-2005,140.0,3231.0,117.03,11.8,0.37,0.0,35.0,0.0
19-09-2005,140.0,3231.0,116.65,10.0,0.31,0.0,20.0,0.0
20-09-2005,140.0,3231.0,116.45,9.1,0.28,0.0,0.0,0.0
21-09-2005,140.0,3231.0,116.43,9.0,0.28,0.0,0.0,0.0
22-09-2005,140.0,3231.0,116.4,8.9,0.28,0.0,0.0,0.0
23-09-2005,140.0,3231.0,116.7,10.2,0.32,15.0,0.0,17.0
24-09-2005,140.0,3231.0,116.67,10.1,0.31,0.0,0.0,0.0
25-09-2005,140.0,3231.0,117.6,14.6,0.45,54.0,0.0,63.0
26-09-2005,140.0,3231.0,117.7,15.3,0.47,54.0,0.0,0.0
27-09-2005,140.0,3231.0,117.67,15.2,0.47,0.0,0.0,0.0
28-09-2005,140.0,3231.0,117.9,16.5,0.51,15.0,0.0,41.0
29-09-2005,140.0,3231.0,118.2,18.3,0.57,21.0,0.0,0.0
30-09-2005,140.0,3231.0,118.18,18.18,0.56,0.0,0.0,0.0
01-10-2005,140.0,3231.0,118.18,18.18,0.56,0.0,0.0,0.0
02-10-2005,140.0,3231.0,118.17,18.08,0.56,0.0,0.0,0.0
03-10-2005,140.0,3231.0,118.17,18.08,0.56,0.0,0.0,5.0
04-10-2005,140.0,3231.0,118.2,18.3,0.57,2.0,0.0,3.0
05-10-2005,140.0,3231.0,118.22,18.4,0.57,2.0,0.0,0.0
06-10-2005,140.0,3231.0,118.22,18.4,0.57,0.0,0.0,0.0
07-10-2005,140.0,3231.0,118.2,18.3,0.57,0.0,0.0,0.0
08-10-2005,140.0,3231.0,118.19,18.2,0.56,0.0,0.0,0.0
09-10-2005,140.0,3231.0,118.19,18.2,0.56,0.0,0.0,3.0
10-10-2005,140.0,3231.0,118.19,18.2,0.56,0.0,0.0,0.0
11-10-2005,140.0,3231.0,118.19,18.2,0.56,0.0,0.0,6.0
12-10-2005,140.0,3231.0,118.55,20.7,0.64,29.0,0.0,47.0
13-10-2005,140.0,3231.0,120.2,37.4,1.16,193.0,0.0,36.0
14-10-2005,140.0,3231.0,122.9,104.3,3.23,774.0,0.0,61.0
15-10-2005,140.0,3231.0,124.1,177.3,5.49,845.0,0.0,0.0
16-10-2005,140.0,3231.0,124.65,220.9,6.84,505.0,0.0,0.0
17-10-2005,140.0,3231.0,125.0,251.4,7.78,353.0,0.0,0.0
18-10-2005,140.0,3231.0,125.32,280.8,8.69,340.0,0.0,0.0
19-10-2005,140.0,3231.0,125.75,322.2,9.97,479.0,0.0,13.0
20-10-2005,140.0,3231.0,126.25,373.4,11.56,593.0,0.0,53.0
21-10-2005,140.0,3231.0,126.8,433.3,13.41,693.0,0.0,0.0
22-10-2005,140.0,3231.0,127.4,503.4,15.58,811.0,0.0,2.0
23-10-2005,140.0,3231.0,127.95,571.5,17.69,788.0,0.0,14.0
24-10-2005,140.0,3231.0,128.5,642.6,19.89,823.0,0.0,19.0
25-10-2005,140.0,3231.0,129.0,708.9,21.94,765.0,0.0,5.0
26-10-2005,140.0,3231.0,129.6,790.2,24.46,943.0,0.0,15.0
27-10-2005,140.0,3231.0,130.2,873.9,27.05,969.0,0.0,52.0
28-10-2005,140.0,3231.0,132.4,1211.0,37.48,3902.0,0.0,123.0
29-10-2005,140.0,3231.0,133.55,1426.1,44.14,2490.0,0.0,0.0
30-10-2005,140.0,3231.0,133.85,1487.1,46.03,706.0,0.0,0.0
31-10-2005,140.0,3231.0,134.1,1539.4,47.64,605.0,0.0,14.0
01-11-2005,140.0,3231.0,134.3,1582.4,48.98,498.0,0.0,0.0
02-11-2005,140.0,3231.0,134.48,1622.0,50.2,463.0,0.0,0.0
03-11-2005,140.0,3231.0,134.62,1653.0,51.16,359.0,0.0,0.0
04-11-2005,140.0,3231.0,134.8,1693.0,52.4,463.0,0.0,0.0
05-11-2005,140.0,3231.0,135.0,1739.0,53.82,532.0,0.0,24.0
06-11-2005,140.0,3231.0,135.2,1786.0,55.28,544.0,0.0,13.0
07-11-2005,140.0,3231.0,135.9,1955.0,60.51,1959.0,0.0,79.0
08-11-2005,140.0,3231.0,136.7,2161.0,66.88,2384.0,0.0,41.0
09-11-2005,140.0,3231.0,137.1,2268.0,70.19,1238.0,0.0,7.0
10-11-2005,140.0,3231.0,137.4,2351.0,72.76,961.0,0.0,2.0
11-11-2005,140.0,3231.0,137.52,2384.0,73.79,382.0,0.0,0.0
12-11-2005,140.0,3231.0,137.66,2424.0,75.02,463.0,0.0,4.0
13-11-2005,140.0,3231.0,137.73,2444.0,75.64,231.0,0.0,0.0
14-11-2005,140.0,3231.0,137.77,2455.0,75.98,127.0,0.0,0.0
15-11-2005,140.0,3231.0,137.81,2466.0,76.32,127.0,0.0,0.0
16-11-2005,140.0,3231.0,137.85,2478.0,76.69,139.0,0.0,0.0
17-11-2005,140.0,3231.0,137.89,2489.0,77.03,229.0,0.0,0.0
18-11-2005,140.0,3231.0,137.93,2501.0,77.41,270.0,0.0,0.0
19-11-2005,140.0,3231.0,137.93,2518.0,77.93,312.0,0.0,0.0
20-11-2005,140.0,3231.0,138.02,2527.0,78.21,342.0,0.0,0.0
21-11-2005,140.0,3231.0,138.1,2550.0,78.92,355.0,0.0,1.0
22-11-2005,140.0,3231.0,138.3,2609.0,80.75,683.0,0.0,45.0
23-11-2005,140.0,3231.0,138.78,2755.0,85.27,1690.0,0.0,60.0
24-11-2005,140.0,3231.0,139.2,2886.0,89.32,8407.0,6891.0,87.0
25-11-2005,140.0,3231.0,139.01,2826.0,87.47,4176.0,4870.0,16.0
26-11-2005,140.0,3231.0,139.06,2842.0,87.96,4343.0,4158.0,30.0
27-11-2005,140.0,3231.0,139.0,2823.0,87.37,754.0,487.0,5.0
28-11-2005,140.0,3231.0,139.0,2823.0,87.37,974.0,974.0,0.0
29-11-2005,140.0,3231.0,139.02,2829.0,87.56,313.0,244.0,0.0
30-11-2005,140.0,3231.0,139.02,2829.0,87.56,488.0,488.0,0.0
01-12-2005,140.0,3231.0,139.01,2826.0,87.47,453.0,488.0,0.0
02-12-2005,140.0,3231.0,139.56,3002.0,92.91,2037.0,0.0,0.0
03-12-2005,140.0,3231.0,139.6,3015.0,93.31,9810.0,9660.0,132.0
04-12-2005,140.0,3231.0,139.5,2982.0,92.29,12761.0,13143.0,48.0
05-12-2005,140.0,3231.0,139.55,2999.0,92.82,18127.0,17183.0,35.0
06-12-2005,140.0,3231.0,139.61,3018.0,93.41,3202.0,994.0,0.0
07-12-2005,140.0,3231.0,139.72,3054.0,94.52,2405.0,1958.0,0.0
08-12-2005,140.0,3231.0,139.29,2915.0,90.22,2848.0,4457.0,0.0
09-12-2005,140.0,3231.0,139.0,2823.0,87.37,4168.0,4457.0,0.0
10-12-2005,140.0,3231.0,139.0,2823.0,87.37,1945.0,1945.0,1.0
11-12-2005,140.0,3231.0,139.17,2877.0,89.04,65.0,0.0,12.0
12-12-2005,140.0,3231.0,139.4,2950.0,91.3,840.0,0.0,6.0
13-12-2005,140.0,3231.0,139.82,3090.0,95.64,15864.0,14244.0,166.0
14-12-2005,140.0,3231.0,139.82,3090.0,95.64,5218.0,5218.0,4.0
15-12-2005,140.0,3231.0,139.77,3073.0,95.11,2785.0,2982.0,0.0
16-12-2005,140.0,3231.0,139.87,3104.0,96.07,1353.0,994.0,0.0
17-12-2005,140.0,3231.0,139.93,3124.0,96.69,1719.0,1488.0,0.0
18-12-2005,140.0,3231.0,139.9,3114.0,96.38,5836.0,5952.0,22.0
19-12-2005,140.0,3231.0,139.25,2902.0,89.82,2010.0,4464.0,13.0
20-12-2005,140.0,3231.0,139.36,2937.0,90.9,902.0,994.0,2.0
21-12-2005,140.0,3231.0,139.51,2986.0,92.42,567.0,0.0,2.0
22-12-2005,140.0,3231.0,139.64,3028.0,93.72,486.0,0.0,0.0
23-12-2005,140.0,3231.0,139.72,3054.0,94.52,301.0,0.0,0.0
24-12-2005,140.0,3231.0,139.81,3087.0,95.54,382.0,0.0,0.0
25-12-2005,140.0,3231.0,139.83,3093.0,95.73,69.0,0.0,0.0
26-12-2005,140.0,3231.0,139.87,3104.0,96.07,127.0,0.0,0.0
27-12-2005,140.0,3231.0,13991.0,3118.0,96.5,162.0,0.0,0.0
28-12-2005,140.0,3231.0,139.95,3131.0,96.9,150.0,0.0,0.0
29-12-2005,140.0,3231.0,139.97,3148.0,97.43,200.0,0.0,0.0
30-12-2005,140.0,3231.0,139.99,3205.0,99.2,285.0,0.0,0.0
31-12-2005,140.0,3231.0,140.0,3231.0,100.0,185.0,0.0,0.0
01-01-2006,140.0,3231.0,140.0,3231.0,100.0,0.0,0.0,0.0
02-01-2006,140.0,3231.0,140.0,3231.0,100.0,0.0,0.0,0.0
03-01-2006,140.0,3231.0,140.0,3231.0,100.0,0.0,0.0,0.0
04-01-2006,140.0,3231.0,140.0,3231.0,100.0,0.0,0.0,0.0
05-01-2006,140.0,3231.0,140.0,3231.0,100.0,0.0,0.0,0.0
06-01-2006,140.0,3231.0,140.0,3231.0,100.0,0.0,0.0,0.0
07-01-2006,140.0,3231.0,140.0,3231.0,100.0,0.0,0.0,0.0
08-01-2006,140.0,3231.0,140.0,3231.0,100.0,0.0,0.0,0.0
09-01-2006,140.0,3231.0,140.0,3231.0,100.0,0.0,0.0,0.0
10-01-2006,140.0,3231.0,140.0,3231.0,100.0,0.0,0.0,0.0
11-01-2006,140.0,3231.0,140.0,3231.0,100.0,0.0,0.0,0.0
12-01-2006,140.0,3231.0,140.0,3231.0,100.0,0.0,0.0,0.0
13-01-2006,140.0,3231.0,140.0,3231.0,100.0,0.0,0.0,0.0
14-01-2006,140.0,3231.0,140.0,3231.0,100.0,0.0,0.0,0.0
15-01-2006,140.0,3231.0,140.0,3231.0,100.0,0.0,0.0,0.0
16-01-2006,140.0,3231.0,140.0,3231.0,100.0,0.0,0.0,0.0
17-01-2006,140.0,3231.0,140.0,3231.0,100.0,0.0,0.0,0.0
18-01-2006,140.0,3231.0,140.0,3231.0,100.0,0.0,0.0,0.0
19-01-2006,140.0,3231.0,140.0,3231.0,100.0,0.0,0.0,0.0
20-01-2006,140.0,3231.0,140.0,3231.0,100.0,0.0,0.0,0.0
21-01-2006,140.0,3231.0,139.98,3171.0,98.14,0.0,0.0,0.0
22-01-2006,140.0,3231.0,139.97,3145.0,97.34,0.0,0.0,0.0
23-01-2006,140.0,3231.0,139.94,3128.0,96.81,0.0,0.0,0.0
24-01-2006,140.0,3231.0,139.9,3114.0,96.38,0.0,0.0,0.0
25-01-2006,140.0,3231.0,139.88,3107.0,96.16,0.0,0.0,0.0
26-01-2006,140.0,3231.0,139.83,3093.0,95.73,0.0,0.0,0.0
27-01-2006,140.0,3231.0,139.8,3085.0,95.48,0.0,0.0,0.0
28-01-2006,140.0,3231.0,139.78,3077.0,95.23,0.0,0.0,0.0
29-01-2006,140.0,3231.0,139.76,3069.0,94.99,0.0,0.0,0.0
30-01-2006,140.0,3231.0,139.72,3055.0,94.55,0.0,0.0,0.0
31-01-2006,140.0,3231.0,139.69,3045.0,94.24,0.0,0.0,0.0
01-02-2006,140.0,3231.0,139.66,3035.0,93.93,0.0,0.0,0.0
02-02-2006,140.0,3231.0,139.63,3025.0,93.62,0.0,0.0,0.0
03-02-2006,140.0,3231.0,139.6,3015.0,93.31,0.0,0.0,0.0
04-02-2006,140.0,3231.0,139.58,3009.0,93.13,0.0,0.0,0.0
05-02-2006,140.0,3231.0,139.56,3002.0,92.91,0.0,0.0,0.0
06-02-2006,140.0,3231.0,139.54,2995.0,92.7,0.0,0.0,0.0
07-02-2006,140.0,3231.0,139.52,2989.0,92.51,0.0,0.0,0.0
08-02-2006,140.0,3231.0,139.5,2982.0,92.29,0.0,0.0,0.0
09-02-2006,140.0,3231.0,139.47,2973.0,92.01,0.0,0.0,0.0
10-02-2006,140.0,3231.0,139.44,2963.0,91.71,0.0,0.0,0.0
11-02-2006,140.0,3231.0,139.41,2953.0,91.4,0.0,0.0,0.0
12-02-2006,140.0,3231.0,139.38,2944.0,91.12,0.0,0.0,0.0
13-02-2006,140.0,3231.0,139.34,2931.0,90.71,0.0,0.0,0.0
14-02-2006,140.0,3231.0,139.31,2921.0,90.41,0.0,0.0,0.0
15-02-2006,140.0,3231.0,139.28,2912.0,90.13,0.0,0.0,0.0
16-02-2006,140.0,3231.0,139.26,2905.0,89.91,0.0,0.0,0.0
17-02-2006,140.0,3231.0,139.23,2896.0,89.63,0.0,0.0,0.0
18-02-2006,140.0,3231.0,139.21,2889.0,89.42,0.0,0.0,0.0
19-02-2006,140.0,3231.0,139.19,2883.0,89.23,0.0,0.0,0.0
20-02-2006,140.0,3231.0,139.17,2877.0,89.04,0.0,0.0,0.0
21-02-2006,140.0,3231.0,139.14,2867.0,88.73,0.0,0.0,0.0
22-02-2006,140.0,3231.0,139.11,2858.0,88.46,0.0,0.0,0.0
23-02-2006,140.0,3231.0,139.09,2851.0,88.24,0.0,0.0,0.0
24-02-2006,140.0,3231.0,139.06,2842.0,87.96,0.0,0.0,0.0
25-02-2006,140.0,3231.0,138.98,2817.0,87.19,0.0,391.0,0.0
26-02-2006,140.0,3231.0,138.86,2779.0,86.01,0.0,391.0,0.0
27-02-2006,140.0,3231.0,138.74,2742.0,84.87,0.0,391.0,0.0
28-02-2006,140.0,3231.0,138.62,2706.0,83.75,0.0,391.0,0.0
01-03-2006,140.0,3231.0,138.5,2669.0,82.61,0.0,391.0,0.0
02-03-2006,140.0,3231.0,138.38,2633.0,81.49,0.0,391.0,0.0
03-03-2006,140.0,3231.0,138.25,2595.0,80.32,0.0,391.0,0.0
04-03-2006,140.0,3231.0,138.35,2624.0,81.21,0.0,450.0,34.0
05-03-2006,140.0,3231.0,138.33,2618.0,81.03,0.0,0.0,0.0
06-03-2006,140.0,3231.0,138.25,2595.0,80.32,0.0,385.0,0.0
07-03-2006,140.0,3231.0,138.13,2559.0,79.2,0.0,385.0,0.0
08-03-2006,140.0,3231.0,138.01,2524.0,78.12,0.0,385.0,0.0
09-03-2006,140.0,3231.0,137.88,2487.0,76.97,0.0,385.0,0.0
10-03-2006,140.0,3231.0,137.76,2452.0,75.89,0.0,385.0,0.0
11-03-2006,140.0,3231.0,137.63,2415.0,74.74,0.0,385.0,0.0
12-03-2006,140.0,3231.0,137.5,2379.0,73.63,0.0,385.0,2.0
13-03-2006,140.0,3231.0,137.38,2345.0,72.58,0.0,385.0,0.0
14-03-2006,140.0,3231.0,137.25,2309.0,71.46,0.0,385.0,0.0
15-03-2006,140.0,3231.0,137.17,2287.0,70.78,0.0,0.0,0.0
16-03-2006,140.0,3231.0,137.14,2279.0,70.54,0.0,250.0,0.0
17-03-2006,140.0,3231.0,137.18,2290.0,70.88,513.0,385.0,37.0
18-03-2006,140.0,3231.0,137.05,2254.0,69.76,0.0,385.0,0.0
19-03-2006,140.0,3231.0,136.92,2219.0,68.68,0.0,385.0,0.0
20-03-2006,140.0,3231.0,136.79,2185.0,67.63,0.0,385.0,0.0
21-03-2006,140.0,3231.0,136.65,2148.0,66.48,0.0,385.0,0.0
22-03-2006,140.0,3231.0,136.52,2113.0,65.4,0.0,385.0,0.0
23-03-2006,140.0,3231.0,136.38,2077.0,64.28,0.0,385.0,0.0
24-03-2006,140.0,3231.0,136.24,2041.0,63.17,0.0,385.0,0.0
25-03-2006,140.0,3231.0,136.1,2005.0,62.06,0.0,385.0,0.0
26-03-2006,140.0,3231.0,136.01,1983.0,61.37,0.0,0.0,0.0
27-03-2006,140.0,3231.0,136.0,1980.0,61.28,0.0,0.0,0.0
28-03-2006,140.0,3231.0,135.98,1975.0,61.13,0.0,0.0,0.0
29-03-2006,140.0,3231.0,135.97,1973.0,61.06,0.0,0.0,0.0
30-03-2006,140.0,3231.0,135.95,1968.0,60.91,0.0,0.0,0.0
31-03-2006,140.0,3231.0,135.93,1963.0,60.76,0.0,0.0,0.0
01-04-2006,140.0,3231.0,135.93,1958.0,60.6,0.0,0.0,0.0
02-04-2006,140.0,3231.0,135.89,1953.0,60.45,0.0,0.0,0.0
03-04-2006,140.0,3231.0,135.87,1948.0,60.29,0.0,0.0,0.0
04-04-2006,140.0,3231.0,135.85,1943.0,60.14,0.0,0.0,0.0
05-04-2006,140.0,3231.0,135.83,1938.0,59.98,0.0,0.0,0.0
06-04-2006,140.0,3231.0,135.81,1933.0,59.83,0.0,0.0,0.0
07-04-2006,140.0,3231.0,135.78,1926.0,59.61,0.0,0.0,0.0
08-04-2006,140.0,3231.0,135.75,1918.0,59.36,0.0,0.0,0.0
09-04-2006,140.0,3231.0,135.72,1911.0,59.15,0.0,0.0,0.0
10-04-2006,140.0,3231.0,135.69,1904.0,58.93,0.0,0.0,0.0
11-04-2006,140.0,3231.0,135.66,1896.0,58.68,0.0,0.0,0.0
12-04-2006,140.0,3231.0,135.63,1889.0,58.46,0.0,0.0,0.0
13-04-2006,140.0,3231.0,135.6,1882.0,58.25,0.0,0.0,0.0
14-04-2006,140.0,3231.0,135.57,1874.0,58.0,0.0,0.0,0.0
15-04-2006,140.0,3231.0,135.54,1867.0,57.78,0.0,0.0,0.0
16-04-2006,140.0,3231.0,135.51,1860.0,57.57,0.0,0.0,0.0
17-04-2006,140.0,3231.0,135.48,1853.0,57.35,0.0,0.0,0.0
18-04-2006,140.0,3231.0,135.45,1845.0,57.1,0.0,0.0,12.0
19-04-2006,140.0,3231.0,135.42,1838.0,56.89,0.0,0.0,0.0
20-04-2006,140.0,3231.0,135.39,1831.0,56.67,0.0,0.0,1.0
21-04-2006,140.0,3231.0,135.36,1824.0,56.45,0.0,0.0,0.0
22-04-2006,140.0,3231.0,135.33,1817.0,56.24,0.0,0.0,0.0
23-04-2006,140.0,3231.0,135.3,1810.0,56.02,0.0,0.0,0.0
24-04-2006,140.0,3231.0,135.27,1803.0,55.8,0.0,0.0,0.0
25-04-2006,140.0,3231.0,135.24,1795.0,55.56,0.0,0.0,0.0
26-04-2006,140.0,3231.0,135.21,1788.0,55.34,0.0,0.0,0.0
27-04-2006,140.0,3231.0,135.18,1781.0,55.12,0.0,0.0,0.0
28-04-2006,140.0,3231.0,135.14,1772.0,54.84,0.0,0.0,0.0
29-04-2006,140.0,3231.0,135.1,1763.0,54.57,0.0,0.0,0.0
30-04-2006,140.0,3231.0,135.06,1753.0,54.26,0.0,0.0,2.0
01-05-2006,140.0,3231.0,135.02,1744.0,53.98,0.0,0.0,0.0
02-05-2006,140.0,3231.0,134.98,1735.0,53.7,0.0,0.0,0.0
03-05-2006,140.0,3231.0,134.94,1726.0,53.42,0.0,0.0,0.0
04-05-2006,140.0,3231.0,134.9,1716.0,53.11,0.0,0.0,0.0
05-05-2006,140.0,3231.0,134.86,1707.0,52.83,0.0,0.0,0.0
06-05-2006,140.0,3231.0,134.82,1698.0,52.55,0.0,0.0,0.0
07-05-2006,140.0,3231.0,134.78,1689.0,52.27,0.0,0.0,0.0
08-05-2006,140.0,3231.0,134.74,1680.0,52.0,0.0,0.0,0.0
09-05-2006,140.0,3231.0,134.7,1671.0,51.72,0.0,0.0,0.0
10-05-2006,140.0,3231.0,134.66,1662.0,51.44,0.0,0.0,0.0
11-05-2006,140.0,3231.0,134.62,1653.0,51.16,0.0,0.0,0.0
12-05-2006,140.0,3231.0,134.58,1644.0,50.88,0.0,0.0,0.0
13-05-2006,140.0,3231.0,134.54,1635.0,50.6,0.0,0.0,0.0
14-05-2006,140.0,3231.0,134.5,1626.0,50.32,0.0,0.0,0.0
15-05-2006,140.0,3231.0,134.46,1617.0,50.05,0.0,0.0,0.0
16-05-2006,140.0,3231.0,134.42,1608.0,49.77,0.0,0.0,0.0
17-05-2006,140.0,3231.0,134.38,1600.0,49.52,0.0,0.0,0.0
18-05-2006,140.0,3231.0,134.34,1591.0,49.24,0.0,0.0,0.0
19-05-2006,140.0,3231.0,134.3,1582.0,48.96,0.0,0.0,0.0
20-05-2006,140.0,3231.0,134.25,1572.0,48.65,0.0,0.0,0.0
21-05-2006,140.0,3231.0,134.2,1561.0,48.31,0.0,0.0,0.0
22-05-2006,140.0,3231.0,134.15,1550.0,47.97,0.0,0.0,0.0
23-05-2006,140.0,3231.0,134.1,1539.0,47.63,0.0,0.0,0.0
24-05-2006,140.0,3231.0,134.05,1529.0,47.32,0.0,0.0,0.0
25-05-2006,140.0,3231.0,134.0,1518.0,46.98,0.0,0.0,8.0
26-05-2006,140.0,3231.0,133.95,1508.0,46.67,0.0,0.0,31.0
27-05-2006,140.0,3231.0,133.91,1500.0,46.43,0.0,0.0,0.0
28-05-2006,140.0,3231.0,133.8,1477.0,45.71,0.0,0.0,0.0
29-05-2006,140.0,3231.0,133.78,1473.0,45.59,162.0,214.0,17.0
30-05-2006,140.0,3231.0,133.65,1476.0,45.68,0.0,214.0,0.0
31-05-2006,140.0,3231.0,133.52,1420.0,43.95,0.0,214.0,0.0
01-06-2006,140.0,3231.0,133.39,1394.0,43.14,0.0,214.0,0.0
02-06-2006,140.0,3231.0,133.26,1369.0,42.37,0.0,214.0,0.0
03-06-2006,140.0,3231.0,133.13,1344.0,41.6,0.0,214.0,0.0
04-06-2006,140.0,3231.0,133.0,1319.0,40.82,0.0,214.0,10.0
05-06-2006,140.0,3231.0,132.87,1295.0,40.08,0.0,214.0,16.0
06-06-2006,140.0,3231.0,132.75,1273.0,39.4,0.0,214.0,8.0
07-06-2006,140.0,3231.0,132.62,1250.0,38.69,0.0,214.0,0.0
08-06-2006,140.0,3231.0,132.49,1227.0,37.98,0.0,214.0,0.0
09-06-2006,140.0,3231.0,132.35,1202.0,37.2,0.0,214.0,0.0
10-06-2006,140.0,3231.0,132.2,1177.0,36.43,0.0,214.0,0.0
11-06-2006,140.0,3231.0,132.06,1153.0,35.69,0.0,214.0,0.0
12-06-2006,140.0,3231.0,131.92,1130.0,34.97,0.0,214.0,0.0
13-06-2006,140.0,3231.0,131.78,1107.0,34.26,0.0,214.0,0.0
14-06-2006,140.0,3231.0,131.72,1088.0,33.67,0.0,214.0,24.0
15-06-2006,140.0,3231.0,131.57,1074.0,33.24,0.0,214.0,0.0
16-06-2006,140.0,3231.0,131.42,1051.0,32.53,0.0,214.0,0.0
17-06-2006,140.0,3231.0,131.27,1029.0,31.85,0.0,214.0,0.0
18-06-2006,140.0,3231.0,131.12,1007.0,31.17,0.0,214.0,0.0
19-06-2006,140.0,3231.0,130.97,985.0,30.49,0.0,214.0,0.0
20-06-2006,140.0,3231.0,130.84,966.0,29.9,0.0,214.0,10.0
21-06-2006,140.0,3231.0,130.69,944.0,29.22,0.0,214.0,0.0
22-06-2006,140.0,3231.0,130.54,922.0,28.54,0.0,214.0,0.0
23-06-2006,140.0,3231.0,130.4,902.0,27.92,0.0,214.0,8.0
24-06-2006,140.0,3231.0,130.26,882.0,27.3,0.0,214.0,3.0
25-06-2006,140.0,3231.0,130.1,860.0,26.62,0.0,214.0,0.0
26-06-2006,140.0,3231.0,129.95,839.0,25.97,0.0,214.0,0.0
27-06-2006,140.0,3231.0,129.81,819.0,25.35,0.0,214.0,11.0
28-06-2006,140.0,3231.0,129.67,800.0,24.76,0.0,214.0,12.0
29-06-2006,140.0,3231.0,129.64,796.0,24.64,0.0,0.0,0.0
30-06-2006,140.0,3231.0,129.63,794.0,24.57,0.0,0.0,0.0
01-07-2006,140.0,3231.0,129.62,793.0,24.54,0.0,0.0,0.0
02-07-2006,140.0,3231.0,129.61,792.0,24.51,0.0,0.0,0.0
03-07-2006,140.0,3231.0,129.6,790.0,24.45,0.0,0.0,0.0
04-07-2006,140.0,3231.0,129.59,789.0,24.42,0.0,0.0,0.0
05-07-2006,140.0,3231.0,129.58,788.0,24.39,0.0,0.0,0.0
06-07-2006,140.0,3231.0,129.57,786.0,24.33,0.0,0.0,0.0
07-07-2006,140.0,3231.0,129.56,785.0,24.3,0.0,0.0,0.0
08-07-2006,140.0,3231.0,129.55,783.0,24.23,0.0,0.0,0.0
09-07-2006,140.0,3231.0,129.54,782.0,24.2,0.0,0.0,0.0
10-07-2006,140.0,3231.0,129.53,781.0,24.17,0.0,0.0,0.0
11-07-2006,140.0,3231.0,129.52,779.0,24.11,0.0,0.0,0.0
12-07-2006,140.0,3231.0,129.51,778.0,24.08,0.0,0.0,0.0
13-07-2006,140.0,3231.0,129.54,782.0,24.2,46.0,0.0,31.0
14-07-2006,140.0,3231.0,129.54,782.0,24.2,0.0,0.0,0.0
15-07-2006,140.0,3231.0,129.53,781.0,24.17,0.0,0.0,0.0
16-07-2006,140.0,3231.0,129.52,779.0,24.11,0.0,0.0,0.0
17-07-2006,140.0,3231.0,129.51,778.0,24.08,0.0,0.0,0.0
18-07-2006,140.0,3231.0,129.5,776.0,24.02,0.0,0.0,0.0
19-07-2006,140.0,3231.0,129.48,774.0,23.96,0.0,0.0,0.0
20-07-2006,140.0,3231.0,129.39,761.0,23.55,0.0,200.0,9.0
21-07-2006,140.0,3231.0,129.25,742.0,22.97,0.0,200.0,1.0
22-07-2006,140.0,3231.0,129.1,722.0,22.35,0.0,200.0,0.0
23-07-2006,140.0,3231.0,128.96,703.0,21.76,0.0,200.0,0.0
24-07-2006,140.0,3231.0,128.81,683.0,21.14,0.0,200.0,0.0
25-07-2006,140.0,3231.0,128.66,664.0,20.55,0.0,200.0,0.0
26-07-2006,140.0,3231.0,128.52,645.0,19.96,0.0,200.0,3.0
27-07-2006,140.0,3231.0,128.37,626.0,19.37,0.0,200.0,0.0
28-07-2006,140.0,3231.0,128.23,607.0,18.79,0.0,200.0,21.0
29-07-2006,140.0,3231.0,128.08,588.0,18.2,0.0,200.0,5.0
30-07-2006,140.0,3231.0,127.93,567.0,17.55,0.0,200.0,0.0
31-07-2006,140.0,3231.0,127.78,550.0,17.02,0.0,200.0,0.0
01-08-2006,140.0,3231.0,127.63,531.0,16.43,0.0,200.0,0.0
02-08-2006,140.0,3231.0,127.47,512.0,15.85,0.0,200.0,0.0
03-08-2006,140.0,3231.0,127.31,493.0,15.26,0.0,200.0,0.0
04-08-2006,140.0,3231.0,127.15,474.0,14.67,0.0,200.0,1.0
05-08-2006,140.0,3231.0,126.99,455.0,14.08,0.0,200.0,0.0
06-08-2006,140.0,3231.0,126.82,436.0,13.49,0.0,200.0,0.0
07-08-2006,140.0,3231.0,126.65,417.0,12.91,0.0,200.0,0.0
08-08-2006,140.0,3231.0,126.49,399.0,12.35,0.0,200.0,12.0
09-08-2006,140.0,3231.0,126.32,381.0,11.79,0.0,200.0,2.0
10-08-2006,140.0,3231.0,126.15,363.0,11.23,0.0,200.0,7.0
11-08-2006,140.0,3231.0,125.98,345.0,10.68,0.0,200.0,8.0
12-08-2006,140.0,3231.0,125.83,330.0,10.21,0.0,180.0,11.0
13-08-2006,140.0,3231.0,125.7,317.0,9.81,0.0,150.0,1.0
14-08-2006,140.0,3231.0,125.75,322.0,9.97,208.0,150.0,20.0
15-08-2006,140.0,3231.0,125.26,309.0,9.56,0.0,150.0,9.0
16-08-2006,140.0,3231.0,125.65,312.0,9.66,215.0,180.0,21.0
17-08-2006,140.0,3231.0,125.49,297.0,9.19,0.0,180.0,0.0
18-08-2006,140.0,3231.0,125.33,282.0,8.73,0.0,180.0,0.0
19-08-2006,140.0,3231.0,125.17,267.0,8.26,0.0,180.0,0.0
20-08-2006,140.0,3231.0,125.29,278.0,8.6,250.0,0.0,0.0
21-08-2006,140.0,3231.0,125.5,298.0,9.22,227.0,0.0,0.0
22-08-2006,140.0,3231.0,125.7,317.0,9.81,179.0,0.0,0.0
23-08-2006,140.0,3231.0,125.86,333.0,10.31,185.0,0.0,0.0
24-08-2006,140.0,3231.0,126.1,357.0,11.05,277.0,0.0,0.0
25-08-2006,140.0,3231.0,126.36,385.0,11.92,325.0,0.0,0.0
26-08-2006,140.0,3231.0,126.65,417.0,12.91,389.0,0.0,0.0
27-08-2006,140.0,3231.0,126.95,451.0,13.96,435.0,0.0,0.0
28-08-2006,140.0,3231.0,127.3,491.0,15.2,473.0,0.0,0.0
29-08-2006,140.0,3231.0,127.6,527.0,16.31,420.0,0.0,0.0
30-08-2006,140.0,3231.0,127.87,561.0,17.36,411.0,0.0,0.0
31-08-2006,140.0,3231.0,128.15,597.0,18.48,440.0,0.0,0.0
01-09-2006,140.0,3231.0,128.42,632.0,19.56,435.0,0.0,0.0
02-09-2006,140.0,3231.0,128.67,665.0,20.58,402.0,0.0,0.0
03-09-2006,140.0,3231.0,128.96,703.0,21.76,437.0,0.0,17.0
04-09-2006,140.0,3231.0,129.29,748.0,23.15,526.0,0.0,19.0
05-09-2006,140.0,3231.0,129.63,794.0,24.57,561.0,0.0,0.0
06-09-2006,140.0,3231.0,129.96,840.0,26.0,584.0,0.0,0.0
07-09-2006,140.0,3231.0,130.29,887.0,27.45,590.0,0.0,0.0
08-09-2006,140.0,3231.0,130.61,932.0,28.85,569.0,0.0,0.0
09-09-2006,140.0,3231.0,130.9,974.0,30.15,561.0,0.0,0.0
10-09-2006,140.0,3231.0,131.2,1018.0,31.51,580.0,0.0,0.0
11-09-2006,140.0,3231.0,131.48,1060.0,32.81,545.0,0.0,0.0
12-09-2006,140.0,3231.0,131.75,1103.0,34.14,564.0,0.0,0.0
13-09-2006,140.0,3231.0,132.0,1143.0,35.38,556.0,0.0,4.0
14-09-2006,140.0,3231.0,132.25,1185.0,36.68,576.0,0.0,0.0
15-09-2006,140.0,3231.0,132.5,1229.0,38.04,582.0,0.0,0.0
16-09-2006,140.0,3231.0,132.75,1273.0,39.4,576.0,0.0,0.0
17-09-2006,140.0,3231.0,133.01,1321.0,40.89,568.0,0.0,0.0
18-09-2006,140.0,3231.0,133.23,1363.0,42.19,539.0,0.0,0.0
19-09-2006,140.0,3231.0,133.39,1394.0,43.14,430.0,0.0,0.0
20-09-2006,140.0,3231.0,133.52,1420.0,43.95,353.0,0.0,0.0
21-09-2006,140.0,3231.0,133.62,1440.0,44.57,300.0,0.0,22.0
22-09-2006,140.0,3231.0,133.75,1467.0,45.4,375.0,0.0,27.0
23-09-2006,140.0,3231.0,133.87,1491.0,46.15,341.0,0.0,0.0
24-09-2006,140.0,3231.0,133.99,1516.0,46.92,360.0,0.0,0.0
25-09-2006,140.0,3231.0,134.2,1561.0,48.31,574.0,0.0,46.0
26-09-2006,140.0,3231.0,134.4,1604.0,49.64,498.0,0.0,16.0
27-09-2006,140.0,3231.0,134.55,1637.0,50.67,382.0,0.0,0.0
28-09-2006,140.0,3231.0,134.66,1662.0,51.44,333.0,0.0,0.0
29-09-2006,140.0,3231.0,134.77,1687.0,52.21,357.0,0.0,0.0
30-09-2006,140.0,3231.0,134.89,1714.0,53.05,373.0,58.0,0.0
01-10-2006,140.0,3231.0,134.94,1725.0,53.39,361.0,200.0,0.0
02-10-2006,140.0,3231.0,134.9,1716.0,53.11,310.0,400.0,2.0
03-10-2006,140.0,3231.0,134.83,1700.0,52.62,288.0,400.0,3.0
04-10-2006,140.0,3231.0,134.76,1684.0,52.12,281.0,400.0,0.0
05-10-2006,140.0,3231.0,135.0,1739.0,53.82,1042.0,400.0,32.0
06-10-2006,140.0,3231.0,135.17,1779.0,55.06,863.0,400.0,6.0
07-10-2006,140.0,3231.0,135.16,1777.0,55.0,391.0,400.0,6.0
08-10-2006,140.0,3231.0,135.18,1781.0,55.12,434.0,400.0,6.0
09-10-2006,140.0,3231.0,135.27,1802.0,55.77,449.0,0.0,0.0
10-10-2006,140.0,3231.0,135.33,1817.0,56.24,427.0,400.0,0.0
11-10-2006,140.0,3231.0,135.38,1829.0,56.61,734.0,400.0,30.0
12-10-2006,140.0,3231.0,135.38,1829.0,56.61,415.0,400.0,8.0
13-10-2006,140.0,3231.0,135.38,1829.0,56.61,438.0,400.0,0.0
14-10-2006,140.0,3231.0,135.4,1833.0,56.73,472.0,400.0,0.0
15-10-2006,140.0,3231.0,135.37,1826.0,56.52,398.0,400.0,0.0
16-10-2006,140.0,3231.0,135.33,1817.0,56.24,361.0,400.0,0.0
17-10-2006,140.0,3231.0,135.31,1812.0,56.08,406.0,400.0,0.0
18-10-2006,140.0,3231.0,135.27,1803.0,55.8,358.0,400.0,0.0
19-10-2006,140.0,3231.0,135.26,1795.0,55.56,347.0,400.0,0.0
20-10-2006,140.0,3231.0,135.21,1788.0,55.34,365.0,400.0,2.0
21-10-2006,140.0,3231.0,135.19,1784.0,55.22,387.0,400.0,1.0
22-10-2006,140.0,3231.0,135.17,1779.0,55.06,362.0,400.0,0.0
23-10-2006,140.0,3231.0,135.14,1772.0,54.84,350.0,400.0,0.0
24-10-2006,140.0,3231.0,135.2,1786.0,55.28,562.0,400.0,15.0
25-10-2006,140.0,3231.0,135.2,1786.0,55.28,400.0,400.0,13.0
26-10-2006,140.0,3231.0,135.52,1862.0,57.63,1080.0,0.0,76.0
27-10-2006,140.0,3231.0,135.78,1926.0,59.61,741.0,0.0,16.0
28-10-2006,140.0,3231.0,136.18,2026.0,62.71,1157.0,0.0,28.0
29-10-2006,140.0,3231.0,136.5,2108.0,65.24,949.0,0.0,24.0
30-10-2006,140.0,3231.0,136.82,2193.0,67.87,984.0,0.0,30.0
31-10-2006,140.0,3231.0,137.0,2241.0,69.36,556.0,0.0,0.0
01-11-2006,140.0,3231.0,137.09,2265.0,70.1,278.0,90.0,3.0
02-11-2006,140.0,3231.0,137.18,2290.0,70.88,379.0,90.0,4.0
03-11-2006,140.0,3231.0,137.21,2298.0,71.12,183.0,90.0,0.0
04-11-2006,140.0,3231.0,137.21,2298.0,71.12,90.0,90.0,1.0
05-11-2006,140.0,3231.0,137.21,2298.0,71.12,90.0,90.0,0.0
06-11-2006,140.0,3231.0,137.21,2298.0,71.12,90.0,90.0,6.0
07-11-2006,140.0,3231.0,137.15,2282.0,70.63,0.0,0.0,0.0
08-11-2006,140.0,3231.0,137.15,2282.0,70.63,90.0,90.0,4.0
09-11-2006,140.0,3231.0,137.2,2295.0,71.03,240.0,90.0,6.0
10-11-2006,140.0,3231.0,137.2,2295.0,71.03,90.0,90.0,1.0
11-11-2006,140.0,3231.0,137.22,2301.0,71.22,159.0,90.0,4.0
12-11-2006,140.0,3231.0,137.21,2298.0,71.12,55.0,90.0,0.0
13-11-2006,140.0,3231.0,137.21,2298.0,71.12,90.0,90.0,11.0
14-11-2006,140.0,3231.0,137.21,2298.0,71.12,90.0,90.0,6.0
15-11-2006,140.0,3231.0,137.2,2295.0,71.03,55.0,90.0,0.0
16-11-2006,140.0,3231.0,137.2,2295.0,71.03,90.0,90.0,9.0
17-11-2006,140.0,3231.0,137.18,2290.0,70.88,32.0,90.0,2.0
18-11-2006,140.0,3231.0,137.19,2293.0,70.97,95.0,60.0,8.0
19-11-2006,140.0,3231.0,137.27,2315.0,71.65,315.0,60.0,14.0
20-11-2006,140.0,3231.0,137.32,2329.0,72.08,162.0,0.0,9.0
21-11-2006,140.0,3231.0,137.35,2337.0,72.33,93.0,0.0,0.0
22-11-2006,140.0,3231.0,137.42,2356.0,72.92,220.0,0.0,0.0
23-11-2006,140.0,3231.0,137.44,2362.0,73.1,69.0,0.0,0.0
24-11-2006,140.0,3231.0,137.46,2367.0,73.26,58.0,0.0,0.0
25-11-2006,140.0,3231.0,137.47,2370.0,73.35,35.0,0.0,0.0
26-11-2006,140.0,3231.0,137.46,2367.0,73.26,0.0,0.0,0.0
27-11-2006,140.0,3231.0,137.45,2365.0,73.2,0.0,0.0,0.0
28-11-2006,140.0,3231.0,137.45,2365.0,73.2,0.0,0.0,0.0
29-11-2006,140.0,3231.0,137.44,2362.0,73.1,0.0,0.0,0.0
30-11-2006,140.0,3231.0,137.42,2356.0,72.92,0.0,0.0,0.0
01-12-2006,140.0,3231.0,137.41,2354.0,72.86,0.0,0.0,0.0
02-12-2006,140.0,3231.0,137.4,2351.0,72.76,0.0,0.0,0.0
03-12-2006,140.0,3231.0,137.4,2351.0,72.76,0.0,0.0,0.0
04-12-2006,140.0,3231.0,137.39,2348.0,72.67,0.0,0.0,0.0
05-12-2006,140.0,3231.0,137.37,2342.0,72.49,0.0,0.0,0.0
06-12-2006,140.0,3231.0,137.34,2334.0,72.24,0.0,0.0,0.0
07-12-2006,140.0,3231.0,137.31,2326.0,71.99,0.0,0.0,0.0
08-12-2006,140.0,3231.0,137.29,2320.0,71.8,0.0,0.0,0.0
09-12-2006,140.0,3231.0,137.27,2315.0,71.65,0.0,0.0,0.0
10-12-2006,140.0,3231.0,137.25,2309.0,71.46,0.0,0.0,0.0
11-12-2006,140.0,3231.0,137.44,2362.0,73.1,613.0,0.0,16.0
12-12-2006,140.0,3231.0,137.78,2458.0,76.08,1111.0,0.0,69.0
13-12-2006,140.0,3231.0,138.01,2524.0,78.12,764.0,0.0,0.0
14-12-2006,140.0,3231.0,138.09,2547.0,78.83,266.0,0.0,0.0
15-12-2006,140.0,3231.0,138.15,2565.0,79.39,208.0,0.0,0.0
16-12-2006,140.0,3231.0,138.21,2583.0,79.94,217.0,0.0,0.0
17-12-2006,140.0,3231.0,138.27,2600.0,80.47,254.0,0.0,0.0
18-12-2006,140.0,3231.0,138.38,2633.0,81.49,355.0,0.0,0.0
19-12-2006,140.0,3231.0,138.5,2669.0,82.61,475.0,0.0,0.0
20-12-2006,140.0,3231.0,138.61,2703.0,83.66,568.0,0.0,0.0
21-12-2006,140.0,3231.0,138.74,2742.0,84.87,579.0,0.0,2.0
22-12-2006,140.0,3231.0,138.87,2782.0,86.1,592.0,0.0,3.0
23-12-2006,140.0,3231.0,139.0,2823.0,87.37,587.0,262.0,0.0
24-12-2006,140.0,3231.0,139.03,2832.0,87.65,583.0,400.0,0.0
25-12-2006,140.0,3231.0,139.07,2845.0,88.05,628.0,450.0,0.0
26-12-2006,140.0,3231.0,139.12,2861.0,88.55,698.0,500.0,0.0
27-12-2006,140.0,3231.0,139.14,2867.0,88.73,705.0,500.0,0.0
28-12-2006,140.0,3231.0,139.19,2883.0,89.23,693.0,500.0,0.0
29-12-2006,140.0,3231.0,139.23,2896.0,89.63,698.0,500.0,0.0
30-12-2006,140.0,3231.0,139.26,2905.0,89.91,707.0,500.0,0.0
31-12-2006,140.0,3231.0,139.3,2918.0,90.31,702.0,500.0,0.0
01-01-2007,140.0,3231.0,139.33,2928.0,90.62,698.0,500.0,0.0
02-01-2007,140.0,3231.0,139.37,2940.0,90.99,710.0,500.0,0.0
03-01-2007,140.0,3231.0,139.4,2950.0,91.3,724.0,500.0,0.0
04-01-2007,140.0,3231.0,139.44,2963.0,91.71,724.0,500.0,0.0
05-01-2007,140.0,3231.0,139.47,2973.0,92.01,707.0,500.0,0.0
06-01-2007,140.0,3231.0,139.51,2986.0,92.42,677.0,500.0,0.0
07-01-2007,140.0,3231.0,139.5,2983.0,92.32,685.0,650.0,0.0
08-01-2007,140.0,3231.0,139.47,2973.0,92.01,618.0,650.0,0.0
09-01-2007,140.0,3231.0,139.45,2966.0,91.8,648.0,700.0,0.0
10-01-2007,140.0,3231.0,139.42,2958.0,91.55,618.0,790.0,0.0
11-01-2007,140.0,3231.0,139.37,2940.0,90.99,548.0,590.0,0.0
12-01-2007,140.0,3231.0,139.3,2918.0,90.31,452.0,590.0,0.0
13-01-2007,140.0,3231.0,139.24,2899.0,89.72,446.0,590.0,0.0
14-01-2007,140.0,3231.0,139.21,2889.0,89.42,480.0,590.0,0.0
15-01-2007,140.0,3231.0,139.17,2877.0,89.04,474.0,590.0,0.0
16-01-2007,140.0,3231.0,139.12,2861.0,88.55,440.0,590.0,0.0
17-01-2007,140.0,3231.0,139.09,2851.0,88.24,449.0,590.0,0.0
18-01-2007,140.0,3231.0,139.02,2829.0,87.56,445.0,590.0,0.0
19-01-2007,140.0,3231.0,138.98,2817.0,87.19,455.0,590.0,0.0
20-01-2007,140.0,3231.0,138.96,2810.0,86.97,459.0,590.0,0.0
21-01-2007,140.0,3231.0,138.91,2795.0,86.51,455.0,590.0,0.0
22-01-2007,140.0,3231.0,138.84,2773.0,85.82,335.0,590.0,0.0
23-01-2007,140.0,3231.0,138.8,2761.0,85.45,451.0,590.0,0.0
24-01-2007,140.0,3231.0,138.73,2739.0,84.77,335.0,590.0,0.0
25-01-2007,140.0,3231.0,138.62,2706.0,83.75,208.0,590.0,0.0
26-01-2007,140.0,3231.0,138.5,2669.0,82.61,162.0,590.0,0.0
27-01-2007,140.0,3231.0,138.4,2639.0,81.68,243.0,290.0,0.0
28-01-2007,140.0,3231.0,138.33,2618.0,81.03,47.0,290.0,0.0
29-01-2007,140.0,3231.0,138.26,2598.0,80.41,104.0,290.0,0.0
30-01-2007,140.0,3231.0,138.22,2586.0,80.04,192.0,290.0,0.0
31-01-2007,140.0,3231.0,138.19,2577.0,79.76,208.0,290.0,0.0
01-02-2007,140.0,3231.0,138.15,2565.0,79.39,201.0,290.0,0.0
02-02-2007,140.0,3231.0,138.11,2553.0,79.02,149.0,240.0,0.0
03-02-2007,140.0,3231.0,138.08,2545.0,78.77,195.0,240.0,0.0
04-02-2007,140.0,3231.0,138.01,2524.0,78.12,143.0,240.0,0.0
05-02-2007,140.0,3231.0,137.97,2513.0,77.78,113.0,240.0,0.0
06-02-2007,140.0,3231.0,137.9,2492.0,77.13,54.0,240.0,0.0
07-02-2007,140.0,3231.0,137.82,2469.0,76.42,16.0,240.0,0.0
08-02-2007,140.0,3231.0,137.76,2452.0,75.89,10.0,150.0,0.0
09-02-2007,140.0,3231.0,137.69,2432.0,75.27,0.0,150.0,0.0
10-02-2007,140.0,3231.0,137.61,2410.0,74.59,0.0,150.0,0.0
11-02-2007,140.0,3231.0,137.55,2393.0,74.06,0.0,150.0,0.0
12-02-2007,140.0,3231.0,137.49,2376.0,73.54,0.0,150.0,0.0
13-02-2007,140.0,3231.0,137.43,2359.0,73.01,0.0,150.0,0.0
14-02-2007,140.0,3231.0,137.38,2345.0,72.58,0.0,150.0,3.0
15-02-2007,140.0,3231.0,137.33,2331.0,72.14,0.0,150.0,0.0
16-02-2007,140.0,3231.0,137.28,2317.0,71.71,0.0,150.0,0.0
17-02-2007,140.0,3231.0,137.25,2309.0,71.46,0.0,150.0,0.0
18-02-2007,140.0,3231.0,137.24,2306.0,71.37,0.0,150.0,0.0
19-02-2007,140.0,3231.0,137.22,2301.0,71.22,0.0,0.0,2.0
20-02-2007,140.0,3231.0,137.21,2298.0,71.12,0.0,0.0,0.0
21-02-2007,140.0,3231.0,137.2,2295.0,71.03,0.0,0.0,0.0
22-02-2007,140.0,3231.0,137.19,2293.0,70.97,0.0,0.0,0.0
23-02-2007,140.0,3231.0,137.17,2287.0,70.78,0.0,0.0,0.0
24-02-2007,140.0,3231.0,137.15,2282.0,70.63,0.0,0.0,0.0
25-02-2007,140.0,3231.0,137.13,2276.0,70.44,0.0,0.0,0.0
26-02-2007,140.0,3231.0,137.11,2271.0,70.29,0.0,0.0,0.0
27-02-2007,140.0,3231.0,137.08,2263.0,70.04,0.0,0.0,0.0
28-02-2007,140.0,3231.0,137.05,2255.0,69.79,0.0,0.0,0.0
01-03-2007,140.0,3231.0,137.02,2246.0,69.51,0.0,0.0,0.0
02-03-2007,140.0,3231.0,136.99,2238.0,69.27,0.0,0.0,0.0
03-03-2007,140.0,3231.0,136.97,2233.0,69.11,0.0,0.0,0.0
04-03-2007,140.0,3231.0,136.94,2225.0,68.86,0.0,0.0,0.0
05-03-2007,140.0,3231.0,136.91,2217.0,68.62,0.0,0.0,0.0
06-03-2007,140.0,3231.0,136.89,2211.0,68.43,0.0,0.0,0.0
07-03-2007,140.0,3231.0,136.87,2206.0,68.28,0.0,0.0,0.0
08-03-2007,140.0,3231.0,136.85,2201.0,68.12,0.0,0.0,0.0
09-03-2007,140.0,3231.0,136.82,2193.0,67.87,0.0,0.0,0.0
10-03-2007,140.0,3231.0,136.79,2185.0,67.63,0.0,0.0,0.0
11-03-2007,140.0,3231.0,136.76,2177.0,67.38,0.0,0.0,0.0
12-03-2007,140.0,3231.0,136.74,2171.0,67.19,0.0,0.0,0.0
13-03-2007,140.0,3231.0,136.71,2163.0,66.95,0.0,0.0,0.0
14-03-2007,140.0,3231.0,136.69,2158.0,66.79,0.0,0.0,0.0
15-03-2007,140.0,3231.0,136.67,2153.0,66.64,0.0,0.0,0.0
16-03-2007,140.0,3231.0,136.64,2145.0,66.39,0.0,0.0,0.0
17-03-2007,140.0,3231.0,136.61,2137.0,66.14,0.0,0.0,0.0
18-03-2007,140.0,3231.0,136.58,2129.0,65.89,0.0,0.0,0.0
19-03-2007,140.0,3231.0,136.55,2121.0,65.65,0.0,0.0,0.0
20-03-2007,140.0,3231.0,136.53,2116.0,65.49,0.0,0.0,0.0
21-03-2007,140.0,3231.0,136.51,2111.0,65.34,0.0,0.0,0.0
22-03-2007,140.0,3231.0,136.49,2106.0,65.18,0.0,0.0,0.0
23-03-2007,140.0,3231.0,136.47,2100.0,65.0,0.0,0.0,0.0
24-03-2007,140.0,3231.0,136.45,2095.0,64.84,0.0,0.0,0.0
25-03-2007,140.0,3231.0,136.43,2090.0,64.69,0.0,0.0,0.0
26-03-2007,140.0,3231.0,136.4,2082.0,64.44,0.0,0.0,0.0
27-03-2007,140.0,3231.0,136.37,2074.0,64.19,0.0,0.0,0.0
28-03-2007,140.0,3231.0,136.34,2067.0,63.97,0.0,0.0,0.0
29-03-2007,140.0,3231.0,136.31,2059.0,63.73,0.0,0.0,0.0
30-03-2007,140.0,3231.0,136.28,2051.0,63.48,0.0,0.0,0.0
31-03-2007,140.0,3231.0,136.25,2044.0,63.26,0.0,0.0,0.0
01-04-2007,140.0,3231.0,136.22,2036.0,63.01,0.0,0.0,0.0
02-04-2007,140.0,3231.0,136.19,2028.0,62.77,0.0,0.0,0.0
03-04-2007,140.0,3231.0,136.16,2021.0,62.55,0.0,0.0,0.0
04-04-2007,140.0,3231.0,136.13,2013.0,62.3,0.0,0.0,0.0
05-04-2007,140.0,3231.0,136.1,2006.0,62.09,0.0,0.0,0.0
06-04-2007,140.0,3231.0,136.07,1998.0,61.84,0.0,0.0,0.0
07-04-2007,140.0,3231.0,136.04,1990.0,61.59,0.0,0.0,0.0
08-04-2007,140.0,3231.0,136.01,1983.0,61.37,0.0,0.0,0.0
09-04-2007,140.0,3231.0,135.98,1975.0,61.13,0.0,0.0,0.0
10-04-2007,140.0,3231.0,135.95,1968.0,60.91,0.0,0.0,0.0
11-04-2007,140.0,3231.0,135.92,1960.0,60.66,0.0,0.0,0.0
12-04-2007,140.0,3231.0,135.89,1953.0,60.45,0.0,0.0,0.0
13-04-2007,140.0,3231.0,135.86,1945.0,60.2,0.0,0.0,0.0
14-04-2007,140.0,3231.0,135.83,1938.0,59.98,0.0,0.0,0.0
15-04-2007,140.0,3231.0,135.8,1931.0,59.76,0.0,0.0,0.0
16-04-2007,140.0,3231.0,135.78,1926.0,59.61,0.0,0.0,0.0
17-04-2007,140.0,3231.0,135.76,1921.0,59.46,0.0,0.0,0.0
18-04-2007,140.0,3231.0,135.74,1916.0,59.3,0.0,0.0,0.0
19-04-2007,140.0,3231.0,135.72,1911.0,59.15,0.0,0.0,0.0
20-04-2007,140.0,3231.0,135.77,1923.0,59.52,129.0,0.0,23.0
21-04-2007,140.0,3231.0,135.76,1921.0,59.46,0.0,0.0,0.0
22-04-2007,140.0,3231.0,135.8,1931.0,59.76,116.0,0.0,14.0
23-04-2007,140.0,3231.0,135.78,1926.0,59.61,0.0,0.0,0.0
24-04-2007,140.0,3231.0,135.75,1918.0,59.36,0.0,0.0,0.0
25-04-2007,140.0,3231.0,135.72,1911.0,59.15,0.0,0.0,0.0
26-04-2007,140.0,3231.0,135.69,1904.0,58.93,0.0,0.0,0.0
27-04-2007,140.0,3231.0,135.66,1896.0,58.68,0.0,0.0,0.0
28-04-2007,140.0,3231.0,135.63,1889.0,58.46,0.0,0.0,0.0
29-04-2007,140.0,3231.0,135.6,1882.0,58.25,0.0,0.0,0.0
30-04-2007,140.0,3231.0,135.57,1874.0,58.0,0.0,0.0,0.0
01-05-2007,140.0,3231.0,135.54,1867.0,57.78,0.0,0.0,0.0
02-05-2007,140.0,3231.0,135.51,1860.0,57.57,0.0,0.0,0.0
03-05-2007,140.0,3231.0,135.48,1853.0,57.35,0.0,0.0,0.0
04-05-2007,140.0,3231.0,135.5,1857.0,57.47,46.0,0.0,32.0
05-05-2007,140.0,3231.0,135.48,1853.0,57.35,0.0,0.0,0.0
06-05-2007,140.0,3231.0,135.45,1845.0,57.1,0.0,0.0,0.0
07-05-2007,140.0,3231.0,135.42,1838.0,56.89,0.0,0.0,0.0
08-05-2007,140.0,3231.0,135.39,1831.0,56.67,0.0,0.0,0.0
09-05-2007,140.0,3231.0,135.37,1826.0,56.52,0.0,0.0,1.0
10-05-2007,140.0,3231.0,135.34,1819.0,56.3,0.0,0.0,0.0
11-05-2007,140.0,3231.0,135.31,1812.0,56.08,0.0,0.0,0.0
12-05-2007,140.0,3231.0,135.28,1805.0,55.87,0.0,0.0,0.0
13-05-2007,140.0,3231.0,135.29,1807.0,55.93,23.0,0.0,9.0
14-05-2007,140.0,3231.0,135.26,1800.0,55.71,0.0,0.0,0.0
15-05-2007,140.0,3231.0,135.16,1777.0,55.0,0.0,300.0,0.0
16-05-2007,140.0,3231.0,135.03,1746.0,54.04,0.0,300.0,0.0
17-05-2007,140.0,3231.0,134.9,1716.0,53.11,0.0,300.0,0.0
18-05-2007,140.0,3231.0,134.77,1687.0,52.21,0.0,300.0,0.0
19-05-2007,140.0,3231.0,134.69,1669.0,51.66,92.0,300.0,9.0
20-05-2007,140.0,3231.0,134.57,1642.0,50.82,0.0,300.0,0.0
21-05-2007,140.0,3231.0,134.45,1615.0,49.98,0.0,300.0,0.0
22-05-2007,140.0,3231.0,134.32,1587.0,49.12,0.0,300.0,0.0
23-05-2007,140.0,3231.0,134.19,1559.0,48.25,0.0,300.0,0.0
24-05-2007,140.0,3231.0,134.06,1531.0,47.38,0.0,300.0,0.0
25-05-2007,140.0,3231.0,133.93,1504.0,46.55,0.0,300.0,0.0
26-05-2007,140.0,3231.0,133.8,1477.0,45.71,0.0,300.0,0.0
27-05-2007,140.0,3231.0,133.67,1450.0,44.88,0.0,300.0,0.0
28-05-2007,140.0,3231.0,133.5,1416.0,43.83,0.0,400.0,0.0
29-05-2007,140.0,3231.0,133.31,1379.0,42.68,0.0,400.0,0.0
30-05-2007,140.0,3231.0,133.12,1342.0,41.54,0.0,400.0,0.0
31-05-2007,140.0,3231.0,132.93,1306.0,40.42,0.0,400.0,0.0
01-06-2007,140.0,3231.0,132.73,1270.0,39.31,0.0,400.0,0.0
02-06-2007,140.0,3231.0,132.53,1234.0,38.19,0.0,400.0,0.0
03-06-2007,140.0,3231.0,132.32,1197.0,37.05,0.0,400.0,0.0
04-06-2007,140.0,3231.0,132.11,1161.0,35.93,0.0,400.0,0.0
05-06-2007,140.0,3231.0,131.89,1125.0,34.82,0.0,400.0,0.0
06-06-2007,140.0,3231.0,131.66,1088.0,33.67,0.0,400.0,0.0
07-06-2007,140.0,3231.0,131.43,1053.0,32.59,0.0,400.0,0.0
08-06-2007,140.0,3231.0,131.19,1017.0,31.48,0.0,400.0,0.0
09-06-2007,140.0,3231.0,130.95,982.0,30.39,0.0,400.0,0.0
10-06-2007,140.0,3231.0,130.71,947.0,29.31,0.0,400.0,0.0
11-06-2007,140.0,3231.0,130.51,918.0,28.41,64.0,400.0,15.0
12-06-2007,140.0,3231.0,130.26,882.0,27.3,0.0,400.0,1.0
13-06-2007,140.0,3231.0,130.0,846.0,26.18,0.0,400.0,0.0
14-06-2007,140.0,3231.0,129.75,811.0,25.1,0.0,400.0,0.0
15-06-2007,140.0,3231.0,129.49,775.0,23.99,0.0,400.0,2.0
16-06-2007,140.0,3231.0,129.23,740.0,22.9,0.0,400.0,1.0
17-06-2007,140.0,3231.0,128.97,705.0,21.82,0.0,400.0,0.0
18-06-2007,140.0,3231.0,128.7,669.0,20.71,0.0,400.0,1.0
19-06-2007,140.0,3231.0,128.46,637.0,19.72,30.0,400.0,9.0
20-06-2007,140.0,3231.0,128.19,602.0,18.63,0.0,400.0,4.0
21-06-2007,140.0,3231.0,127.92,568.0,17.58,0.0,400.0,2.0
22-06-2007,140.0,3231.0,127.71,541.0,16.74,88.0,400.0,19.0
23-06-2007,140.0,3231.0,127.42,506.0,15.66,0.0,400.0,1.0
24-06-2007,140.0,3231.0,127.13,471.0,14.58,0.0,400.0,0.0
25-06-2007,140.0,3231.0,126.82,436.0,13.49,0.0,400.0,1.0
26-06-2007,140.0,3231.0,126.51,401.0,12.41,0.0,400.0,1.0
27-06-2007,140.0,3231.0,126.22,370.0,11.45,0.0,350.0,0.0
28-06-2007,140.0,3231.0,126.0,347.0,10.74,84.0,300.0,2.0
29-06-2007,140.0,3231.0,125.89,336.0,10.4,173.0,300.0,3.0
30-06-2007,140.0,3231.0,125.75,322.0,9.97,137.0,300.0,3.0
01-07-2007,140.0,3231.0,125.52,305.0,9.44,103.0,300.0,0.0
02-07-2007,140.0,3231.0,125.37,285.0,8.82,69.0,300.0,0.0
03-07-2007,140.0,3231.0,125.32,281.0,8.7,154.0,200.0,0.0
04-07-2007,140.0,3231.0,125.24,273.0,8.45,57.0,150.0,0.0
05-07-2007,140.0,3231.0,125.14,264.0,8.17,0.0,115.0,0.0
06-07-2007,140.0,3231.0,125.3,279.0,8.64,271.0,100.0,11.0
07-07-2007,140.0,3231.0,125.24,273.0,8.45,47.0,69.0,0.0
08-07-2007,140.0,3231.0,125.17,267.0,8.26,0.0,69.0,0.0
09-07-2007,140.0,3231.0,125.11,261.0,8.08,0.0,69.0,0.0
10-07-2007,140.0,3231.0,125.01,252.0,7.8,0.0,104.0,1.0
11-07-2007,140.0,3231.0,124.91,243.0,7.52,0.0,104.0,1.0
12-07-2007,140.0,3231.0,125.0,251.0,7.77,97.0,104.0,22.0
13-07-2007,140.0,3231.0,125.05,256.0,7.92,162.0,104.0,12.0
14-07-2007,140.0,3231.0,125.0,251.0,7.77,46.0,104.0,0.0
15-07-2007,140.0,3231.0,124.89,242.0,7.49,0.0,104.0,0.0
16-07-2007,140.0,3231.0,124.84,237.0,7.34,46.0,104.0,12.0
17-07-2007,140.0,3231.0,124.76,230.0,7.12,0.0,81.0,2.0
18-07-2007,140.0,3231.0,124.69,224.0,6.93,0.0,69.0,6.0
19-07-2007,140.0,3231.0,124.62,218.0,6.75,0.0,69.0,9.0
20-07-2007,140.0,3231.0,124.55,212.0,6.56,0.0,69.0,0.0
21-07-2007,140.0,3231.0,124.47,206.0,6.38,0.0,69.0,0.0
22-07-2007,140.0,3231.0,124.4,200.0,6.19,0.0,69.0,2.0
23-07-2007,140.0,3231.0,124.32,194.0,6.0,0.0,69.0,0.0
24-07-2007,140.0,3231.0,124.28,191.0,5.91,0.0,50.0,0.0
25-07-2007,140.0,3231.0,124.21,186.0,5.76,0.0,50.0,0.0
26-07-2007,140.0,3231.0,124.15,181.0,5.6,0.0,45.0,0.0
27-07-2007,140.0,3231.0,124.08,176.0,5.45,0.0,45.0,0.0
28-07-2007,140.0,3231.0,124.08,176.0,5.45,45.0,45.0,48.0
29-07-2007,140.0,3231.0,124.1,177.0,5.48,57.0,45.0,27.0
30-07-2007,140.0,3231.0,124.15,181.0,5.6,91.0,45.0,49.0
31-07-2007,140.0,3231.0,124.2,185.0,5.73,91.0,45.0,1.0
01-08-2007,140.0,3231.0,124.4,200.0,6.19,218.0,70.0,25.0
02-08-2007,140.0,3231.0,124.5,208.0,6.44,163.0,70.0,9.0
03-08-2007,140.0,3231.0,124.6,217.0,6.72,174.0,70.0,2.0
04-08-2007,140.0,3231.0,124.6,217.0,6.72,70.0,70.0,0.0
05-08-2007,140.0,3231.0,124.53,211.0,6.53,0.0,70.0,0.0
06-08-2007,140.0,3231.0,124.46,205.0,6.34,0.0,70.0,0.0
07-08-2007,140.0,3231.0,124.38,199.0,6.16,0.0,70.0,0.0
08-08-2007,140.0,3231.0,124.65,221.0,6.84,0.0,70.0,0.0
09-08-2007,140.0,3231.0,124.82,236.0,7.3,240.0,80.0,0.0
10-08-2007,140.0,3231.0,124.96,248.0,7.68,243.0,100.0,0.0
11-08-2007,140.0,3231.0,125.2,270.0,8.36,355.0,100.0,0.0
12-08-2007,140.0,3231.0,125.6,307.0,9.5,628.0,200.0,0.0
13-08-2007,140.0,3231.0,125.97,344.0,10.65,670.0,250.0,0.0
14-08-2007,140.0,3231.0,126.31,380.0,11.76,670.0,250.0,0.0
15-08-2007,140.0,3231.0,126.65,417.0,12.91,683.0,250.0,0.0
16-08-2007,140.0,3231.0,127.0,456.0,14.11,680.0,250.0,0.0
17-08-2007,140.0,3231.0,127.31,493.0,15.26,680.0,250.0,0.0
18-08-2007,140.0,3231.0,127.6,528.0,16.34,643.0,250.0,11.0
19-08-2007,140.0,3231.0,127.81,554.0,17.15,615.0,300.0,15.0
20-08-2007,140.0,3231.0,128.02,580.0,17.95,602.0,300.0,2.0
21-08-2007,140.0,3231.0,128.19,602.0,18.63,570.0,300.0,28.0
22-08-2007,140.0,3231.0,128.43,633.0,19.59,669.0,300.0,32.0
23-08-2007,140.0,3231.0,128.73,673.0,20.83,772.0,300.0,6.0
24-08-2007,140.0,3231.0,129.05,715.0,22.13,786.0,300.0,0.0
25-08-2007,140.0,3231.0,129.28,747.0,23.12,667.0,300.0,0.0
26-08-2007,140.0,3231.0,129.6,790.0,24.45,797.0,300.0,7.0
27-08-2007,140.0,3231.0,129.82,821.0,25.41,648.0,300.0,0.0
28-08-2007,140.0,3231.0,130.04,851.0,26.34,657.0,300.0,0.0
29-08-2007,140.0,3231.0,130.26,882.0,27.3,676.0,300.0,0.0
30-08-2007,140.0,3231.0,130.8,960.0,29.71,1203.0,300.0,41.0
31-08-2007,140.0,3231.0,131.2,1018.0,31.51,971.0,300.0,42.0
01-09-2007,140.0,3231.0,131.55,1071.0,33.15,913.0,300.0,1.0
02-09-2007,140.0,3231.0,131.82,1114.0,34.48,798.0,300.0,0.0
03-09-2007,140.0,3231.0,132.28,1190.0,36.83,1180.0,300.0,67.0
04-09-2007,140.0,3231.0,132.65,1255.0,38.84,1052.0,300.0,0.0
05-09-2007,140.0,3231.0,132.89,1299.0,40.2,809.0,300.0,5.0
06-09-2007,140.0,3231.0,133.3,1377.0,42.62,1203.0,300.0,61.0
07-09-2007,140.0,3231.0,133.5,1416.0,43.83,751.0,300.0,0.0
08-09-2007,140.0,3231.0,133.75,1467.0,45.4,890.0,300.0,21.0
09-09-2007,140.0,3231.0,134.0,1518.0,46.98,850.0,300.0,0.0
10-09-2007,140.0,3231.0,134.2,1561.0,48.31,798.0,300.0,0.0
11-09-2007,140.0,3231.0,134.35,1593.0,49.3,712.0,300.0,0.0
12-09-2007,140.0,3231.0,134.5,1626.0,50.32,702.0,300.0,0.0
13-09-2007,140.0,3231.0,134.62,1653.0,51.16,705.0,300.0,0.0
14-09-2007,140.0,3231.0,134.9,1716.0,53.11,1029.0,300.0,37.0
15-09-2007,140.0,3231.0,135.15,1774.0,54.91,971.0,300.0,0.0
16-09-2007,140.0,3231.0,135.32,1814.0,56.14,763.0,300.0,0.0
17-09-2007,140.0,3231.0,135.46,1848.0,57.2,712.0,300.0,0.0
18-09-2007,140.0,3231.0,135.6,1882.0,58.25,700.0,300.0,0.0
19-09-2007,140.0,3231.0,135.72,1911.0,59.15,698.0,300.0,0.0
20-09-2007,140.0,3231.0,135.86,1945.0,60.2,710.0,300.0,5.0
21-09-2007,140.0,3231.0,136.0,1980.0,61.28,722.0,300.0,1.0
22-09-2007,140.0,3231.0,136.12,2011.0,62.24,722.0,300.0,0.0
23-09-2007,140.0,3231.0,136.25,2044.0,63.26,722.0,300.0,0.0
24-09-2007,140.0,3231.0,136.37,2075.0,64.22,717.0,300.0,0.0
25-09-2007,140.0,3231.0,136.48,2103.0,65.09,702.0,300.0,0.0
26-09-2007,140.0,3231.0,136.56,2124.0,65.74,688.0,300.0,0.0
27-09-2007,140.0,3231.0,136.62,2140.0,66.23,676.0,300.0,0.0
28-09-2007,140.0,3231.0,136.78,2182.0,67.53,786.0,300.0,49.0
29-09-2007,140.0,3231.0,136.87,2206.0,68.28,613.0,300.0,0.0
30-09-2007,140.0,3231.0,137.0,2241.0,69.36,705.0,300.0,15.0
01-10-2007,140.0,3231.0,137.09,2265.0,70.1,693.0,460.0,4.0
02-10-2007,140.0,3231.0,137.18,2290.0,70.88,743.0,460.0,2.0
03-10-2007,140.0,3231.0,137.23,2304.0,71.31,772.0,610.0,0.0
04-10-2007,140.0,3231.0,137.17,2287.0,70.78,509.0,710.0,0.0
05-10-2007,140.0,3231.0,137.09,2265.0,70.1,462.0,710.0,0.0
06-10-2007,140.0,3231.0,137.0,2241.0,69.36,443.0,710.0,0.0
07-10-2007,140.0,3231.0,136.91,2217.0,68.62,441.0,710.0,0.0
08-10-2007,140.0,3231.0,136.83,2195.0,67.94,457.0,710.0,0.0
09-10-2007,140.0,3231.0,136.74,2171.0,67.19,493.0,810.0,0.0
10-10-2007,140.0,3231.0,136.63,2142.0,66.3,461.0,810.0,0.0
11-10-2007,140.0,3231.0,136.48,2103.0,65.09,413.0,860.0,0.0
12-10-2007,140.0,3231.0,136.33,2064.0,63.88,363.0,810.0,0.0
13-10-2007,140.0,3231.0,136.23,2022.0,62.58,324.0,810.0,0.0
14-10-2007,140.0,3231.0,136.09,2003.0,61.99,305.0,760.0,0.0
15-10-2007,140.0,3231.0,135.93,1963.0,60.76,275.0,760.0,0.0
16-10-2007,140.0,3231.0,135.78,1926.0,59.61,243.0,660.0,0.0
17-10-2007,140.0,3231.0,137.93,2501.0,77.41,0.0,60.0,0.0
18-10-2007,140.0,3231.0,135.54,1867.0,57.78,210.0,560.0,0.0
19-10-2007,140.0,3231.0,135.41,1836.0,56.82,194.0,560.0,0.0
20-10-2007,140.0,3231.0,135.27,1802.0,55.77,167.0,560.0,0.0
21-10-2007,140.0,3231.0,135.12,1767.0,54.69,152.0,560.0,0.0
22-10-2007,140.0,3231.0,135.0,1739.0,53.82,236.0,560.0,0.0
23-10-2007,140.0,3231.0,134.95,1728.0,53.48,283.0,410.0,3.0
24-10-2007,140.0,3231.0,135.1,1763.0,54.57,815.0,410.0,41.0
25-10-2007,140.0,3231.0,135.22,1791.0,55.43,734.0,410.0,19.0
26-10-2007,140.0,3231.0,135.35,1821.0,56.36,757.0,410.0,14.0
27-10-2007,140.0,3231.0,135.45,1845.0,57.1,688.0,410.0,7.0
28-10-2007,140.0,3231.0,135.6,1882.0,58.25,838.0,410.0,17.0
29-10-2007,140.0,3231.0,136.04,2082.0,64.44,2725.0,410.0,103.0
30-10-2007,140.0,3231.0,137.21,2298.0,71.12,2560.0,60.0,0.0
31-10-2007,140.0,3231.0,137.57,2398.0,74.22,1217.0,60.0,0.0
01-11-2007,140.0,3231.0,137.68,2429.0,75.18,419.0,60.0,0.0
02-11-2007,140.0,3231.0,137.8,2464.0,76.26,465.0,60.0,0.0
03-11-2007,140.0,3231.0,137.95,2507.0,77.59,558.0,60.0,7.0
04-11-2007,140.0,3231.0,138.0,2521.0,78.03,222.0,60.0,6.0
05-11-2007,140.0,3231.0,138.07,2542.0,78.68,303.0,60.0,10.0
06-11-2007,140.0,3231.0,138.13,2559.0,79.2,256.0,60.0,0.0
07-11-2007,140.0,3231.0,138.18,2574.0,79.67,234.0,60.0,0.0
08-11-2007,140.0,3231.0,138.16,2568.0,79.48,241.0,310.0,0.0
09-11-2007,140.0,3231.0,138.1,2550.0,78.92,102.0,310.0,0.0
10-11-2007,140.0,3231.0,138.05,2536.0,78.49,148.0,310.0,0.0
11-11-2007,140.0,3231.0,138.01,2524.0,78.12,171.0,60.0,0.0
12-11-2007,140.0,3231.0,138.0,2521.0,78.03,25.0,60.0,0.0
13-11-2007,140.0,3231.0,137.99,2518.0,77.93,25.0,60.0,0.0
14-11-2007,140.0,3231.0,137.99,2518.0,77.93,60.0,60.0,0.0
15-11-2007,140.0,3231.0,137.97,2512.0,77.75,0.0,60.0,0.0
16-11-2007,140.0,3231.0,137.96,2509.0,77.65,0.0,60.0,0.0
17-11-2007,140.0,3231.0,137.93,2501.0,77.41,0.0,60.0,0.0
18-11-2007,140.0,3231.0,137.91,2495.0,77.22,0.0,60.0,0.0
19-11-2007,140.0,3231.0,137.9,2492.0,77.13,25.0,60.0,2.0
20-11-2007,140.0,3231.0,137.98,2515.0,77.84,326.0,60.0,38.0
21-11-2007,140.0,3231.0,138.13,2559.0,79.2,569.0,60.0,44.0
22-11-2007,140.0,3231.0,138.18,2574.0,79.67,234.0,60.0,0.0
23-11-2007,140.0,3231.0,138.2,2580.0,79.85,129.0,60.0,0.0
24-11-2007,140.0,3231.0,138.21,2583.0,79.94,95.0,60.0,0.0
25-11-2007,140.0,3231.0,138.21,2583.0,79.94,60.0,60.0,0.0
26-11-2007,140.0,3231.0,138.2,2580.0,79.85,25.0,60.0,0.0
27-11-2007,140.0,3231.0,138.2,2580.0,79.85,60.0,60.0,0.0
28-11-2007,140.0,3231.0,138.19,2577.0,79.76,25.0,60.0,0.0
29-11-2007,140.0,3231.0,138.18,2574.0,79.67,25.0,60.0,0.0
30-11-2007,140.0,3231.0,138.17,2571.0,79.57,25.0,60.0,0.0
01-12-2007,140.0,3231.0,138.16,2568.0,79.48,25.0,60.0,0.0
02-12-2007,140.0,3231.0,138.15,2565.0,79.39,25.0,60.0,0.0
03-12-2007,140.0,3231.0,138.14,2562.0,79.29,25.0,60.0,6.0
04-12-2007,140.0,3231.0,138.16,2568.0,79.48,129.0,60.0,2.0
05-12-2007,140.0,3231.0,138.15,2565.0,79.39,25.0,60.0,0.0
06-12-2007,140.0,3231.0,138.16,2568.0,79.48,95.0,60.0,7.0
07-12-2007,140.0,3231.0,138.2,2580.0,79.85,199.0,60.0,16.0
08-12-2007,140.0,3231.0,138.24,2592.0,80.22,199.0,60.0,2.0
09-12-2007,140.0,3231.0,138.25,2595.0,80.32,95.0,60.0,0.0
10-12-2007,140.0,3231.0,138.26,2598.0,80.41,95.0,60.0,0.0
11-12-2007,140.0,3231.0,138.26,2598.0,80.41,60.0,60.0,0.0
12-12-2007,140.0,3231.0,138.26,2598.0,80.41,60.0,60.0,0.0
13-12-2007,140.0,3231.0,138.26,2598.0,80.41,60.0,60.0,0.0
14-12-2007,140.0,3231.0,138.25,2595.0,80.32,25.0,60.0,0.0
15-12-2007,140.0,3231.0,138.24,2592.0,80.22,25.0,60.0,0.0
16-12-2007,140.0,3231.0,138.23,2589.0,80.13,25.0,60.0,0.0
17-12-2007,140.0,3231.0,138.22,2586.0,80.04,25.0,60.0,0.0
18-12-2007,140.0,3231.0,138.25,2595.0,80.32,164.0,60.0,19.0
19-12-2007,140.0,3231.0,138.61,2703.0,83.66,1310.0,60.0,90.0
20-12-2007,140.0,3231.0,139.48,2975.0,92.08,6645.0,6645.0,101.0
21-12-2007,140.0,3231.0,139.8,3085.0,95.48,5016.0,5016.0,0.0
22-12-2007,140.0,3231.0,139.95,3131.0,96.9,994.0,994.0,0.0
23-12-2007,140.0,3231.0,140.0,3231.0,100.0,300.0,300.0,300.0
24-12-2007,140.0,3231.0,140.0,3231.0,100.0,300.0,300.0,0.0
25-12-2007,140.0,3231.0,140.0,3231.0,100.0,300.0,300.0,0.0
26-12-2007,140.0,3231.0,139.96,3134.0,97.0,0.0,300.0,0.0
27-12-2007,140.0,3231.0,139.91,3118.0,96.5,114.0,300.0,0.0
28-12-2007,140.0,3231.0,139.87,3104.0,96.07,35.0,150.0,0.0
29-12-2007,140.0,3231.0,139.86,3101.0,95.98,35.0,0.0,0.0
30-12-2007,140.0,3231.0,139.86,3101.0,95.98,0.0,0.0,0.0
31-12-2007,140.0,3231.0,139.86,3101.0,95.98,0.0,0.0,0.0
01-01-2008,140.0,3231.0,139.86,3101.0,95.98,0.0,0.0,0.0
02-01-2008,140.0,3231.0,139.85,3098.0,95.88,0.0,0.0,0.0
03-01-2008,140.0,3231.0,139.84,3095.0,95.79,0.0,0.0,0.0
04-01-2008,140.0,3231.0,139.83,3093.0,95.73,0.0,0.0,3.0
05-01-2008,140.0,3231.0,139.95,3131.0,96.9,1434.0,994.0,47.0
06-01-2008,140.0,3231.0,139.99,3146.0,97.37,174.0,0.0,0.0
07-01-2008,140.0,3231.0,140.0,3231.0,100.0,984.0,82.0,0.0
08-01-2008,140.0,3231.0,140.0,3231.0,100.0,82.0,82.0,0.0
09-01-2008,140.0,3231.0,140.0,3231.0,100.0,82.0,82.0,0.0
10-01-2008,140.0,3231.0,140.0,3231.0,100.0,82.0,82.0,0.0
11-01-2008,140.0,3231.0,140.0,3231.0,100.0,82.0,82.0,0.0
12-01-2008,140.0,3231.0,140.0,3231.0,100.0,82.0,82.0,0.0
13-01-2008,140.0,3231.0,139.99,3146.0,97.37,0.0,0.0,0.0
14-01-2008,140.0,3231.0,139.99,3146.0,97.37,0.0,0.0,0.0
15-01-2008,140.0,3231.0,139.99,3146.0,97.37,0.0,0.0,0.0
16-01-2008,140.0,3231.0,139.98,3142.0,97.25,0.0,0.0,0.0
17-01-2008,140.0,3231.0,139.98,3142.0,97.25,0.0,0.0,0.0
18-01-2008,140.0,3231.0,139.97,3138.0,97.12,0.0,0.0,0.0
19-01-2008,140.0,3231.0,139.96,3134.0,97.0,0.0,0.0,0.0
20-01-2008,140.0,3231.0,139.94,3128.0,96.81,0.0,0.0,0.0
21-01-2008,140.0,3231.0,139.93,3124.0,96.69,0.0,0.0,0.0
22-01-2008,140.0,3231.0,139.92,3121.0,96.6,0.0,0.0,0.0
23-01-2008,140.0,3231.0,139.91,3118.0,96.5,0.0,0.0,0.0
24-01-2008,140.0,3231.0,139.9,3114.0,96.38,0.0,0.0,0.0
25-01-2008,140.0,3231.0,139.88,3108.0,96.19,0.0,0.0,0.0
26-01-2008,140.0,3231.0,139.86,3101.0,95.98,0.0,0.0,0.0
27-01-2008,140.0,3231.0,139.84,3095.0,95.79,0.0,0.0,0.0
28-01-2008,140.0,3231.0,139.82,3090.0,95.64,0.0,0.0,0.0
29-01-2008,140.0,3231.0,139.8,3085.0,95.48,0.0,0.0,0.0
30-01-2008,140.0,3231.0,139.78,3077.0,95.23,0.0,0.0,0.0
31-01-2008,140.0,3231.0,139.76,3069.0,94.99,0.0,0.0,0.0
01-02-2008,140.0,3231.0,139.74,3061.0,94.74,0.0,0.0,0.0
02-02-2008,140.0,3231.0,139.72,3054.0,94.52,0.0,0.0,0.0
03-02-2008,140.0,3231.0,139.7,3048.0,94.34,0.0,0.0,0.0
04-02-2008,140.0,3231.0,139.68,3041.0,94.12,0.0,0.0,0.0
05-02-2008,140.0,3231.0,139.66,3035.0,93.93,0.0,0.0,0.0
06-02-2008,140.0,3231.0,139.65,3031.0,93.81,0.0,0.0,0.0
07-02-2008,140.0,3231.0,139.63,3025.0,93.62,0.0,0.0,0.0
08-02-2008,140.0,3231.0,139.61,3018.0,93.41,0.0,0.0,0.0
09-02-2008,140.0,3231.0,139.6,3015.0,93.31,0.0,0.0,0.0
10-02-2008,140.0,3231.0,139.59,3012.0,93.22,0.0,0.0,1.0
11-02-2008,140.0,3231.0,139.58,3009.0,93.13,0.0,0.0,1.0
12-02-2008,140.0,3231.0,139.57,3005.0,93.01,0.0,0.0,0.0
13-02-2008,140.0,3231.0,139.56,3002.0,92.91,0.0,0.0,0.0
14-02-2008,140.0,3231.0,139.55,2999.0,92.82,0.0,0.0,0.0
15-02-2008,140.0,3231.0,139.54,2995.0,92.7,0.0,0.0,0.0
16-02-2008,140.0,3231.0,139.54,2995.0,92.7,0.0,0.0,0.0
17-02-2008,140.0,3231.0,139.5,2982.0,92.29,0.0,0.0,0.0
18-02-2008,140.0,3231.0,139.49,2979.0,92.2,0.0,0.0,0.0
19-02-2008,140.0,3231.0,139.47,2973.0,92.01,0.0,0.0,0.0
20-02-2008,140.0,3231.0,139.45,2966.0,91.8,0.0,0.0,0.0
21-02-2008,140.0,3231.0,139.43,2960.0,91.61,0.0,0.0,0.0
22-02-2008,140.0,3231.0,139.41,2953.0,91.4,0.0,0.0,0.0
23-02-2008,140.0,3231.0,139.38,2944.0,91.12,0.0,0.0,0.0
24-02-2008,140.0,3231.0,139.35,2934.0,90.81,0.0,0.0,0.0
25-02-2008,140.0,3231.0,139.32,2924.0,90.5,0.0,0.0,0.0
26-02-2008,140.0,3231.0,139.29,2915.0,90.22,0.0,0.0,0.0
27-02-2008,140.0,3231.0,139.2,2886.0,89.32,0.0,500.0,0.0
28-02-2008,140.0,3231.0,139.09,2851.0,88.24,0.0,250.0,0.0
29-02-2008,140.0,3231.0,139.01,2826.0,87.47,0.0,250.0,0.0
01-03-2008,140.0,3231.0,138.93,2801.0,86.69,0.0,250.0,0.0
02-03-2008,140.0,3231.0,138.85,2776.0,85.92,0.0,250.0,0.0
03-03-2008,140.0,3231.0,138.77,2752.0,85.17,0.0,250.0,0.0
04-03-2008,140.0,3231.0,138.69,2727.0,84.4,0.0,250.0,0.0
05-03-2008,140.0,3231.0,138.61,2703.0,83.66,0.0,250.0,0.0
06-03-2008,140.0,3231.0,138.53,2678.0,82.88,0.0,250.0,0.0
07-03-2008,140.0,3231.0,138.45,2654.0,82.14,0.0,250.0,0.0
08-03-2008,140.0,3231.0,138.36,2627.0,81.31,0.0,250.0,0.0
09-03-2008,140.0,3231.0,138.28,2603.0,80.56,0.0,250.0,0.0
10-03-2008,140.0,3231.0,138.19,2577.0,79.76,0.0,250.0,0.0
11-03-2008,140.0,3231.0,138.1,2550.0,78.92,0.0,250.0,0.0
12-03-2008,140.0,3231.0,138.04,2533.0,78.4,53.0,250.0,18.0
13-03-2008,140.0,3231.0,138.02,2527.0,78.21,238.0,250.0,6.0
14-03-2008,140.0,3231.0,137.99,2518.0,77.93,146.0,250.0,4.0
15-03-2008,140.0,3231.0,137.94,2504.0,77.5,88.0,250.0,1.0
16-03-2008,140.0,3231.0,137.88,2487.0,76.97,53.0,250.0,0.0
17-03-2008,140.0,3231.0,137.8,2464.0,76.26,0.0,250.0,0.0
18-03-2008,140.0,3231.0,137.72,2441.0,75.55,0.0,250.0,0.0
19-03-2008,140.0,3231.0,137.63,2415.0,74.74,0.0,250.0,0.0
20-03-2008,140.0,3231.0,137.55,2393.0,74.06,0.0,250.0,0.0
21-03-2008,140.0,3231.0,137.76,2452.0,75.89,934.0,250.0,82.0
22-03-2008,140.0,3231.0,137.86,2481.0,76.79,300.0,0.0,25.0
23-03-2008,140.0,3231.0,137.87,2484.0,76.88,35.0,0.0,4.0
24-03-2008,140.0,3231.0,137.87,2484.0,76.88,0.0,0.0,0.0
25-03-2008,140.0,3231.0,137.86,2481.0,76.79,0.0,0.0,0.0
26-03-2008,140.0,3231.0,137.93,2501.0,77.41,231.0,0.0,58.0
27-03-2008,140.0,3231.0,137.93,2501.0,77.41,0.0,0.0,0.0
28-03-2008,140.0,3231.0,137.93,2501.0,77.41,0.0,0.0,0.0
29-03-2008,140.0,3231.0,137.92,2498.0,77.31,0.0,0.0,0.0
30-03-2008,140.0,3231.0,137.91,2495.0,77.22,0.0,0.0,0.0
31-03-2008,140.0,3231.0,137.9,2492.0,77.13,0.0,0.0,0.0
01-04-2008,140.0,3231.0,137.88,2487.0,76.97,0.0,0.0,0.0
02-04-2008,140.0,3231.0,137.87,2484.0,76.88,0.0,0.0,0.0
03-04-2008,140.0,3231.0,137.85,2478.0,76.69,0.0,0.0,0.0
04-04-2008,140.0,3231.0,137.84,2475.0,76.6,0.0,0.0,0.0
05-04-2008,140.0,3231.0,137.82,2469.0,76.42,0.0,0.0,0.0
06-04-2008,140.0,3231.0,137.8,2464.0,76.26,0.0,0.0,0.0
07-04-2008,140.0,3231.0,137.78,2458.0,76.08,0.0,0.0,0.0
08-04-2008,140.0,3231.0,137.75,2449.0,75.8,0.0,0.0,0.0
09-04-2008,140.0,3231.0,137.72,2441.0,75.55,0.0,0.0,0.0
10-04-2008,140.0,3231.0,137.69,2432.0,75.27,0.0,0.0,0.0
11-04-2008,140.0,3231.0,137.66,2424.0,75.02,0.0,0.0,0.0
12-04-2008,140.0,3231.0,137.63,2415.0,74.74,0.0,0.0,0.0
13-04-2008,140.0,3231.0,137.6,2407.0,74.5,0.0,0.0,0.0
14-04-2008,140.0,3231.0,137.57,2398.0,74.22,0.0,0.0,0.0
15-04-2008,140.0,3231.0,137.55,2393.0,74.06,0.0,0.0,0.0
16-04-2008,140.0,3231.0,137.52,2384.0,73.79,0.0,0.0,0.0
17-04-2008,140.0,3231.0,137.49,2376.0,73.54,0.0,0.0,0.0
18-04-2008,140.0,3231.0,137.46,2367.0,73.26,0.0,0.0,0.0
19-04-2008,140.0,3231.0,137.43,2359.0,73.01,0.0,0.0,0.0
20-04-2008,140.0,3231.0,137.4,2351.0,72.76,0.0,0.0,0.0
21-04-2008,140.0,3231.0,137.37,2342.0,72.49,0.0,0.0,0.0
22-04-2008,140.0,3231.0,137.35,2337.0,72.33,0.0,0.0,0.0
23-04-2008,140.0,3231.0,137.33,2331.0,72.14,0.0,0.0,0.0
24-04-2008,140.0,3231.0,137.31,2326.0,71.99,0.0,0.0,0.0
25-04-2008,140.0,3231.0,137.29,2320.0,71.8,0.0,0.0,0.0
26-04-2008,140.0,3231.0,137.26,2312.0,71.56,0.0,0.0,0.0
27-04-2008,140.0,3231.0,137.23,2304.0,71.31,0.0,0.0,0.0
28-04-2008,140.0,3231.0,137.2,2295.0,71.03,0.0,0.0,0.0
29-04-2008,140.0,3231.0,137.17,2287.0,70.78,0.0,0.0,0.0
30-04-2008,140.0,3231.0,137.14,2279.0,70.54,0.0,0.0,0.0
01-05-2008,140.0,3231.0,137.06,2257.0,69.85,0.0,300.0,0.0
02-05-2008,140.0,3231.0,136.92,2219.0,68.68,0.0,400.0,0.0
03-05-2008,140.0,3231.0,136.78,2182.0,67.53,0.0,400.0,0.0
04-05-2008,140.0,3231.0,136.64,2145.0,66.39,0.0,400.0,0.0
05-05-2008,140.0,3231.0,136.51,2111.0,65.34,0.0,400.0,0.0
06-05-2008,140.0,3231.0,136.36,2072.0,64.13,0.0,400.0,0.0
07-05-2008,140.0,3231.0,136.22,2036.0,63.01,0.0,400.0,0.0
08-05-2008,140.0,3231.0,136.09,2000.0,61.9,0.0,400.0,0.0
09-05-2008,140.0,3231.0,135.93,1962.0,60.72,0.0,400.0,0.0
10-05-2008,140.0,3231.0,135.78,1926.0,59.61,0.0,400.0,0.0
11-05-2008,140.0,3231.0,135.71,1908.0,59.05,168.0,400.0,14.0
12-05-2008,140.0,3231.0,135.56,1872.0,57.94,0.0,500.0,0.0
13-05-2008,140.0,3231.0,135.35,1821.0,56.36,0.0,600.0,1.0
14-05-2008,140.0,3231.0,135.13,1769.0,54.75,0.0,600.0,0.0
15-05-2008,140.0,3231.0,134.9,1716.0,53.11,0.0,600.0,0.0
16-05-2008,140.0,3231.0,134.66,1662.0,51.44,0.0,600.0,0.0
17-05-2008,140.0,3231.0,134.42,1608.0,49.77,0.0,600.0,0.0
18-05-2008,140.0,3231.0,134.18,1557.0,48.19,0.0,600.0,0.0
19-05-2008,140.0,3231.0,133.93,1504.0,46.55,0.0,600.0,0.0
20-05-2008,140.0,3231.0,133.68,1452.0,44.94,0.0,600.0,0.0
21-05-2008,140.0,3231.0,133.42,1400.0,43.33,0.0,600.0,2.0
22-05-2008,140.0,3231.0,133.52,1420.0,43.95,831.0,600.0,63.0
23-05-2008,140.0,3231.0,133.3,1377.0,42.62,102.0,600.0,1.0
24-05-2008,140.0,3231.0,133.03,1325.0,41.01,0.0,600.0,0.0
25-05-2008,140.0,3231.0,132.75,1273.0,39.4,0.0,600.0,0.0
26-05-2008,140.0,3231.0,132.46,1221.0,37.79,0.0,600.0,0.0
27-05-2008,140.0,3231.0,132.15,1168.0,36.15,0.0,600.0,0.0
28-05-2008,140.0,3231.0,131.83,1115.0,34.51,0.0,600.0,0.0
29-05-2008,140.0,3231.0,131.5,1063.0,32.9,0.0,600.0,0.0
30-05-2008,140.0,3231.0,131.15,1011.0,31.29,0.0,600.0,0.0
31-05-2008,140.0,3231.0,130.79,958.0,29.65,0.0,600.0,0.0
01-06-2008,140.0,3231.0,130.7,945.0,29.25,49.0,200.0,9.0
02-06-2008,140.0,3231.0,130.57,927.0,28.69,0.0,200.0,0.0
03-06-2008,140.0,3231.0,130.45,909.0,28.13,0.0,200.0,0.0
04-06-2008,140.0,3231.0,130.32,891.0,27.58,0.0,200.0,0.0
05-06-2008,140.0,3231.0,130.19,873.0,27.02,0.0,200.0,2.0
06-06-2008,140.0,3231.0,130.05,853.0,26.4,0.0,200.0,0.0
07-06-2008,140.0,3231.0,129.9,832.0,25.75,0.0,200.0,0.0
08-06-2008,140.0,3231.0,129.76,812.0,25.13,0.0,200.0,0.0
09-06-2008,140.0,3231.0,129.68,801.0,24.79,0.0,0.0,1.0
10-06-2008,140.0,3231.0,129.67,800.0,24.76,0.0,0.0,5.0
11-06-2008,140.0,3231.0,129.65,797.0,24.67,0.0,0.0,0.0
12-06-2008,140.0,3231.0,129.63,794.0,24.57,0.0,0.0,1.0
13-06-2008,140.0,3231.0,129.6,790.0,24.45,0.0,0.0,0.0
14-06-2008,140.0,3231.0,129.57,786.0,24.33,0.0,0.0,0.0
15-06-2008,140.0,3231.0,129.54,782.0,24.2,0.0,0.0,0.0
16-06-2008,140.0,3231.0,129.5,776.0,24.02,0.0,0.0,0.0
17-06-2008,140.0,3231.0,129.46,771.0,23.86,0.0,0.0,0.0
18-06-2008,140.0,3231.0,129.42,766.0,23.71,0.0,0.0,0.0
19-06-2008,140.0,3231.0,129.38,760.0,23.52,0.0,0.0,0.0
20-06-2008,140.0,3231.0,129.34,755.0,23.37,0.0,0.0,11.0
21-06-2008,140.0,3231.0,129.3,749.0,23.18,0.0,0.0,0.0
22-06-2008,140.0,3231.0,129.4,763.0,23.61,162.0,0.0,66.0
23-06-2008,140.0,3231.0,129.4,763.0,23.61,0.0,0.0,0.0
24-06-2008,140.0,3231.0,129.36,757.0,23.43,0.0,0.0,0.0
25-06-2008,140.0,3231.0,129.32,752.0,23.27,0.0,0.0,0.0
26-06-2008,140.0,3231.0,129.28,747.0,23.12,0.0,0.0,1.0
27-06-2008,140.0,3231.0,129.24,741.0,22.93,0.0,0.0,0.0
28-06-2008,140.0,3231.0,129.2,736.0,22.78,0.0,0.0,4.0
29-06-2008,140.0,3231.0,129.22,738.0,22.84,23.0,0.0,5.0
30-06-2008,140.0,3231.0,129.22,738.0,22.84,0.0,0.0,1.0
01-07-2008,140.0,3231.0,129.2,736.0,22.78,0.0,0.0,0.0
02-07-2008,140.0,3231.0,129.2,736.0,22.78,0.0,0.0,8.0
03-07-2008,140.0,3231.0,129.17,732.0,22.66,0.0,0.0,0.0
04-07-2008,140.0,3231.0,129.15,729.0,22.56,0.0,0.0,3.0
05-07-2008,140.0,3231.0,129.12,725.0,22.44,0.0,0.0,0.0
06-07-2008,140.0,3231.0,129.09,721.0,22.32,0.0,0.0,0.0
07-07-2008,140.0,3231.0,129.05,715.0,22.13,0.0,0.0,0.0
08-07-2008,140.0,3231.0,129.02,711.0,22.01,0.0,0.0,0.0
09-07-2008,140.0,3231.0,128.98,706.0,21.85,0.0,0.0,0.0
10-07-2008,140.0,3231.0,129.05,715.0,22.13,104.0,0.0,16.0
11-07-2008,140.0,3231.0,129.02,711.0,22.01,0.0,0.0,0.0
12-07-2008,140.0,3231.0,128.97,705.0,21.82,0.0,0.0,0.0
13-07-2008,140.0,3231.0,128.93,699.0,21.63,0.0,0.0,0.0
14-07-2008,140.0,3231.0,128.88,693.0,21.45,0.0,0.0,0.0
15-07-2008,140.0,3231.0,128.84,687.0,21.26,0.0,0.0,0.0
16-07-2008,140.0,3231.0,128.8,682.0,21.11,0.0,0.0,0.0
17-07-2008,140.0,3231.0,128.76,677.0,20.95,0.0,0.0,0.0
18-07-2008,140.0,3231.0,128.73,673.0,20.83,0.0,0.0,0.0
19-07-2008,140.0,3231.0,128.79,681.0,21.08,93.0,0.0,40.0
20-07-2008,140.0,3231.0,128.76,677.0,20.95,0.0,0.0,0.0
21-07-2008,140.0,3231.0,128.73,673.0,20.83,0.0,0.0,0.0
22-07-2008,140.0,3231.0,128.69,668.0,20.67,0.0,0.0,0.0
23-07-2008,140.0,3231.0,128.65,662.0,20.49,0.0,0.0,0.0
24-07-2008,140.0,3231.0,128.61,657.0,20.33,0.0,0.0,0.0
25-07-2008,140.0,3231.0,128.58,653.0,20.21,0.0,0.0,2.0
26-07-2008,140.0,3231.0,128.54,648.0,20.06,0.0,0.0,0.0
27-07-2008,140.0,3231.0,128.51,644.0,19.93,0.0,0.0,9.0
28-07-2008,140.0,3231.0,128.49,641.0,19.84,0.0,0.0,9.0
29-07-2008,140.0,3231.0,128.52,645.0,19.96,46.0,0.0,10.0
30-07-2008,140.0,3231.0,128.52,645.0,19.96,0.0,0.0,0.0
31-07-2008,140.0,3231.0,128.5,643.0,19.9,0.0,0.0,0.0
01-08-2008,140.0,3231.0,128.47,639.0,19.78,0.0,0.0,0.0
02-08-2008,140.0,3231.0,128.43,633.0,19.59,0.0,0.0,0.0
03-08-2008,140.0,3231.0,128.39,628.0,19.44,0.0,0.0,0.0
04-08-2008,140.0,3231.0,128.36,624.0,19.31,0.0,0.0,3.0
05-08-2008,140.0,3231.0,128.34,622.0,19.25,0.0,0.0,0.0
06-08-2008,140.0,3231.0,128.32,619.0,19.16,0.0,0.0,0.0
07-08-2008,140.0,3231.0,128.3,617.0,19.1,0.0,0.0,0.0
08-08-2008,140.0,3231.0,128.28,614.0,19.0,0.0,0.0,0.0
09-08-2008,140.0,3231.0,128.28,614.0,19.0,0.0,0.0,5.0
10-08-2008,140.0,3231.0,128.27,613.0,18.97,0.0,0.0,0.0
11-08-2008,140.0,3231.0,128.26,611.0,18.91,0.0,0.0,1.0
12-08-2008,140.0,3231.0,128.24,609.0,18.85,0.0,0.0,0.0
13-08-2008,140.0,3231.0,128.2,604.0,18.69,0.0,0.0,0.0
14-08-2008,140.0,3231.0,128.16,598.0,18.51,0.0,0.0,0.0
15-08-2008,140.0,3231.0,128.11,592.0,18.32,0.0,0.0,0.0
16-08-2008,140.0,3231.0,128.06,586.0,18.14,0.0,0.0,0.0
17-08-2008,140.0,3231.0,128.02,580.0,17.95,0.0,0.0,2.0
18-08-2008,140.0,3231.0,128.0,578.0,17.89,0.0,0.0,30.0
19-08-2008,140.0,3231.0,127.97,574.0,17.77,0.0,0.0,0.0
20-08-2008,140.0,3231.0,128.05,584.0,18.07,116.0,0.0,98.0
21-08-2008,140.0,3231.0,128.05,584.0,18.07,0.0,0.0,0.0
22-08-2008,140.0,3231.0,128.03,582.0,18.01,0.0,0.0,0.0
23-08-2008,140.0,3231.0,128.0,578.0,17.89,0.0,0.0,0.0
24-08-2008,140.0,3231.0,127.96,573.0,17.73,0.0,0.0,0.0
25-08-2008,140.0,3231.0,127.92,568.0,17.58,0.0,0.0,0.0
26-08-2008,140.0,3231.0,127.88,563.0,17.42,0.0,0.0,0.0
27-08-2008,140.0,3231.0,127.84,558.0,17.27,0.0,0.0,0.0
28-08-2008,140.0,3231.0,127.8,553.0,17.12,0.0,0.0,0.0
29-08-2008,140.0,3231.0,127.76,548.0,16.96,0.0,0.0,0.0
30-08-2008,140.0,3231.0,127.72,543.0,16.81,0.0,0.0,0.0
31-08-2008,140.0,3231.0,127.69,539.0,16.68,0.0,0.0,0.0
01-09-2008,140.0,3231.0,127.7,540.0,16.71,12.0,0.0,17.0
02-09-2008,140.0,3231.0,127.69,539.0,16.68,0.0,0.0,0.0
03-09-2008,140.0,3231.0,127.67,536.0,16.59,0.0,0.0,0.0
04-09-2008,140.0,3231.0,127.65,533.0,16.5,0.0,0.0,0.0
05-09-2008,140.0,3231.0,127.63,531.0,16.43,0.0,0.0,0.0
06-09-2008,140.0,3231.0,127.59,526.0,16.28,0.0,0.0,0.0
07-09-2008,140.0,3231.0,127.56,523.0,16.19,0.0,0.0,0.0
08-09-2008,140.0,3231.0,127.53,519.0,16.06,0.0,0.0,1.0
09-09-2008,140.0,3231.0,127.5,515.0,15.94,0.0,0.0,0.0
10-09-2008,140.0,3231.0,127.48,513.0,15.88,0.0,0.0,0.0
11-09-2008,140.0,3231.0,127.46,510.0,15.78,0.0,0.0,0.0
12-09-2008,140.0,3231.0,127.42,505.0,15.63,0.0,0.0,0.0
13-09-2008,140.0,3231.0,127.39,502.0,15.54,0.0,0.0,0.0
14-09-2008,140.0,3231.0,127.35,497.0,15.38,0.0,0.0,0.0
15-09-2008,140.0,3231.0,127.39,502.0,15.54,58.0,0.0,15.0
16-09-2008,140.0,3231.0,127.37,500.0,15.48,0.0,0.0,0.0
17-09-2008,140.0,3231.0,127.34,496.0,15.35,0.0,0.0,0.0
18-09-2008,140.0,3231.0,127.3,491.0,15.2,0.0,0.0,0.0
19-09-2008,140.0,3231.0,127.28,489.0,15.13,0.0,0.0,0.0
20-09-2008,140.0,3231.0,127.25,485.0,15.01,0.0,0.0,0.0
21-09-2008,140.0,3231.0,127.31,493.0,15.26,93.0,0.0,10.0
22-09-2008,140.0,3231.0,127.61,529.0,16.37,471.0,0.0,0.0
23-09-2008,140.0,3231.0,128.03,582.0,18.01,631.0,0.0,0.0
24-09-2008,140.0,3231.0,128.42,632.0,19.56,592.0,0.0,0.0
25-09-2008,140.0,3231.0,128.85,689.0,21.32,660.0,0.0,9.0
26-09-2008,140.0,3231.0,129.2,736.0,22.78,626.0,0.0,0.0
27-09-2008,140.0,3231.0,129.55,783.0,24.23,655.0,0.0,0.0
28-09-2008,140.0,3231.0,129.94,837.0,25.91,690.0,0.0,0.0
29-09-2008,140.0,3231.0,130.3,888.0,27.48,695.0,0.0,0.0
30-09-2008,140.0,3231.0,130.67,941.0,29.12,662.0,0.0,20.0
01-10-2008,140.0,3231.0,131.0,989.0,30.61,667.0,0.0,0.0
02-10-2008,140.0,3231.0,131.3,1033.0,31.97,669.0,0.0,0.0
03-10-2008,140.0,3231.0,131.57,1074.0,33.24,694.0,0.0,1.0
04-10-2008,140.0,3231.0,131.87,1122.0,34.73,690.0,0.0,6.0
05-10-2008,140.0,3231.0,132.2,1177.0,36.43,686.0,0.0,7.0
06-10-2008,140.0,3231.0,132.42,1215.0,37.6,669.0,0.0,0.0
07-10-2008,140.0,3231.0,132.66,1257.0,38.9,599.0,0.0,0.0
08-10-2008,140.0,3231.0,132.85,1292.0,39.99,540.0,0.0,0.0
09-10-2008,140.0,3231.0,133.02,1323.0,40.95,530.0,0.0,0.0
10-10-2008,140.0,3231.0,133.15,1348.0,41.72,514.0,0.0,0.0
11-10-2008,140.0,3231.0,133.32,1381.0,42.74,509.0,0.0,0.0
12-10-2008,140.0,3231.0,133.5,1416.0,43.83,525.0,0.0,2.0
13-10-2008,140.0,3231.0,133.73,1462.0,45.25,561.0,0.0,8.0
14-10-2008,140.0,3231.0,133.95,1508.0,46.67,605.0,0.0,5.0
15-10-2008,140.0,3231.0,134.15,1550.0,47.97,652.0,0.0,1.0
16-10-2008,140.0,3231.0,134.36,1595.0,49.37,624.0,0.0,8.0
17-10-2008,140.0,3231.0,134.53,1633.0,50.54,599.0,0.0,1.0
18-10-2008,140.0,3231.0,134.77,1687.0,52.21,625.0,0.0,25.0
19-10-2008,140.0,3231.0,135.0,1739.0,53.82,666.0,0.0,1.0
20-10-2008,140.0,3231.0,135.3,1810.0,56.02,822.0,0.0,28.0
21-10-2008,140.0,3231.0,135.71,1908.0,59.05,1134.0,0.0,69.0
22-10-2008,140.0,3231.0,135.92,1960.0,60.66,869.0,385.0,7.0
23-10-2008,140.0,3231.0,136.15,2018.0,62.46,1056.0,385.0,77.0
24-10-2008,140.0,3231.0,136.23,2039.0,63.11,648.0,385.0,0.0
25-10-2008,140.0,3231.0,136.38,2077.0,64.28,962.0,480.0,11.0
26-10-2008,140.0,3231.0,136.43,2090.0,64.69,630.0,480.0,0.0
27-10-2008,140.0,3231.0,136.44,2093.0,64.78,539.0,480.0,0.0
28-10-2008,140.0,3231.0,136.44,2093.0,64.78,597.0,589.0,0.0
29-10-2008,140.0,3231.0,136.45,2095.0,64.84,614.0,636.0,0.0
30-10-2008,140.0,3231.0,136.43,2090.0,64.69,580.0,636.0,0.0
31-10-2008,140.0,3231.0,136.43,2090.0,64.69,636.0,636.0,0.0
01-11-2008,140.0,3231.0,136.47,2100.0,65.0,672.0,636.0,0.0
02-11-2008,140.0,3231.0,136.5,2108.0,65.24,728.0,636.0,0.0
03-11-2008,140.0,3231.0,136.52,2113.0,65.4,717.0,636.0,0.0
04-11-2008,140.0,3231.0,136.53,2116.0,65.49,680.0,636.0,0.0
05-11-2008,140.0,3231.0,136.54,2119.0,65.58,675.0,636.0,0.0
06-11-2008,140.0,3231.0,136.55,2121.0,65.65,645.0,636.0,0.0
07-11-2008,140.0,3231.0,136.54,2119.0,65.58,670.0,700.0,0.0
08-11-2008,140.0,3231.0,136.52,2113.0,65.4,629.0,700.0,0.0
09-11-2008,140.0,3231.0,136.5,2108.0,65.24,653.0,700.0,0.0
10-11-2008,140.0,3231.0,136.56,2124.0,65.74,651.0,700.0,0.0
11-11-2008,140.0,3231.0,136.6,2134.0,66.05,816.0,700.0,6.0
12-11-2008,140.0,3231.0,136.58,2129.0,65.89,617.0,700.0,0.0
13-11-2008,140.0,3231.0,136.56,2124.0,65.74,623.0,700.0,0.0
14-11-2008,140.0,3231.0,136.54,2119.0,65.58,648.0,700.0,0.0
15-11-2008,140.0,3231.0,136.51,2111.0,65.34,611.0,700.0,0.0
16-11-2008,140.0,3231.0,136.62,2137.0,66.14,1001.0,700.0,33.0
17-11-2008,140.0,3231.0,136.57,2127.0,65.83,555.0,700.0,0.0
18-11-2008,140.0,3231.0,136.53,2116.0,65.49,575.0,700.0,0.0
19-11-2008,140.0,3231.0,136.45,2095.0,64.84,467.0,700.0,1.0
20-11-2008,140.0,3231.0,136.4,2082.0,64.44,564.0,700.0,0.0
21-11-2008,140.0,3231.0,136.41,2085.0,64.53,735.0,700.0,0.0
22-11-2008,140.0,3231.0,136.53,2116.0,65.49,1089.0,730.0,31.0
23-11-2008,140.0,3231.0,136.63,2142.0,66.3,1001.0,700.0,16.0
24-11-2008,140.0,3231.0,136.68,2155.0,66.7,850.0,700.0,3.0
25-11-2008,140.0,3231.0,136.71,2163.0,66.95,818.0,700.0,4.0
26-11-2008,140.0,3231.0,136.9,2214.0,68.52,940.0,350.0,56.0
27-11-2008,140.0,3231.0,137.48,2373.0,73.44,2190.0,350.0,97.0
28-11-2008,140.0,3231.0,139.24,2898.0,89.69,7276.0,3602.0,162.0
29-11-2008,140.0,3231.0,139.02,2829.0,87.56,13489.0,14288.0,64.0
30-11-2008,140.0,3231.0,139.5,2982.0,92.29,3391.0,1420.0,22.0
01-12-2008,140.0,3231.0,139.61,3018.0,93.41,2789.0,2372.0,7.0
02-12-2008,140.0,3231.0,139.71,3051.0,94.43,2095.0,1713.0,14.0
03-12-2008,140.0,3231.0,139.83,3093.0,95.73,486.0,0.0,0.0
04-12-2008,140.0,3231.0,140.0,3231.0,100.0,1597.0,0.0,0.0
05-12-2008,140.0,3231.0,140.0,3231.0,100.0,744.0,744.0,0.0
06-12-2008,140.0,3231.0,140.0,3231.0,100.0,497.0,497.0,0.0
07-12-2008,140.0,3231.0,140.0,3231.0,100.0,497.0,497.0,0.0
08-12-2008,140.0,3231.0,140.0,3231.0,100.0,0.0,0.0,0.0
09-12-2008,140.0,3231.0,140.0,3231.0,100.0,497.0,497.0,2.0
10-12-2008,140.0,3231.0,140.0,3231.0,100.0,497.0,497.0,4.0
11-12-2008,140.0,3231.0,140.0,3231.0,100.0,0.0,0.0,0.0
12-12-2008,140.0,3231.0,140.0,3231.0,100.0,0.0,0.0,0.0
13-12-2008,140.0,3231.0,140.0,3231.0,100.0,0.0,0.0,0.0
14-12-2008,140.0,3231.0,140.0,3231.0,100.0,0.0,0.0,0.0
15-12-2008,140.0,3231.0,140.0,3231.0,100.0,0.0,0.0,0.0
16-12-2008,140.0,3231.0,140.0,3231.0,100.0,0.0,0.0,0.0
17-12-2008,140.0,3231.0,140.0,3231.0,100.0,0.0,0.0,0.0
18-12-2008,140.0,3231.0,140.0,3231.0,100.0,0.0,0.0,0.0
19-12-2008,140.0,3231.0,140.0,3231.0,100.0,0.0,0.0,0.0
20-12-2008,140.0,3231.0,140.0,3231.0,100.0,0.0,0.0,0.0
21-12-2008,140.0,3231.0,140.0,3231.0,100.0,0.0,0.0,0.0
22-12-2008,140.0,3231.0,140.0,3231.0,100.0,0.0,0.0,0.0
23-12-2008,140.0,3231.0,139.99,3213.0,99.44,0.0,0.0,0.0
24-12-2008,140.0,3231.0,139.98,3186.0,98.61,0.0,0.0,0.0
25-12-2008,140.0,3231.0,139.97,3159.0,97.77,0.0,0.0,0.0
26-12-2008,140.0,3231.0,139.96,3134.0,97.0,0.0,0.0,0.0
27-12-2008,140.0,3231.0,139.92,3121.0,96.6,0.0,0.0,0.0
28-12-2008,140.0,3231.0,139.88,3108.0,96.19,0.0,0.0,0.0
29-12-2008,140.0,3231.0,139.85,3098.0,95.88,0.0,0.0,0.0
30-12-2008,140.0,3231.0,139.81,3087.0,95.54,0.0,0.0,0.0
31-12-2008,140.0,3231.0,139.77,3073.0,95.11,0.0,0.0,0.0
01-01-2009,140.0,3231.0,139.73,3058.0,94.65,0.0,0.0,0.0
02-01-2009,140.0,3231.0,139.69,3045.0,94.24,0.0,0.0,0.0
03-01-2009,140.0,3231.0,139.65,3031.0,93.81,0.0,0.0,0.0
04-01-2009,140.0,3231.0,139.62,3022.0,93.53,0.0,0.0,0.0
05-01-2009,140.0,3231.0,139.59,3012.0,93.22,0.0,0.0,0.0
06-01-2009,140.0,3231.0,139.55,2999.0,92.82,0.0,0.0,0.0
07-01-2009,140.0,3231.0,139.52,2989.0,92.51,0.0,0.0,0.0
08-01-2009,140.0,3231.0,139.5,2982.0,92.29,0.0,0.0,2.0
09-01-2009,140.0,3231.0,139.49,2979.0,92.2,0.0,0.0,0.0
10-01-2009,140.0,3231.0,139.48,2976.0,92.11,0.0,0.0,0.0
11-01-2009,140.0,3231.0,139.47,2973.0,92.01,0.0,0.0,0.0
12-01-2009,140.0,3231.0,139.44,2963.0,91.71,0.0,0.0,0.0
13-01-2009,140.0,3231.0,139.41,2953.0,91.4,0.0,0.0,0.0
14-01-2009,140.0,3231.0,139.38,2944.0,91.12,0.0,0.0,0.0
15-01-2009,140.0,3231.0,139.35,2934.0,90.81,0.0,0.0,0.0
16-01-2009,140.0,3231.0,139.31,2921.0,90.41,0.0,0.0,0.0
17-01-2009,140.0,3231.0,139.31,2921.0,90.41,68.0,0.0,0.0
18-01-2009,140.0,3231.0,139.32,2924.0,90.5,135.0,0.0,0.0
19-01-2009,140.0,3231.0,139.32,2924.0,90.5,147.0,0.0,0.0
20-01-2009,140.0,3231.0,139.31,2921.0,90.41,112.0,0.0,0.0
21-01-2009,140.0,3231.0,139.3,2918.0,90.31,117.0,0.0,0.0
22-01-2009,140.0,3231.0,139.31,2921.0,90.41,147.0,0.0,0.0
23-01-2009,140.0,3231.0,139.32,2924.0,90.5,145.0,0.0,0.0
24-01-2009,140.0,3231.0,139.34,2931.0,90.71,170.0,0.0,0.0
25-01-2009,140.0,3231.0,139.35,2934.0,90.81,168.0,0.0,0.0
26-01-2009,140.0,3231.0,139.35,2934.0,90.81,182.0,0.0,0.0
27-01-2009,140.0,3231.0,139.38,2944.0,91.12,248.0,0.0,0.0
28-01-2009,140.0,3231.0,139.43,2960.0,91.61,283.0,0.0,0.0
29-01-2009,140.0,3231.0,139.47,2973.0,92.01,317.0,0.0,0.0
30-01-2009,140.0,3231.0,139.53,2992.0,92.6,349.0,0.0,0.0
31-01-2009,140.0,3231.0,139.6,3015.0,93.31,354.0,0.0,0.0
01-02-2009,140.0,3231.0,139.63,3025.0,93.62,342.0,0.0,0.0
02-02-2009,140.0,3231.0,139.67,3038.0,94.03,336.0,300.0,0.0
03-02-2009,140.0,3231.0,139.63,3025.0,93.62,323.0,300.0,0.0
04-02-2009,140.0,3231.0,139.62,3022.0,93.53,309.0,300.0,0.0
05-02-2009,140.0,3231.0,139.6,3015.0,93.31,274.0,300.0,0.0
06-02-2009,140.0,3231.0,139.56,3002.0,92.91,256.0,300.0,0.0
07-02-2009,140.0,3231.0,139.51,2986.0,92.42,235.0,300.0,0.0
08-02-2009,140.0,3231.0,139.44,2963.0,91.71,179.0,300.0,0.0
09-02-2009,140.0,3231.0,139.4,2950.0,91.3,123.0,300.0,0.0
10-02-2009,140.0,3231.0,139.3,2918.0,90.31,102.0,300.0,0.0
11-02-2009,140.0,3231.0,139.25,2902.0,89.82,130.0,300.0,0.0
12-02-2009,140.0,3231.0,139.2,2886.0,89.32,150.0,300.0,0.0
13-02-2009,140.0,3231.0,139.14,2867.0,88.73,150.0,300.0,0.0
14-02-2009,140.0,3231.0,139.1,2854.0,88.33,169.0,300.0,0.0
15-02-2009,140.0,3231.0,139.05,2839.0,87.87,162.0,300.0,0.0
16-02-2009,140.0,3231.0,139.0,2823.0,87.37,162.0,300.0,0.0
17-02-2009,140.0,3231.0,138.94,2804.0,86.78,173.0,300.0,0.0
18-02-2009,140.0,3231.0,138.9,2792.0,86.41,200.0,300.0,0.0
19-02-2009,140.0,3231.0,138.87,2782.0,86.1,250.0,300.0,0.0
20-02-2009,140.0,3231.0,138.83,2770.0,85.73,284.0,300.0,0.0
21-02-2009,140.0,3231.0,138.8,2761.0,85.45,288.0,300.0,0.0
22-02-2009,140.0,3231.0,138.8,2761.0,85.45,340.0,300.0,0.0
23-02-2009,140.0,3231.0,138.8,2761.0,85.45,385.0,300.0,0.0
24-02-2009,140.0,3231.0,138.82,2767.0,85.64,410.0,300.0,0.0
25-02-2009,140.0,3231.0,138.83,2770.0,85.73,418.0,300.0,0.0
26-02-2009,140.0,3231.0,138.85,2776.0,85.92,425.0,300.0,0.0
27-02-2009,140.0,3231.0,138.88,2786.0,86.23,425.0,300.0,0.0
28-02-2009,140.0,3231.0,138.9,2795.0,86.51,422.0,300.0,0.0
01-03-2009,140.0,3231.0,138.92,2798.0,86.6,437.0,300.0,0.0
02-03-2009,140.0,3231.0,138.91,2795.0,86.51,443.0,400.0,0.0
03-03-2009,140.0,3231.0,138.89,2789.0,86.32,441.0,400.0,0.0
04-03-2009,140.0,3231.0,138.92,2798.0,86.6,457.0,250.0,0.0
05-03-2009,140.0,3231.0,138.95,2807.0,86.88,471.0,250.0,0.0
06-03-2009,140.0,3231.0,138.98,2817.0,87.19,487.0,250.0,0.0
07-03-2009,140.0,3231.0,139.0,2823.0,87.37,556.0,500.0,0.0
08-03-2009,140.0,3231.0,139.05,2839.0,87.87,638.0,500.0,0.0
09-03-2009,140.0,3231.0,139.05,2839.0,87.87,648.0,500.0,0.0
10-03-2009,140.0,3231.0,139.06,2842.0,87.96,648.0,500.0,0.0
11-03-2009,140.0,3231.0,139.1,2854.0,88.33,645.0,500.0,0.0
12-03-2009,140.0,3231.0,139.12,2861.0,88.55,654.0,500.0,0.0
13-03-2009,140.0,3231.0,139.15,2870.0,88.83,634.0,500.0,0.0
14-03-2009,140.0,3231.0,139.17,2877.0,89.04,607.0,500.0,0.0
15-03-2009,140.0,3231.0,139.19,2883.0,89.23,589.0,500.0,0.0
16-03-2009,140.0,3231.0,139.19,2883.0,89.23,597.0,500.0,0.0
17-03-2009,140.0,3231.0,139.2,2886.0,89.32,609.0,500.0,0.0
18-03-2009,140.0,3231.0,139.21,2889.0,89.42,600.0,500.0,0.0
19-03-2009,140.0,3231.0,139.22,2892.0,89.51,586.0,500.0,0.0
20-03-2009,140.0,3231.0,139.23,2896.0,89.63,566.0,500.0,0.0
21-03-2009,140.0,3231.0,139.24,2899.0,89.72,569.0,500.0,0.0
22-03-2009,140.0,3231.0,139.25,2902.0,89.82,586.0,500.0,0.0
23-03-2009,140.0,3231.0,139.26,2905.0,89.91,530.0,500.0,0.0
24-03-2009,140.0,3231.0,139.25,2902.0,89.82,522.0,500.0,0.0
25-03-2009,140.0,3231.0,139.25,2902.0,89.82,609.0,500.0,0.0
26-03-2009,140.0,3231.0,139.25,2902.0,89.82,609.0,500.0,0.0
27-03-2009,140.0,3231.0,139.28,2912.0,90.13,518.0,0.0,0.0
28-03-2009,140.0,3231.0,139.29,2915.0,90.22,533.0,500.0,0.0
29-03-2009,140.0,3231.0,139.28,2912.0,90.13,500.0,500.0,0.0
30-03-2009,140.0,3231.0,139.26,2905.0,89.91,488.0,500.0,0.0
31-03-2009,140.0,3231.0,139.24,2899.0,89.72,466.0,500.0,0.0
01-04-2009,140.0,3231.0,139.2,2886.0,89.32,376.0,500.0,0.0
02-04-2009,140.0,3231.0,139.11,2858.0,88.46,222.0,500.0,0.0
03-04-2009,140.0,3231.0,138.96,2810.0,86.97,134.0,500.0,0.0
04-04-2009,140.0,3231.0,138.81,2764.0,85.55,0.0,500.0,0.0
05-04-2009,140.0,3231.0,138.68,2724.0,84.31,0.0,500.0,0.0
06-04-2009,140.0,3231.0,138.57,2690.0,83.26,0.0,250.0,0.0
07-04-2009,140.0,3231.0,138.49,2666.0,82.51,0.0,250.0,0.0
08-04-2009,140.0,3231.0,138.4,2639.0,81.68,0.0,250.0,0.0
09-04-2009,140.0,3231.0,138.31,2612.0,80.84,0.0,250.0,0.0
10-04-2009,140.0,3231.0,138.22,2586.0,80.04,0.0,250.0,0.0
11-04-2009,140.0,3231.0,138.13,2559.0,79.2,0.0,250.0,0.0
12-04-2009,140.0,3231.0,138.05,2536.0,78.49,0.0,250.0,0.0
13-04-2009,140.0,3231.0,137.96,2510.0,77.68,0.0,250.0,0.0
14-04-2009,140.0,3231.0,137.87,2484.0,76.88,0.0,250.0,0.0
15-04-2009,140.0,3231.0,137.78,2458.0,76.08,0.0,250.0,0.0
16-04-2009,140.0,3231.0,137.69,2432.0,75.27,0.0,250.0,0.0
17-04-2009,140.0,3231.0,137.59,2404.0,74.4,0.0,250.0,0.0
18-04-2009,140.0,3231.0,137.56,2396.0,74.16,0.0,0.0,0.0
19-04-2009,140.0,3231.0,137.54,2390.0,73.97,0.0,0.0,0.0
20-04-2009,140.0,3231.0,137.52,2384.0,73.79,0.0,0.0,0.0
21-04-2009,140.0,3231.0,137.5,2379.0,73.63,0.0,0.0,0.0
22-04-2009,140.0,3231.0,137.48,2373.0,73.44,0.0,0.0,0.0
23-04-2009,140.0,3231.0,137.46,2367.0,73.26,0.0,0.0,0.0
24-04-2009,140.0,3231.0,137.43,2359.0,73.01,0.0,0.0,0.0
25-04-2009,140.0,3231.0,137.4,2351.0,72.76,0.0,0.0,0.0
26-04-2009,140.0,3231.0,137.37,2342.0,72.49,0.0,0.0,0.0
27-04-2009,140.0,3231.0,137.33,2331.0,72.14,0.0,0.0,0.0
28-04-2009,140.0,3231.0,137.29,2320.0,71.8,0.0,0.0,0.0
29-04-2009,140.0,3231.0,137.25,2309.0,71.46,0.0,0.0,0.0
30-04-2009,140.0,3231.0,137.21,2298.0,71.12,0.0,0.0,0.0
01-05-2009,140.0,3231.0,137.17,2287.0,70.78,0.0,0.0,0.0
02-05-2009,140.0,3231.0,137.13,2276.0,70.44,0.0,0.0,0.0
03-05-2009,140.0,3231.0,137.09,2265.0,70.1,0.0,0.0,0.0
04-05-2009,140.0,3231.0,137.05,2255.0,69.79,0.0,0.0,0.0
05-05-2009,140.0,3231.0,137.01,2244.0,69.45,0.0,0.0,0.0
06-05-2009,140.0,3231.0,136.97,2233.0,69.11,0.0,0.0,0.0
07-05-2009,140.0,3231.0,136.93,2222.0,68.77,0.0,0.0,0.0
08-05-2009,140.0,3231.0,136.89,2211.0,68.43,0.0,0.0,0.0
09-05-2009,140.0,3231.0,136.85,2201.0,68.12,0.0,0.0,0.0
10-05-2009,140.0,3231.0,136.81,2190.0,67.78,0.0,0.0,0.0
11-05-2009,140.0,3231.0,136.77,2179.0,67.44,0.0,0.0,0.0
12-05-2009,140.0,3231.0,136.74,2171.0,67.19,0.0,0.0,0.0
13-05-2009,140.0,3231.0,136.71,2163.0,66.95,0.0,0.0,0.0
14-05-2009,140.0,3231.0,136.68,2155.0,66.7,0.0,0.0,0.0
15-05-2009,140.0,3231.0,136.64,2145.0,66.39,0.0,0.0,0.0
16-05-2009,140.0,3231.0,136.6,2134.0,66.05,0.0,0.0,0.0
17-05-2009,140.0,3231.0,136.57,2126.0,65.8,0.0,0.0,0.0
18-05-2009,140.0,3231.0,136.53,2116.0,65.49,0.0,0.0,0.0
19-05-2009,140.0,3231.0,136.5,2108.0,65.24,0.0,0.0,0.0
20-05-2009,140.0,3231.0,136.47,2100.0,65.0,0.0,0.0,0.0
21-05-2009,140.0,3231.0,136.43,2090.0,64.69,0.0,0.0,11.0
22-05-2009,140.0,3231.0,136.41,2085.0,64.53,0.0,0.0,0.0
23-05-2009,140.0,3231.0,136.38,2077.0,64.28,0.0,0.0,0.0
24-05-2009,140.0,3231.0,136.35,2069.0,64.04,0.0,0.0,0.0
25-05-2009,140.0,3231.0,136.32,2062.0,63.82,0.0,0.0,0.0
26-05-2009,140.0,3231.0,136.28,2051.0,63.48,0.0,0.0,0.0
27-05-2009,140.0,3231.0,136.24,2041.0,63.17,0.0,0.0,0.0
28-05-2009,140.0,3231.0,136.21,2033.0,62.92,0.0,0.0,1.0
29-05-2009,140.0,3231.0,136.18,2025.0,62.67,0.0,0.0,0.0
30-05-2009,140.0,3231.0,136.14,2016.0,62.4,0.0,0.0,1.0
31-05-2009,140.0,3231.0,136.1,2006.0,62.09,0.0,0.0,2.0
01-06-2009,140.0,3231.0,136.08,2000.0,61.9,0.0,0.0,5.0
02-06-2009,140.0,3231.0,136.05,1993.0,61.68,0.0,0.0,0.0
03-06-2009,140.0,3231.0,136.02,1985.0,61.44,0.0,0.0,0.0
04-06-2009,140.0,3231.0,135.99,1978.0,61.22,0.0,0.0,0.0
05-06-2009,140.0,3231.0,135.97,1973.0,61.06,0.0,0.0,9.0
06-06-2009,140.0,3231.0,135.94,1965.0,60.82,0.0,0.0,0.0
07-06-2009,140.0,3231.0,135.9,1955.0,60.51,0.0,0.0,0.0
08-06-2009,140.0,3231.0,135.86,1945.0,60.2,0.0,0.0,0.0
09-06-2009,140.0,3231.0,135.83,1938.0,59.98,0.0,0.0,0.0
10-06-2009,140.0,3231.0,135.79,1928.0,59.67,0.0,0.0,0.0
11-06-2009,140.0,3231.0,135.75,1918.0,59.36,0.0,0.0,1.0
12-06-2009,140.0,3231.0,135.72,1911.0,59.15,0.0,0.0,0.0
13-06-2009,140.0,3231.0,135.68,1901.0,58.84,0.0,0.0,0.0
14-06-2009,140.0,3231.0,135.65,1894.0,58.62,0.0,0.0,2.0
15-06-2009,140.0,3231.0,135.62,1894.0,58.62,0.0,0.0,0.0
16-06-2009,140.0,3231.0,135.59,1879.0,58.16,0.0,0.0,0.0
17-06-2009,140.0,3231.0,135.56,1872.0,57.94,0.0,0.0,0.0
18-06-2009,140.0,3231.0,135.54,1867.0,57.78,0.0,0.0,5.0
19-06-2009,140.0,3231.0,135.51,1860.0,57.57,0.0,0.0,0.0
20-06-2009,140.0,3231.0,135.48,1853.0,57.35,0.0,0.0,0.0
21-06-2009,140.0,3231.0,135.45,1845.0,57.1,0.0,300.0,5.0
22-06-2009,140.0,3231.0,135.34,1819.0,56.3,0.0,300.0,0.0
23-06-2009,140.0,3231.0,135.23,1793.0,55.49,0.0,300.0,0.0
24-06-2009,140.0,3231.0,135.11,1765.0,54.63,0.0,300.0,0.0
25-06-2009,140.0,3231.0,134.99,1737.0,53.76,0.0,300.0,0.0
26-06-2009,140.0,3231.0,134.87,1709.0,52.89,0.0,300.0,0.0
27-06-2009,140.0,3231.0,134.75,1682.0,52.06,0.0,300.0,0.0
28-06-2009,140.0,3231.0,134.62,1653.0,51.16,0.0,300.0,3.0
29-06-2009,140.0,3231.0,134.49,1624.0,50.26,0.0,300.0,0.0
30-06-2009,140.0,3231.0,134.36,1595.0,49.37,0.0,300.0,0.0
01-07-2009,140.0,3231.0,134.23,1567.0,48.5,0.0,300.0,0.0
02-07-2009,140.0,3231.0,134.1,1540.0,47.66,0.0,300.0,0.0
03-07-2009,140.0,3231.0,133.97,1512.0,46.8,0.0,300.0,2.0
04-07-2009,140.0,3231.0,133.83,1483.0,45.9,0.0,300.0,0.0
05-07-2009,140.0,3231.0,133.7,1456.0,45.06,0.0,300.0,6.0
06-07-2009,140.0,3231.0,133.56,1428.0,44.2,0.0,300.0,0.0
07-07-2009,140.0,3231.0,133.41,1398.0,43.27,0.0,300.0,0.0
08-07-2009,140.0,3231.0,133.26,1369.0,42.37,0.0,300.0,0.0
09-07-2009,140.0,3231.0,133.12,1342.0,41.54,0.0,300.0,0.0
10-07-2009,140.0,3231.0,132.97,1314.0,40.67,0.0,300.0,2.0
11-07-2009,140.0,3231.0,132.82,1286.0,39.8,0.0,320.0,0.0
12-07-2009,140.0,3231.0,132.66,1257.0,38.9,0.0,320.0,0.0
13-07-2009,140.0,3231.0,132.49,1227.0,37.98,0.0,320.0,0.0
14-07-2009,140.0,3231.0,132.32,1197.0,37.05,0.0,320.0,0.0
15-07-2009,140.0,3231.0,132.14,1167.0,36.12,0.0,320.0,0.0
16-07-2009,140.0,3231.0,131.95,1135.0,35.13,0.0,320.0,1.0
17-07-2009,140.0,3231.0,131.76,1104.0,34.17,0.0,320.0,0.0
18-07-2009,140.0,3231.0,131.57,1074.0,33.24,0.0,320.0,0.0
19-07-2009,140.0,3231.0,131.36,1042.0,32.25,0.0,320.0,1.0
20-07-2009,140.0,3231.0,131.16,1013.0,31.35,0.0,320.0,3.0
21-07-2009,140.0,3231.0,130.96,983.0,30.42,0.0,320.0,0.0
22-07-2009,140.0,3231.0,130.76,954.0,29.53,0.0,320.0,0.0
23-07-2009,140.0,3231.0,130.56,925.0,28.63,0.0,320.0,0.0
24-07-2009,140.0,3231.0,130.35,895.0,27.7,0.0,320.0,0.0
25-07-2009,140.0,3231.0,130.14,865.0,26.77,0.0,320.0,0.0
26-07-2009,140.0,3231.0,129.93,836.0,25.87,0.0,320.0,0.0
27-07-2009,140.0,3231.0,129.72,807.0,24.98,0.0,320.0,0.0
28-07-2009,140.0,3231.0,129.51,778.0,24.08,0.0,320.0,11.0
29-07-2009,140.0,3231.0,129.34,755.0,23.37,54.0,320.0,18.6
30-07-2009,140.0,3231.0,129.13,726.0,22.47,0.0,320.0,2.0
31-07-2009,140.0,3231.0,129.12,722.0,22.35,274.0,320.0,46.0
01-08-2009,140.0,3231.0,128.9,695.0,21.51,0.0,310.0,0.4
02-08-2009,140.0,3231.0,128.69,668.0,20.67,0.0,310.0,0.0
03-08-2009,140.0,3231.0,128.49,641.0,19.84,0.0,310.0,0.0
04-08-2009,140.0,3231.0,128.27,613.0,18.97,0.0,310.0,0.0
05-08-2009,140.0,3231.0,128.06,586.0,18.14,0.0,310.0,0.0
06-08-2009,140.0,3231.0,127.84,558.0,17.27,0.0,310.0,2.0
07-08-2009,140.0,3231.0,127.61,529.0,16.37,0.0,310.0,0.0
08-08-2009,140.0,3231.0,127.37,500.0,15.48,0.0,310.0,0.0
09-08-2009,140.0,3231.0,127.13,471.0,14.58,0.0,310.0,0.0
10-08-2009,140.0,3231.0,126.88,443.0,13.71,0.0,310.0,0.0
11-08-2009,140.0,3231.0,126.64,416.0,12.88,0.0,310.0,14.0
12-08-2009,140.0,3231.0,126.4,389.0,12.04,0.0,299.0,0.0
13-08-2009,140.0,3231.0,126.14,362.0,11.2,0.0,299.0,1.4
14-08-2009,140.0,3231.0,125.91,338.0,10.46,0.0,279.0,0.0
15-08-2009,140.0,3231.0,126.5,400.0,12.38,982.0,257.0,145.0
16-08-2009,140.0,3231.0,126.25,373.0,11.54,0.0,299.0,0.0
17-08-2009,140.0,3231.0,126.01,348.0,10.77,0.0,289.0,9.0
18-08-2009,140.0,3231.0,125.78,325.0,10.06,0.0,269.0,11.0
19-08-2009,140.0,3231.0,125.55,303.0,9.38,0.0,247.0,0.0
20-08-2009,140.0,3231.0,125.32,281.0,8.7,0.0,247.0,0.0
21-08-2009,140.0,3231.0,125.12,262.0,8.11,0.0,215.0,5.0
22-08-2009,140.0,3231.0,124.92,244.0,7.55,0.0,195.0,0.0
23-08-2009,140.0,3231.0,124.75,229.0,7.09,0.0,165.0,0.0
24-08-2009,140.0,3231.0,124.57,214.0,6.62,0.0,165.0,0.0
25-08-2009,140.0,3231.0,124.46,205.0,6.34,0.0,103.0,0.0
26-08-2009,140.0,3231.0,124.31,193.0,5.97,0.0,103.0,0.0
27-08-2009,140.0,3231.0,124.23,187.0,5.79,0.0,69.0,0.2
28-08-2009,140.0,3231.0,124.14,180.0,5.57,0.0,59.0,0.0
29-08-2009,140.0,3231.0,124.09,177.0,5.48,0.0,35.0,0.0
30-08-2009,140.0,3231.0,124.07,175.0,5.42,0.0,25.0,4.0
31-08-2009,140.0,3231.0,124.1,177.0,5.48,38.0,15.0,10.0
01-09-2009,140.0,3231.0,124.14,180.0,5.57,50.0,15.0,18.0
02-09-2009,140.0,3231.0,124.04,173.0,5.35,0.0,69.0,0.0
03-09-2009,140.0,3231.0,124.01,171.0,5.29,0.0,15.0,0.0
04-09-2009,140.0,3231.0,123.97,168.0,5.2,0.0,30.0,2.4
05-09-2009,140.0,3231.0,123.93,165.0,5.11,0.0,30.0,2.0
06-09-2009,140.0,3231.0,123.87,161.0,4.98,0.0,35.0,0.0
07-09-2009,140.0,3231.0,123.81,157.0,4.86,0.0,35.0,0.0
08-09-2009,140.0,3231.0,123.75,153.0,4.74,0.0,35.0,0.0
09-09-2009,140.0,3231.0,123.69,149.0,4.61,0.0,35.0,0.0
10-09-2009,140.0,3231.0,123.63,145.0,4.49,0.0,35.0,0.0
11-09-2009,140.0,3231.0,123.56,141.0,4.36,0.0,35.0,0.0
12-09-2009,140.0,3231.0,123.5,137.0,4.24,0.0,35.0,0.0
13-09-2009,140.0,3231.0,123.43,133.0,4.12,0.0,35.0,0.0
14-09-2009,140.0,3231.0,123.4,131.0,4.05,0.0,15.0,17.0
15-09-2009,140.0,3231.0,123.36,129.0,3.99,0.0,15.0,0.0
16-09-2009,140.0,3231.0,123.33,127.0,3.93,0.0,15.0,0.0
17-09-2009,140.0,3231.0,123.29,125.0,3.87,0.0,15.0,1.0
18-09-2009,140.0,3231.0,123.26,123.0,3.81,0.0,15.0,0.0
19-09-2009,140.0,3231.0,123.24,122.0,3.78,0.0,15.0,0.0
20-09-2009,140.0,3231.0,123.71,150.0,4.64,330.0,0.0,0.0
21-09-2009,140.0,3231.0,124.32,194.0,6.0,510.0,0.0,25.45
22-09-2009,140.0,3231.0,124.91,243.0,7.52,567.0,0.0,0.0
23-09-2009,140.0,3231.0,125.46,294.0,9.1,588.0,0.0,0.0
24-09-2009,140.0,3231.0,125.98,345.0,10.68,610.0,0.0,19.0
25-09-2009,140.0,3231.0,126.43,393.0,12.16,572.0,20.0,0.0
26-09-2009,140.0,3231.0,126.83,437.0,13.53,512.0,20.0,0.0
27-09-2009,140.0,3231.0,127.19,478.0,14.79,495.0,20.0,0.0
28-09-2009,140.0,3231.0,127.52,519.0,16.06,498.0,20.0,9.0
29-09-2009,140.0,3231.0,127.79,551.0,17.05,390.0,20.0,0.0
30-09-2009,140.0,3231.0,127.97,574.0,17.77,284.0,20.0,1.4
01-10-2009,140.0,3231.0,128.21,605.0,18.72,360.0,20.0,1.0
02-10-2009,140.0,3231.0,128.52,645.0,19.96,491.0,20.0,0.0
03-10-2009,140.0,3231.0,128.84,687.0,21.26,515.0,20.0,0.0
04-10-2009,140.0,3231.0,129.14,728.0,22.53,487.0,20.0,0.0
05-10-2009,140.0,3231.0,129.41,764.0,23.65,435.0,20.0,0.0
06-10-2009,140.0,3231.0,129.65,797.0,24.67,400.0,20.0,0.0
07-10-2009,140.0,3231.0,129.87,828.0,25.63,369.0,20.0,0.0
08-10-2009,140.0,3231.0,130.09,858.0,26.56,375.0,20.0,0.0
09-10-2009,140.0,3231.0,130.31,889.0,27.51,382.0,20.0,0.0
10-10-2009,140.0,3231.0,130.62,934.0,28.91,503.0,20.0,57.0
11-10-2009,140.0,3231.0,130.89,973.0,30.11,483.0,35.0,0.0
12-10-2009,140.0,3231.0,131.12,1007.0,31.17,523.0,35.0,0.0
13-10-2009,140.0,3231.0,131.32,1036.0,32.06,504.0,35.0,0.0
14-10-2009,140.0,3231.0,131.5,1064.0,32.93,466.0,35.0,0.0
15-10-2009,140.0,3231.0,131.7,1095.0,33.89,470.0,35.0,0.0
16-10-2009,140.0,3231.0,141.9,1127.0,34.88,526.0,35.0,0.0
17-10-2009,140.0,3231.0,132.07,1157.0,35.81,481.0,35.0,0.0
18-10-2009,140.0,3231.0,132.17,1172.0,36.27,354.0,35.0,0.0
19-10-2009,140.0,3231.0,132.26,1187.0,36.74,307.0,35.0,0.0
20-10-2009,140.0,3231.0,132.39,1209.0,37.42,392.0,35.0,0.0
21-10-2009,140.0,3231.0,132.56,1239.0,38.35,439.0,35.0,0.0
22-10-2009,140.0,3231.0,132.62,1250.0,38.69,453.0,285.0,0.0
23-10-2009,140.0,3231.0,132.68,1261.0,39.03,445.0,285.0,0.0
24-10-2009,140.0,3231.0,132.78,1279.0,39.59,481.0,285.0,0.0
25-10-2009,140.0,3231.0,132.78,1279.0,39.59,555.0,535.0,0.0
26-10-2009,140.0,3231.0,132.75,1273.0,39.4,498.0,535.0,0.0
27-10-2009,140.0,3231.0,132.68,1261.0,39.03,403.0,535.0,0.0
28-10-2009,140.0,3231.0,132.57,1241.0,38.41,318.0,535.0,0.0
29-10-2009,140.0,3231.0,132.45,1220.0,37.76,297.0,535.0,5.0
30-10-2009,140.0,3231.0,132.37,1206.0,37.33,352.0,535.0,17.0
31-10-2009,140.0,3231.0,132.27,1189.0,36.8,327.0,535.0,0.0
01-11-2009,140.0,3231.0,132.19,1175.0,36.37,372.0,535.0,0.0
02-11-2009,140.0,3231.0,132.13,1165.0,36.06,406.0,535.0,0.0
03-11-2009,140.0,3231.0,132.06,1153.0,35.69,402.0,535.0,9.0
04-11-2009,140.0,3231.0,132.11,1162.0,35.96,662.0,535.0,30.0
05-11-2009,140.0,3231.0,132.16,1170.0,36.21,628.0,535.0,30.0
06-11-2009,140.0,3231.0,132.21,1178.0,36.46,526.0,435.0,15.0
07-11-2009,140.0,3231.0,132.5,1229.0,38.04,1025.0,435.0,71.0
08-11-2009,140.0,3231.0,132.82,1286.0,39.8,695.0,35.0,37.6
09-11-2009,140.0,3231.0,133.38,1392.0,43.08,1230.0,0.0,54.6
10-11-2009,140.0,3231.0,133.78,1473.0,45.59,978.0,0.0,3.0
11-11-2009,140.0,3231.0,134.03,1525.0,47.2,602.0,0.0,7.0
12-11-2009,140.0,3231.0,134.17,1554.0,48.1,392.0,0.0,0.0
13-11-2009,140.0,3231.0,134.21,1563.0,48.38,209.0,0.0,0.0
14-11-2009,140.0,3231.0,134.22,1565.0,48.44,141.0,0.0,0.0
15-11-2009,140.0,3231.0,134.41,1606.0,49.71,475.0,0.0,42.4
16-11-2009,140.0,3231.0,134.61,1651.0,51.1,521.0,0.0,11.4
17-11-2009,140.0,3231.0,134.81,1696.0,52.49,525.0,0.0,0.0
18-11-2009,140.0,3231.0,134.92,1721.0,53.27,480.0,0.0,0.0
19-11-2009,140.0,3231.0,135.1,1763.0,54.57,506.0,0.0,0.0
20-11-2009,140.0,3231.0,135.27,1802.0,55.77,502.0,0.0,0.0
21-11-2009,140.0,3231.0,135.45,1845.0,57.1,543.0,0.0,0.0
22-11-2009,140.0,3231.0,135.6,1882.0,58.25,532.0,0.0,17.0
23-11-2009,140.0,3231.0,135.76,1921.0,59.46,523.0,0.0,0.0
24-11-2009,140.0,3231.0,135.92,1960.0,60.66,517.0,0.0,0.0
25-11-2009,140.0,3231.0,136.07,1998.0,61.84,504.0,0.0,2.0
26-11-2009,140.0,3231.0,136.21,2033.0,62.92,510.0,0.0,0.0
27-11-2009,140.0,3231.0,136.35,2069.0,64.04,510.0,0.0,0.0
28-11-2009,140.0,3231.0,136.51,2111.0,65.34,593.0,0.0,0.0
29-11-2009,140.0,3231.0,136.69,2158.0,66.79,650.0,0.0,0.0
30-11-2009,140.0,3231.0,136.87,2206.0,68.28,637.0,0.0,0.0
01-12-2009,140.0,3231.0,137.05,2255.0,69.79,637.0,0.0,0.0
02-12-2009,140.0,3231.0,137.22,2301.0,71.22,631.0,0.0,0.0
03-12-2009,140.0,3231.0,137.39,2348.0,72.67,637.0,0.0,1.0
04-12-2009,140.0,3231.0,137.58,2401.0,74.31,613.0,0.0,19.0
05-12-2009,140.0,3231.0,137.73,2444.0,75.64,580.0,0.0,1.0
06-12-2009,140.0,3231.0,137.87,2484.0,76.88,568.0,0.0,0.0
07-12-2009,140.0,3231.0,138.01,2524.0,78.12,557.0,0.0,0.0
08-12-2009,140.0,3231.0,138.15,2565.0,79.39,591.0,0.0,0.0
09-12-2009,140.0,3231.0,138.29,2606.0,80.66,509.0,0.0,0.0
10-12-2009,140.0,3231.0,138.42,2645.0,81.86,486.0,0.0,0.0
11-12-2009,140.0,3231.0,138.55,2684.0,83.07,486.0,0.0,0.0
12-12-2009,140.0,3231.0,138.67,2721.0,84.22,463.0,0.0,0.0
13-12-2009,140.0,3231.0,138.8,2761.0,85.45,498.0,0.0,0.0
14-12-2009,140.0,3231.0,138.93,2801.0,86.69,498.0,0.0,0.0
15-12-2009,140.0,3231.0,139.01,2826.0,87.47,324.0,0.0,0.0
16-12-2009,140.0,3231.0,139.37,2940.0,90.99,1419.0,100.0,87.0
17-12-2009,140.0,3231.0,139.34,2931.0,90.71,563.0,826.0,12.0
18-12-2009,140.0,3231.0,139.17,2877.0,89.04,185.0,826.0,1.0
19-12-2009,140.0,3231.0,139.0,2823.0,87.37,236.0,826.0,0.0
20-12-2009,140.0,3231.0,138.8,2761.0,85.45,137.0,826.0,0.0
21-12-2009,140.0,3231.0,138.67,2721.0,84.22,351.0,814.0,12.0
22-12-2009,140.0,3231.0,138.49,2666.0,82.51,177.0,814.0,3.0
23-12-2009,140.0,3231.0,138.28,2603.0,80.56,73.0,802.0,0.0
24-12-2009,140.0,3231.0,138.15,2565.0,79.39,0.0,472.0,0.0
25-12-2009,140.0,3231.0,138.05,2536.0,78.49,0.0,438.0,0.0
26-12-2009,140.0,3231.0,137.92,2498.0,77.31,0.0,438.0,0.0
27-12-2009,140.0,3231.0,137.8,2464.0,76.26,0.0,438.0,0.0
28-12-2009,140.0,3231.0,137.69,2432.0,75.27,0.0,438.0,0.0
29-12-2009,140.0,3231.0,137.56,2396.0,74.16,0.0,438.0,0.0
30-12-2009,140.0,3231.0,137.43,2359.0,73.01,0.0,438.0,0.0
31-12-2009,140.0,3231.0,137.29,2320.0,71.8,0.0,426.0,0.0
01-01-2010,140.0,3231.0,137.19,2293.0,70.97,0.0,426.0,0.0
02-01-2010,140.0,3231.0,137.04,2252.0,69.7,0.0,426.0,0.0
03-01-2010,140.0,3231.0,136.9,2214.0,68.52,0.0,426.0,0.0
04-01-2010,140.0,3231.0,136.78,2182.0,67.53,0.0,419.0,0.0
05-01-2010,140.0,3231.0,136.66,2150.0,66.54,0.0,419.0,0.0
06-01-2010,140.0,3231.0,136.53,2116.0,65.49,0.0,419.0,0.0
07-01-2010,140.0,3231.0,136.4,2082.0,64.44,0.0,419.0,0.0
08-01-2010,140.0,3231.0,136.3,2056.0,63.63,0.0,413.0,0.0
09-01-2010,140.0,3231.0,136.2,2031.0,62.86,0.0,289.0,0.0
10-01-2010,140.0,3231.0,136.1,2006.0,62.09,0.0,289.0,0.0
11-01-2010,140.0,3231.0,136.0,1980.0,61.28,0.0,301.0,0.0
12-01-2010,140.0,3231.0,135.9,1955.0,60.51,0.0,289.0,0.0
13-01-2010,140.0,3231.0,135.8,1931.0,59.76,0.0,278.0,0.0
14-01-2010,140.0,3231.0,135.71,1908.0,59.05,0.0,266.0,3.0
15-01-2010,140.0,3231.0,135.61,1884.0,58.31,0.0,278.0,0.0
16-01-2010,140.0,3231.0,135.53,1865.0,57.72,0.0,50.0,0.0
17-01-2010,140.0,3231.0,135.51,1860.0,57.57,0.0,50.0,0.0
18-01-2010,140.0,3231.0,135.49,1855.0,57.41,0.0,50.0,0.0
19-01-2010,140.0,3231.0,135.46,1848.0,57.2,0.0,50.0,0.0
20-01-2010,140.0,3231.0,135.35,1821.0,56.36,0.0,312.0,0.0
21-01-2010,140.0,3231.0,135.21,1788.0,55.34,0.0,382.0,0.0
22-01-2010,140.0,3231.0,135.1,1763.0,54.57,0.0,289.0,0.0
23-01-2010,140.0,3231.0,134.99,1737.0,53.76,0.0,301.0,0.0
24-01-2010,140.0,3231.0,134.87,1709.0,52.89,0.0,324.0,0.0
25-01-2010,140.0,3231.0,134.75,1682.0,52.06,0.0,312.0,0.0
26-01-2010,140.0,3231.0,134.63,1655.0,51.22,0.0,312.0,0.0
27-01-2010,140.0,3231.0,134.5,1626.0,50.32,0.0,336.0,0.0
28-01-2010,140.0,3231.0,134.37,1598.0,49.46,0.0,324.0,0.0
29-01-2010,140.0,3231.0,134.25,1572.0,48.65,0.0,301.0,0.0
30-01-2010,140.0,3231.0,134.13,1546.0,47.85,0.0,301.0,0.0
31-01-2010,140.0,3231.0,134.01,1520.0,47.04,0.0,301.0,0.0
01-02-2010,140.0,3231.0,133.88,1493.0,46.21,0.0,312.0,0.0
02-02-2010,140.0,3231.0,133.75,1467.0,45.4,0.0,301.0,0.0
03-02-2010,140.0,3231.0,133.65,1446.0,44.75,58.0,301.0,0.0
04-02-2010,140.0,3231.0,133.57,1430.0,44.26,116.0,301.0,0.0
05-02-2010,140.0,3231.0,133.53,1422.0,44.01,208.0,301.0,0.0
06-02-2010,140.0,3231.0,133.49,1414.0,43.76,208.0,301.0,0.0
07-02-2010,140.0,3231.0,133.45,1406.0,43.52,208.0,301.0,0.0
08-02-2010,140.0,3231.0,133.47,1410.0,43.64,375.0,301.0,0.0
09-02-2010,140.0,3231.0,133.5,1416.0,43.83,413.0,316.0,0.0
10-02-2010,140.0,3231.0,133.53,1422.0,44.01,413.0,316.0,0.0
11-02-2010,140.0,3231.0,133.57,1430.0,44.26,436.0,316.0,0.0
12-02-2010,140.0,3231.0,133.6,1436.0,44.44,428.0,331.0,0.0
13-02-2010,140.0,3231.0,133.65,1446.0,44.75,475.0,331.0,0.0
14-02-2010,140.0,3231.0,133.72,1460.0,45.19,520.0,331.0,0.0
15-02-2010,140.0,3231.0,133.79,1475.0,45.65,532.0,331.0,0.0
16-02-2010,140.0,3231.0,133.85,1487.0,46.02,498.0,331.0,0.0
17-02-2010,140.0,3231.0,133.92,1502.0,46.49,532.0,331.0,0.0
18-02-2010,140.0,3231.0,134.0,1518.0,46.98,547.0,331.0,0.0
19-02-2010,140.0,3231.0,134.08,1535.0,47.51,559.0,331.0,0.0
20-02-2010,140.0,3231.0,134.19,1559.0,48.25,639.0,331.0,0.0
21-02-2010,140.0,3231.0,134.32,1587.0,49.12,686.0,331.0,0.0
22-02-2010,140.0,3231.0,134.44,1613.0,49.92,663.0,331.0,0.0
23-02-2010,140.0,3231.0,134.59,1635.0,50.6,617.0,331.0,0.0
24-02-2010,140.0,3231.0,134.65,1660.0,51.38,651.0,331.0,0.0
25-02-2010,140.0,3231.0,134.75,1682.0,52.06,617.0,331.0,0.0
26-02-2010,140.0,3231.0,134.83,1700.0,52.62,570.0,331.0,0.0
27-02-2010,140.0,3231.0,134.91,1719.0,53.2,582.0,331.0,0.0
28-02-2010,140.0,3231.0,135.0,1739.0,53.82,593.0,331.0,0.0
01-03-2010,140.0,3231.0,135.08,1758.0,54.41,590.0,334.0,0.0
02-03-2010,140.0,3231.0,135.14,1772.0,54.84,532.0,334.0,0.0
03-03-2010,140.0,3231.0,135.18,1781.0,55.12,474.0,334.0,0.0
04-03-2010,140.0,3231.0,135.21,1788.0,55.34,451.0,334.0,0.0
05-03-2010,140.0,3231.0,135.27,1802.0,55.77,532.0,334.0,0.0
06-03-2010,140.0,3231.0,135.33,1817.0,56.24,544.0,334.0,0.0
07-03-2010,140.0,3231.0,135.4,1833.0,56.73,555.0,334.0,0.0
08-03-2010,140.0,3231.0,135.48,1853.0,57.35,601.0,334.0,0.0
09-03-2010,140.0,3231.0,135.56,1872.0,57.94,596.0,340.0,0.0
10-03-2010,140.0,3231.0,135.63,1889.0,58.46,573.0,340.0,0.0
11-03-2010,140.0,3231.0,135.67,1899.0,58.77,492.0,340.0,0.0
12-03-2010,140.0,3231.0,135.73,1913.0,59.21,538.0,340.0,0.0
13-03-2010,140.0,3231.0,135.78,1926.0,59.61,526.0,340.0,0.0
14-03-2010,140.0,3231.0,135.82,1936.0,59.92,492.0,340.0,0.0
15-03-2010,140.0,3231.0,135.86,1945.0,60.2,480.0,340.0,0.0
16-03-2010,140.0,3231.0,135.89,1953.0,60.45,469.0,340.0,0.0
17-03-2010,140.0,3231.0,135.93,1963.0,60.76,416.0,30.0,0.0
18-03-2010,140.0,3231.0,135.95,1968.0,60.91,395.0,340.0,0.0
19-03-2010,140.0,3231.0,135.98,1975.0,61.13,457.0,340.0,0.0
20-03-2010,140.0,3231.0,136.0,1980.0,61.28,434.0,340.0,0.0
21-03-2010,140.0,3231.0,136.01,1983.0,61.37,420.0,346.0,0.0
22-03-2010,140.0,3231.0,136.03,1988.0,61.53,443.0,346.0,0.0
23-03-2010,140.0,3231.0,136.04,1990.0,61.59,408.0,346.0,0.0
24-03-2010,140.0,3231.0,136.08,2000.0,61.9,501.0,346.0,0.0
25-03-2010,140.0,3231.0,136.12,2011.0,62.24,512.0,346.0,0.0
26-03-2010,140.0,3231.0,136.18,2026.0,62.71,559.0,346.0,0.0
27-03-2010,140.0,3231.0,136.24,2041.0,63.17,559.0,346.0,0.0
28-03-2010,140.0,3231.0,136.29,2054.0,63.57,535.0,346.0,0.0
29-03-2010,140.0,3231.0,136.31,2059.0,63.73,443.0,346.0,0.0
30-03-2010,140.0,3231.0,136.31,2059.0,63.73,385.0,346.0,0.0
31-03-2010,140.0,3231.0,136.31,2059.0,63.73,385.0,346.0,0.0
01-04-2010,140.0,3231.0,136.29,2054.0,63.57,327.0,426.0,0.0
02-04-2010,140.0,3231.0,136.26,2046.0,63.32,296.0,346.0,0.0
03-04-2010,140.0,3231.0,136.19,2028.0,62.77,181.0,346.0,0.0
04-04-2010,140.0,3231.0,136.08,2000.0,61.9,65.0,346.0,0.0
05-04-2010,140.0,3231.0,135.95,1968.0,60.91,0.0,340.0,0.0
06-04-2010,140.0,3231.0,135.83,1938.0,59.98,0.0,340.0,0.0
07-04-2010,140.0,3231.0,135.71,1908.0,59.05,0.0,340.0,0.0
08-04-2010,140.0,3231.0,135.57,1874.0,58.0,0.0,340.0,0.0
09-04-2010,140.0,3231.0,135.44,1843.0,57.04,0.0,334.0,0.0
10-04-2010,140.0,3231.0,135.31,1812.0,56.08,0.0,334.0,0.0
11-04-2010,140.0,3231.0,135.24,1795.0,55.56,0.0,30.0,0.0
12-04-2010,140.0,3231.0,135.1,1763.0,54.57,0.0,334.0,0.0
13-04-2010,140.0,3231.0,134.96,1730.0,53.54,0.0,334.0,0.0
14-04-2010,140.0,3231.0,134.82,1698.0,52.55,0.0,328.0,0.0
15-04-2010,140.0,3231.0,134.68,1666.0,51.56,0.0,328.0,0.0
16-04-2010,140.0,3231.0,134.54,1635.0,50.6,0.0,328.0,0.0
17-04-2010,140.0,3231.0,134.41,1606.0,49.71,0.0,321.0,0.0
18-04-2010,140.0,3231.0,134.28,1578.0,48.84,0.0,321.0,0.0
19-04-2010,140.0,3231.0,134.14,1548.0,47.91,0.0,321.0,0.0
20-04-2010,140.0,3231.0,134.0,1518.0,46.98,0.0,321.0,0.0
21-04-2010,140.0,3231.0,133.87,1491.0,46.15,0.0,315.0,0.0
22-04-2010,140.0,3231.0,133.73,1462.0,45.25,0.0,315.0,0.0
23-04-2010,140.0,3231.0,133.58,1432.0,44.32,0.0,315.0,0.0
24-04-2010,140.0,3231.0,133.44,1404.0,43.45,0.0,301.0,0.0
25-04-2010,140.0,3231.0,133.39,1394.0,43.14,0.0,30.0,0.0
26-04-2010,140.0,3231.0,133.36,1389.0,42.99,0.0,30.0,0.0
27-04-2010,140.0,3231.0,133.33,1383.0,42.8,0.0,30.0,0.0
28-04-2010,140.0,3231.0,133.29,1375.0,42.56,0.0,30.0,0.0
29-04-2010,140.0,3231.0,133.26,1369.0,42.37,0.0,30.0,0.0
30-04-2010,140.0,3231.0,133.23,1363.0,42.19,0.0,30.0,0.0
01-05-2010,140.0,3231.0,133.19,1356.0,41.97,0.0,30.0,1.0
02-05-2010,140.0,3231.0,133.16,1350.0,41.78,0.0,30.0,0.0
03-05-2010,140.0,3231.0,133.12,1342.0,41.54,0.0,30.0,0.0
04-05-2010,140.0,3231.0,133.09,1336.0,41.35,0.0,30.0,0.0
05-05-2010,140.0,3231.0,133.06,1331.0,41.19,0.0,30.0,1.0
06-05-2010,140.0,3231.0,133.02,1323.0,40.95,0.0,30.0,1.0
07-05-2010,140.0,3231.0,132.99,1318.0,40.79,0.0,30.0,0.0
08-05-2010,140.0,3231.0,132.95,1310.0,40.54,0.0,30.0,0.0
09-05-2010,140.0,3231.0,132.92,1305.0,40.39,0.0,30.0,0.0
10-05-2010,140.0,3231.0,132.88,1297.0,40.14,0.0,30.0,0.0
11-05-2010,140.0,3231.0,132.85,1292.0,39.99,0.0,30.0,0.0
12-05-2010,140.0,3231.0,132.81,1284.0,39.74,0.0,30.0,0.0
13-05-2010,140.0,3231.0,132.78,1279.0,39.59,0.0,30.0,0.0
14-05-2010,140.0,3231.0,132.75,1273.0,39.4,0.0,30.0,0.0
15-05-2010,140.0,3231.0,132.71,1266.0,39.18,0.0,30.0,0.0
16-05-2010,140.0,3231.0,132.68,1261.0,39.03,0.0,30.0,0.0
17-05-2010,140.0,3231.0,132.64,1253.0,38.78,0.0,30.0,0.0
18-05-2010,140.0,3231.0,132.6,1246.0,38.56,0.0,30.0,0.0
19-05-2010,140.0,3231.0,132.57,1241.0,38.41,0.0,30.0,13.0
20-05-2010,140.0,3231.0,132.69,1262.0,39.06,243.0,30.0,86.0
21-05-2010,140.0,3231.0,132.66,1257.0,38.9,0.0,30.0,0.0
22-05-2010,140.0,3231.0,132.63,1252.0,38.75,0.0,30.0,0.0
23-05-2010,140.0,3231.0,132.6,1246.0,38.56,0.0,30.0,0.0
24-05-2010,140.0,3231.0,132.57,1241.0,38.41,0.0,30.0,0.0
25-05-2010,140.0,3231.0,132.54,1236.0,38.25,0.0,30.0,0.0
26-05-2010,140.0,3231.0,132.5,1229.0,38.04,0.0,30.0,0.0
27-05-2010,140.0,3231.0,132.47,1223.0,37.85,0.0,30.0,0.0
28-05-2010,140.0,3231.0,132.44,1218.0,37.7,0.0,30.0,0.0
29-05-2010,140.0,3231.0,132.41,1213.0,37.54,0.0,30.0,0.0
30-05-2010,140.0,3231.0,132.37,1206.0,37.33,0.0,30.0,0.0
31-05-2010,140.0,3231.0,132.34,1201.0,37.17,0.0,30.0,0.0
01-06-2010,140.0,3231.0,132.31,1195.0,36.99,0.0,30.0,0.0
02-06-2010,140.0,3231.0,132.28,1190.0,36.83,0.0,30.0,0.0
03-06-2010,140.0,3231.0,132.24,1183.0,36.61,0.0,30.0,0.0
04-06-2010,140.0,3231.0,132.2,1177.0,36.43,0.0,30.0,0.0
05-06-2010,140.0,3231.0,132.16,1170.0,36.21,0.0,30.0,0.0
06-06-2010,140.0,3231.0,132.12,1163.0,36.0,0.0,30.0,0.0
07-06-2010,140.0,3231.0,132.08,1157.0,35.81,0.0,30.0,3.0
08-06-2010,140.0,3231.0,132.04,1150.0,35.59,0.0,30.0,2.0
09-06-2010,140.0,3231.0,132.0,1143.0,35.38,0.0,30.0,12.0
10-06-2010,140.0,3231.0,132.02,1147.0,35.5,102.0,30.0,13.0
11-06-2010,140.0,3231.0,131.99,1142.0,35.35,0.0,30.0,0.0
12-06-2010,140.0,3231.0,131.96,1137.0,35.19,0.0,30.0,2.0
13-06-2010,140.0,3231.0,131.93,1132.0,35.04,0.0,30.0,1.0
14-06-2010,140.0,3231.0,131.9,1127.0,34.88,0.0,30.0,2.0
15-06-2010,140.0,3231.0,131.87,1122.0,34.73,0.0,30.0,0.0
16-06-2010,140.0,3231.0,131.84,1117.0,34.57,0.0,30.0,0.0
17-06-2010,140.0,3231.0,131.81,1112.0,34.42,0.0,30.0,0.0
18-06-2010,140.0,3231.0,131.78,1107.0,34.26,0.0,30.0,0.0
19-06-2010,140.0,3231.0,131.74,1101.0,34.08,0.0,30.0,0.0
20-06-2010,140.0,3231.0,131.71,1096.0,33.92,0.0,30.0,0.0
21-06-2010,140.0,3231.0,131.68,1092.0,33.8,0.0,30.0,0.0
22-06-2010,140.0,3231.0,131.65,1087.0,33.64,0.0,30.0,0.0
23-06-2010,140.0,3231.0,131.62,1082.0,33.49,0.0,30.0,0.0
24-06-2010,140.0,3231.0,131.59,1077.0,33.33,0.0,30.0,0.0
25-06-2010,140.0,3231.0,131.56,1073.0,33.21,0.0,30.0,0.0
26-06-2010,140.0,3231.0,131.53,1068.0,33.05,0.0,30.0,1.0
27-06-2010,140.0,3231.0,131.5,1064.0,32.93,0.0,30.0,3.0
28-06-2010,140.0,3231.0,131.5,1064.0,32.93,53.0,30.0,38.0
29-06-2010,140.0,3231.0,131.47,1059.0,32.78,0.0,30.0,0.0
30-06-2010,140.0,3231.0,131.44,1054.0,32.62,0.0,30.0,0.0
01-07-2010,140.0,3231.0,131.41,1050.0,32.5,0.0,30.0,0.0
02-07-2010,140.0,3231.0,131.38,1045.0,32.34,0.0,30.0,0.0
03-07-2010,140.0,3231.0,131.35,1041.0,32.22,0.0,30.0,0.0
04-07-2010,140.0,3231.0,131.32,1036.0,32.06,0.0,30.0,0.0
05-07-2010,140.0,3231.0,131.29,1032.0,31.94,0.0,30.0,3.4
06-07-2010,140.0,3231.0,131.29,1032.0,31.94,49.0,30.0,3.4
07-07-2010,140.0,3231.0,131.32,1036.0,32.06,95.0,30.0,5.6
08-07-2010,140.0,3231.0,131.29,1032.0,31.94,0.0,30.0,0.0
09-07-2010,140.0,3231.0,131.26,1027.0,31.79,0.0,30.0,0.0
10-07-2010,140.0,3231.0,131.27,1029.0,31.85,66.0,30.0,3.0
11-07-2010,140.0,3231.0,131.24,1024.0,31.69,0.0,30.0,0.0
12-07-2010,140.0,3231.0,131.21,1020.0,31.57,0.0,30.0,0.0
13-07-2010,140.0,3231.0,131.25,1026.0,31.75,118.0,30.0,11.6
14-07-2010,140.0,3231.0,131.22,1021.0,31.6,0.0,30.0,0.0
15-07-2010,140.0,3231.0,131.19,1017.0,31.48,0.0,30.0,0.0
16-07-2010,140.0,3231.0,131.16,1013.0,31.35,0.0,30.0,0.0
17-07-2010,140.0,3231.0,131.32,1036.0,32.06,315.0,30.0,33.4
18-07-2010,140.0,3231.0,131.5,1064.0,32.93,373.0,30.0,48.6
19-07-2010,140.0,3231.0,131.55,1071.0,33.15,130.0,30.0,18.4
20-07-2010,140.0,3231.0,131.58,1076.0,33.3,107.0,30.0,4.8
21-07-2010,140.0,3231.0,131.69,1093.0,33.83,227.0,30.0,17.6
22-07-2010,140.0,3231.0,131.7,1095.0,33.89,53.0,30.0,2.6
23-07-2010,140.0,3231.0,131.67,1090.0,33.74,0.0,30.0,0.0
24-07-2010,140.0,3231.0,131.64,1085.0,33.58,0.0,30.0,0.0
25-07-2010,140.0,3231.0,131.62,1082.0,33.49,0.0,30.0,0.0
26-07-2010,140.0,3231.0,131.59,1077.0,33.33,0.0,30.0,0.0
27-07-2010,140.0,3231.0,131.56,1073.0,33.21,0.0,30.0,0.0
28-07-2010,140.0,3231.0,131.6,1079.0,33.4,118.0,30.0,10.4
29-07-2010,140.0,3231.0,131.59,1077.0,33.33,26.0,30.0,1.4
30-07-2010,140.0,3231.0,131.7,1095.0,33.89,257.0,30.0,23.0
31-07-2010,140.0,3231.0,131.75,1103.0,34.14,142.0,30.0,21.0
01-08-2010,140.0,3231.0,131.72,1098.0,33.98,0.0,30.0,0.6
02-08-2010,140.0,3231.0,131.69,1093.0,33.83,0.0,30.0,0.0
03-08-2010,140.0,3231.0,131.66,1088.0,33.67,0.0,30.0,0.0
04-08-2010,140.0,3231.0,131.62,1082.0,33.49,0.0,30.0,0.0
05-08-2010,140.0,3231.0,131.59,1077.0,33.33,0.0,30.0,0.0
06-08-2010,140.0,3231.0,131.56,1073.0,33.21,0.0,30.0,0.0
07-08-2010,140.0,3231.0,131.53,1068.0,33.05,0.0,30.0,0.0
08-08-2010,140.0,3231.0,131.5,1064.0,32.93,0.0,30.0,1.0
09-08-2010,140.0,3231.0,131.47,1059.0,32.78,0.0,30.0,0.0
10-08-2010,140.0,3231.0,131.45,1056.0,32.68,0.0,30.0,0.0
11-08-2010,140.0,3231.0,131.42,1051.0,32.53,0.0,30.0,0.0
12-08-2010,140.0,3231.0,131.39,1047.0,32.4,0.0,30.0,0.0
13-08-2010,140.0,3231.0,131.5,1064.0,32.93,246.0,30.0,32.0
14-08-2010,140.0,3231.0,131.57,1074.0,33.24,165.0,30.0,26.0
15-08-2010,140.0,3231.0,131.55,1071.0,33.15,0.0,30.0,0.0
16-08-2010,140.0,3231.0,131.52,1067.0,33.02,0.0,30.0,0.0
17-08-2010,140.0,3231.0,131.49,1062.0,32.87,0.0,30.0,0.0
18-08-2010,140.0,3231.0,131.64,1085.0,33.58,315.0,30.0,50.0
19-08-2010,140.0,3231.0,131.79,1109.0,34.32,327.0,30.0,35.0
20-08-2010,140.0,3231.0,131.79,1109.0,34.32,49.0,30.0,0.0
21-08-2010,140.0,3231.0,131.81,1112.0,34.42,84.0,30.0,7.6
22-08-2010,140.0,3231.0,131.92,1130.0,34.97,238.0,30.0,18.0
23-08-2010,140.0,3231.0,132.06,1153.0,35.69,296.0,30.0,30.0
24-08-2010,140.0,3231.0,132.22,1180.0,36.52,342.0,30.0,2.0
25-08-2010,140.0,3231.0,132.35,1202.0,37.2,285.0,30.0,6.0
26-08-2010,140.0,3231.0,132.48,1225.0,37.91,296.0,30.0,5.8
27-08-2010,140.0,3231.0,132.48,1225.0,37.91,49.0,30.0,0.0
28-08-2010,140.0,3231.0,132.46,1222.0,37.82,0.0,30.0,0.0
29-08-2010,140.0,3231.0,132.44,1218.0,37.7,0.0,30.0,0.0
30-08-2010,140.0,3231.0,132.65,1255.0,38.84,458.0,30.0,30.0
31-08-2010,140.0,3231.0,132.7,1264.0,39.12,134.0,30.0,0.0
01-09-2010,140.0,3231.0,132.7,1264.0,39.12,54.0,30.0,0.0
02-09-2010,140.0,3231.0,132.68,1261.0,39.03,0.0,30.0,0.0
03-09-2010,140.0,3231.0,132.71,1266.0,39.18,88.0,30.0,13.0
04-09-2010,140.0,3231.0,132.69,1262.0,39.06,0.0,30.0,0.0
05-09-2010,140.0,3231.0,132.67,1259.0,38.97,0.0,30.0,0.0
06-09-2010,140.0,3231.0,132.65,1255.0,38.84,0.0,30.0,1.0
07-09-2010,140.0,3231.0,132.63,1252.0,38.75,0.0,30.0,0.0
08-09-2010,140.0,3231.0,132.61,1248.0,38.63,0.0,30.0,0.0
09-09-2010,140.0,3231.0,132.58,1243.0,38.47,0.0,30.0,0.0
10-09-2010,140.0,3231.0,132.82,1286.0,39.8,498.0,30.0,88.0
11-09-2010,140.0,3231.0,132.89,1299.0,40.2,150.0,0.0,7.0
12-09-2010,140.0,3231.0,132.9,1301.0,40.27,23.0,0.0,0.0
13-09-2010,140.0,3231.0,132.9,1301.0,40.27,0.0,0.0,0.0
14-09-2010,140.0,3231.0,132.93,1306.0,40.42,58.0,0.0,9.4
15-09-2010,140.0,3231.0,132.97,1314.0,40.67,93.0,0.0,0.8
16-09-2010,140.0,3231.0,132.98,1316.0,40.73,23.0,0.0,0.0
17-09-2010,140.0,3231.0,132.99,1318.0,40.79,23.0,0.0,0.0
18-09-2010,140.0,3231.0,132.99,1318.0,40.79,0.0,0.0,0.0
19-09-2010,140.0,3231.0,132.98,1316.0,40.73,0.0,0.0,0.0
20-09-2010,140.0,3231.0,132.97,1314.0,40.67,0.0,0.0,0.0
21-09-2010,140.0,3231.0,132.96,1312.0,40.61,0.0,0.0,0.0
22-09-2010,140.0,3231.0,132.95,1310.0,40.54,0.0,0.0,0.0
23-09-2010,140.0,3231.0,132.94,1308.0,40.48,0.0,0.0,0.0
24-09-2010,140.0,3231.0,132.93,1306.0,40.42,0.0,0.0,0.0
25-09-2010,140.0,3231.0,132.92,1305.0,40.39,0.0,0.0,1.4
26-09-2010,140.0,3231.0,132.91,1303.0,40.33,0.0,0.0,0.0
27-09-2010,140.0,3231.0,132.93,1306.0,40.42,58.0,0.0,6.0
28-09-2010,140.0,3231.0,132.95,1310.0,40.54,58.0,0.0,0.0
29-09-2010,140.0,3231.0,132.95,1310.0,40.54,0.0,0.0,0.0
30-09-2010,140.0,3231.0,132.94,1308.0,40.48,0.0,0.0,0.0
01-10-2010,140.0,3231.0,132.93,1306.0,40.42,0.0,0.0,0.0
02-10-2010,140.0,3231.0,132.92,1305.0,40.39,0.0,0.0,0.0
03-10-2010,140.0,3231.0,132.94,1308.0,40.48,53.0,0.0,6.2
04-10-2010,140.0,3231.0,132.94,1308.0,40.48,0.0,0.0,0.0
05-10-2010,140.0,3231.0,132.93,1306.0,40.42,0.0,0.0,0.0
06-10-2010,140.0,3231.0,132.92,1305.0,40.39,0.0,0.0,0.0
07-10-2010,140.0,3231.0,132.93,1306.0,40.42,30.0,0.0,8.2
08-10-2010,140.0,3231.0,132.92,1305.0,40.39,0.0,0.0,0.0
09-10-2010,140.0,3231.0,132.89,1299.0,40.2,0.0,100.0,0.0
10-10-2010,140.0,3231.0,132.83,1288.0,39.86,0.0,100.0,0.0
11-10-2010,140.0,3231.0,132.79,1281.0,39.65,0.0,100.0,0.0
12-10-2010,140.0,3231.0,132.91,1303.0,40.33,359.0,100.0,0.0
13-10-2010,140.0,3231.0,133.04,1327.0,41.07,396.0,100.0,0.0
14-10-2010,140.0,3231.0,133.11,1340.0,41.47,412.0,310.0,0.0
15-10-2010,140.0,3231.0,133.22,1361.0,42.12,571.0,310.0,0.0
16-10-2010,140.0,3231.0,133.31,1379.0,42.68,536.0,310.0,0.0
17-10-2010,140.0,3231.0,133.41,1398.0,43.27,548.0,310.0,0.0
18-10-2010,140.0,3231.0,133.51,1418.0,43.89,559.0,310.0,0.0
19-10-2010,140.0,3231.0,133.61,1438.0,44.51,559.0,310.0,0.0
20-10-2010,140.0,3231.0,133.72,1460.0,45.19,583.0,310.0,0.0
21-10-2010,140.0,3231.0,133.82,1481.0,45.84,571.0,310.0,0.0
22-10-2010,140.0,3231.0,133.92,1502.0,46.49,571.0,310.0,0.0
23-10-2010,140.0,3231.0,134.03,1525.0,47.2,597.0,310.0,0.0
24-10-2010,140.0,3231.0,134.14,1548.0,47.91,597.0,310.0,6.6
25-10-2010,140.0,3231.0,134.24,1569.0,48.56,577.0,310.0,0.0
26-10-2010,140.0,3231.0,134.34,1591.0,49.24,589.0,310.0,0.0
27-10-2010,140.0,3231.0,134.45,1615.0,49.98,612.0,310.0,1.0
28-10-2010,140.0,3231.0,134.56,1639.0,50.73,612.0,310.0,0.0
29-10-2010,140.0,3231.0,134.75,1682.0,52.06,832.0,310.0,15.0
30-10-2010,140.0,3231.0,134.95,1728.0,53.48,866.0,310.0,22.0
31-10-2010,140.0,3231.0,135.11,1765.0,54.63,764.0,310.0,14.2
01-11-2010,140.0,3231.0,135.24,1795.0,55.56,687.0,314.0,0.0
02-11-2010,140.0,3231.0,135.38,1829.0,56.61,707.0,314.0,2.4
03-11-2010,140.0,3231.0,135.47,1850.0,57.26,661.0,419.0,0.0
04-11-2010,140.0,3231.0,135.62,1889.0,58.46,868.0,425.0,5.4
05-11-2010,140.0,3231.0,135.93,1963.0,60.76,1307.0,425.0,7.6
06-11-2010,140.0,3231.0,136.15,2018.0,62.46,1100.0,435.0,2.2
07-11-2010,140.0,3231.0,136.33,2064.0,63.88,995.0,435.0,4.8
08-11-2010,140.0,3231.0,136.51,2111.0,65.34,1007.0,435.0,21.8
09-11-2010,140.0,3231.0,136.68,2155.0,66.7,1005.0,435.0,0.0
10-11-2010,140.0,3231.0,136.73,2169.0,67.13,805.0,615.0,0.0
11-11-2010,140.0,3231.0,136.77,2179.0,67.44,759.0,615.0,0.0
12-11-2010,140.0,3231.0,136.86,2203.0,68.18,921.0,615.0,9.0
13-11-2010,140.0,3231.0,136.81,2190.0,67.78,437.0,615.0,0.0
14-11-2010,140.0,3231.0,136.73,2169.0,67.13,344.0,615.0,3.6
15-11-2010,140.0,3231.0,136.65,2148.0,66.48,400.0,615.0,0.0
16-11-2010,140.0,3231.0,136.81,2190.0,67.78,1150.0,411.0,25.0
17-11-2010,140.0,3231.0,137.02,2246.0,69.51,1089.0,411.0,26.2
18-11-2010,140.0,3231.0,137.55,2393.0,74.06,2149.0,418.0,13.0
19-11-2010,140.0,3231.0,138.38,2633.0,81.49,3349.0,670.0,1.0
20-11-2010,140.0,3231.0,138.78,2755.0,85.27,2238.0,833.0,0.0
21-11-2010,140.0,3231.0,138.99,2820.0,87.28,1498.0,721.0,0.0
22-11-2010,140.0,3231.0,139.06,2842.0,87.96,1081.0,854.0,0.0
23-11-2010,140.0,3231.0,139.1,2854.0,88.33,1028.0,854.0,0.0
24-11-2010,140.0,3231.0,139.09,2851.0,88.24,784.0,854.0,1.0
25-11-2010,140.0,3231.0,139.1,2854.0,88.33,924.0,854.0,0.0
26-11-2010,140.0,3231.0,139.1,2854.0,88.33,889.0,854.0,1.0
27-11-2010,140.0,3231.0,139.09,2851.0,88.24,819.0,854.0,0.0
28-11-2010,140.0,3231.0,139.08,2848.0,88.15,819.0,854.0,0.0
29-11-2010,140.0,3231.0,139.02,2829.0,87.56,669.0,854.0,0.0
30-11-2010,140.0,3231.0,138.98,2817.0,87.19,748.0,854.0,0.0
01-12-2010,140.0,3231.0,139.0,2823.0,87.37,889.0,854.0,20.0
02-12-2010,140.0,3231.0,139.12,2861.0,88.55,1352.0,864.0,34.4
03-12-2010,140.0,3231.0,139.5,2982.0,92.29,2312.0,866.0,7.8
04-12-2010,140.0,3231.0,139.75,3064.0,94.83,1873.0,878.0,0.0
05-12-2010,140.0,3231.0,139.71,3051.0,94.43,2194.0,2298.0,3.0
06-12-2010,140.0,3231.0,139.62,3022.0,93.53,1879.0,2215.0,36.0
07-12-2010,140.0,3231.0,139.56,3002.0,92.91,1813.0,1998.0,40.3
08-12-2010,140.0,3231.0,139.61,3018.0,93.41,2229.0,1998.0,1.8
09-12-2010,140.0,3231.0,139.61,3018.0,93.41,1382.0,1336.0,4.2
10-12-2010,140.0,3231.0,139.63,3025.0,93.62,1131.0,1004.0,0.0
11-12-2010,140.0,3231.0,139.67,3038.0,94.03,1200.0,1004.0,0.0
12-12-2010,140.0,3231.0,139.66,3035.0,93.93,1015.0,508.0,0.0
13-12-2010,140.0,3231.0,139.72,3054.0,94.52,608.0,342.0,0.0
14-12-2010,140.0,3231.0,139.85,3098.0,95.88,731.0,176.0,2.0
15-12-2010,140.0,3231.0,139.96,3135.0,97.03,741.0,93.0,0.0
16-12-2010,140.0,3231.0,140.0,3231.0,100.0,1453.0,363.0,2.0
17-12-2010,140.0,3231.0,140.0,3231.0,100.0,593.0,547.0,0.0
18-12-2010,140.0,3231.0,140.0,3231.0,100.0,593.0,547.0,2.0
19-12-2010,140.0,3231.0,140.0,3231.0,100.0,593.0,547.0,0.0
20-12-2010,140.0,3231.0,140.0,3231.0,100.0,593.0,547.0,9.0
21-12-2010,140.0,3231.0,140.0,3231.0,100.0,593.0,547.0,0.0
22-12-2010,140.0,3231.0,140.0,3231.0,100.0,593.0,547.0,0.0
23-12-2010,140.0,3231.0,140.0,3231.0,100.0,593.0,547.0,0.0
24-12-2010,140.0,3231.0,140.0,3231.0,100.0,593.0,547.0,0.0
25-12-2010,140.0,3231.0,140.0,3231.0,100.0,593.0,547.0,0.0
26-12-2010,140.0,3231.0,140.0,3231.0,100.0,593.0,547.0,0.0
27-12-2010,140.0,3231.0,140.0,3231.0,100.0,460.0,414.0,0.0
28-12-2010,140.0,3231.0,140.0,3231.0,100.0,326.0,280.0,0.0
29-12-2010,140.0,3231.0,140.0,3231.0,100.0,326.0,280.0,0.0
30-12-2010,140.0,3231.0,140.0,3231.0,100.0,326.0,280.0,0.0
31-12-2010,140.0,3231.0,140.0,3231.0,100.0,356.0,310.0,0.0
01-01-2011,140.0,3231.0,140.0,3231.0,100.0,356.0,310.0,0.0
02-01-2011,140.0,3231.0,140.0,3231.0,100.0,356.0,310.0,0.0
03-01-2011,140.0,3231.0,140.0,3231.0,100.0,394.0,360.0,0.0
04-01-2011,140.0,3231.0,140.0,3231.0,100.0,396.0,360.0,2.2
05-01-2011,140.0,3231.0,140.0,3231.0,100.0,395.0,360.0,2.0
06-01-2011,140.0,3231.0,140.0,3231.0,100.0,519.0,483.0,0.0
07-01-2011,140.0,3231.0,140.0,3231.0,100.0,511.0,483.0,0.0
08-01-2011,140.0,3231.0,140.0,3231.0,100.0,588.0,552.0,0.0
09-01-2011,140.0,3231.0,140.0,3231.0,100.0,682.0,644.0,0.0
10-01-2011,140.0,3231.0,140.0,3231.0,100.0,599.0,563.0,0.0
11-01-2011,140.0,3231.0,140.0,3231.0,100.0,516.0,480.0,0.0
12-01-2011,140.0,3231.0,140.0,3231.0,100.0,475.0,439.0,0.0
13-01-2011,140.0,3231.0,140.0,3231.0,100.0,475.0,439.0,0.0
14-01-2011,140.0,3231.0,140.0,3231.0,100.0,433.0,397.0,0.0
15-01-2011,140.0,3231.0,140.0,3231.0,100.0,336.0,300.0,0.0
16-01-2011,140.0,3231.0,140.0,3231.0,100.0,336.0,300.0,0.0
17-01-2011,140.0,3231.0,140.0,3231.0,100.0,332.0,300.0,0.0
18-01-2011,140.0,3231.0,140.0,3231.0,100.0,320.0,284.0,0.0
19-01-2011,140.0,3231.0,140.0,3231.0,100.0,300.0,264.0,0.0
20-01-2011,140.0,3231.0,140.0,3231.0,100.0,296.0,260.0,0.0
21-01-2011,140.0,3231.0,140.0,3231.0,100.0,276.0,240.0,0.0
22-01-2011,140.0,3231.0,140.0,3231.0,100.0,260.0,224.0,0.0
23-01-2011,140.0,3231.0,140.0,3231.0,100.0,280.0,280.0,0.0
24-01-2011,140.0,3231.0,140.0,3231.0,100.0,254.0,218.0,0.0
25-01-2011,140.0,3231.0,140.0,3231.0,100.0,225.0,189.0,0.0
26-01-2011,140.0,3231.0,140.0,3231.0,100.0,193.0,157.0,0.0
27-01-2011,140.0,3231.0,140.0,3231.0,100.0,131.0,95.0,0.0
28-01-2011,140.0,3231.0,140.0,3231.0,100.0,61.0,25.0,0.0
29-01-2011,140.0,3231.0,139.99,3213.0,99.44,0.0,172.0,0.0
30-01-2011,140.0,3231.0,139.98,3186.0,98.61,0.0,276.0,0.0
31-01-2011,140.0,3231.0,139.96,3135.0,97.03,0.0,554.0,0.0
01-02-2011,140.0,3231.0,139.88,3108.0,96.19,0.0,262.0,0.0
02-02-2011,140.0,3231.0,139.79,3081.0,95.36,0.0,262.0,0.0
03-02-2011,140.0,3231.0,139.72,3054.0,94.52,0.0,262.0,0.0
04-02-2011,140.0,3231.0,139.64,3028.0,93.72,0.0,250.0,0.0
05-02-2011,140.0,3231.0,139.58,3009.0,93.13,0.0,170.0,0.0
06-02-2011,140.0,3231.0,139.51,2986.0,92.42,0.0,210.0,0.0
07-02-2011,140.0,3231.0,139.45,2966.0,91.8,0.0,181.0,0.0
08-02-2011,140.0,3231.0,139.4,2950.0,91.3,0.0,135.0,0.0
09-02-2011,140.0,3231.0,139.35,2934.0,90.81,0.0,135.0,0.0
10-02-2011,140.0,3231.0,139.31,2921.0,90.41,0.0,100.0,0.0
11-02-2011,140.0,3231.0,139.25,2902.0,89.82,0.0,100.0,0.0
12-02-2011,140.0,3231.0,139.21,2889.0,89.42,0.0,100.0,0.0
13-02-2011,140.0,3231.0,139.16,2873.0,88.92,0.0,100.0,0.0
14-02-2011,140.0,3231.0,139.11,2858.0,88.46,0.0,100.0,0.0
15-02-2011,140.0,3231.0,139.07,2845.0,88.05,0.0,100.0,0.0
16-02-2011,140.0,3231.0,139.02,2829.0,87.56,0.0,100.0,0.0
17-02-2011,140.0,3231.0,138.97,2814.0,87.09,0.0,100.0,0.0
18-02-2011,140.0,3231.0,138.93,2801.0,86.69,0.0,100.0,0.0
19-02-2011,140.0,3231.0,138.88,2786.0,86.23,0.0,100.0,0.0
20-02-2011,140.0,3231.0,138.84,2773.0,85.82,0.0,100.0,0.0
21-02-2011,140.0,3231.0,138.79,2758.0,85.36,0.0,100.0,0.0
22-02-2011,140.0,3231.0,138.83,2770.0,85.73,286.0,100.0,27.6
23-02-2011,140.0,3231.0,138.86,2779.0,86.01,251.0,100.0,18.0
24-02-2011,140.0,3231.0,138.88,2786.0,86.23,228.0,100.0,18.0
25-02-2011,140.0,3231.0,138.85,2776.0,85.92,31.0,100.0,0.0
26-02-2011,140.0,3231.0,138.81,2764.0,85.55,0.0,100.0,0.0
27-02-2011,140.0,3231.0,138.77,2752.0,85.17,0.0,100.0,0.0
28-02-2011,140.0,3231.0,138.73,2739.0,84.77,0.0,100.0,0.0
01-03-2011,140.0,3231.0,138.71,2733.0,84.59,60.0,100.0,0.0
02-03-2011,140.0,3231.0,138.68,2724.0,84.31,50.0,76.0,0.0
03-03-2011,140.0,3231.0,138.66,2718.0,84.12,50.0,76.0,0.0
04-03-2011,140.0,3231.0,138.64,2712.0,83.94,49.0,76.0,0.0
05-03-2011,140.0,3231.0,138.62,2706.0,83.75,49.0,76.0,0.0
06-03-2011,140.0,3231.0,138.6,2700.0,83.57,49.0,76.0,0.0
07-03-2011,140.0,3231.0,138.58,2693.0,83.35,20.0,76.0,0.0
08-03-2011,140.0,3231.0,138.56,2687.0,83.16,0.0,10.0,0.0
09-03-2011,140.0,3231.0,138.54,2681.0,82.98,0.0,10.0,0.0
10-03-2011,140.0,3231.0,138.52,2675.0,82.79,0.0,10.0,0.0
11-03-2011,140.0,3231.0,138.5,2669.0,82.61,0.0,10.0,0.0
12-03-2011,140.0,3231.0,138.47,2660.0,82.33,0.0,10.0,0.0
13-03-2011,140.0,3231.0,138.44,2651.0,82.05,0.0,10.0,0.0
14-03-2011,140.0,3231.0,138.41,2642.0,81.77,0.0,10.0,0.0
15-03-2011,140.0,3231.0,138.38,2633.0,81.49,0.0,20.0,0.0
16-03-2011,140.0,3231.0,138.35,2624.0,81.21,0.0,20.0,0.0
17-03-2011,140.0,3231.0,138.33,2618.0,81.03,0.0,20.0,0.0
18-03-2011,140.0,3231.0,138.31,2612.0,80.84,0.0,20.0,0.0
19-03-2011,140.0,3231.0,138.29,2606.0,80.66,0.0,20.0,0.0
20-03-2011,140.0,3231.0,138.27,2600.0,80.47,0.0,20.0,0.0
21-03-2011,140.0,3231.0,138.25,2595.0,80.32,0.0,20.0,0.0
22-03-2011,140.0,3231.0,138.23,2589.0,80.13,0.0,20.0,0.0
23-03-2011,140.0,3231.0,138.21,2583.0,79.94,0.0,20.0,0.0
24-03-2011,140.0,3231.0,138.19,2577.0,79.76,0.0,20.0,0.0
25-03-2011,140.0,3231.0,138.17,2571.0,79.57,0.0,20.0,0.0
26-03-2011,140.0,3231.0,138.15,2565.0,79.39,0.0,20.0,0.0
27-03-2011,140.0,3231.0,138.13,2559.0,79.2,0.0,20.0,0.0
28-03-2011,140.0,3231.0,138.11,2553.0,79.02,0.0,20.0,0.0
29-03-2011,140.0,3231.0,138.09,2547.0,78.83,0.0,20.0,0.0
30-03-2011,140.0,3231.0,138.07,2542.0,78.68,0.0,20.0,0.0
31-03-2011,140.0,3231.0,138.05,2536.0,78.49,0.0,20.0,0.0
01-04-2011,140.0,3231.0,138.03,2530.0,78.3,0.0,20.0,0.0
02-04-2011,140.0,3231.0,138.01,2524.0,78.12,0.0,20.0,0.0
03-04-2011,140.0,3231.0,137.99,2518.0,77.93,0.0,20.0,0.0
04-04-2011,140.0,3231.0,137.97,2513.0,77.78,0.0,20.0,0.0
05-04-2011,140.0,3231.0,137.95,2507.0,77.59,0.0,20.0,0.0
06-04-2011,140.0,3231.0,137.93,2501.0,77.41,0.0,20.0,0.0
07-04-2011,140.0,3231.0,137.91,2495.0,77.22,0.0,20.0,0.0
08-04-2011,140.0,3231.0,137.89,2489.0,77.03,0.0,20.0,0.0
09-04-2011,140.0,3231.0,137.87,2484.0,76.88,0.0,20.0,0.0
10-04-2011,140.0,3231.0,137.85,2478.0,76.69,0.0,20.0,0.0
11-04-2011,140.0,3231.0,137.83,2472.0,76.51,0.0,20.0,0.0
12-04-2011,140.0,3231.0,137.81,2467.0,76.35,0.0,20.0,0.0
13-04-2011,140.0,3231.0,137.79,2461.0,76.17,0.0,20.0,0.0
14-04-2011,140.0,3231.0,137.77,2455.0,75.98,0.0,20.0,0.0
15-04-2011,140.0,3231.0,137.75,2449.0,75.8,0.0,20.0,0.0
16-04-2011,140.0,3231.0,137.73,2444.0,75.64,0.0,20.0,0.0
17-04-2011,140.0,3231.0,137.71,2438.0,75.46,0.0,20.0,0.0
18-04-2011,140.0,3231.0,137.69,2432.0,75.27,0.0,20.0,0.0
19-04-2011,140.0,3231.0,137.66,2424.0,75.02,0.0,20.0,0.0
20-04-2011,140.0,3231.0,137.64,2418.0,74.84,0.0,20.0,0.0
21-04-2011,140.0,3231.0,137.61,2410.0,74.59,0.0,20.0,0.0
22-04-2011,140.0,3231.0,137.59,2404.0,74.4,0.0,20.0,3.4
23-04-2011,140.0,3231.0,137.62,2412.0,74.65,162.0,20.0,19.4
24-04-2011,140.0,3231.0,137.63,2415.0,74.74,104.0,20.0,5.2
25-04-2011,140.0,3231.0,137.63,2415.0,74.74,69.0,20.0,0.0
26-04-2011,140.0,3231.0,137.61,2410.0,74.59,0.0,20.0,0.0
27-04-2011,140.0,3231.0,137.59,2404.0,74.4,0.0,20.0,0.0
28-04-2011,140.0,3231.0,137.57,2398.0,74.22,0.0,20.0,0.0
29-04-2011,140.0,3231.0,137.55,2393.0,74.06,0.0,20.0,0.0
30-04-2011,140.0,3231.0,137.53,2387.0,73.88,0.0,20.0,0.0
01-05-2011,140.0,3231.0,137.51,2381.0,73.69,0.0,20.0,0.0
02-05-2011,140.0,3231.0,137.48,2373.0,73.44,0.0,20.0,0.0
03-05-2011,140.0,3231.0,137.41,2354.0,72.86,0.0,220.0,0.0
04-05-2011,140.0,3231.0,137.33,2331.0,72.14,0.0,220.0,0.0
05-05-2011,140.0,3231.0,137.25,2309.0,71.46,0.0,220.0,0.0
06-05-2011,140.0,3231.0,137.16,2285.0,70.72,0.0,220.0,0.0
07-05-2011,140.0,3231.0,137.07,2260.0,69.95,0.0,220.0,0.0
08-05-2011,140.0,3231.0,136.98,2236.0,69.2,0.0,220.0,0.0
09-05-2011,140.0,3231.0,136.89,2211.0,68.43,0.0,220.0,0.0
10-05-2011,140.0,3231.0,136.8,2187.0,67.69,0.0,220.0,0.0
11-05-2011,140.0,3231.0,136.71,2163.0,66.95,0.0,220.0,0.0
12-05-2011,140.0,3231.0,136.62,2140.0,66.23,0.0,220.0,0.0
13-05-2011,140.0,3231.0,136.53,2116.0,65.49,0.0,220.0,0.0
14-05-2011,140.0,3231.0,136.44,2093.0,64.78,0.0,220.0,0.0
15-05-2011,140.0,3231.0,136.35,2069.0,64.04,0.0,220.0,0.0
16-05-2011,140.0,3231.0,136.26,2046.0,63.32,0.0,220.0,0.0
17-05-2011,140.0,3231.0,136.17,2023.0,62.61,0.0,220.0,0.0
18-05-2011,140.0,3231.0,136.08,2000.0,61.9,0.0,220.0,0.0
19-05-2011,140.0,3231.0,135.99,1978.0,61.22,0.0,220.0,0.0
20-05-2011,140.0,3231.0,135.89,1953.0,60.45,0.0,220.0,0.0
21-05-2011,140.0,3231.0,135.82,1936.0,59.92,67.0,220.0,39.0
22-05-2011,140.0,3231.0,135.74,1916.0,59.3,33.0,220.0,0.0
23-05-2011,140.0,3231.0,135.65,1894.0,58.62,0.0,220.0,0.0
24-05-2011,140.0,3231.0,135.56,1872.0,57.94,0.0,220.0,0.0
25-05-2011,140.0,3231.0,135.47,1850.0,57.26,0.0,220.0,0.0
26-05-2011,140.0,3231.0,135.37,1826.0,56.52,0.0,220.0,0.0
27-05-2011,140.0,3231.0,135.28,1805.0,55.87,0.0,220.0,0.0
28-05-2011,140.0,3231.0,135.19,1784.0,55.22,0.0,220.0,0.0
29-05-2011,140.0,3231.0,135.1,1763.0,54.57,0.0,220.0,0.0
30-05-2011,140.0,3231.0,135.01,1742.0,53.92,0.0,220.0,0.0
31-05-2011,140.0,3231.0,134.92,1721.0,53.27,0.0,220.0,0.0
01-06-2011,140.0,3231.0,134.83,1700.0,52.62,0.0,220.0,0.0
02-06-2011,140.0,3231.0,134.84,1703.0,52.71,289.0,220.0,17.6
03-06-2011,140.0,3231.0,134.74,1680.0,52.0,0.0,220.0,0.0
04-06-2011,140.0,3231.0,134.64,1657.0,51.28,0.0,220.0,0.0
05-06-2011,140.0,3231.0,134.54,1635.0,50.6,0.0,220.0,0.0
06-06-2011,140.0,3231.0,134.44,1613.0,49.92,0.0,220.0,0.0
07-06-2011,140.0,3231.0,134.4,1604.0,49.64,58.0,120.0,7.4
08-06-2011,140.0,3231.0,134.34,1591.0,49.24,0.0,120.0,0.0
09-06-2011,140.0,3231.0,134.28,1578.0,48.84,0.0,120.0,0.0
10-06-2011,140.0,3231.0,134.22,1565.0,48.44,0.0,120.0,0.0
11-06-2011,140.0,3231.0,134.16,1552.0,48.03,0.0,120.0,0.0
12-06-2011,140.0,3231.0,134.1,1539.0,47.63,0.0,120.0,0.0
13-06-2011,140.0,3231.0,134.03,1525.0,47.2,0.0,120.0,0.0
14-06-2011,140.0,3231.0,133.96,1510.0,46.73,0.0,120.0,0.0
15-06-2011,140.0,3231.0,133.89,1495.0,46.27,0.0,120.0,14.4
16-06-2011,140.0,3231.0,133.82,1481.0,45.84,0.0,120.0,0.0
17-06-2011,140.0,3231.0,133.75,1467.0,45.4,0.0,120.0,0.0
18-06-2011,140.0,3231.0,133.68,1452.0,44.94,0.0,120.0,0.0
19-06-2011,140.0,3231.0,133.61,1438.0,44.51,0.0,120.0,0.0
20-06-2011,140.0,3231.0,133.54,1424.0,44.07,0.0,120.0,0.0
21-06-2011,140.0,3231.0,133.47,1410.0,43.64,0.0,120.0,1.0
22-06-2011,140.0,3231.0,133.35,1387.0,42.93,0.0,320.0,0.0
23-06-2011,140.0,3231.0,133.1,1338.0,41.41,0.0,520.0,0.0
24-06-2011,140.0,3231.0,132.9,1301.0,40.27,116.0,520.0,17.2
25-06-2011,140.0,3231.0,132.71,1266.0,39.18,139.0,520.0,0.0
26-06-2011,140.0,3231.0,132.54,1236.0,38.25,197.0,520.0,0.0
27-06-2011,140.0,3231.0,132.4,1211.0,37.48,255.0,520.0,0.0
28-06-2011,140.0,3231.0,132.27,1189.0,36.8,286.0,520.0,0.0
29-06-2011,140.0,3231.0,132.23,1182.0,36.58,373.0,420.0,0.0
30-06-2011,140.0,3231.0,132.22,1180.0,36.52,437.0,420.0,0.0
01-07-2011,140.0,3231.0,132.22,1180.0,36.52,442.0,420.0,0.0
02-07-2011,140.0,3231.0,132.35,1202.0,37.2,695.0,420.0,24.2
03-07-2011,140.0,3231.0,132.45,1220.0,37.76,654.0,420.0,9.4
04-07-2011,140.0,3231.0,132.51,1230.0,38.07,562.0,420.0,0.0
05-07-2011,140.0,3231.0,132.58,1243.0,38.47,602.0,420.0,0.0
06-07-2011,140.0,3231.0,132.67,1259.0,38.97,637.0,420.0,0.0
07-07-2011,140.0,3231.0,132.82,1286.0,39.8,752.0,420.0,9.4
08-07-2011,140.0,3231.0,132.94,1308.0,40.48,694.0,420.0,0.0
09-07-2011,140.0,3231.0,133.05,1329.0,41.13,718.0,450.0,0.0
10-07-2011,140.0,3231.0,133.15,1348.0,41.72,741.0,500.0,0.0
11-07-2011,140.0,3231.0,133.26,1369.0,42.37,764.0,501.0,0.0
12-07-2011,140.0,3231.0,133.38,1392.0,43.08,787.0,501.0,17.0
13-07-2011,140.0,3231.0,133.48,1412.0,43.7,752.0,501.0,0.0
14-07-2011,140.0,3231.0,133.57,1430.0,44.26,741.0,501.0,2.4
15-07-2011,140.0,3231.0,133.67,1450.0,44.88,761.0,511.0,0.0
16-07-2011,140.0,3231.0,133.79,1475.0,45.65,752.0,441.0,0.0
17-07-2011,140.0,3231.0,133.91,1500.0,46.43,752.0,441.0,0.0
18-07-2011,140.0,3231.0,134.02,1523.0,47.14,741.0,451.0,0.0
19-07-2011,140.0,3231.0,134.12,1544.0,47.79,718.0,451.0,1.2
20-07-2011,140.0,3231.0,134.23,1567.0,48.5,745.0,451.0,3.6
21-07-2011,140.0,3231.0,134.32,1587.0,49.12,710.0,451.0,0.0
22-07-2011,140.0,3231.0,134.4,1604.0,49.64,676.0,451.0,0.0
23-07-2011,140.0,3231.0,134.45,1615.0,49.98,606.0,451.0,6.0
24-07-2011,140.0,3231.0,134.49,1624.0,50.26,583.0,451.0,5.6
25-07-2011,140.0,3231.0,134.55,1637.0,50.67,638.0,460.0,5.8
26-07-2011,140.0,3231.0,134.61,1651.0,51.1,650.0,460.0,0.0
27-07-2011,140.0,3231.0,134.75,1682.0,52.06,847.0,460.0,27.0
28-07-2011,140.0,3231.0,134.87,1709.0,52.89,800.0,460.0,8.0
29-07-2011,140.0,3231.0,134.99,1737.0,53.76,812.0,460.0,0.0
30-07-2011,140.0,3231.0,135.07,1756.0,54.35,721.0,470.0,0.0
31-07-2011,140.0,3231.0,135.16,1777.0,55.0,744.0,470.0,0.0
01-08-2011,140.0,3231.0,135.25,1798.0,55.65,744.0,470.0,2.2
02-08-2011,140.0,3231.0,135.33,1817.0,56.24,721.0,470.0,0.0
03-08-2011,140.0,3231.0,135.41,1836.0,56.82,721.0,470.0,1.4
04-08-2011,140.0,3231.0,135.5,1857.0,57.47,744.0,470.0,0.0
05-08-2011,140.0,3231.0,135.59,1879.0,58.16,746.0,479.0,0.6
06-08-2011,140.0,3231.0,135.72,1911.0,59.15,880.0,479.0,20.6
07-08-2011,140.0,3231.0,135.81,1933.0,59.83,764.0,479.0,0.0
08-08-2011,140.0,3231.0,135.9,1955.0,60.51,765.0,479.0,5.8
09-08-2011,140.0,3231.0,136.01,1983.0,61.37,845.0,488.0,9.0
10-08-2011,140.0,3231.0,136.1,2006.0,62.09,787.0,488.0,0.0
11-08-2011,140.0,3231.0,136.24,2041.0,63.17,776.0,488.0,23.2
12-08-2011,140.0,3231.0,136.34,2067.0,63.97,822.0,488.0,5.0
13-08-2011,140.0,3231.0,136.38,2077.0,64.28,637.0,488.0,0.8
14-08-2011,140.0,3231.0,136.3,2056.0,63.63,243.0,488.0,0.0
15-08-2011,140.0,3231.0,136.19,2028.0,62.77,200.0,488.0,0.0
16-08-2011,140.0,3231.0,136.1,2006.0,62.09,209.0,431.0,5.0
17-08-2011,140.0,3231.0,135.98,1975.0,61.13,105.0,431.0,0.0
18-08-2011,140.0,3231.0,135.87,1948.0,60.29,114.0,431.0,2.8
19-08-2011,140.0,3231.0,135.9,1955.0,60.51,427.0,346.0,41.0
20-08-2011,140.0,3231.0,135.91,1958.0,60.6,203.0,134.0,0.0
21-08-2011,140.0,3231.0,136.11,2008.0,62.15,754.0,144.0,40.2
22-08-2011,140.0,3231.0,136.21,2033.0,62.92,466.0,144.0,4.6
23-08-2011,140.0,3231.0,136.31,2059.0,63.73,478.0,144.0,0.0
24-08-2011,140.0,3231.0,136.4,2082.0,64.44,528.0,229.0,0.0
25-08-2011,140.0,3231.0,136.6,2134.0,66.05,864.0,229.0,21.4
26-08-2011,140.0,3231.0,136.69,2158.0,66.79,510.0,232.0,0.0
27-08-2011,140.0,3231.0,136.82,2193.0,67.87,670.0,232.0,22.2
28-08-2011,140.0,3231.0,136.89,2211.0,68.43,528.0,292.0,0.0
29-08-2011,140.0,3231.0,136.97,2233.0,69.11,580.0,292.0,0.0
30-08-2011,140.0,3231.0,137.06,2257.0,69.85,670.0,356.0,0.0
31-08-2011,140.0,3231.0,137.16,2285.0,70.72,716.0,356.0,0.0
01-09-2011,140.0,3231.0,137.26,2312.0,71.56,708.0,356.0,0.0
02-09-2011,140.0,3231.0,137.36,2340.0,72.42,720.0,356.0,0.0
03-09-2011,140.0,3231.0,137.46,2367.0,73.26,706.0,356.0,0.0
04-09-2011,140.0,3231.0,137.55,2393.0,74.06,702.0,361.0,0.0
05-09-2011,140.0,3231.0,137.64,2418.0,74.84,690.0,361.0,0.0
06-09-2011,140.0,3231.0,137.74,2447.0,75.74,702.0,361.0,0.0
07-09-2011,140.0,3231.0,137.83,2472.0,76.51,690.0,361.0,0.0
08-09-2011,140.0,3231.0,137.89,2489.0,77.03,684.0,447.0,0.0
09-09-2011,140.0,3231.0,137.93,2501.0,77.41,666.0,487.0,0.4
10-09-2011,140.0,3231.0,137.98,2515.0,77.84,689.0,487.0,0.0
11-09-2011,140.0,3231.0,138.02,2527.0,78.21,669.0,487.0,0.0
12-09-2011,140.0,3231.0,138.06,2539.0,78.58,676.0,494.0,2.6
13-09-2011,140.0,3231.0,138.15,2565.0,79.39,838.0,494.0,13.2
14-09-2011,140.0,3231.0,138.34,2621.0,81.12,1185.0,494.0,25.2
15-09-2011,140.0,3231.0,138.48,2663.0,82.42,1023.0,494.0,36.2
16-09-2011,140.0,3231.0,138.62,2706.0,83.75,1041.0,500.0,8.0
17-09-2011,140.0,3231.0,138.72,2736.0,84.68,890.0,500.0,3.4
18-09-2011,140.0,3231.0,138.81,2764.0,85.55,867.0,500.0,1.6
19-09-2011,140.0,3231.0,138.86,2779.0,86.01,717.0,500.0,0.0
20-09-2011,140.0,3231.0,139.21,2889.0,89.42,1826.0,507.0,63.0
21-09-2011,140.0,3231.0,139.31,2921.0,90.41,923.0,507.0,1.6
22-09-2011,140.0,3231.0,139.38,2944.0,91.12,823.0,507.0,0.0
23-09-2011,140.0,3231.0,139.46,2970.0,91.92,858.0,507.0,0.0
24-09-2011,140.0,3231.0,139.53,2992.0,92.6,812.0,507.0,0.0
25-09-2011,140.0,3231.0,139.59,3012.0,93.22,794.0,513.0,0.0
26-09-2011,140.0,3231.0,139.65,3031.0,93.81,783.0,513.0,0.0
27-09-2011,140.0,3231.0,139.71,3051.0,94.43,780.0,513.0,0.0
28-09-2011,140.0,3231.0,139.75,3064.0,94.83,713.0,513.0,0.0
29-09-2011,140.0,3231.0,139.78,3077.0,95.23,713.0,513.0,0.0
30-09-2011,140.0,3231.0,139.77,3073.0,95.11,766.0,762.0,10.2
01-10-2011,140.0,3231.0,139.72,3054.0,94.52,696.0,883.0,0.0
02-10-2011,140.0,3231.0,139.65,3031.0,93.81,690.0,923.0,0.0
03-10-2011,140.0,3231.0,139.73,3058.0,94.65,1268.0,923.0,30.4
04-10-2011,140.0,3231.0,139.68,3041.0,94.12,759.0,923.0,0.0
05-10-2011,140.0,3231.0,139.6,3015.0,93.31,655.0,973.0,0.0
06-10-2011,140.0,3231.0,139.55,2999.0,92.82,635.0,923.0,0.0
07-10-2011,140.0,3231.0,139.5,2982.0,92.29,626.0,790.0,0.0
08-10-2011,140.0,3231.0,139.44,2963.0,91.71,604.0,787.0,0.0
09-10-2011,140.0,3231.0,139.39,2947.0,91.21,631.0,787.0,0.0
10-10-2011,140.0,3231.0,139.34,2931.0,90.71,630.0,782.0,0.0
11-10-2011,140.0,3231.0,139.29,2915.0,90.22,630.0,782.0,0.0
12-10-2011,140.0,3231.0,139.24,2899.0,89.72,630.0,782.0,9.0
13-10-2011,140.0,3231.0,139.15,2870.0,88.83,576.0,879.0,1.0
14-10-2011,140.0,3231.0,139.1,2854.0,88.33,727.0,879.0,15.6
15-10-2011,140.0,3231.0,139.01,2826.0,87.47,588.0,879.0,16.0
16-10-2011,140.0,3231.0,138.89,2789.0,86.32,482.0,862.0,0.0
17-10-2011,140.0,3231.0,138.82,2767.0,85.64,475.0,702.0,0.0
18-10-2011,140.0,3231.0,138.78,2755.0,85.27,437.0,462.0,0.0
19-10-2011,140.0,3231.0,138.71,2733.0,84.59,427.0,654.0,0.0
20-10-2011,140.0,3231.0,138.64,2712.0,83.94,411.0,654.0,0.0
21-10-2011,140.0,3231.0,138.55,2684.0,83.07,363.0,654.0,0.0
22-10-2011,140.0,3231.0,138.46,2657.0,82.23,355.0,654.0,0.0
23-10-2011,140.0,3231.0,138.51,2672.0,82.7,665.0,492.0,25.2
24-10-2011,140.0,3231.0,138.48,2663.0,82.42,416.0,492.0,11.0
25-10-2011,140.0,3231.0,138.43,2648.0,81.96,346.0,492.0,3.4
26-10-2011,140.0,3231.0,138.43,2648.0,81.96,602.0,574.0,5.0
27-10-2011,140.0,3231.0,138.44,2651.0,82.05,637.0,574.0,12.6
28-10-2011,140.0,3231.0,138.4,2639.0,81.68,457.0,568.0,0.0
29-10-2011,140.0,3231.0,138.4,2639.0,81.68,596.0,568.0,1.8
30-10-2011,140.0,3231.0,138.44,2651.0,82.05,735.0,568.0,33.8
31-10-2011,140.0,3231.0,138.48,2663.0,82.42,735.0,568.0,2.2
01-11-2011,140.0,3231.0,138.49,2666.0,82.51,636.0,568.0,0.0
02-11-2011,140.0,3231.0,138.58,2693.0,83.35,595.0,250.0,19.4
03-11-2011,140.0,3231.0,138.65,2715.0,84.03,538.0,250.0,1.0
04-11-2011,140.0,3231.0,138.83,2770.0,85.73,920.0,250.0,41.2
05-11-2011,140.0,3231.0,138.83,2770.0,85.73,1112.0,1089.0,54.0
06-11-2011,140.0,3231.0,138.88,2786.0,86.23,1181.0,963.0,33.2
07-11-2011,140.0,3231.0,138.77,2752.0,85.17,1088.0,1449.0,0.0
08-11-2011,140.0,3231.0,138.56,2657.0,82.23,730.0,1449.0,0.0
09-11-2011,140.0,3231.0,138.32,2615.0,80.93,633.0,1433.0,0.0
10-11-2011,140.0,3231.0,138.04,2533.0,78.4,517.0,1433.0,0.0
11-11-2011,140.0,3231.0,137.82,2469.0,76.42,398.0,1106.0,0.0
12-11-2011,140.0,3231.0,137.65,2421.0,74.93,97.0,623.0,0.0
13-11-2011,140.0,3231.0,137.49,2376.0,73.54,121.0,623.0,0.0
14-11-2011,140.0,3231.0,137.36,2340.0,72.42,159.0,546.0,0.0
15-11-2011,140.0,3231.0,137.29,2320.0,71.8,164.0,365.0,0.0
16-11-2011,140.0,3231.0,137.21,2298.0,71.12,140.0,365.0,0.0
17-11-2011,140.0,3231.0,137.17,2287.0,70.78,268.0,365.0,3.6
18-11-2011,140.0,3231.0,137.23,2304.0,71.31,472.0,245.0,34.4
19-11-2011,140.0,3231.0,137.21,2298.0,71.12,206.0,245.0,10.4
20-11-2011,140.0,3231.0,137.15,2282.0,70.63,90.0,245.0,0.0
21-11-2011,140.0,3231.0,137.09,2265.0,70.1,78.0,245.0,0.0
22-11-2011,140.0,3231.0,137.07,2260.0,69.95,32.0,60.0,0.0
23-11-2011,140.0,3231.0,137.04,2252.0,69.7,43.0,20.0,0.0
24-11-2011,140.0,3231.0,137.04,2252.0,69.7,50.0,20.0,0.0
25-11-2011,140.0,3231.0,137.19,2293.0,70.97,525.0,20.0,40.6
26-11-2011,140.0,3231.0,137.42,2356.0,72.92,935.0,176.0,40.0
27-11-2011,140.0,3231.0,138.06,2539.0,78.58,3957.0,3797.0,138.0
28-11-2011,140.0,3231.0,138.03,2530.0,78.3,4457.0,4528.0,20.2
29-11-2011,140.0,3231.0,137.75,2449.0,75.8,2670.0,3574.0,1.8
30-11-2011,140.0,3231.0,137.82,2469.0,76.42,133.0,1069.0,0.0
01-12-2011,140.0,3231.0,137.87,2484.0,76.88,800.0,595.0,0.0
02-12-2011,140.0,3231.0,137.92,2498.0,77.31,687.0,494.0,0.0
03-12-2011,140.0,3231.0,138.03,2530.0,78.3,500.0,99.0,0.0
04-12-2011,140.0,3231.0,138.11,2553.0,79.02,319.0,20.0,0.0
05-12-2011,140.0,3231.0,138.17,2571.0,79.57,261.0,20.0,0.0
06-12-2011,140.0,3231.0,138.22,2586.0,80.04,227.0,20.0,0.0
07-12-2011,140.0,3231.0,138.26,2598.0,80.41,192.0,20.0,0.0
08-12-2011,140.0,3231.0,138.3,2609.0,80.75,178.0,20.0,0.0
09-12-2011,140.0,3231.0,138.33,2618.0,81.03,165.0,20.0,1.4
10-12-2011,140.0,3231.0,138.36,2627.0,81.31,155.0,20.0,7.6
11-12-2011,140.0,3231.0,138.38,2633.0,81.49,120.0,20.0,0.0
12-12-2011,140.0,3231.0,138.4,2639.0,81.68,120.0,20.0,0.0
13-12-2011,140.0,3231.0,138.42,2645.0,81.86,120.0,20.0,0.0
14-12-2011,140.0,3231.0,138.43,2648.0,81.96,86.0,20.0,0.0
15-12-2011,140.0,3231.0,138.42,2645.0,81.86,16.0,20.0,0.0
16-12-2011,140.0,3231.0,138.49,2666.0,82.51,294.0,20.0,9.8
17-12-2011,140.0,3231.0,138.5,2669.0,82.61,86.0,20.0,0.0
18-12-2011,140.0,3231.0,138.49,2666.0,82.51,16.0,20.0,0.0
19-12-2011,140.0,3231.0,138.49,2666.0,82.51,51.0,20.0,0.0
20-12-2011,140.0,3231.0,138.49,2666.0,82.51,51.0,20.0,0.0
21-12-2011,140.0,3231.0,138.49,2666.0,82.51,51.0,20.0,0.0
22-12-2011,140.0,3231.0,138.49,2666.0,82.51,51.0,20.0,0.0
23-12-2011,140.0,3231.0,138.48,2663.0,82.42,16.0,20.0,0.0
24-12-2011,140.0,3231.0,138.47,2660.0,82.33,16.0,20.0,0.0
25-12-2011,140.0,3231.0,138.46,2657.0,82.23,16.0,20.0,0.0
26-12-2011,140.0,3231.0,138.45,2654.0,82.14,16.0,20.0,0.0
27-12-2011,140.0,3231.0,138.43,2648.0,81.96,0.0,20.0,0.0
28-12-2011,140.0,3231.0,138.42,2645.0,81.86,0.0,20.0,0.0
29-12-2011,140.0,3231.0,138.41,2642.0,81.77,0.0,20.0,0.0
30-12-2011,140.0,3231.0,138.5,2669.0,82.61,364.0,20.0,31.8
31-12-2011,140.0,3231.0,138.83,2770.0,85.73,2020.0,20.0,52.6
01-01-2012,140.0,3231.0,139.05,2839.0,87.87,850.0,20.0,0.0
02-01-2012,140.0,3231.0,139.33,2928.0,90.62,1081.0,20.0,7.4
03-01-2012,140.0,3231.0,139.5,2982.0,92.29,676.0,20.0,0.0
04-01-2012,140.0,3231.0,139.6,3015.0,93.31,436.0,20.0,0.0
05-01-2012,140.0,3231.0,139.69,3045.0,94.24,401.0,20.0,0.0
06-01-2012,140.0,3231.0,139.73,3058.0,94.65,204.0,20.0,0.0
07-01-2012,140.0,3231.0,139.76,3069.0,94.99,181.0,20.0,0.0
08-01-2012,140.0,3231.0,139.79,3081.0,95.36,193.0,20.0,0.0
09-01-2012,140.0,3231.0,139.82,3090.0,95.64,158.0,20.0,0.0
10-01-2012,140.0,3231.0,139.83,3093.0,95.73,89.0,20.0,0.0
11-01-2012,140.0,3231.0,139.84,3095.0,95.79,77.0,20.0,0.0
12-01-2012,140.0,3231.0,139.85,3098.0,95.88,89.0,20.0,0.0
13-01-2012,140.0,3231.0,139.85,3098.0,95.88,54.0,20.0,0.0
14-01-2012,140.0,3231.0,139.85,3098.0,95.88,54.0,20.0,0.0
15-01-2012,140.0,3231.0,139.85,3098.0,95.88,54.0,20.0,0.0
16-01-2012,140.0,3231.0,139.85,3098.0,95.88,54.0,20.0,0.0
17-01-2012,140.0,3231.0,139.85,3098.0,95.88,54.0,20.0,0.0
18-01-2012,140.0,3231.0,139.85,3098.0,95.88,54.0,20.0,0.0
19-01-2012,140.0,3231.0,139.84,3095.0,95.79,19.0,20.0,0.0
20-01-2012,140.0,3231.0,139.84,3095.0,95.79,19.0,20.0,0.0
21-01-2012,140.0,3231.0,139.83,3093.0,95.73,19.0,20.0,0.0
22-01-2012,140.0,3231.0,139.82,3090.0,95.64,19.0,20.0,0.0
23-01-2012,140.0,3231.0,139.82,3090.0,95.64,19.0,20.0,0.0
24-01-2012,140.0,3231.0,139.81,3087.0,95.54,19.0,20.0,0.0
25-01-2012,140.0,3231.0,139.8,3085.0,95.48,19.0,20.0,0.0
26-01-2012,140.0,3231.0,139.79,3081.0,95.36,0.0,20.0,0.0
27-01-2012,140.0,3231.0,139.78,3077.0,95.23,0.0,20.0,0.0
28-01-2012,140.0,3231.0,139.77,3073.0,95.11,0.0,20.0,0.0
29-01-2012,140.0,3231.0,139.75,3064.0,94.83,0.0,20.0,0.0
30-01-2012,140.0,3231.0,139.73,3058.0,94.65,0.0,20.0,0.0
31-01-2012,140.0,3231.0,139.72,3054.0,94.52,0.0,20.0,3.2
01-02-2012,140.0,3231.0,139.7,3048.0,94.34,0.0,20.0,0.0
02-02-2012,140.0,3231.0,139.68,3041.0,94.12,0.0,20.0,0.0
03-02-2012,140.0,3231.0,139.67,3038.0,94.03,0.0,20.0,0.0
04-02-2012,140.0,3231.0,139.65,3031.0,93.81,0.0,20.0,0.0
05-02-2012,140.0,3231.0,139.63,3025.0,93.62,0.0,20.0,0.0
06-02-2012,140.0,3231.0,139.61,3018.0,93.41,0.0,20.0,0.0
07-02-2012,140.0,3231.0,139.59,3012.0,93.22,0.0,20.0,0.0
08-02-2012,140.0,3231.0,139.57,3005.0,93.01,0.0,20.0,0.0
09-02-2012,140.0,3231.0,139.55,2999.0,92.82,0.0,20.0,0.0
10-02-2012,140.0,3231.0,139.53,2992.0,92.6,0.0,20.0,0.0
11-02-2012,140.0,3231.0,139.51,2986.0,92.42,0.0,20.0,0.0
12-02-2012,140.0,3231.0,139.49,2979.0,92.2,0.0,20.0,0.0
13-02-2012,140.0,3231.0,139.47,2973.0,92.01,0.0,20.0,0.0
14-02-2012,140.0,3231.0,139.45,2966.0,91.8,0.0,20.0,0.0
15-02-2012,140.0,3231.0,139.44,2963.0,91.71,0.0,20.0,0.0
16-02-2012,140.0,3231.0,139.42,2957.0,91.52,0.0,20.0,0.0
17-02-2012,140.0,3231.0,139.41,2953.0,91.4,0.0,20.0,0.0
18-02-2012,140.0,3231.0,139.39,2947.0,91.21,0.0,20.0,0.0
19-02-2012,140.0,3231.0,139.37,2940.0,90.99,0.0,20.0,0.0
20-02-2012,140.0,3231.0,139.35,2934.0,90.81,0.0,20.0,0.0
21-02-2012,140.0,3231.0,139.33,2928.0,90.62,0.0,20.0,0.0
22-02-2012,140.0,3231.0,139.31,2921.0,90.41,0.0,20.0,0.0
23-02-2012,140.0,3231.0,139.29,2915.0,90.22,0.0,20.0,0.0
24-02-2012,140.0,3231.0,139.27,2908.0,90.0,0.0,20.0,0.0
25-02-2012,140.0,3231.0,139.25,2902.0,89.82,0.0,20.0,0.0
26-02-2012,140.0,3231.0,139.23,2896.0,89.63,0.0,20.0,0.0
27-02-2012,140.0,3231.0,139.21,2889.0,89.42,0.0,20.0,0.0
28-02-2012,140.0,3231.0,139.18,2880.0,89.14,0.0,20.0,0.0
29-02-2012,140.0,3231.0,139.15,2870.0,88.83,0.0,20.0,0.0
01-03-2012,140.0,3231.0,139.11,2858.0,88.46,0.0,20.0,0.0
02-03-2012,140.0,3231.0,139.07,2845.0,88.05,0.0,20.0,0.0
03-03-2012,140.0,3231.0,139.03,2832.0,87.65,0.0,20.0,0.0
04-03-2012,140.0,3231.0,138.99,2820.0,87.28,0.0,20.0,0.0
05-03-2012,140.0,3231.0,138.95,2807.0,86.88,0.0,20.0,0.0
06-03-2012,140.0,3231.0,138.92,2798.0,86.6,0.0,20.0,0.0
07-03-2012,140.0,3231.0,138.89,2789.0,86.32,0.0,20.0,0.0
08-03-2012,140.0,3231.0,138.86,2779.0,86.01,0.0,20.0,0.0
09-03-2012,140.0,3231.0,138.83,2770.0,85.73,0.0,20.0,0.0
10-03-2012,140.0,3231.0,138.8,2761.0,85.45,0.0,20.0,0.0
11-03-2012,140.0,3231.0,138.77,2752.0,85.17,0.0,20.0,0.0
12-03-2012,140.0,3231.0,138.74,2742.0,84.87,0.0,20.0,0.0
13-03-2012,140.0,3231.0,138.71,2733.0,84.59,0.0,20.0,0.6
14-03-2012,140.0,3231.0,138.68,2724.0,84.31,0.0,20.0,0.0
15-03-2012,140.0,3231.0,138.65,2715.0,84.03,0.0,20.0,0.0
16-03-2012,140.0,3231.0,138.62,2706.0,83.75,0.0,20.0,0.0
17-03-2012,140.0,3231.0,138.59,2696.0,83.44,0.0,20.0,0.0
18-03-2012,140.0,3231.0,138.56,2687.0,83.16,0.0,20.0,0.0
19-03-2012,140.0,3231.0,138.53,2678.0,82.88,0.0,20.0,0.0
20-03-2012,140.0,3231.0,138.5,2669.0,82.61,0.0,20.0,0.0
21-03-2012,140.0,3231.0,138.47,2660.0,82.33,0.0,20.0,0.0
22-03-2012,140.0,3231.0,138.44,2651.0,82.05,0.0,20.0,0.0
23-03-2012,140.0,3231.0,138.42,2645.0,81.86,0.0,20.0,0.0
24-03-2012,140.0,3231.0,138.39,2636.0,81.58,0.0,20.0,0.0
25-03-2012,140.0,3231.0,138.37,2630.0,81.4,0.0,20.0,0.0
26-03-2012,140.0,3231.0,138.34,2621.0,81.12,0.0,20.0,0.0
27-03-2012,140.0,3231.0,138.32,2615.0,80.93,0.0,20.0,0.0
28-03-2012,140.0,3231.0,138.29,2606.0,80.66,0.0,20.0,0.0
29-03-2012,140.0,3231.0,138.27,2600.0,80.47,0.0,20.0,0.0
30-03-2012,140.0,3231.0,138.24,2592.0,80.22,0.0,20.0,0.0
31-03-2012,140.0,3231.0,138.22,2586.0,80.04,0.0,20.0,0.0
01-04-2012,140.0,3231.0,138.19,2577.0,79.76,0.0,20.0,0.0
02-04-2012,140.0,3231.0,138.17,2571.0,79.57,0.0,20.0,0.0
03-04-2012,140.0,3231.0,138.14,2562.0,79.29,0.0,20.0,0.0
04-04-2012,140.0,3231.0,138.12,2556.0,79.11,0.0,20.0,0.0
05-04-2012,140.0,3231.0,138.09,2547.0,78.83,0.0,20.0,0.0
06-04-2012,140.0,3231.0,138.07,2542.0,78.68,0.0,20.0,0.0
07-04-2012,140.0,3231.0,138.04,2533.0,78.4,0.0,20.0,0.0
08-04-2012,140.0,3231.0,138.02,2527.0,78.21,0.0,20.0,0.0
09-04-2012,140.0,3231.0,138.0,2521.0,78.03,0.0,20.0,0.0
10-04-2012,140.0,3231.0,137.97,2513.0,77.78,0.0,20.0,0.0
11-04-2012,140.0,3231.0,137.95,2507.0,77.59,0.0,20.0,0.0
12-04-2012,140.0,3231.0,137.93,2501.0,77.41,0.0,20.0,0.0
13-04-2012,140.0,3231.0,137.91,2495.0,77.22,0.0,20.0,0.0
14-04-2012,140.0,3231.0,137.89,2489.0,77.03,0.0,20.0,0.0
15-04-2012,140.0,3231.0,137.86,2481.0,76.79,0.0,20.0,0.0
16-04-2012,140.0,3231.0,137.84,2475.0,76.6,0.0,20.0,0.0
17-04-2012,140.0,3231.0,137.81,2467.0,76.35,0.0,20.0,0.0
18-04-2012,140.0,3231.0,137.78,2458.0,76.08,0.0,20.0,0.0
19-04-2012,140.0,3231.0,137.76,2452.0,75.89,0.0,20.0,0.0
20-04-2012,140.0,3231.0,137.73,2444.0,75.64,0.0,20.0,0.0
21-04-2012,140.0,3231.0,137.71,2438.0,75.46,0.0,20.0,0.0
22-04-2012,140.0,3231.0,137.68,2429.0,75.18,0.0,20.0,0.0
23-04-2012,140.0,3231.0,137.65,2421.0,74.93,0.0,20.0,0.0
24-04-2012,140.0,3231.0,137.62,2412.0,74.65,0.0,20.0,0.0
25-04-2012,140.0,3231.0,137.58,2401.0,74.31,0.0,20.0,0.0
26-04-2012,140.0,3231.0,137.54,2390.0,73.97,0.0,20.0,0.0
27-04-2012,140.0,3231.0,137.5,2379.0,73.63,0.0,20.0,0.0
28-04-2012,140.0,3231.0,137.46,2367.0,73.26,0.0,20.0,0.0
29-04-2012,140.0,3231.0,137.42,2356.0,72.92,0.0,20.0,0.0
30-04-2012,140.0,3231.0,137.42,2356.0,72.92,66.0,20.0,10.4
01-05-2012,140.0,3231.0,137.39,2348.0,72.67,0.0,20.0,3.2
02-05-2012,140.0,3231.0,137.35,2337.0,72.33,0.0,20.0,0.0
03-05-2012,140.0,3231.0,137.31,2326.0,71.99,0.0,20.0,0.0
04-05-2012,140.0,3231.0,137.28,2317.0,71.71,0.0,20.0,3.8
05-05-2012,140.0,3231.0,137.24,2306.0,71.37,0.0,20.0,0.0
06-05-2012,140.0,3231.0,137.2,2295.0,71.03,0.0,20.0,0.0
07-05-2012,140.0,3231.0,137.16,2285.0,70.72,0.0,20.0,0.0
08-05-2012,140.0,3231.0,137.12,2274.0,70.38,0.0,20.0,0.0
09-05-2012,140.0,3231.0,137.08,2263.0,70.04,0.0,20.0,0.0
10-05-2012,140.0,3231.0,137.04,2252.0,69.7,0.0,20.0,0.0
11-05-2012,140.0,3231.0,137.01,2244.0,69.45,0.0,20.0,0.0
12-05-2012,140.0,3231.0,136.97,2233.0,69.11,0.0,20.0,0.0
13-05-2012,140.0,3231.0,136.94,2225.0,68.86,0.0,20.0,3.4
14-05-2012,140.0,3231.0,136.91,2217.0,68.62,0.0,20.0,0.0
15-05-2012,140.0,3231.0,136.88,2209.0,68.37,0.0,20.0,0.0
16-05-2012,140.0,3231.0,136.84,2198.0,68.03,0.0,20.0,0.0
17-05-2012,140.0,3231.0,136.81,2190.0,67.78,0.0,20.0,0.0
18-05-2012,140.0,3231.0,136.81,2190.0,67.78,61.0,20.0,20.0
19-05-2012,140.0,3231.0,136.78,2182.0,67.53,0.0,20.0,0.0
20-05-2012,140.0,3231.0,136.75,2174.0,67.29,0.0,20.0,0.0
21-05-2012,140.0,3231.0,136.72,2166.0,67.04,0.0,20.0,0.0
22-05-2012,140.0,3231.0,136.69,2158.0,66.79,0.0,20.0,0.0
23-05-2012,140.0,3231.0,136.66,2150.0,66.54,0.0,20.0,0.0
24-05-2012,140.0,3231.0,136.63,2142.0,66.3,0.0,20.0,0.0
25-05-2012,140.0,3231.0,136.6,2134.0,66.05,0.0,20.0,0.0
26-05-2012,140.0,3231.0,136.57,2127.0,65.83,0.0,20.0,0.0
27-05-2012,140.0,3231.0,136.54,2119.0,65.58,0.0,20.0,0.0
28-05-2012,140.0,3231.0,136.51,2111.0,65.34,0.0,20.0,0.0
29-05-2012,140.0,3231.0,136.48,2103.0,65.09,0.0,20.0,0.0
30-05-2012,140.0,3231.0,136.45,2095.0,64.84,0.0,20.0,0.0
31-05-2012,140.0,3231.0,136.42,2087.0,64.59,0.0,20.0,0.0
01-06-2012,140.0,3231.0,136.39,2080.0,64.38,0.0,20.0,0.0
02-06-2012,140.0,3231.0,136.36,2072.0,64.13,0.0,20.0,0.0
03-06-2012,140.0,3231.0,136.33,2064.0,63.88,0.0,20.0,0.0
04-06-2012,140.0,3231.0,136.3,2056.0,63.63,0.0,20.0,0.0
05-06-2012,140.0,3231.0,136.27,2049.0,63.42,0.0,20.0,0.0
06-06-2012,140.0,3231.0,136.24,2041.0,63.17,0.0,20.0,0.0
07-06-2012,140.0,3231.0,136.22,2036.0,63.01,0.0,20.0,0.0
08-06-2012,140.0,3231.0,136.2,2031.0,62.86,0.0,20.0,0.0
09-06-2012,140.0,3231.0,136.17,2023.0,62.61,35.0,20.0,0.0
10-06-2012,140.0,3231.0,136.14,2016.0,62.4,40.0,20.0,0.0
11-06-2012,140.0,3231.0,136.11,2008.0,62.15,20.0,20.0,0.0
12-06-2012,140.0,3231.0,136.08,2000.0,61.9,20.0,20.0,0.0
13-06-2012,140.0,3231.0,136.05,1993.0,61.68,20.0,20.0,0.0
14-06-2012,140.0,3231.0,136.03,1988.0,61.53,25.0,20.0,4.0
15-06-2012,140.0,3231.0,136.04,1990.0,61.59,82.0,20.0,0.0
16-06-2012,140.0,3231.0,136.06,1995.0,61.75,121.0,20.0,0.0
17-06-2012,140.0,3231.0,136.07,1998.0,61.84,125.0,222.0,0.0
18-06-2012,140.0,3231.0,136.02,1985.0,61.44,111.0,222.0,0.0
19-06-2012,140.0,3231.0,135.98,1975.0,61.13,151.0,222.0,0.0
20-06-2012,140.0,3231.0,135.88,1950.0,60.35,137.0,431.0,0.0
21-06-2012,140.0,3231.0,135.8,1931.0,59.76,163.0,423.0,0.0
22-06-2012,140.0,3231.0,135.7,1906.0,58.99,175.0,423.0,0.0
23-06-2012,140.0,3231.0,135.6,1882.0,58.25,185.0,423.0,0.0
24-06-2012,140.0,3231.0,135.5,1857.0,57.47,179.0,423.0,0.0
25-06-2012,140.0,3231.0,135.4,1833.0,56.73,184.0,423.0,0.0
26-06-2012,140.0,3231.0,135.3,1810.0,56.02,193.0,423.0,0.0
27-06-2012,140.0,3231.0,135.21,1788.0,55.34,209.0,423.0,0.0
28-06-2012,140.0,3231.0,135.12,1767.0,54.69,216.0,423.0,15.0
29-06-2012,140.0,3231.0,135.01,1742.0,53.92,175.0,423.0,0.0
30-06-2012,140.0,3231.0,134.92,1721.0,53.27,217.0,415.0,0.0
01-07-2012,140.0,3231.0,134.85,1705.0,52.77,269.0,415.0,9.6
02-07-2012,140.0,3231.0,134.72,1675.0,51.84,208.0,632.0,0.0
03-07-2012,140.0,3231.0,134.54,1635.0,50.6,197.0,632.0,0.0
04-07-2012,140.0,3231.0,134.36,1595.0,49.37,185.0,619.0,0.0
05-07-2012,140.0,3231.0,134.18,1557.0,48.19,214.0,619.0,0.0
06-07-2012,140.0,3231.0,134.0,1518.0,46.98,216.0,619.0,0.0
07-07-2012,140.0,3231.0,133.82,1481.0,45.84,209.0,619.0,0.0
08-07-2012,140.0,3231.0,133.64,1444.0,44.69,216.0,619.0,0.0
09-07-2012,140.0,3231.0,133.66,1408.0,43.58,220.0,619.0,0.0
10-07-2012,140.0,3231.0,133.27,1371.0,42.43,208.0,619.0,0.0
11-07-2012,140.0,3231.0,133.9,1497.0,46.33,2113.0,627.0,69.6
12-07-2012,140.0,3231.0,133.76,1469.0,45.47,337.0,642.0,19.6
13-07-2012,140.0,3231.0,133.57,1430.0,44.26,217.0,642.0,0.0
14-07-2012,140.0,3231.0,133.4,1396.0,43.21,276.0,642.0,7.4
15-07-2012,140.0,3231.0,133.54,1424.0,44.07,991.0,642.0,54.6
16-07-2012,140.0,3231.0,133.51,1418.0,43.89,597.0,642.0,10.4
17-07-2012,140.0,3231.0,133.34,1385.0,42.87,289.0,642.0,0.0
18-07-2012,140.0,3231.0,133.28,1373.0,42.49,509.0,627.0,8.4
19-07-2012,140.0,3231.0,133.12,1342.0,41.54,289.0,627.0,0.0
20-07-2012,140.0,3231.0,132.95,1310.0,40.54,282.0,627.0,0.0
21-07-2012,140.0,3231.0,132.78,1279.0,39.59,289.0,627.0,0.0
22-07-2012,140.0,3231.0,132.61,1248.0,38.63,290.0,627.0,1.0
23-07-2012,140.0,3231.0,132.43,1216.0,37.64,278.0,627.0,0.0
24-07-2012,140.0,3231.0,132.25,1185.0,36.68,274.0,611.0,0.0
25-07-2012,140.0,3231.0,132.07,1155.0,35.75,285.0,611.0,0.8
26-07-2012,140.0,3231.0,131.91,1128.0,34.91,324.0,611.0,7.0
27-07-2012,140.0,3231.0,131.7,1095.0,33.89,233.0,595.0,0.0
28-07-2012,140.0,3231.0,131.49,1062.0,32.87,214.0,579.0,0.6
29-07-2012,140.0,3231.0,131.29,1032.0,31.94,252.0,579.0,0.0
30-07-2012,140.0,3231.0,131.08,1001.0,30.98,240.0,579.0,0.0
31-07-2012,140.0,3231.0,130.86,969.0,29.99,233.0,579.0,0.0
01-08-2012,140.0,3231.0,130.66,940.0,29.09,233.0,544.0,0.0
02-08-2012,140.0,3231.0,130.48,914.0,28.29,244.0,526.0,0.0
03-08-2012,140.0,3231.0,130.3,888.0,27.48,240.0,526.0,0.0
04-08-2012,140.0,3231.0,130.3,888.0,27.48,545.0,526.0,5.2
05-08-2012,140.0,3231.0,130.12,863.0,26.71,256.0,526.0,0.6
06-08-2012,140.0,3231.0,129.95,839.0,25.97,262.0,526.0,0.0
07-08-2012,140.0,3231.0,129.81,819.0,25.35,262.0,484.0,0.0
08-08-2012,140.0,3231.0,129.66,799.0,24.73,268.0,484.0,1.4
09-08-2012,140.0,3231.0,130.45,909.0,28.13,1769.0,484.0,20.6
10-08-2012,140.0,3231.0,130.45,909.0,28.13,496.0,484.0,4.4
11-08-2012,140.0,3231.0,130.3,888.0,27.48,250.0,484.0,0.0
12-08-2012,140.0,3231.0,130.16,868.0,26.86,259.0,484.0,0.0
13-08-2012,140.0,3231.0,130.02,849.0,26.28,274.0,484.0,0.0
14-08-2012,140.0,3231.0,129.94,837.0,25.91,351.0,484.0,3.6
15-08-2012,140.0,3231.0,129.9,832.0,25.75,438.0,484.0,6.0
16-08-2012,140.0,3231.0,129.9,832.0,25.75,496.0,484.0,6.0
17-08-2012,140.0,3231.0,129.85,825.0,25.53,421.0,484.0,12.2
18-08-2012,140.0,3231.0,129.7,804.0,24.88,259.0,484.0,0.0
19-08-2012,140.0,3231.0,129.54,782.0,24.2,247.0,484.0,0.0
20-08-2012,140.0,3231.0,129.38,760.0,23.52,243.0,484.0,0.0
21-08-2012,140.0,3231.0,129.19,734.0,22.72,202.0,484.0,0.0
22-08-2012,140.0,3231.0,128.99,707.0,21.88,189.0,484.0,0.0
23-08-2012,140.0,3231.0,128.81,683.0,21.14,224.0,484.0,0.0
24-08-2012,140.0,3231.0,128.64,661.0,20.46,247.0,484.0,0.0
25-08-2012,140.0,3231.0,128.45,636.0,19.68,213.0,484.0,0.0
26-08-2012,140.0,3231.0,128.85,689.0,21.32,1125.0,484.0,14.6
27-08-2012,140.0,3231.0,128.66,664.0,20.55,216.0,484.0,0.0
28-08-2012,140.0,3231.0,128.46,637.0,19.72,190.0,484.0,0.0
29-08-2012,140.0,3231.0,128.51,644.0,19.93,583.0,484.0,10.4
30-08-2012,140.0,3231.0,128.3,617.0,19.1,190.0,484.0,1.6
31-08-2012,140.0,3231.0,128.44,635.0,19.65,935.0,484.0,7.2
01-09-2012,140.0,3231.0,128.28,614.0,19.0,254.0,484.0,0.0
02-09-2012,140.0,3231.0,128.14,595.0,18.42,262.0,463.0,1.6
03-09-2012,140.0,3231.0,128.22,606.0,18.76,609.0,463.0,35.2
04-09-2012,140.0,3231.0,128.17,600.0,18.57,192.0,270.0,0.0
05-09-2012,140.0,3231.0,128.12,593.0,18.35,208.0,270.0,0.0
06-09-2012,140.0,3231.0,128.07,587.0,18.17,220.0,270.0,0.0
07-09-2012,140.0,3231.0,128.01,579.0,17.92,193.0,270.0,0.0
08-09-2012,140.0,3231.0,128.44,635.0,19.65,937.0,270.0,29.6
09-09-2012,140.0,3231.0,128.39,628.0,19.44,208.0,270.0,2.8
10-09-2012,140.0,3231.0,128.32,619.0,19.16,185.0,270.0,0.0
11-09-2012,140.0,3231.0,128.34,622.0,19.25,324.0,270.0,7.6
12-09-2012,140.0,3231.0,128.31,618.0,19.13,243.0,270.0,0.0
13-09-2012,140.0,3231.0,128.34,622.0,19.25,335.0,270.0,8.8
14-09-2012,140.0,3231.0,128.55,649.0,20.09,601.0,270.0,34.6
15-09-2012,140.0,3231.0,128.71,670.0,20.74,532.0,270.0,15.8
16-09-2012,140.0,3231.0,128.77,678.0,20.98,382.0,270.0,0.0
17-09-2012,140.0,3231.0,128.82,685.0,21.2,370.0,270.0,0.0
18-09-2012,140.0,3231.0,128.79,681.0,21.08,243.0,270.0,0.0
19-09-2012,140.0,3231.0,128.76,677.0,20.95,243.0,270.0,0.0
20-09-2012,140.0,3231.0,128.73,673.0,20.83,243.0,270.0,0.0
21-09-2012,140.0,3231.0,128.82,685.0,21.2,428.0,270.0,24.2
22-09-2012,140.0,3231.0,128.78,679.0,21.02,220.0,270.0,0.0
23-09-2012,140.0,3231.0,128.72,671.0,20.77,196.0,270.0,0.0
24-09-2012,140.0,3231.0,128.66,664.0,20.55,208.0,270.0,0.0
25-09-2012,140.0,3231.0,128.6,656.0,20.3,196.0,270.0,0.0
26-09-2012,140.0,3231.0,128.53,646.0,19.99,173.0,270.0,0.0
27-09-2012,140.0,3231.0,128.47,639.0,19.78,208.0,270.0,2.4
28-09-2012,140.0,3231.0,128.41,631.0,19.53,196.0,270.0,0.0
29-09-2012,140.0,3231.0,128.34,622.0,19.25,185.0,270.0,1.4
30-09-2012,140.0,3231.0,128.22,606.0,18.76,104.0,270.0,0.0
01-10-2012,140.0,3231.0,128.12,593.0,18.35,133.0,270.0,2.0
02-10-2012,140.0,3231.0,128.08,588.0,18.2,225.0,270.0,0.0
03-10-2012,140.0,3231.0,128.04,583.0,18.04,225.0,270.0,0.0
04-10-2012,140.0,3231.0,128.0,578.0,17.89,225.0,270.0,0.0
05-10-2012,140.0,3231.0,127.96,573.0,17.73,221.0,270.0,0.0
06-10-2012,140.0,3231.0,127.92,568.0,17.58,225.0,270.0,0.0
07-10-2012,140.0,3231.0,128.23,607.0,18.79,734.0,270.0,20.6
08-10-2012,140.0,3231.0,128.16,598.0,18.51,179.0,270.0,0.0
09-10-2012,140.0,3231.0,128.09,589.0,18.23,179.0,270.0,0.0
10-10-2012,140.0,3231.0,128.01,579.0,17.92,167.0,270.0,0.0
11-10-2012,140.0,3231.0,127.92,568.0,17.58,156.0,270.0,0.0
12-10-2012,140.0,3231.0,127.83,556.0,17.21,144.0,270.0,0.0
13-10-2012,140.0,3231.0,127.74,545.0,16.87,137.0,253.0,0.0
14-10-2012,140.0,3231.0,127.64,533.0,16.5,125.0,253.0,0.0
15-10-2012,140.0,3231.0,127.75,546.0,16.9,414.0,253.0,32.4
16-10-2012,140.0,3231.0,127.66,535.0,16.56,137.0,253.0,0.0
17-10-2012,140.0,3231.0,127.57,524.0,16.22,137.0,253.0,0.0
18-10-2012,140.0,3231.0,127.57,524.0,16.22,264.0,253.0,12.6
19-10-2012,140.0,3231.0,127.7,540.0,16.71,449.0,253.0,44.0
20-10-2012,140.0,3231.0,128.1,579.0,17.92,715.0,253.0,73.0
21-10-2012,140.0,3231.0,128.38,627.0,19.41,681.0,253.0,35.6
22-10-2012,140.0,3231.0,128.6,656.0,20.3,600.0,253.0,12.0
23-10-2012,140.0,3231.0,128.71,670.0,20.74,426.0,253.0,3.0
24-10-2012,140.0,3231.0,128.78,679.0,21.02,368.0,253.0,1.6
25-10-2012,140.0,3231.0,128.78,679.0,21.02,264.0,253.0,1.4
26-10-2012,140.0,3231.0,128.74,674.0,20.86,204.0,253.0,0.0
27-10-2012,140.0,3231.0,128.69,668.0,20.67,190.0,253.0,0.0
28-10-2012,140.0,3231.0,128.64,661.0,20.46,183.0,253.0,0.0
29-10-2012,140.0,3231.0,128.58,653.0,20.21,171.0,253.0,0.0
30-10-2012,140.0,3231.0,128.52,645.0,19.96,171.0,253.0,0.0
31-10-2012,140.0,3231.0,128.66,664.0,20.55,484.0,253.0,38.2
01-11-2012,140.0,3231.0,128.9,695.0,21.51,626.0,253.0,31.0
02-11-2012,140.0,3231.0,129.03,713.0,22.07,475.0,253.0,0.0
03-11-2012,140.0,3231.0,129.3,749.0,23.18,660.0,253.0,37.0
04-11-2012,140.0,3231.0,129.88,829.0,25.66,1193.0,253.0,28.0
05-11-2012,140.0,3231.0,130.3,888.0,27.48,950.0,253.0,0.0
06-11-2012,140.0,3231.0,130.5,917.0,28.38,603.0,253.0,0.0
07-11-2012,140.0,3231.0,130.67,941.0,29.12,576.0,282.0,0.0
08-11-2012,140.0,3231.0,130.73,950.0,29.4,402.0,282.0,0.0
09-11-2012,140.0,3231.0,130.73,950.0,29.4,298.0,282.0,0.0
10-11-2012,140.0,3231.0,130.72,948.0,29.34,195.0,175.0,0.0
11-11-2012,140.0,3231.0,130.72,948.0,29.34,191.0,175.0,0.0
12-11-2012,140.0,3231.0,130.74,951.0,29.43,226.0,175.0,0.0
13-11-2012,140.0,3231.0,130.74,951.0,29.43,191.0,175.0,0.0
14-11-2012,140.0,3231.0,130.74,951.0,29.43,191.0,175.0,0.0
15-11-2012,140.0,3231.0,130.7,945.0,29.25,119.0,175.0,0.0
16-11-2012,140.0,3231.0,130.66,940.0,29.09,133.0,175.0,0.0
17-11-2012,140.0,3231.0,130.61,932.0,28.85,98.0,175.0,0.0
18-11-2012,140.0,3231.0,130.55,924.0,28.6,93.0,175.0,0.0
19-11-2012,140.0,3231.0,130.48,914.0,28.29,75.0,175.0,0.0
20-11-2012,140.0,3231.0,130.42,905.0,28.01,87.0,175.0,0.0
21-11-2012,140.0,3231.0,130.36,897.0,27.76,98.0,175.0,0.0
22-11-2012,140.0,3231.0,130.31,890.0,27.55,110.0,175.0,2.2
23-11-2012,140.0,3231.0,130.3,888.0,27.48,168.0,175.0,3.6
24-11-2012,140.0,3231.0,130.26,882.0,27.3,122.0,175.0,1.6
25-11-2012,140.0,3231.0,130.2,874.0,27.05,82.0,170.0,0.0
26-11-2012,140.0,3231.0,130.13,864.0,26.74,66.0,170.0,0.0
27-11-2012,140.0,3231.0,130.05,853.0,26.4,49.0,170.0,0.0
28-11-2012,140.0,3231.0,129.96,840.0,26.0,35.0,170.0,0.0
29-11-2012,140.0,3231.0,129.87,828.0,25.63,32.0,170.0,0.0
30-11-2012,140.0,3231.0,129.76,812.0,25.13,12.0,170.0,0.0
01-12-2012,140.0,3231.0,129.64,796.0,24.64,0.0,170.0,0.0
02-12-2012,140.0,3231.0,129.53,781.0,24.17,0.0,170.0,0.0
03-12-2012,140.0,3231.0,129.54,782.0,24.2,197.0,170.0,10.6
04-12-2012,140.0,3231.0,130.5,917.0,28.38,1747.0,170.0,110.6
05-12-2012,140.0,3231.0,131.45,1056.0,32.68,1794.0,170.0,38.2
06-12-2012,140.0,3231.0,132.18,1173.0,36.3,1542.0,170.0,0.0
07-12-2012,140.0,3231.0,132.72,1268.0,39.24,1288.0,170.0,0.0
08-12-2012,140.0,3231.0,133.07,1333.0,41.26,948.0,170.0,0.0
09-12-2012,140.0,3231.0,133.28,1373.0,42.49,653.0,170.0,0.0
10-12-2012,140.0,3231.0,133.4,1396.0,43.21,456.0,170.0,0.0
11-12-2012,140.0,3231.0,133.5,1416.0,43.83,421.0,170.0,0.0
12-12-2012,140.0,3231.0,133.58,1432.0,44.32,375.0,170.0,0.0
13-12-2012,140.0,3231.0,133.65,1446.0,44.75,352.0,170.0,0.0
14-12-2012,140.0,3231.0,133.71,1458.0,45.13,329.0,170.0,0.0
15-12-2012,140.0,3231.0,133.74,1464.0,45.31,260.0,170.0,0.0
16-12-2012,140.0,3231.0,133.75,1467.0,45.4,225.0,170.0,0.0
17-12-2012,140.0,3231.0,133.76,1469.0,45.47,213.0,170.0,0.0
18-12-2012,140.0,3231.0,133.77,1471.0,45.53,223.0,170.0,0.0
19-12-2012,140.0,3231.0,133.78,1473.0,45.59,213.0,170.0,0.0
20-12-2012,140.0,3231.0,133.78,1473.0,45.59,190.0,170.0,0.0
21-12-2012,140.0,3231.0,133.78,1473.0,45.59,190.0,170.0,0.0
22-12-2012,140.0,3231.0,133.78,1473.0,45.59,190.0,170.0,0.0
23-12-2012,140.0,3231.0,133.78,1473.0,45.59,190.0,170.0,0.0
24-12-2012,140.0,3231.0,131.26,1032.0,31.94,0.0,26.0,0.0
25-12-2012,140.0,3231.0,133.78,1473.0,45.59,190.0,170.0,0.0
26-12-2012,140.0,3231.0,133.78,1473.0,45.59,190.0,170.0,0.0
27-12-2012,140.0,3231.0,133.78,1473.0,45.59,190.0,170.0,0.0
28-12-2012,140.0,3231.0,133.78,1473.0,45.59,190.0,170.0,0.0
29-12-2012,140.0,3231.0,133.78,1473.0,45.59,190.0,170.0,1.6
30-12-2012,140.0,3231.0,133.93,1504.0,46.55,549.0,170.0,39.6
31-12-2012,140.0,3231.0,134.0,1518.0,46.98,352.0,170.0,2.4
01-01-2013,140.0,3231.0,134.01,1520.0,47.04,213.0,170.0,0.0
02-01-2013,140.0,3231.0,134.02,1523.0,47.14,225.0,170.0,0.0
03-01-2013,140.0,3231.0,134.03,1525.0,47.2,213.0,170.0,0.0
04-01-2013,140.0,3231.0,134.04,1527.0,47.26,213.0,170.0,0.0
05-01-2013,140.0,3231.0,134.05,1529.0,47.32,213.0,170.0,0.0
06-01-2013,140.0,3231.0,134.09,1537.0,47.57,286.0,170.0,0.0
07-01-2013,140.0,3231.0,134.11,1542.0,47.73,251.0,170.0,0.0
08-01-2013,140.0,3231.0,134.12,1544.0,47.79,216.0,170.0,0.0
09-01-2013,140.0,3231.0,134.11,1542.0,47.73,170.0,170.0,0.0
10-01-2013,140.0,3231.0,134.1,1539.0,47.63,158.0,170.0,0.0
11-01-2013,140.0,3231.0,134.08,1535.0,47.51,140.0,170.0,0.0
12-01-2013,140.0,3231.0,134.05,1529.0,47.32,128.0,170.0,0.0
13-01-2013,140.0,3231.0,134.02,1523.0,47.14,123.0,170.0,0.0
14-01-2013,140.0,3231.0,133.99,1516.0,46.92,125.0,170.0,0.0
15-01-2013,140.0,3231.0,133.96,1510.0,46.73,124.0,170.0,0.0
16-01-2013,140.0,3231.0,133.93,1504.0,46.55,129.0,170.0,0.0
17-01-2013,140.0,3231.0,133.91,1500.0,46.43,124.0,170.0,0.0
18-01-2013,140.0,3231.0,133.89,1495.0,46.27,124.0,170.0,0.0
19-01-2013,140.0,3231.0,133.87,1491.0,46.15,131.0,170.0,0.0
20-01-2013,140.0,3231.0,133.85,1487.0,46.02,144.0,170.0,0.0
21-01-2013,140.0,3231.0,133.82,1481.0,45.84,152.0,170.0,0.0
22-01-2013,140.0,3231.0,133.79,1475.0,45.65,132.0,170.0,0.0
23-01-2013,140.0,3231.0,133.76,1469.0,45.47,121.0,170.0,0.0
24-01-2013,140.0,3231.0,133.73,1462.0,45.25,132.0,170.0,0.0
25-01-2013,140.0,3231.0,133.7,1456.0,45.06,121.0,170.0,0.0
26-01-2013,140.0,3231.0,133.66,1448.0,44.82,113.0,170.0,0.0
27-01-2013,140.0,3231.0,133.62,1440.0,44.57,97.0,170.0,0.0
28-01-2013,140.0,3231.0,133.57,1430.0,44.26,74.0,170.0,0.0
29-01-2013,140.0,3231.0,133.51,1418.0,43.89,51.0,170.0,0.0
30-01-2013,140.0,3231.0,133.45,1406.0,43.52,62.0,170.0,0.0
31-01-2013,140.0,3231.0,133.32,1381.0,42.74,88.0,320.0,0.0
01-02-2013,140.0,3231.0,133.21,1359.0,42.06,97.0,320.0,0.0
02-02-2013,140.0,3231.0,133.1,1338.0,41.41,105.0,320.0,0.0
03-02-2013,140.0,3231.0,132.98,1316.0,40.73,93.0,320.0,0.0
04-02-2013,140.0,3231.0,132.86,1293.0,40.02,92.0,320.0,0.0
05-02-2013,140.0,3231.0,132.74,1272.0,39.37,81.0,320.0,0.0
06-02-2013,140.0,3231.0,132.62,1250.0,38.69,90.0,320.0,0.0
07-02-2013,140.0,3231.0,132.52,1232.0,38.13,114.0,320.0,0.0
08-02-2013,140.0,3231.0,132.41,1213.0,37.54,125.0,320.0,0.0
09-02-2013,140.0,3231.0,132.31,1195.0,36.99,133.0,320.0,0.0
10-02-2013,140.0,3231.0,132.2,1177.0,36.43,133.0,320.0,0.0
11-02-2013,140.0,3231.0,132.1,1160.0,35.9,139.0,320.0,0.0
12-02-2013,140.0,3231.0,132.0,1143.0,35.38,134.0,320.0,0.0
13-02-2013,140.0,3231.0,131.88,1124.0,34.79,107.0,320.0,0.0
14-02-2013,140.0,3231.0,131.76,1104.0,34.17,101.0,320.0,0.0
15-02-2013,140.0,3231.0,131.63,1084.0,33.55,116.0,320.0,0.0
16-02-2013,140.0,3231.0,131.52,1067.0,33.02,145.0,320.0,0.0
17-02-2013,140.0,3231.0,131.75,1103.0,34.14,759.0,320.0,63.0
18-02-2013,140.0,3231.0,131.9,1127.0,34.88,620.0,320.0,5.0
19-02-2013,140.0,3231.0,131.97,1138.0,35.22,469.0,320.0,3.8
20-02-2013,140.0,3231.0,131.91,1128.0,34.91,226.0,300.0,0.0
21-02-2013,140.0,3231.0,131.83,1116.0,34.54,203.0,300.0,0.0
22-02-2013,140.0,3231.0,131.76,1104.0,34.17,203.0,320.0,0.0
23-02-2013,140.0,3231.0,131.67,1090.0,33.74,156.0,320.0,0.0
24-02-2013,140.0,3231.0,131.59,1077.0,33.33,156.0,320.0,0.0
25-02-2013,140.0,3231.0,131.49,1062.0,32.87,139.0,320.0,0.0
26-02-2013,140.0,3231.0,131.38,1045.0,32.34,128.0,320.0,0.0
27-02-2013,140.0,3231.0,131.26,1027.0,31.79,110.0,320.0,0.0
28-02-2013,140.0,3231.0,131.12,1007.0,31.17,89.0,320.0,0.0
01-03-2013,140.0,3231.0,130.98,986.0,30.52,77.0,320.0,0.0
02-03-2013,140.0,3231.0,130.84,966.0,29.9,72.0,310.0,0.0
03-03-2013,140.0,3231.0,130.69,944.0,29.22,55.0,310.0,0.0
04-03-2013,140.0,3231.0,130.52,919.0,28.44,20.0,310.0,0.0
05-03-2013,140.0,3231.0,130.34,894.0,27.67,18.0,310.0,0.0
06-03-2013,140.0,3231.0,130.16,868.0,26.86,10.0,310.0,0.0
07-03-2013,140.0,3231.0,130.32,891.0,27.58,598.0,310.0,0.0
08-03-2013,140.0,3231.0,130.18,871.0,26.96,79.0,310.0,0.0
09-03-2013,140.0,3231.0,130.03,850.0,26.31,67.0,310.0,0.0
10-03-2013,140.0,3231.0,129.88,829.0,25.66,62.0,310.0,0.0
11-03-2013,140.0,3231.0,129.72,807.0,24.98,66.0,310.0,0.0
12-03-2013,140.0,3231.0,129.57,786.0,24.33,80.0,310.0,0.0
13-03-2013,140.0,3231.0,129.57,786.0,24.33,80.0,310.0,0.0
14-03-2013,140.0,3231.0,129.24,741.0,22.93,49.0,310.0,0.0
15-03-2013,140.0,3231.0,129.07,718.0,22.22,47.0,310.0,0.0
16-03-2013,140.0,3231.0,128.91,697.0,21.57,76.0,310.0,0.0
17-03-2013,140.0,3231.0,128.78,679.0,21.02,100.0,310.0,0.0
18-03-2013,140.0,3231.0,128.64,661.0,20.46,102.0,310.0,0.0
19-03-2013,140.0,3231.0,128.49,641.0,19.84,80.0,310.0,0.0
20-03-2013,140.0,3231.0,128.3,617.0,19.1,51.0,310.0,0.0
21-03-2013,140.0,3231.0,128.12,593.0,18.35,44.0,310.0,0.0
22-03-2013,140.0,3231.0,127.95,572.0,17.7,67.0,310.0,0.0
23-03-2013,140.0,3231.0,127.8,553.0,17.12,90.0,310.0,0.0
24-03-2013,140.0,3231.0,127.65,534.0,16.53,95.0,310.0,0.0
25-03-2013,140.0,3231.0,127.47,512.0,15.85,76.0,310.0,0.0
26-03-2013,140.0,3231.0,127.3,491.0,15.2,85.0,310.0,0.0
27-03-2013,140.0,3231.0,127.11,469.0,14.52,62.0,310.0,0.0
28-03-2013,140.0,3231.0,126.91,446.0,13.8,50.0,301.0,0.0
29-03-2013,140.0,3231.0,126.72,425.0,13.15,71.0,301.0,0.0
30-03-2013,140.0,3231.0,126.51,401.0,12.41,41.0,301.0,0.0
31-03-2013,140.0,3231.0,126.55,406.0,12.57,70.0,10.0,0.0
01-04-2013,140.0,3231.0,126.6,411.0,12.72,72.0,10.0,0.0
02-04-2013,140.0,3231.0,126.64,416.0,12.88,72.0,10.0,0.0
03-04-2013,140.0,3231.0,126.7,422.0,13.06,81.0,10.0,0.0
04-04-2013,140.0,3231.0,126.74,427.0,13.22,70.0,10.0,0.0
05-04-2013,140.0,3231.0,126.79,432.0,13.37,63.0,10.0,0.0
06-04-2013,140.0,3231.0,126.83,437.0,13.53,68.0,10.0,0.0
07-04-2013,140.0,3231.0,126.87,441.0,13.65,72.0,10.0,0.0
08-04-2013,140.0,3231.0,126.89,444.0,13.74,56.0,10.0,0.0
09-04-2013,140.0,3231.0,126.91,446.0,13.8,40.0,10.0,0.0
10-04-2013,140.0,3231.0,126.91,446.0,13.8,26.0,10.0,0.0
11-04-2013,140.0,3231.0,126.9,445.0,13.77,18.0,10.0,0.0
12-04-2013,140.0,3231.0,126.89,444.0,13.74,18.0,10.0,0.0
13-04-2013,140.0,3231.0,126.88,443.0,13.71,15.0,10.0,0.0
14-04-2013,140.0,3231.0,126.87,441.0,13.65,5.0,10.0,0.0
15-04-2013,140.0,3231.0,126.85,439.0,13.59,0.0,10.0,0.0
16-04-2013,140.0,3231.0,126.83,437.0,13.53,0.0,10.0,0.0
17-04-2013,140.0,3231.0,126.81,434.0,13.43,0.0,10.0,0.0
18-04-2013,140.0,3231.0,126.79,432.0,13.37,0.0,10.0,0.0
19-04-2013,140.0,3231.0,126.77,430.0,13.31,0.0,10.0,0.6
20-04-2013,140.0,3231.0,126.75,428.0,13.25,0.0,10.0,0.0
21-04-2013,140.0,3231.0,126.73,426.0,13.18,0.0,10.0,0.0
22-04-2013,140.0,3231.0,126.71,423.0,13.09,0.0,10.0,0.0
23-04-2013,140.0,3231.0,126.69,421.0,13.03,0.0,10.0,0.0
24-04-2013,140.0,3231.0,126.67,419.0,12.97,0.0,10.0,0.0
25-04-2013,140.0,3231.0,126.65,417.0,12.91,0.0,10.0,0.0
26-04-2013,140.0,3231.0,126.63,415.0,12.84,0.0,10.0,0.0
27-04-2013,140.0,3231.0,126.61,412.0,12.75,0.0,10.0,0.0
28-04-2013,140.0,3231.0,126.59,410.0,12.69,0.0,10.0,0.0
29-04-2013,140.0,3231.0,126.57,408.0,12.63,0.0,10.0,0.0
30-04-2013,140.0,3231.0,126.55,406.0,12.57,0.0,10.0,0.0
01-05-2013,140.0,3231.0,126.53,404.0,12.5,0.0,10.0,0.0
02-05-2013,140.0,3231.0,126.51,401.0,12.41,0.0,10.0,0.0
03-05-2013,140.0,3231.0,126.49,399.0,12.35,0.0,10.0,0.0
04-05-2013,140.0,3231.0,126.47,397.0,12.29,0.0,10.0,0.0
05-05-2013,140.0,3231.0,126.45,395.0,12.23,0.0,10.0,0.0
06-05-2013,140.0,3231.0,126.43,393.0,12.16,0.0,10.0,0.0
07-05-2013,140.0,3231.0,126.41,391.0,12.1,0.0,10.0,0.0
08-05-2013,140.0,3231.0,126.39,388.0,12.01,0.0,10.0,0.0
09-05-2013,140.0,3231.0,126.37,386.0,11.95,0.0,10.0,0.0
10-05-2013,140.0,3231.0,126.35,384.0,11.88,0.0,10.0,0.0
11-05-2013,140.0,3231.0,126.33,382.0,11.82,0.0,10.0,0.0
12-05-2013,140.0,3231.0,126.31,380.0,11.76,0.0,10.0,0.0
13-05-2013,140.0,3231.0,126.29,378.0,11.7,0.0,10.0,1.2
14-05-2013,140.0,3231.0,126.27,376.0,11.64,0.0,10.0,0.0
15-05-2013,140.0,3231.0,126.25,373.0,11.54,0.0,10.0,0.0
16-05-2013,140.0,3231.0,126.23,371.0,11.48,0.0,10.0,0.0
17-05-2013,140.0,3231.0,126.21,369.0,11.42,0.0,10.0,0.0
18-05-2013,140.0,3231.0,126.19,367.0,11.36,0.0,10.0,0.0
19-05-2013,140.0,3231.0,126.17,365.0,11.3,0.0,10.0,0.0
20-05-2013,140.0,3231.0,126.15,363.0,11.23,0.0,10.0,0.0
21-05-2013,140.0,3231.0,126.13,361.0,11.17,0.0,10.0,0.0
22-05-2013,140.0,3231.0,126.11,359.0,11.11,0.0,10.0,0.0
23-05-2013,140.0,3231.0,126.09,356.0,11.02,0.0,10.0,0.0
24-05-2013,140.0,3231.0,126.06,354.0,10.96,0.0,10.0,0.0
25-05-2013,140.0,3231.0,126.04,352.0,10.89,0.0,10.0,0.0
26-05-2013,140.0,3231.0,126.02,349.0,10.8,0.0,10.0,0.0
27-05-2013,140.0,3231.0,126.0,347.0,10.74,0.0,10.0,0.0
28-05-2013,140.0,3231.0,125.98,345.0,10.68,0.0,10.0,0.0
29-05-2013,140.0,3231.0,125.96,343.0,10.62,0.0,10.0,0.0
30-05-2013,140.0,3231.0,125.94,341.0,10.55,0.0,10.0,0.0
31-05-2013,140.0,3231.0,125.92,339.0,10.49,0.0,10.0,0.0
01-06-2013,140.0,3231.0,125.9,337.0,10.43,0.0,10.0,2.8
02-06-2013,140.0,3231.0,125.88,335.0,10.37,0.0,10.0,0.0
03-06-2013,140.0,3231.0,125.86,333.0,10.31,0.0,10.0,0.0
04-06-2013,140.0,3231.0,125.84,331.0,10.24,0.0,10.0,2.8
05-06-2013,140.0,3231.0,125.82,329.0,10.18,0.0,10.0,0.0
06-06-2013,140.0,3231.0,125.8,327.0,10.12,0.0,10.0,0.0
07-06-2013,140.0,3231.0,125.78,325.0,10.06,0.0,10.0,0.0
08-06-2013,140.0,3231.0,125.76,323.0,10.0,0.0,10.0,6.2
09-06-2013,140.0,3231.0,125.74,321.0,9.94,0.0,10.0,0.0
10-06-2013,140.0,3231.0,125.72,319.0,9.87,0.0,10.0,0.0
11-06-2013,140.0,3231.0,125.7,317.0,9.81,0.0,10.0,0.0
12-06-2013,140.0,3231.0,125.68,315.0,9.75,0.0,10.0,8.6
13-06-2013,140.0,3231.0,125.65,312.0,9.66,0.0,10.0,0.0
14-06-2013,140.0,3231.0,125.62,309.0,9.56,0.0,10.0,0.0
15-06-2013,140.0,3231.0,125.57,305.0,9.44,0.0,10.0,0.0
16-06-2013,140.0,3231.0,125.53,301.0,9.32,0.0,10.0,0.0
17-06-2013,140.0,3231.0,125.48,296.0,9.16,0.0,10.0,0.0
18-06-2013,140.0,3231.0,125.43,291.0,9.01,0.0,10.0,0.0
19-06-2013,140.0,3231.0,125.38,286.0,8.85,0.0,10.0,0.0
20-06-2013,140.0,3231.0,125.33,282.0,8.73,0.0,10.0,0.0
21-06-2013,140.0,3231.0,125.28,277.0,8.57,0.0,10.0,0.0
22-06-2013,140.0,3231.0,125.22,271.0,8.39,0.0,10.0,0.0
23-06-2013,140.0,3231.0,125.15,265.0,8.2,0.0,10.0,0.0
24-06-2013,140.0,3231.0,125.08,259.0,8.02,0.0,10.0,3.0
25-06-2013,140.0,3231.0,125.02,253.0,7.83,0.0,10.0,0.0
26-06-2013,140.0,3231.0,124.95,247.0,7.64,0.0,10.0,0.0
27-06-2013,140.0,3231.0,124.88,241.0,7.46,0.0,10.0,1.4
28-06-2013,140.0,3231.0,124.81,235.0,7.27,0.0,10.0,0.0
29-06-2013,140.0,3231.0,124.75,229.0,7.09,0.0,10.0,1.8
30-06-2013,140.0,3231.0,124.69,224.0,6.93,0.0,10.0,2.0
01-07-2013,140.0,3231.0,124.63,219.0,6.78,0.0,10.0,0.0
02-07-2013,140.0,3231.0,124.57,214.0,6.62,0.0,10.0,0.6
03-07-2013,140.0,3231.0,124.54,209.0,6.47,0.0,10.0,0.0
04-07-2013,140.0,3231.0,124.46,205.0,6.34,0.0,10.0,0.0
05-07-2013,140.0,3231.0,124.41,201.0,6.22,0.0,10.0,0.0
06-07-2013,140.0,3231.0,124.39,199.0,6.16,0.0,10.0,0.0
07-07-2013,140.0,3231.0,124.36,197.0,6.1,0.0,10.0,0.4
08-07-2013,140.0,3231.0,124.33,195.0,6.04,0.0,10.0,1.6
09-07-2013,140.0,3231.0,124.23,187.0,5.79,4.0,101.0,0.0
10-07-2013,140.0,3231.0,124.1,177.0,5.48,6.0,101.0,0.0
11-07-2013,140.0,3231.0,124.08,176.0,5.45,75.0,101.0,20.0
12-07-2013,140.0,3231.0,124.0,170.0,5.26,41.0,101.0,6.4
13-07-2013,140.0,3231.0,123.95,167.0,5.17,76.0,101.0,4.8
14-07-2013,140.0,3231.0,123.93,165.0,5.11,85.0,101.0,0.0
15-07-2013,140.0,3231.0,123.83,158.0,4.89,32.0,101.0,0.0
16-07-2013,140.0,3231.0,123.85,160.0,4.95,131.0,101.0,33.4
17-07-2013,140.0,3231.0,123.71,150.0,4.64,2.0,101.0,0.0
18-07-2013,140.0,3231.0,123.63,145.0,4.49,50.0,101.0,8.4
19-07-2013,140.0,3231.0,123.53,139.0,4.3,39.0,101.0,12.6
20-07-2013,140.0,3231.0,123.53,139.0,4.3,108.0,101.0,30.6
21-07-2013,140.0,3231.0,123.43,133.0,4.12,39.0,101.0,5.4
22-07-2013,140.0,3231.0,123.47,135.0,4.18,131.0,101.0,1.6
23-07-2013,140.0,3231.0,123.65,146.0,4.52,235.0,101.0,4.2
24-07-2013,140.0,3231.0,123.83,158.0,4.89,247.0,101.0,5.6
25-07-2013,140.0,3231.0,123.9,163.0,5.04,162.0,101.0,0.0
26-07-2013,140.0,3231.0,123.97,168.0,5.2,166.0,101.0,0.0
27-07-2013,140.0,3231.0,124.06,174.0,5.39,177.0,101.0,0.0
28-07-2013,140.0,3231.0,124.14,180.0,5.57,177.0,101.0,0.0
29-07-2013,140.0,3231.0,124.22,186.0,5.76,173.0,101.0,0.0
30-07-2013,140.0,3231.0,124.3,192.0,5.94,176.0,101.0,0.0
31-07-2013,140.0,3231.0,124.36,197.0,6.1,174.0,101.0,0.0
01-08-2013,140.0,3231.0,124.37,198.0,6.13,170.0,150.0,0.0
02-08-2013,140.0,3231.0,124.38,199.0,6.16,170.0,150.0,0.0
03-08-2013,140.0,3231.0,124.4,200.0,6.19,170.0,150.0,0.0
04-08-2013,140.0,3231.0,124.46,205.0,6.34,216.0,150.0,12.4
05-08-2013,140.0,3231.0,124.41,201.0,6.22,100.0,150.0,3.6
06-08-2013,140.0,3231.0,124.28,191.0,5.91,40.0,150.0,1.0
07-08-2013,140.0,3231.0,124.23,187.0,5.79,113.0,150.0,0.0
08-08-2013,140.0,3231.0,124.2,185.0,5.73,136.0,150.0,1.6
09-08-2013,140.0,3231.0,124.19,184.0,5.69,147.0,150.0,1.4
10-08-2013,140.0,3231.0,124.24,188.0,5.82,205.0,150.0,6.6
11-08-2013,140.0,3231.0,124.27,190.0,5.88,182.0,150.0,0.0
12-08-2013,140.0,3231.0,124.36,197.0,6.1,240.0,150.0,5.6
13-08-2013,140.0,3231.0,124.41,201.0,6.22,205.0,150.0,0.0
14-08-2013,140.0,3231.0,124.52,210.0,6.5,263.0,150.0,5.4
15-08-2013,140.0,3231.0,124.95,247.0,7.64,597.0,160.0,41.6
16-08-2013,140.0,3231.0,125.1,260.0,8.05,319.0,160.0,13.2
17-08-2013,140.0,3231.0,125.38,286.0,8.85,473.0,160.0,34.8
18-08-2013,140.0,3231.0,125.47,295.0,9.13,276.0,160.0,1.6
19-08-2013,140.0,3231.0,125.52,300.0,9.29,233.0,160.0,0.0
20-08-2013,140.0,3231.0,125.58,306.0,9.47,243.0,160.0,0.0
21-08-2013,140.0,3231.0,125.62,309.0,9.56,242.0,195.0,0.0
22-08-2013,140.0,3231.0,125.64,311.0,9.63,230.0,195.0,3.2
23-08-2013,140.0,3231.0,125.66,313.0,9.69,230.0,195.0,0.0
24-08-2013,140.0,3231.0,125.68,315.0,9.75,243.0,231.0,0.0
25-08-2013,140.0,3231.0,125.68,315.0,9.75,245.0,231.0,0.0
26-08-2013,140.0,3231.0,125.68,315.0,9.75,243.0,231.0,0.0
27-08-2013,140.0,3231.0,125.68,315.0,9.75,243.0,231.0,0.0
28-08-2013,140.0,3231.0,125.63,310.0,9.59,185.0,231.0,0.0
29-08-2013,140.0,3231.0,125.52,300.0,9.29,127.0,231.0,0.0
30-08-2013,140.0,3231.0,125.7,317.0,9.81,497.0,219.0,65.6
31-08-2013,140.0,3231.0,125.65,312.0,9.66,185.0,231.0,0.0
01-09-2013,140.0,3231.0,125.6,307.0,9.5,185.0,231.0,0.0
02-09-2013,140.0,3231.0,125.53,301.0,9.32,173.0,231.0,0.0
03-09-2013,140.0,3231.0,125.5,298.0,9.22,208.0,231.0,2.4
04-09-2013,140.0,3231.0,125.75,322.0,9.97,521.0,231.0,76.6
05-09-2013,140.0,3231.0,125.8,327.0,10.12,301.0,231.0,0.0
06-09-2013,140.0,3231.0,125.75,322.0,9.97,185.0,231.0,0.0
07-09-2013,140.0,3231.0,125.68,315.0,9.75,162.0,231.0,0.0
08-09-2013,140.0,3231.0,125.6,307.0,9.5,151.0,231.0,0.0
09-09-2013,140.0,3231.0,125.5,298.0,9.22,140.0,231.0,1.4
10-09-2013,140.0,3231.0,125.41,289.0,8.94,140.0,231.0,0.0
11-09-2013,140.0,3231.0,125.72,319.0,9.87,590.0,231.0,73.6
12-09-2013,140.0,3231.0,126.1,357.0,11.05,684.0,231.0,14.4
13-09-2013,140.0,3231.0,126.31,380.0,11.76,512.0,231.0,58.6
14-09-2013,140.0,3231.0,126.52,402.0,12.44,499.0,231.0,8.4
15-09-2013,140.0,3231.0,126.6,411.0,12.72,348.0,231.0,0.0
16-09-2013,140.0,3231.0,126.58,409.0,12.66,221.0,231.0,0.0
17-09-2013,140.0,3231.0,126.53,404.0,12.5,177.0,231.0,0.0
18-09-2013,140.0,3231.0,126.48,398.0,12.32,177.0,231.0,0.0
19-09-2013,140.0,3231.0,126.52,402.0,12.44,292.0,231.0,33.6
20-09-2013,140.0,3231.0,126.5,400.0,12.38,223.0,231.0,0.0
21-09-2013,140.0,3231.0,126.45,395.0,12.23,188.0,231.0,0.0
22-09-2013,140.0,3231.0,126.45,395.0,12.23,246.0,231.0,6.8
23-09-2013,140.0,3231.0,126.4,389.0,12.04,177.0,231.0,0.0
24-09-2013,140.0,3231.0,126.29,378.0,11.7,119.0,231.0,0.0
25-09-2013,140.0,3231.0,126.19,367.0,11.36,119.0,231.0,0.0
26-09-2013,140.0,3231.0,126.11,359.0,11.11,142.0,231.0,0.0
27-09-2013,140.0,3231.0,126.03,351.0,10.86,142.0,231.0,0.0
28-09-2013,140.0,3231.0,126.01,348.0,10.77,211.0,231.0,31.4
29-09-2013,140.0,3231.0,125.96,343.0,10.62,188.0,231.0,0.0
30-09-2013,140.0,3231.0,125.87,334.0,10.34,132.0,231.0,0.0
01-10-2013,140.0,3231.0,125.82,329.0,10.18,182.0,231.0,5.6
02-10-2013,140.0,3231.0,125.72,319.0,9.87,124.0,231.0,0.0
03-10-2013,140.0,3231.0,125.62,309.0,9.56,124.0,231.0,0.0
04-10-2013,140.0,3231.0,125.61,308.0,9.53,228.0,231.0,10.0
05-10-2013,140.0,3231.0,125.49,297.0,9.19,114.0,231.0,0.0
06-10-2013,140.0,3231.0,125.37,285.0,8.82,105.0,231.0,0.0
07-10-2013,140.0,3231.0,125.24,273.0,8.45,101.0,231.0,0.0
08-10-2013,140.0,3231.0,125.13,263.0,8.14,85.0,195.0,0.0
09-10-2013,140.0,3231.0,125.0,251.0,7.77,63.0,195.0,0.0
10-10-2013,140.0,3231.0,125.08,259.0,8.02,297.0,195.0,17.8
11-10-2013,140.0,3231.0,125.06,257.0,7.95,181.0,195.0,14.8
12-10-2013,140.0,3231.0,125.0,251.0,7.77,135.0,195.0,0.0
13-10-2013,140.0,3231.0,124.87,240.0,7.43,77.0,195.0,0.0
14-10-2013,140.0,3231.0,124.76,230.0,7.12,88.0,195.0,0.0
15-10-2013,140.0,3231.0,124.64,220.0,6.81,84.0,195.0,0.0
16-10-2013,140.0,3231.0,124.51,209.0,6.47,71.0,195.0,0.0
17-10-2013,140.0,3231.0,124.42,202.0,6.25,79.0,150.0,0.0
18-10-2013,140.0,3231.0,124.36,197.0,6.1,98.0,150.0,4.0
19-10-2013,140.0,3231.0,124.24,188.0,5.82,51.0,150.0,0.0
20-10-2013,140.0,3231.0,124.24,188.0,5.82,108.0,101.0,9.8
21-10-2013,140.0,3231.0,124.4,200.0,6.19,247.0,101.0,16.0
22-10-2013,140.0,3231.0,124.7,225.0,6.96,446.0,150.0,17.6
23-10-2013,140.0,3231.0,124.86,239.0,7.4,319.0,150.0,0.0
24-10-2013,140.0,3231.0,124.97,249.0,7.71,273.0,150.0,1.0
25-10-2013,140.0,3231.0,125.0,251.0,7.77,180.0,150.0,1.0
26-10-2013,140.0,3231.0,125.5,298.0,9.22,544.0,150.0,68.6
27-10-2013,140.0,3231.0,125.9,337.0,10.43,608.0,150.0,1.0
28-10-2013,140.0,3231.0,126.35,384.0,11.88,680.0,150.0,0.0
29-10-2013,140.0,3231.0,126.75,428.0,13.25,749.0,231.0,2.0
30-10-2013,140.0,3231.0,126.96,452.0,13.99,518.0,231.0,0.0
31-10-2013,140.0,3231.0,126.99,455.0,14.08,275.0,231.0,0.0
01-11-2013,140.0,3231.0,127.01,457.0,14.14,267.0,231.0,0.0
02-11-2013,140.0,3231.0,126.88,454.0,14.05,231.0,231.0,0.0
03-11-2013,140.0,3231.0,126.9,445.0,13.77,138.0,231.0,6.8
04-11-2013,140.0,3231.0,126.81,434.0,13.43,115.0,231.0,7.4
05-11-2013,140.0,3231.0,128.81,683.0,21.14,95.0,335.0,0.0
06-11-2013,140.0,3231.0,126.62,413.0,12.78,126.0,231.0,0.0
07-11-2013,140.0,3231.0,126.52,402.0,12.44,131.0,231.0,0.0
08-11-2013,140.0,3231.0,126.42,392.0,12.13,127.0,231.0,0.0
09-11-2013,140.0,3231.0,126.33,382.0,11.82,126.0,231.0,0.0
10-11-2013,140.0,3231.0,126.26,374.0,11.58,113.0,195.0,0.0
11-11-2013,140.0,3231.0,126.16,364.0,11.27,122.0,195.0,0.0
12-11-2013,140.0,3231.0,126.1,357.0,11.05,125.0,195.0,0.0
13-11-2013,140.0,3231.0,126.02,349.0,10.8,119.0,195.0,0.0
14-11-2013,140.0,3231.0,125.94,341.0,10.55,119.0,195.0,0.0
15-11-2013,140.0,3231.0,125.87,334.0,10.34,123.0,195.0,0.0
16-11-2013,140.0,3231.0,125.75,322.0,9.97,205.0,195.0,2.6
17-11-2013,140.0,3231.0,126.27,376.0,11.64,625.0,195.0,93.0
18-11-2013,140.0,3231.0,127.78,550.0,17.02,2258.0,231.0,10.8
19-11-2013,140.0,3231.0,128.58,653.0,20.21,1437.0,231.0,0.0
20-11-2013,140.0,3231.0,129.0,709.0,21.94,997.0,335.0,0.0
21-11-2013,140.0,3231.0,129.15,729.0,22.56,580.0,335.0,0.0
22-11-2013,140.0,3231.0,129.18,733.0,22.69,395.0,335.0,0.0
23-11-2013,140.0,3231.0,129.16,730.0,22.59,314.0,335.0,13.0
24-11-2013,140.0,3231.0,129.12,725.0,22.44,291.0,335.0,0.0
25-11-2013,140.0,3231.0,129.28,747.0,23.12,604.0,335.0,54.0
26-11-2013,140.0,3231.0,129.36,757.0,23.43,465.0,335.0,0.0
27-11-2013,140.0,3231.0,129.41,764.0,23.65,430.0,335.0,0.0
28-11-2013,140.0,3231.0,129.45,770.0,23.83,419.0,335.0,0.0
29-11-2013,140.0,3231.0,129.4,763.0,23.61,269.0,335.0,0.0
30-11-2013,140.0,3231.0,129.33,753.0,23.31,234.0,335.0,0.0
01-12-2013,140.0,3231.0,129.28,747.0,23.12,281.0,335.0,1.4
02-12-2013,140.0,3231.0,129.21,737.0,22.81,234.0,345.0,6.2
03-12-2013,140.0,3231.0,129.11,724.0,22.41,200.0,335.0,0.0
04-12-2013,140.0,3231.0,128.97,705.0,21.82,130.0,335.0,0.0
05-12-2013,140.0,3231.0,128.81,683.0,21.14,95.0,335.0,0.0
06-12-2013,140.0,3231.0,128.66,664.0,20.55,129.0,335.0,0.0
07-12-2013,140.0,3231.0,128.51,644.0,19.93,118.0,335.0,0.0
08-12-2013,140.0,3231.0,128.35,623.0,19.28,82.0,335.0,0.0
09-12-2013,140.0,3231.0,128.18,601.0,18.6,88.0,335.0,0.0
10-12-2013,140.0,3231.0,127.98,575.0,17.8,59.0,335.0,0.0
11-12-2013,140.0,3231.0,127.78,550.0,17.02,55.0,335.0,0.0
12-12-2013,140.0,3231.0,127.62,530.0,16.4,116.0,335.0,5.0
13-12-2013,140.0,3231.0,127.5,515.0,15.94,173.0,335.0,6.0
14-12-2013,140.0,3231.0,127.31,493.0,15.26,92.0,335.0,1.0
15-12-2013,140.0,3231.0,127.12,470.0,14.55,81.0,335.0,0.0
16-12-2013,140.0,3231.0,126.94,449.0,13.9,104.0,335.0,0.0
17-12-2013,140.0,3231.0,126.74,427.0,13.22,92.0,335.0,0.0
18-12-2013,140.0,3231.0,126.54,405.0,12.53,87.0,335.0,0.0
19-12-2013,140.0,3231.0,126.32,381.0,11.79,69.0,335.0,0.0
20-12-2013,140.0,3231.0,126.11,359.0,11.11,92.0,335.0,0.0
21-12-2013,140.0,3231.0,125.88,335.0,10.37,63.0,335.0,0.0
22-12-2013,140.0,3231.0,125.64,311.0,9.63,62.0,335.0,0.0
23-12-2013,140.0,3231.0,125.39,287.0,8.88,59.0,335.0,0.0
24-12-2013,140.0,3231.0,125.2,270.0,8.36,39.0,231.0,0.0
25-12-2013,140.0,3231.0,125.0,251.0,7.77,23.0,231.0,0.0
26-12-2013,140.0,3231.0,124.78,232.0,7.18,21.0,231.0,0.0
27-12-2013,140.0,3231.0,124.57,214.0,6.62,33.0,231.0,0.0
28-12-2013,140.0,3231.0,124.39,199.0,6.16,35.0,195.0,0.0
29-12-2013,140.0,3231.0,124.19,184.0,5.69,33.0,195.0,0.0
30-12-2013,140.0,3231.0,124.03,172.0,5.32,19.0,150.0,0.0
31-12-2013,140.0,3231.0,123.86,160.0,4.95,15.0,150.0,0.0
01-01-2014,140.0,3231.0,123.66,147.0,4.55,8.0,150.0,0.0
02-01-2014,140.0,3231.0,123.52,138.0,4.27,0.0,101.0,0.0
03-01-2014,140.0,3231.0,123.36,129.0,3.99,0.0,101.0,0.0
04-01-2014,140.0,3231.0,123.25,122.0,3.78,0.0,76.0,0.0
05-01-2014,140.0,3231.0,127.03,460.0,14.24,182.0,298.0,0.0
06-01-2014,140.0,3231.0,123.04,111.0,3.44,0.0,46.0,0.0
07-01-2014,140.0,3231.0,122.96,107.0,3.31,0.0,46.0,0.0
08-01-2014,140.0,3231.0,122.96,104.0,3.22,0.0,35.0,0.0
09-01-2014,140.0,3231.0,122.83,101.0,3.13,0.0,35.0,0.0
10-01-2014,140.0,3231.0,122.76,98.0,3.03,0.0,35.0,0.0
11-01-2014,140.0,3231.0,122.73,96.0,2.97,0.0,20.0,0.0
12-01-2014,140.0,3231.0,122.68,94.0,2.91,0.0,20.0,0.0
13-01-2014,140.0,3231.0,122.66,93.0,2.88,13.0,20.0,0.0
14-01-2014,140.0,3231.0,122.71,95.0,2.94,55.0,20.0,0.0
15-01-2014,140.0,3231.0,122.82,100.0,3.1,87.0,25.0,0.0
16-01-2014,140.0,3231.0,122.9,104.0,3.22,75.0,25.0,0.0
17-01-2014,140.0,3231.0,123.0,109.0,3.37,86.0,25.0,0.0
18-01-2014,140.0,3231.0,123.15,117.0,3.62,123.0,25.0,0.0
19-01-2014,140.0,3231.0,123.26,123.0,3.81,137.0,63.0,0.0
20-01-2014,140.0,3231.0,123.37,129.0,3.99,140.0,63.0,0.0
21-01-2014,140.0,3231.0,123.45,134.0,4.15,126.0,63.0,0.0
22-01-2014,140.0,3231.0,123.52,138.0,4.27,114.0,63.0,0.0
23-01-2014,140.0,3231.0,123.66,147.0,4.55,172.0,63.0,0.0
24-01-2014,140.0,3231.0,123.83,158.0,4.89,195.0,63.0,0.0
25-01-2014,140.0,3231.0,123.93,165.0,5.11,164.0,75.0,0.0
26-01-2014,140.0,3231.0,124.06,174.0,5.39,186.0,75.0,0.0
27-01-2014,140.0,3231.0,124.23,187.0,5.79,230.0,75.0,0.0
28-01-2014,140.0,3231.0,124.42,202.0,6.25,262.0,80.0,0.0
29-01-2014,140.0,3231.0,124.62,218.0,6.75,273.0,80.0,0.0
30-01-2014,140.0,3231.0,124.78,232.0,7.18,266.0,96.0,0.0
31-01-2014,140.0,3231.0,124.92,244.0,7.55,247.0,96.0,0.0
01-02-2014,140.0,3231.0,125.03,254.0,7.86,222.0,96.0,0.0
02-02-2014,140.0,3231.0,125.18,268.0,8.29,268.0,96.0,0.0
03-02-2014,140.0,3231.0,125.39,287.0,8.88,326.0,96.0,0.0
04-02-2014,140.0,3231.0,125.61,308.0,9.53,361.0,108.0,0.0
05-02-2014,140.0,3231.0,125.89,336.0,10.4,445.0,108.0,0.0
06-02-2014,140.0,3231.0,126.75,428.0,13.25,183.0,179.0,0.0
07-02-2014,140.0,3231.0,126.63,415.0,12.84,609.0,119.0,0.0
08-02-2014,140.0,3231.0,126.98,454.0,14.05,609.0,140.0,0.0
09-02-2014,140.0,3231.0,127.24,484.0,14.98,572.0,210.0,0.0
10-02-2014,140.0,3231.0,127.5,515.0,15.94,584.0,210.0,0.0
11-02-2014,140.0,3231.0,127.74,545.0,16.87,572.0,310.0,0.0
12-02-2014,140.0,3231.0,127.9,565.0,17.49,561.0,577.0,0.0
13-02-2014,140.0,3231.0,127.91,566.0,17.52,606.0,577.0,0.0
14-02-2014,140.0,3231.0,127.92,568.0,17.58,617.0,577.0,0.0
15-02-2014,140.0,3231.0,127.97,574.0,17.77,663.0,577.0,0.0
16-02-2014,140.0,3231.0,128.04,583.0,18.04,699.0,596.0,0.0
17-02-2014,140.0,3231.0,128.12,593.0,18.35,712.0,596.0,0.0
18-02-2014,140.0,3231.0,128.16,598.0,18.51,660.0,596.0,4.0
19-02-2014,140.0,3231.0,128.16,598.0,18.51,596.0,596.0,0.0
20-02-2014,140.0,3231.0,128.11,592.0,18.32,527.0,596.0,0.0
21-02-2014,140.0,3231.0,128.06,586.0,18.14,502.0,596.0,0.0
22-02-2014,140.0,3231.0,128.02,580.0,17.95,509.0,596.0,0.0
23-02-2014,140.0,3231.0,127.98,575.0,17.8,517.0,596.0,0.0
24-02-2014,140.0,3231.0,127.94,570.0,17.64,516.0,596.0,0.0
25-02-2014,140.0,3231.0,127.85,559.0,17.3,467.0,594.0,0.0
26-02-2014,140.0,3231.0,127.77,549.0,16.99,476.0,594.0,0.0
27-02-2014,140.0,3231.0,127.7,540.0,16.71,490.0,584.0,0.0
28-02-2014,140.0,3231.0,127.64,533.0,16.5,513.0,594.0,0.0
01-03-2014,140.0,3231.0,127.59,526.0,16.28,517.0,594.0,0.0
02-03-2014,140.0,3231.0,127.5,515.0,15.94,468.0,595.0,0.0
03-03-2014,140.0,3231.0,127.42,506.0,15.66,491.0,595.0,0.0
04-03-2014,140.0,3231.0,127.42,506.0,15.66,492.0,592.0,0.0
05-03-2014,140.0,3231.0,127.42,506.0,15.66,388.0,388.0,0.0
06-03-2014,140.0,3231.0,127.42,506.0,15.66,198.0,198.0,0.0
07-03-2014,140.0,3231.0,127.34,496.0,15.35,82.0,198.0,0.0
08-03-2014,140.0,3231.0,127.23,483.0,14.95,30.0,198.0,0.0
09-03-2014,140.0,3231.0,127.1,468.0,14.48,22.0,198.0,0.0
10-03-2014,140.0,3231.0,126.96,452.0,13.99,8.0,198.0,0.0
11-03-2014,140.0,3231.0,126.8,433.0,13.4,0.0,434.0,0.0
12-03-2014,140.0,3231.0,126.46,396.0,12.26,0.0,434.0,0.0
13-03-2014,140.0,3231.0,126.18,366.0,11.33,0.0,347.0,0.0
14-03-2014,140.0,3231.0,125.95,342.0,10.58,0.0,278.0,0.0
15-03-2014,140.0,3231.0,125.71,318.0,9.84,0.0,275.0,0.0
16-03-2014,140.0,3231.0,125.42,290.0,8.98,0.0,324.0,0.0
17-03-2014,140.0,3231.0,125.2,270.0,8.36,0.0,231.0,0.0
18-03-2014,140.0,3231.0,125.0,251.0,7.77,0.0,220.0,0.0
19-03-2014,140.0,3231.0,124.78,232.0,7.18,0.0,217.0,0.0
20-03-2014,140.0,3231.0,124.56,213.0,6.59,0.0,216.0,0.0
21-03-2014,140.0,3231.0,124.32,194.0,6.0,0.0,216.0,0.0
22-03-2014,140.0,3231.0,124.07,175.0,5.42,0.0,216.0,0.0
24-03-2014,140.0,3231.0,123.56,141.0,4.36,0.0,185.0,0.0
25-03-2014,140.0,3231.0,123.34,128.0,3.96,0.0,150.0,0.0
26-03-2014,140.0,3231.0,123.24,122.0,3.78,0.0,69.0,0.0
27-03-2014,140.0,3231.0,123.13,116.0,3.59,0.0,69.0,0.0
28-03-2014,140.0,3231.0,123.01,110.0,3.4,0.0,69.0,0.0
29-03-2014,140.0,3231.0,122.89,104.0,3.22,0.0,66.0,0.0
30-03-2014,140.0,3231.0,122.8,100.0,3.1,0.0,46.0,0.0
31-03-2014,140.0,3231.0,122.72,96.0,2.97,0.0,46.0,0.0
01-04-2014,140.0,3231.0,122.65,93.0,2.88,12.0,46.0,0.0
02-04-2014,140.0,3231.0,122.8,100.0,3.1,122.0,87.0,0.0
03-04-2014,140.0,3231.0,122.94,106.0,3.28,153.0,87.0,0.0
04-04-2014,140.0,3231.0,123.1,114.0,3.53,180.0,87.0,0.0
05-04-2014,140.0,3231.0,123.3,125.0,3.87,214.0,87.0,0.0
06-04-2014,140.0,3231.0,123.5,137.0,4.24,230.0,91.0,0.0
07-04-2014,140.0,3231.0,123.71,150.0,4.64,242.0,91.0,0.0
08-04-2014,140.0,3231.0,123.9,163.0,5.04,241.0,91.0,0.0
09-04-2014,140.0,3231.0,124.1,177.0,5.48,258.0,91.0,0.0
10-04-2014,140.0,3231.0,124.33,195.0,6.04,297.0,94.0,0.0
11-04-2014,140.0,3231.0,124.55,212.0,6.56,291.0,94.0,0.0
12-04-2014,140.0,3231.0,124.8,234.0,7.24,349.0,94.0,0.0
13-04-2014,140.0,3231.0,124.81,235.0,7.27,375.0,361.0,0.0
14-04-2014,140.0,3231.0,124.82,236.0,7.3,369.0,361.0,0.0
15-04-2014,140.0,3231.0,124.78,232.0,7.18,319.0,361.0,0.0
16-04-2014,140.0,3231.0,124.72,227.0,7.03,298.0,361.0,0.0
17-04-2014,140.0,3231.0,124.63,223.0,6.9,316.0,326.0,0.0
18-04-2014,140.0,3231.0,124.64,220.0,6.81,323.0,326.0,0.0
19-04-2014,140.0,3231.0,124.64,220.0,6.81,340.0,326.0,0.0
20-04-2014,140.0,3231.0,124.7,225.0,6.96,402.0,326.0,0.0
21-04-2014,140.0,3231.0,124.76,230.0,7.12,398.0,326.0,0.0
22-04-2014,140.0,3231.0,124.8,234.0,7.24,387.0,326.0,0.0
23-04-2014,140.0,3231.0,124.89,242.0,7.49,433.0,326.0,0.0
24-04-2014,140.0,3231.0,125.11,261.0,8.08,500.0,168.0,0.0
25-04-2014,140.0,3231.0,125.14,264.0,8.17,489.0,415.0,0.0
26-04-2014,140.0,3231.0,125.18,268.0,8.29,487.0,415.0,0.0
27-04-2014,140.0,3231.0,125.18,268.0,8.29,440.0,415.0,0.0
28-04-2014,140.0,3231.0,125.2,270.0,8.36,440.0,382.0,0.0
29-04-2014,140.0,3231.0,125.28,277.0,8.57,410.0,312.0,0.0
30-04-2014,140.0,3231.0,125.38,286.0,8.85,445.0,324.0,0.0
01-05-2014,140.0,3231.0,125.46,294.0,9.1,422.0,322.0,0.0
02-05-2014,140.0,3231.0,125.52,300.0,9.29,398.0,312.0,0.0
03-05-2014,140.0,3231.0,125.59,307.0,9.5,356.0,254.0,0.0
04-05-2014,140.0,3231.0,125.59,316.0,9.78,340.0,219.0,0.0
05-05-2014,140.0,3231.0,125.91,338.0,10.46,486.0,219.0,15.6
06-05-2014,140.0,3231.0,126.01,348.0,10.77,352.0,219.0,0.0
07-05-2014,140.0,3231.0,126.16,364.0,11.27,420.0,219.0,0.0
08-05-2014,140.0,3231.0,126.37,386.0,11.95,526.0,250.0,12.0
09-05-2014,140.0,3231.0,126.51,401.0,12.41,440.0,250.0,0.0
10-05-2014,140.0,3231.0,126.58,409.0,12.66,459.0,350.0,0.0
11-05-2014,140.0,3231.0,126.63,415.0,12.84,441.0,350.0,0.0
12-05-2014,140.0,3231.0,126.7,422.0,13.06,448.0,350.0,0.0
13-05-2014,140.0,3231.0,126.72,425.0,13.15,402.0,350.0,0.0
14-05-2014,140.0,3231.0,126.71,423.0,13.09,344.0,350.0,0.0
15-05-2014,140.0,3231.0,126.73,426.0,13.18,402.0,350.0,0.0
16-05-2014,140.0,3231.0,126.77,430.0,13.31,410.0,340.0,0.0
17-05-2014,140.0,3231.0,126.8,433.0,13.4,398.0,350.0,0.0
18-05-2014,140.0,3231.0,126.8,433.0,13.4,367.0,350.0,0.0
19-05-2014,140.0,3231.0,126.79,432.0,13.37,353.0,350.0,0.0
20-05-2014,140.0,3231.0,126.82,436.0,13.49,327.0,270.0,0.0
21-05-2014,140.0,3231.0,126.89,444.0,13.74,380.0,270.0,0.0
22-05-2014,140.0,3231.0,126.97,453.0,14.02,391.0,270.0,0.0
23-05-2014,140.0,3231.0,126.97,453.0,14.02,377.0,360.0,0.0
24-05-2014,140.0,3231.0,126.99,455.0,14.08,352.0,312.0,3.2
25-05-2014,140.0,3231.0,126.98,454.0,14.05,317.0,312.0,0.0
26-05-2014,140.0,3231.0,126.98,454.0,14.05,329.0,312.0,0.0
27-05-2014,140.0,3231.0,126.95,451.0,13.96,312.0,312.0,0.0
28-05-2014,140.0,3231.0,126.91,446.0,13.8,315.0,298.0,0.0
29-05-2014,140.0,3231.0,126.86,440.0,13.62,282.0,334.0,0.0
30-05-2014,140.0,3231.0,126.74,427.0,13.22,198.0,334.0,0.0
31-05-2014,140.0,3231.0,126.74,427.0,13.22,196.0,179.0,0.0
01-06-2014,140.0,3231.0,126.76,429.0,13.28,219.0,179.0,0.0
02-06-2014,140.0,3231.0,126.75,428.0,13.25,183.0,179.0,0.0
03-06-2014,140.0,3231.0,126.71,423.0,13.09,138.0,179.0,21.2
04-06-2014,140.0,3231.0,126.62,413.0,12.78,40.0,139.0,2.6
05-06-2014,140.0,3231.0,126.56,407.0,12.6,87.0,139.0,44.6
06-06-2014,140.0,3231.0,126.45,395.0,12.23,0.0,122.0,0.0
07-06-2014,140.0,3231.0,126.34,383.0,11.85,0.0,122.0,0.0
08-06-2014,140.0,3231.0,126.18,366.0,11.33,0.0,179.0,0.0
09-06-2014,140.0,3231.0,126.05,353.0,10.93,46.0,179.0,12.0
10-06-2014,140.0,3231.0,125.89,336.0,10.4,0.0,179.0,11.6
11-06-2014,140.0,3231.0,125.7,317.0,9.81,0.0,179.0,0.0
12-06-2014,140.0,3231.0,125.47,295.0,9.13,0.0,179.0,0.0
13-06-2014,140.0,3231.0,125.26,275.0,8.51,0.0,179.0,0.0
14-06-2014,140.0,3231.0,125.04,255.0,7.89,0.0,179.0,0.0
15-06-2014,140.0,3231.0,124.85,238.0,7.37,0.0,179.0,0.0
16-06-2014,140.0,3231.0,124.71,226.0,6.99,0.0,125.0,0.0
17-06-2014,140.0,3231.0,124.56,213.0,6.59,0.0,125.0,0.0
18-06-2014,140.0,3231.0,124.38,199.0,6.16,0.0,125.0,0.0
19-06-2014,140.0,3231.0,124.2,185.0,5.73,0.0,125.0,0.0
20-06-2014,140.0,3231.0,124.0,170.0,5.26,0.0,125.0,0.0
21-06-2014,140.0,3231.0,123.83,158.0,4.89,0.0,125.0,2.4
22-06-2014,140.0,3231.0,123.69,149.0,4.61,0.0,100.0,3.6
23-06-2014,140.0,3231.0,123.55,140.0,4.33,0.0,100.0,0.0
24-06-2014,140.0,3231.0,123.4,131.0,4.05,0.0,100.0,0.0
25-06-2014,140.0,3231.0,123.31,126.0,3.9,0.0,50.0,0.0
26-06-2014,140.0,3231.0,123.23,121.0,3.74,0.0,50.0,0.0
27-06-2014,140.0,3231.0,123.13,116.0,3.59,0.0,50.0,0.0
28-06-2014,140.0,3231.0,123.06,112.0,3.47,0.0,46.0,0.0
29-06-2014,140.0,3231.0,122.99,109.0,3.37,0.0,35.0,0.0
30-06-2014,140.0,3231.0,122.93,106.0,3.28,0.0,35.0,16.0
01-07-2014,140.0,3231.0,122.91,105.0,3.25,0.0,14.0,0.0
02-07-2014,140.0,3231.0,122.89,104.0,3.22,0.0,14.0,0.0
03-07-2014,140.0,3231.0,122.87,103.0,3.19,0.0,14.0,0.0
04-07-2014,140.0,3231.0,122.85,102.0,3.16,0.0,14.0,0.0
05-07-2014,140.0,3231.0,122.8,100.0,3.1,0.0,14.0,0.0
06-07-2014,140.0,3231.0,123.1,114.0,3.53,207.0,45.0,67.0
07-07-2014,140.0,3231.0,123.12,115.0,3.56,58.0,45.0,4.4
08-07-2014,140.0,3231.0,123.05,112.0,3.47,0.0,34.0,1.2
09-07-2014,140.0,3231.0,123.0,109.0,3.37,0.0,34.0,0.0
10-07-2014,140.0,3231.0,122.94,106.0,3.28,0.0,34.0,22.0
11-07-2014,140.0,3231.0,122.94,106.0,3.28,17.0,17.0,18.0
12-07-2014,140.0,3231.0,122.89,104.0,3.22,0.0,14.0,0.0
13-07-2014,140.0,3231.0,122.87,103.0,3.19,0.0,14.0,0.0
14-07-2014,140.0,3231.0,122.85,102.0,3.16,0.0,14.0,0.0
15-07-2014,140.0,3231.0,122.83,101.0,3.13,0.0,14.0,0.0
16-07-2014,140.0,3231.0,122.81,100.0,3.1,0.0,14.0,0.0
17-07-2014,140.0,3231.0,122.76,98.0,3.03,0.0,14.0,0.0
18-07-2014,140.0,3231.0,122.74,97.0,3.0,0.0,14.0,0.0
19-07-2014,140.0,3231.0,122.72,96.0,2.97,0.0,14.0,0.0
20-07-2014,140.0,3231.0,122.69,95.0,2.94,0.0,14.0,0.0
21-07-2014,140.0,3231.0,122.67,94.0,2.91,0.0,14.0,4.0
22-07-2014,140.0,3231.0,122.65,93.0,2.88,0.0,14.0,0.0
23-07-2014,140.0,3231.0,122.62,92.0,2.85,0.0,14.0,3.6
24-07-2014,140.0,3231.0,122.6,91.0,2.82,0.0,14.0,0.0
25-07-2014,140.0,3231.0,122.58,90.0,2.79,0.0,14.0,1.6
26-07-2014,140.0,3231.0,122.55,89.0,2.75,0.0,14.0,0.0
27-07-2014,140.0,3231.0,122.53,88.0,2.72,0.0,14.0,0.0
28-07-2014,140.0,3231.0,122.48,86.0,2.66,0.0,14.0,0.0
29-07-2014,140.0,3231.0,122.43,84.0,2.6,0.0,14.0,0.0
30-07-2014,140.0,3231.0,122.4,83.0,2.57,0.0,14.0,1.6
31-07-2014,140.0,3231.0,122.37,82.0,2.54,0.0,14.0,0.0
01-08-2014,140.0,3231.0,122.35,81.0,2.51,0.0,14.0,0.0
02-08-2014,140.0,3231.0,122.32,80.0,2.48,0.0,14.0,26.8
03-08-2014,140.0,3231.0,122.29,79.0,2.45,0.0,14.0,0.0
04-08-2014,140.0,3231.0,122.26,78.0,2.41,0.0,14.0,8.2
05-08-2014,140.0,3231.0,122.22,76.0,2.35,0.0,14.0,0.0
06-08-2014,140.0,3231.0,122.2,75.0,2.32,5.0,14.0,10.8
07-08-2014,140.0,3231.0,122.61,91.0,2.82,190.0,14.0,10.4
08-08-2014,140.0,3231.0,123.14,116.0,3.59,303.0,14.0,0.0
09-08-2014,140.0,3231.0,123.57,141.0,4.36,303.0,14.0,7.0
10-08-2014,140.0,3231.0,123.96,167.0,5.17,315.0,17.0,0.0
11-08-2014,140.0,3231.0,124.3,192.0,5.94,316.0,19.0,1.4
12-08-2014,140.0,3231.0,12515.0,265.0,8.2,864.0,19.0,34.4
13-08-2014,140.0,3231.0,125.6,307.0,9.5,508.0,22.0,12.2
14-08-2014,140.0,3231.0,126.0,347.0,10.74,485.0,22.0,0.0
15-08-2014,140.0,3231.0,126.35,384.0,11.88,452.0,24.0,0.0
16-08-2014,140.0,3231.0,126.78,431.0,13.34,568.0,24.0,18.0
17-08-2014,140.0,3231.0,126.98,454.0,14.05,478.0,212.0,0.0
18-08-2014,140.0,3231.0,127.12,470.0,14.55,398.0,213.0,0.0
19-08-2014,140.0,3231.0,127.27,488.0,15.1,427.0,224.0,0.0
20-08-2014,140.0,3231.0,127.34,496.0,15.35,428.0,224.0,0.0
21-08-2014,140.0,3231.0,127.46,511.0,15.82,455.0,345.0,0.0
22-08-2014,140.0,3231.0,127.56,523.0,16.19,474.0,483.0,0.0
23-08-2014,140.0,3231.0,127.53,519.0,16.06,435.0,483.0,0.0
24-08-2014,140.0,3231.0,127.51,517.0,16.0,460.0,483.0,0.0
25-08-2014,140.0,3231.0,127.83,556.0,17.21,934.0,483.0,35.0
26-08-2014,140.0,3231.0,127.88,563.0,17.42,566.0,483.0,16.0
27-08-2014,140.0,3231.0,127.91,566.0,17.52,518.0,483.0,0.0
28-08-2014,140.0,3231.0,127.97,574.0,17.77,542.0,429.0,0.0
29-08-2014,140.0,3231.0,128.0,578.0,17.89,477.0,431.0,0.0
30-08-2014,140.0,3231.0,128.0,578.0,17.89,431.0,431.0,0.0
31-08-2014,140.0,3231.0,127.9,575.0,17.8,397.0,431.0,0.0
01-09-2014,140.0,3231.0,127.97,574.0,17.77,419.0,429.0,0.0
02-09-2014,140.0,3231.0,128.14,596.0,18.45,686.0,431.0,8.0
03-09-2014,140.0,3231.0,128.12,593.0,18.35,392.0,431.0,0.0
04-09-2014,140.0,3231.0,128.2,604.0,18.69,558.0,431.0,4.0
05-09-2014,140.0,3231.0,128.22,606.0,18.76,458.0,431.0,1.2
06-09-2014,140.0,3231.0,128.36,626.0,19.37,663.0,431.0,15.6
07-09-2014,140.0,3231.0,128.48,640.0,19.81,617.0,432.0,5.6
08-09-2014,140.0,3231.0,128.58,653.0,20.21,582.0,432.0,4.0
09-09-2014,140.0,3231.0,128.66,664.0,20.55,559.0,432.0,0.0
10-09-2014,140.0,3231.0,128.72,671.0,20.77,511.0,432.0,0.0
11-09-2014,140.0,3231.0,128.78,679.0,21.02,518.0,480.0,0.0
12-09-2014,140.0,3231.0,128.8,682.0,21.11,512.0,480.0,0.0
13-09-2014,140.0,3231.0,128.85,689.0,21.32,561.0,480.0,16.0
14-09-2014,140.0,3231.0,128.82,685.0,21.2,434.0,480.0,0.0
15-09-2014,140.0,3231.0,128.78,679.0,21.02,411.0,480.0,9.8
16-09-2014,140.0,3231.0,128.78,679.0,21.02,480.0,480.0,37.0
17-09-2014,140.0,3231.0,128.62,658.0,20.37,237.0,480.0,7.0
18-09-2014,140.0,3231.0,128.44,635.0,19.65,35.0,281.0,0.0
19-09-2014,140.0,3231.0,128.3,617.0,19.1,73.0,281.0,2.4
20-09-2014,140.0,3231.0,128.12,593.0,18.35,0.0,281.0,0.0
21-09-2014,140.0,3231.0,127.93,569.0,17.61,0.0,281.0,0.0
22-09-2014,140.0,3231.0,127.98,575.0,17.8,350.0,281.0,35.0
23-09-2014,140.0,3231.0,127.9,565.0,17.49,163.0,279.0,11.6
24-09-2014,140.0,3231.0,127.82,555.0,17.18,163.0,279.0,27.2
25-09-2014,140.0,3231.0,127.63,531.0,16.43,0.0,279.0,0.0
26-09-2014,140.0,3231.0,127.43,507.0,15.69,0.0,279.0,1.2
27-09-2014,140.0,3231.0,127.35,497.0,15.38,163.0,279.0,25.2
28-09-2014,140.0,3231.0,127.2,480.0,14.86,82.0,279.0,1.0
29-09-2014,140.0,3231.0,127.0,456.0,14.11,0.0,279.0,1.0
30-09-2014,140.0,3231.0,126.8,433.0,13.4,0.0,270.0,0.0
01-10-2014,140.0,3231.0,126.59,410.0,12.69,0.0,270.0,0.0
02-10-2014,140.0,3231.0,126.38,387.0,11.98,0.0,261.0,0.0
03-10-2014,140.0,3231.0,126.17,365.0,11.3,0.0,256.0,0.0
04-10-2014,140.0,3231.0,125.97,344.0,10.65,0.0,244.0,0.0
05-10-2014,140.0,3231.0,125.76,323.0,10.0,0.0,243.0,0.0
06-10-2014,140.0,3231.0,125.54,302.0,9.35,0.0,243.0,0.0
07-10-2014,140.0,3231.0,125.37,285.0,8.82,0.0,193.0,0.0
08-10-2014,140.0,3231.0,125.2,270.0,8.36,19.0,193.0,15.4
09-10-2014,140.0,3231.0,125.0,251.0,7.77,0.0,246.0,1.6
10-10-2014,140.0,3231.0,124.78,232.0,7.18,0.0,217.0,7.8
11-10-2014,140.0,3231.0,124.56,213.0,6.59,0.0,217.0,0.0
12-10-2014,140.0,3231.0,124.35,196.0,6.07,0.0,191.0,0.0
13-10-2014,140.0,3231.0,124.12,179.0,5.54,0.0,191.0,0.0
14-10-2014,140.0,3231.0,123.89,162.0,5.01,0.0,191.0,0.0
15-10-2014,140.0,3231.0,123.68,148.0,4.58,0.0,163.0,0.0
16-10-2014,140.0,3231.0,123.45,134.0,4.15,0.0,163.0,11.8
17-10-2014,140.0,3231.0,123.24,122.0,3.78,0.0,138.0,0.0
18-10-2014,140.0,3231.0,123.24,122.0,3.78,138.0,138.0,56.0
19-10-2014,140.0,3231.0,124.6,185.0,5.73,867.0,133.0,36.6
20-10-2014,140.0,3231.0,124.7,208.0,6.44,483.0,217.0,27.4
21-10-2014,140.0,3231.0,124.7,225.0,6.96,414.0,217.0,13.0
22-10-2014,140.0,3231.0,124.67,223.0,6.9,194.0,217.0,0.0
23-10-2014,140.0,3231.0,124.64,220.0,6.81,182.0,217.0,3.2
24-10-2014,140.0,3231.0,124.8,234.0,7.24,379.0,217.0,27.0
25-10-2014,140.0,3231.0,124.97,249.0,7.71,391.0,217.0,2.0
26-10-2014,140.0,3231.0,125.12,262.0,8.11,369.0,219.0,9.2
27-10-2014,140.0,3231.0,125.24,273.0,8.45,346.0,219.0,0.0
28-10-2014,140.0,3231.0,125.3,279.0,8.64,288.0,219.0,0.0
29-10-2014,140.0,3231.0,125.32,281.0,8.7,242.0,219.0,0.0
30-10-2014,140.0,3231.0,125.32,281.0,8.7,219.0,219.0,0.0
31-10-2014,140.0,3231.0,125.31,280.0,8.67,202.0,219.0,0.0
01-11-2014,140.0,3231.0,125.38,286.0,8.85,289.0,220.0,17.0
02-11-2014,140.0,3231.0,125.32,281.0,8.7,162.0,220.0,3.0
03-11-2014,140.0,3231.0,125.28,277.0,8.57,174.0,220.0,0.0
04-11-2014,140.0,3231.0,125.24,273.0,8.45,177.0,220.0,0.0
05-11-2014,140.0,3231.0,125.2,270.0,8.36,185.0,220.0,0.0
06-11-2014,140.0,3231.0,125.17,267.0,8.26,182.0,220.0,0.0
07-11-2014,140.0,3231.0,125.26,275.0,8.51,288.0,220.0,0.0
08-11-2014,140.0,3231.0,125.28,277.0,8.57,244.0,220.0,0.0
09-11-2014,140.0,3231.0,125.27,276.0,8.54,208.0,220.0,0.0
10-11-2014,140.0,3231.0,125.25,274.0,8.48,197.0,220.0,0.0
11-11-2014,140.0,3231.0,125.22,271.0,8.39,185.0,220.0,0.0
12-11-2014,140.0,3231.0,125.17,267.0,8.26,175.0,220.0,1.0
13-11-2014,140.0,3231.0,125.87,334.0,10.34,995.0,220.0,96.0
14-11-2014,140.0,3231.0,126.25,373.0,11.54,671.0,220.0,23.0
15-11-2014,140.0,3231.0,126.42,392.0,12.13,493.0,273.0,3.0
16-11-2014,140.0,3231.0,126.5,400.0,12.38,366.0,273.0,0.0
17-11-2014,140.0,3231.0,126.55,406.0,12.57,342.0,273.0,0.0
18-11-2014,140.0,3231.0,126.55,406.0,12.57,273.0,273.0,0.0
19-11-2014,140.0,3231.0,126.5,400.0,12.38,204.0,273.0,0.0
20-11-2014,140.0,3231.0,126.41,391.0,12.1,169.0,273.0,0.0
21-11-2014,140.0,3231.0,126.31,380.0,11.76,146.0,273.0,0.0
22-11-2014,140.0,3231.0,126.24,372.0,11.51,184.0,273.0,0.0
23-11-2014,140.0,3231.0,126.14,362.0,11.2,193.0,273.0,0.0
24-11-2014,140.0,3231.0,126.06,354.0,10.96,180.0,273.0,0.0
25-11-2014,140.0,3231.0,125.98,345.0,10.68,167.0,273.0,0.0
26-11-2014,140.0,3231.0,125.89,336.0,10.4,169.0,272.0,0.0
27-11-2014,140.0,3231.0,125.79,326.0,10.09,162.0,272.0,0.0
28-11-2014,140.0,3231.0,125.7,317.0,9.81,145.0,248.0,0.0
29-11-2014,140.0,3231.0,125.58,306.0,9.47,118.0,248.0,0.0
30-11-2014,140.0,3231.0,125.46,294.0,9.1,109.0,248.0,0.0
01-12-2014,140.0,3231.0,125.31,280.0,8.67,90.0,248.0,0.0
02-12-2014,140.0,3231.0,125.17,267.0,8.26,94.0,248.0,0.0
03-12-2014,140.0,3231.0,125.04,255.0,7.89,89.0,248.0,0.0
04-12-2014,140.0,3231.0,124.88,241.0,7.46,83.0,246.0,0.0
05-12-2014,140.0,3231.0,124.7,225.0,6.96,61.0,246.0,0.0
06-12-2014,140.0,3231.0,124.55,212.0,6.56,93.0,246.0,0.0
07-12-2014,140.0,3231.0,124.4,200.0,6.19,110.0,246.0,0.0
08-12-2014,140.0,3231.0,124.25,189.0,5.85,86.0,218.0,0.0
09-12-2014,140.0,3231.0,124.11,178.0,5.51,93.0,218.0,0.0
10-12-2014,140.0,3231.0,124.08,176.0,5.45,195.0,192.0,0.0
11-12-2014,140.0,3231.0,124.16,182.0,5.63,261.0,192.0,10.0
12-12-2014,140.0,3231.0,124.23,187.0,5.79,247.0,192.0,0.0
13-12-2014,140.0,3231.0,124.35,196.0,6.07,296.0,192.0,3.4
14-12-2014,140.0,3231.0,125.5,298.0,9.22,1374.0,272.0,67.0
15-12-2014,140.0,3231.0,125.85,332.0,10.28,621.0,272.0,0.0
16-12-2014,140.0,3231.0,125.95,342.0,10.58,388.0,272.0,0.0
17-12-2014,140.0,3231.0,126.06,354.0,10.96,411.0,272.0,0.0
18-12-2014,140.0,3231.0,126.17,365.0,11.3,400.0,297.0,0.0
19-12-2014,140.0,3231.0,126.26,374.0,11.58,405.0,297.0,0.0
20-12-2014,140.0,3231.0,126.35,384.0,11.88,408.0,297.0,0.0
21-12-2014,140.0,3231.0,126.41,391.0,12.1,374.0,297.0,0.0
22-12-2014,140.0,3231.0,126.43,393.0,12.16,320.0,297.0,0.0
23-12-2014,140.0,3231.0,126.49,399.0,12.35,371.0,297.0,0.0
24-12-2014,140.0,3231.0,126.54,405.0,12.53,369.0,297.0,0.0
25-12-2014,140.0,3231.0,126.62,413.0,12.78,385.0,297.0,0.0
26-12-2014,140.0,3231.0,126.7,422.0,13.06,400.0,297.0,0.0
27-12-2014,140.0,3231.0,126.78,431.0,13.34,400.0,297.0,0.0
28-12-2014,140.0,3231.0,126.82,436.0,13.49,350.0,297.0,0.0
29-12-2014,140.0,3231.0,126.9,445.0,13.77,401.0,297.0,5.0
30-12-2014,140.0,3231.0,127.14,473.0,14.64,621.0,297.0,14.0
31-12-2014,140.0,3231.0,127.25,485.0,15.01,437.0,298.0,0.0
01-01-2015,140.0,3231.0,127.26,487.0,15.07,321.0,298.0,0.0
02-01-2015,140.0,3231.0,127.21,481.0,14.89,227.0,298.0,0.0
03-01-2015,140.0,3231.0,127.17,476.0,14.73,241.0,298.0,0.0
04-01-2015,140.0,3231.0,127.12,470.0,14.55,228.0,298.0,0.0
05-01-2015,140.0,3231.0,127.03,460.0,14.24,182.0,298.0,0.0
06-01-2015,140.0,3231.0,126.94,449.0,13.9,181.0,298.0,0.0
07-01-2015,140.0,3231.0,126.84,438.0,13.56,167.0,297.0,0.0
08-01-2015,140.0,3231.0,126.74,427.0,13.22,167.0,297.0,0.0
09-01-2015,140.0,3231.0,126.63,415.0,12.84,155.0,297.0,0.0
10-01-2015,140.0,3231.0,126.52,402.0,12.44,148.0,297.0,0.0
11-01-2015,140.0,3231.0,126.4,389.0,12.04,142.0,297.0,0.0
12-01-2015,140.0,3231.0,126.26,374.0,11.58,135.0,297.0,0.0
13-01-2015,140.0,3231.0,126.12,360.0,11.14,134.0,297.0,0.0
14-01-2015,140.0,3231.0,126.0,347.0,10.74,140.0,297.0,0.0
15-01-2015,140.0,3231.0,125.87,334.0,10.34,139.0,296.0,0.0
16-01-2015,140.0,3231.0,125.72,319.0,9.87,93.0,272.0,0.0
17-01-2015,140.0,3231.0,139.99,3221.0,99.69,92.0,0.0,0.0
18-01-2015,140.0,3231.0,125.28,277.0,8.57,16.0,272.0,0.0
19-01-2015,140.0,3231.0,125.08,259.0,8.02,42.0,248.0,0.0
20-01-2015,140.0,3231.0,124.91,243.0,7.52,59.0,248.0,0.0
21-01-2015,140.0,3231.0,124.72,227.0,7.03,61.0,248.0,0.0
22-01-2015,140.0,3231.0,124.55,212.0,6.56,71.0,246.0,0.0
23-01-2015,140.0,3231.0,124.48,207.0,6.41,159.0,218.0,0.0
24-01-2015,140.0,3231.0,124.47,206.0,6.38,208.0,218.0,0.0
25-01-2015,140.0,3231.0,124.46,205.0,6.34,206.0,218.0,0.0
26-01-2015,140.0,3231.0,124.49,208.0,6.44,229.0,198.0,0.0
27-01-2015,140.0,3231.0,124.55,212.0,6.56,248.0,198.0,0.0
28-01-2015,140.0,3231.0,124.61,217.0,6.72,306.0,246.0,0.0
29-01-2015,140.0,3231.0,124.69,224.0,6.93,327.0,246.0,0.0
30-01-2015,140.0,3231.0,124.75,229.0,7.09,298.0,246.0,0.0
31-01-2015,140.0,3231.0,124.78,232.0,7.18,284.0,246.0,0.0
01-02-2015,140.0,3231.0,124.81,235.0,7.27,282.0,246.0,0.0
02-02-2015,140.0,3231.0,124.82,236.0,7.3,256.0,246.0,0.0
03-02-2015,140.0,3231.0,124.82,236.0,7.3,246.0,246.0,0.0
04-02-2015,140.0,3231.0,124.8,234.0,7.24,227.0,246.0,0.0
05-02-2015,140.0,3231.0,124.76,230.0,7.12,203.0,246.0,0.0
06-02-2015,140.0,3231.0,124.75,229.0,7.09,234.0,246.0,0.0
07-02-2015,140.0,3231.0,124.69,224.0,6.93,186.0,249.0,0.0
08-02-2015,140.0,3231.0,124.63,219.0,6.78,184.0,245.0,0.0
09-02-2015,140.0,3231.0,124.6,216.0,6.69,218.0,249.0,0.0
10-02-2015,140.0,3231.0,124.62,218.0,6.75,272.0,249.0,0.0
11-02-2015,140.0,3231.0,124.81,235.0,7.27,446.0,249.0,0.0
12-02-2015,140.0,3231.0,125.01,252.0,7.8,439.0,357.0,0.0
13-02-2015,140.0,3231.0,125.15,265.0,8.2,515.0,359.0,0.0
14-02-2015,140.0,3231.0,125.25,274.0,8.48,463.0,359.0,0.0
15-02-2015,140.0,3231.0,125.33,282.0,8.73,452.0,359.0,0.0
16-02-2015,140.0,3231.0,125.41,289.0,8.94,440.0,359.0,0.0
17-02-2015,140.0,3231.0,125.46,294.0,9.1,431.0,416.0,0.0
18-02-2015,140.0,3231.0,125.5,298.0,9.22,439.0,416.0,0.0
19-02-2015,140.0,3231.0,125.5,298.0,9.22,436.0,440.0,0.0
20-02-2015,140.0,3231.0,125.46,294.0,9.1,391.0,440.0,0.0
21-02-2015,140.0,3231.0,125.41,289.0,8.94,387.0,440.0,0.0
22-02-2015,140.0,3231.0,125.34,283.0,8.76,367.0,440.0,0.0
23-02-2015,140.0,3231.0,125.26,275.0,8.51,348.0,440.0,0.0
24-02-2015,140.0,3231.0,125.18,268.0,8.29,359.0,440.0,0.0
25-02-2015,140.0,3231.0,125.11,261.0,8.08,355.0,440.0,0.0
26-02-2015,140.0,3231.0,125.01,252.0,7.8,332.0,440.0,0.0
27-02-2015,140.0,3231.0,124.92,244.0,7.55,322.0,414.0,0.0
28-02-2015,140.0,3231.0,124.81,235.0,7.27,315.0,414.0,0.0
01-03-2015,140.0,3231.0,124.81,235.0,7.27,363.0,364.0,0.0
02-03-2015,140.0,3231.0,124.86,239.0,7.4,408.0,363.0,0.0
03-03-2015,140.0,3231.0,124.87,240.0,7.43,351.0,363.0,0.0
04-03-2015,140.0,3231.0,124.85,238.0,7.37,340.0,363.0,1.6
05-03-2015,140.0,3231.0,124.81,235.0,7.27,329.0,363.0,0.0
06-03-2015,140.0,3231.0,124.77,231.0,7.15,322.0,363.0,0.0
07-03-2015,140.0,3231.0,124.75,229.0,7.09,313.0,363.0,0.0
08-03-2015,140.0,3231.0,124.65,221.0,6.84,265.0,363.0,0.0
09-03-2015,140.0,3231.0,124.47,206.0,6.38,185.0,363.0,0.0
10-03-2015,140.0,3231.0,124.3,192.0,5.94,161.0,324.0,0.0
11-03-2015,140.0,3231.0,124.15,181.0,5.6,116.0,249.0,0.0
12-03-2015,140.0,3231.0,123.93,165.0,5.11,68.0,192.0,0.0
13-03-2015,140.0,3231.0,123.83,158.0,4.89,116.0,192.0,0.0
14-03-2015,140.0,3231.0,123.89,162.0,5.01,236.0,192.0,0.0
15-03-2015,140.0,3231.0,123.99,169.0,5.23,277.0,192.0,0.0
16-03-2015,140.0,3231.0,124.07,175.0,5.42,264.0,192.0,0.0
17-03-2015,140.0,3231.0,124.14,180.0,5.57,251.0,195.0,0.0
18-03-2015,140.0,3231.0,124.14,180.0,5.57,192.0,195.0,0.0
19-03-2015,140.0,3231.0,124.01,171.0,5.29,89.0,195.0,0.0
20-03-2015,140.0,3231.0,123.08,156.0,4.83,21.0,195.0,0.0
21-03-2015,140.0,3231.0,122.55,140.0,4.33,8.0,192.0,0.0
22-03-2015,140.0,3231.0,123.33,127.0,3.93,0.0,148.0,0.0
23-03-2015,140.0,3231.0,123.08,113.0,3.5,0.0,158.0,0.0
24-03-2015,140.0,3231.0,122.96,107.0,3.31,0.0,68.0,0.0
25-03-2015,140.0,3231.0,122.86,102.0,3.16,0.0,55.0,0.0
26-03-2015,140.0,3231.0,122.77,98.0,3.03,0.0,46.0,0.0
27-03-2015,140.0,3231.0,122.68,94.0,2.91,0.0,46.0,0.0
28-03-2015,140.0,3231.0,122.58,90.0,2.79,0.0,46.0,0.0
29-03-2015,140.0,3231.0,122.48,86.0,2.66,0.0,46.0,0.0
30-03-2015,140.0,3231.0,122.4,83.0,2.57,0.0,35.0,0.0
31-03-2015,140.0,3231.0,122.32,80.0,2.48,0.0,35.0,0.0
01-04-2015,140.0,3231.0,122.25,77.0,2.38,0.0,35.0,0.0
02-04-2015,140.0,3231.0,122.19,74.0,2.29,0.0,15.0,0.0
03-04-2015,140.0,3231.0,122.13,73.0,2.26,0.0,15.0,0.0
04-04-2015,140.0,3231.0,122.1,72.0,2.23,0.0,15.0,0.0
05-04-2015,140.0,3231.0,122.03,70.0,2.17,0.0,15.0,0.0
06-04-2015,140.0,3231.0,121.98,69.0,2.14,0.0,13.0,0.0
07-04-2015,140.0,3231.0,121.95,68.0,2.1,0.0,13.0,0.0
08-04-2015,140.0,3231.0,121.91,67.0,2.07,0.0,13.0,0.0
09-04-2015,140.0,3231.0,121.87,66.0,2.04,0.0,13.0,0.0
10-04-2015,140.0,3231.0,121.84,65.0,2.01,0.0,13.0,0.0
11-04-2015,140.0,3231.0,121.8,64.0,1.98,0.0,13.0,0.0
12-04-2015,140.0,3231.0,121.76,63.0,1.95,0.0,13.0,0.0
13-04-2015,140.0,3231.0,121.67,61.0,1.89,0.0,13.0,2.4
14-04-2015,140.0,3231.0,122.0,69.0,2.14,106.0,13.0,50.4
15-04-2015,140.0,3231.0,122.88,103.0,3.19,416.0,19.0,0.0
16-04-2015,140.0,3231.0,123.65,146.0,4.52,522.0,24.0,4.0
17-04-2015,140.0,3231.0,124.35,196.0,6.07,613.0,34.0,0.0
18-04-2015,140.0,3231.0,124.98,250.0,7.74,661.0,36.0,0.0
19-04-2015,140.0,3231.0,125.6,307.0,9.5,694.0,34.0,0.0
20-04-2015,140.0,3231.0,125.81,328.0,10.15,707.0,464.0,0.0
21-04-2015,140.0,3231.0,125.94,341.0,10.55,702.0,552.0,0.0
22-04-2015,140.0,3231.0,126.05,353.0,10.93,691.0,552.0,0.0
23-04-2015,140.0,3231.0,126.14,362.0,11.2,666.0,562.0,0.0
24-04-2015,140.0,3231.0,126.2,368.0,11.39,631.0,552.0,0.0
25-04-2015,140.0,3231.0,126.12,360.0,11.14,469.0,562.0,45.4
26-04-2015,140.0,3231.0,125.72,319.0,9.87,88.0,563.0,0.0
27-04-2015,140.0,3231.0,125.27,276.0,8.54,24.0,522.0,0.0
28-04-2015,140.0,3231.0,124.78,232.0,7.18,12.0,521.0,0.0
29-04-2015,140.0,3231.0,124.36,197.0,6.1,9.0,414.0,0.0
30-04-2015,140.0,3231.0,123.92,164.0,5.08,0.0,418.0,0.0
01-05-2015,140.0,3231.0,123.78,155.0,4.8,0.0,18.0,0.0
02-05-2015,140.0,3231.0,123.75,153.0,4.74,0.0,18.0,0.0
03-05-2015,140.0,3231.0,123.78,155.0,4.8,46.0,18.0,25.0
04-05-2015,140.0,3231.0,123.75,153.0,4.74,0.0,18.0,0.0
05-05-2015,140.0,3231.0,123.72,151.0,4.67,0.0,18.0,0.0
06-05-2015,140.0,3231.0,123.7,150.0,4.64,0.0,18.0,0.0
07-05-2015,140.0,3231.0,123.67,148.0,4.58,0.0,18.0,0.0
08-05-2015,140.0,3231.0,123.64,146.0,4.52,0.0,18.0,0.0
09-05-2015,140.0,3231.0,123.61,144.0,4.46,0.0,18.0,0.0
10-05-2015,140.0,3231.0,123.58,142.0,4.39,0.0,18.0,0.0
11-05-2015,140.0,3231.0,123.56,141.0,4.36,0.0,18.0,0.0
12-05-2015,140.0,3231.0,123.53,139.0,4.3,0.0,23.0,0.0
13-05-2015,140.0,3231.0,123.5,137.0,4.24,0.0,23.0,0.0
14-05-2015,140.0,3231.0,123.46,135.0,4.18,0.0,23.0,0.0
15-05-2015,140.0,3231.0,123.43,133.0,4.12,0.0,23.0,10.0
16-05-2015,140.0,3231.0,123.4,131.0,4.05,0.0,23.0,3.0
17-05-2015,140.0,3231.0,123.36,129.0,3.99,0.0,23.0,2.0
18-05-2015,140.0,3231.0,123.33,127.0,3.93,0.0,23.0,1.0
19-05-2015,140.0,3231.0,123.29,125.0,3.87,0.0,23.0,0.0
20-05-2015,140.0,3231.0,123.26,123.0,3.81,0.0,23.0,0.0
21-05-2015,140.0,3231.0,123.22,121.0,3.74,0.0,23.0,0.0
22-05-2015,140.0,3231.0,123.18,119.0,3.68,0.0,23.0,0.0
23-05-2015,140.0,3231.0,123.15,117.0,3.62,0.0,23.0,0.0
24-05-2015,140.0,3231.0,123.11,115.0,3.56,0.0,23.0,0.0
25-05-2015,140.0,3231.0,123.07,113.0,3.5,0.0,23.0,0.0
26-05-2015,140.0,3231.0,123.03,111.0,3.44,0.0,23.0,0.0
27-05-2015,140.0,3231.0,122.99,109.0,3.37,0.0,23.0,0.0
28-05-2015,140.0,3231.0,122.95,107.0,3.31,0.0,20.0,0.0
29-05-2015,140.0,3231.0,122.91,105.0,3.25,0.0,20.0,0.0
30-05-2015,140.0,3231.0,122.87,103.0,3.19,0.0,20.0,0.0
31-05-2015,140.0,3231.0,122.83,101.0,3.13,0.0,20.0,0.0
01-06-2015,140.0,3231.0,122.76,98.0,3.03,0.0,20.0,0.0
02-06-2015,140.0,3231.0,122.72,96.0,2.97,0.0,20.0,2.0
03-06-2015,140.0,3231.0,122.72,96.0,2.97,20.0,20.0,12.0
04-06-2015,140.0,3231.0,122.67,94.0,2.91,0.0,20.0,0.0
05-06-2015,140.0,3231.0,122.62,92.0,2.85,0.0,20.0,0.0
06-06-2015,140.0,3231.0,122.88,103.0,3.19,158.0,20.0,6.0
07-06-2015,140.0,3231.0,123.19,119.0,3.68,213.0,27.0,0.0
08-06-2015,140.0,3231.0,123.45,134.0,4.15,199.0,27.0,0.0
09-06-2015,140.0,3231.0,123.71,150.0,4.64,213.0,29.0,0.0
10-06-2015,140.0,3231.0,123.92,164.0,5.08,189.0,27.0,26.0
11-06-2015,140.0,3231.0,124.01,171.0,5.29,187.0,177.0,0.0
12-06-2015,140.0,3231.0,124.04,173.0,5.35,202.0,179.0,0.0
13-06-2015,140.0,3231.0,124.04,173.0,5.35,178.0,180.0,0.0
14-06-2015,140.0,3231.0,124.03,172.0,5.32,174.0,180.0,0.0
15-06-2015,140.0,3231.0,124.0,170.0,5.26,161.0,179.0,0.0
16-06-2015,140.0,3231.0,123.94,166.0,5.14,129.0,178.0,0.0
17-06-2015,140.0,3231.0,123.86,160.0,4.95,108.0,175.0,3.0
18-06-2015,140.0,3231.0,123.75,153.0,4.74,96.0,174.0,0.0
19-06-2015,140.0,3231.0,123.6,143.0,4.43,59.0,174.0,1.0
20-06-2015,140.0,3231.0,123.43,133.0,4.12,39.0,159.0,0.0
21-06-2015,140.0,3231.0,123.26,123.0,3.81,43.0,159.0,12.0
22-06-2015,140.0,3231.0,123.14,116.0,3.59,56.0,139.0,0.0
23-06-2015,140.0,3231.0,122.98,108.0,3.34,44.0,139.0,0.0
24-06-2015,140.0,3231.0,122.86,102.0,3.16,29.0,102.0,0.0
25-06-2015,140.0,3231.0,122.73,96.0,2.97,37.0,102.0,0.0
26-06-2015,140.0,3231.0,122.54,88.0,2.72,17.0,102.0,0.0
27-06-2015,140.0,3231.0,122.49,86.0,2.66,8.0,21.0,0.0
28-06-2015,140.0,3231.0,122.45,85.0,2.63,0.0,20.0,4.4
29-06-2015,140.0,3231.0,122.41,83.0,2.57,0.0,20.0,4.0
30-06-2015,140.0,3231.0,122.37,82.0,2.54,8.0,20.0,5.0
01-07-2015,140.0,3231.0,122.22,80.0,2.48,0.0,20.0,0.0
02-07-2015,140.0,3231.0,122.26,78.0,2.41,0.0,20.0,0.0
03-07-2015,140.0,3231.0,122.22,76.0,2.35,0.0,20.0,3.0
04-07-2015,140.0,3231.0,122.2,75.0,2.32,0.0,20.0,0.0
05-07-2015,140.0,3231.0,122.11,73.0,2.26,0.0,20.0,0.0
06-07-2015,140.0,3231.0,122.05,71.0,2.2,0.0,20.0,0.0
07-07-2015,140.0,3231.0,121.98,69.0,2.14,0.0,20.0,0.0
08-07-2015,140.0,3231.0,121.91,67.0,2.07,0.0,17.0,0.0
09-07-2015,140.0,3231.0,121.87,66.0,2.04,0.0,17.0,0.0
10-07-2015,140.0,3231.0,121.8,64.0,1.98,0.0,17.0,0.0
11-07-2015,140.0,3231.0,121.8,64.0,1.98,17.0,17.0,8.0
12-07-2015,140.0,3231.0,121.76,63.0,1.95,0.0,17.0,0.0
13-07-2015,140.0,3231.0,121.67,61.0,1.89,0.0,17.0,0.0
14-07-2015,140.0,3231.0,121.62,60.0,1.86,0.0,17.0,0.0
15-07-2015,140.0,3231.0,121.58,59.0,1.83,12.0,17.0,5.4
16-07-2015,140.0,3231.0,121.47,57.0,1.76,0.0,17.0,0.0
17-07-2015,140.0,3231.0,121.42,56.0,1.73,0.0,17.0,0.0
18-07-2015,140.0,3231.0,121.3,54.0,1.67,0.0,17.0,0.0
19-07-2015,140.0,3231.0,121.24,53.0,1.64,12.0,17.0,8.0
20-07-2015,140.0,3231.0,121.11,51.0,1.58,0.0,17.0,1.4
21-07-2015,140.0,3231.0,121.05,50.0,1.55,0.0,17.0,0.0
22-07-2015,140.0,3231.0,120.92,48.0,1.49,0.0,17.0,0.0
23-07-2015,140.0,3231.0,121.05,50.0,1.55,40.0,17.0,21.0
24-07-2015,140.0,3231.0,121.17,51.0,1.58,29.0,17.0,31.0
25-07-2015,140.0,3231.0,121.29,53.0,1.64,35.0,12.0,15.0
26-07-2015,140.0,3231.0,121.18,52.0,1.61,0.0,12.0,2.0
27-07-2015,140.0,3231.0,121.41,55.0,1.7,47.0,12.0,23.0
28-07-2015,140.0,3231.0,121.46,56.0,1.73,14.0,2.0,10.0
29-07-2015,140.0,3231.0,121.41,55.0,1.7,0.0,10.0,0.0
30-07-2015,140.0,3231.0,121.3,54.0,1.67,0.0,10.0,0.0
31-07-2015,140.0,3231.0,121.24,53.0,1.64,0.0,10.0,0.0
01-08-2015,140.0,3231.0,121.18,52.0,1.61,0.0,10.0,0.0
02-08-2015,140.0,3231.0,121.11,51.0,1.58,0.0,10.0,5.0
03-08-2015,140.0,3231.0,121.05,50.0,1.55,0.0,10.0,2.0
04-08-2015,140.0,3231.0,120.99,49.0,1.52,0.0,10.0,4.0
05-08-2015,140.0,3231.0,121.41,55.0,1.7,79.0,10.0,51.0
06-08-2015,140.0,3231.0,121.3,54.0,1.67,0.0,10.0,0.0
07-08-2015,140.0,3231.0,121.24,53.0,1.64,0.0,10.0,0.0
08-08-2015,140.0,3231.0,121.24,53.0,1.64,0.0,2.0,0.0
09-08-2015,140.0,3231.0,121.24,53.0,1.64,0.0,2.0,0.0
10-08-2015,140.0,3231.0,121.24,53.0,1.64,0.0,2.0,0.0
11-08-2015,140.0,3231.0,121.41,55.0,1.7,25.0,2.0,9.0
12-08-2015,140.0,3231.0,121.41,55.0,1.7,0.0,2.0,0.0
13-08-2015,140.0,3231.0,121.41,55.0,1.7,0.0,2.0,0.0
14-08-2015,140.0,3231.0,121.41,55.0,1.7,0.0,2.0,0.0
15-08-2015,140.0,3231.0,121.41,55.0,1.7,0.0,10.0,0.0
16-08-2015,140.0,3231.0,121.3,54.0,1.67,0.0,2.0,0.0
17-08-2015,140.0,3231.0,121.3,54.0,1.67,0.0,2.0,0.0
18-08-2015,140.0,3231.0,121.3,54.0,1.67,0.0,2.0,0.0
19-08-2015,140.0,3231.0,121.3,54.0,1.67,0.0,10.0,0.0
20-08-2015,140.0,3231.0,121.24,53.0,1.64,0.0,10.0,0.0
21-08-2015,140.0,3231.0,121.46,56.0,1.73,37.0,2.0,30.0
22-08-2015,140.0,3231.0,121.57,58.0,1.8,25.0,2.0,16.6
23-08-2015,140.0,3231.0,121.66,60.0,1.86,25.0,2.0,20.0
24-08-2015,140.0,3231.0,121.66,60.0,1.86,0.0,2.0,0.0
25-08-2015,140.0,3231.0,121.66,60.0,1.86,0.0,2.0,0.0
26-08-2015,140.0,3231.0,121.66,60.0,1.86,0.0,2.0,0.0
27-08-2015,140.0,3231.0,121.66,60.0,1.86,0.0,2.0,1.6
28-08-2015,140.0,3231.0,121.66,60.0,1.86,0.0,2.0,0.0
29-08-2015,140.0,3231.0,121.58,59.0,1.83,0.0,2.0,0.0
30-08-2015,140.0,3231.0,121.58,59.0,1.83,0.0,2.0,0.0
31-08-2015,140.0,3231.0,121.58,59.0,1.83,0.0,2.0,7.0
01-09-2015,140.0,3231.0,121.58,59.0,1.83,0.0,2.0,0.0
02-09-2015,140.0,3231.0,121.58,59.0,1.83,0.0,2.0,0.0
03-09-2015,140.0,3231.0,121.58,59.0,1.83,0.0,2.0,8.4
04-09-2015,140.0,3231.0,121.58,59.0,1.83,0.0,2.0,0.0
05-09-2015,140.0,3231.0,121.53,58.0,1.8,0.0,2.0,0.0
06-09-2015,140.0,3231.0,121.53,58.0,1.8,0.0,2.0,0.0
07-09-2015,140.0,3231.0,121.53,58.0,1.8,0.0,2.0,1.0
08-09-2015,140.0,3231.0,121.53,58.0,1.8,0.0,2.0,1.6
09-09-2015,140.0,3231.0,121.47,57.0,1.76,0.0,7.0,0.0
10-09-2015,140.0,3231.0,121.47,57.0,1.76,0.0,7.0,0.0
11-09-2015,140.0,3231.0,121.47,57.0,1.76,0.0,2.0,0.0
12-09-2015,140.0,3231.0,121.42,56.0,1.73,0.0,7.0,0.0
13-09-2015,140.0,3231.0,121.36,55.0,1.7,0.0,7.0,0.0
14-09-2015,140.0,3231.0,121.3,54.0,1.67,0.0,7.0,0.0
15-09-2015,140.0,3231.0,121.3,54.0,1.67,0.0,7.0,0.0
16-09-2015,140.0,3231.0,121.24,53.0,1.64,0.0,7.0,10.0
17-09-2015,140.0,3231.0,121.24,53.0,1.64,0.0,7.0,0.0
18-09-2015,140.0,3231.0,121.18,52.0,1.61,0.0,7.0,0.0
19-09-2015,140.0,3231.0,121.18,52.0,1.61,0.0,7.0,6.6
20-09-2015,140.0,3231.0,121.05,50.0,1.55,0.0,7.0,0.0
21-09-2015,140.0,3231.0,121.41,55.0,1.7,65.0,7.0,36.0
22-09-2015,140.0,3231.0,121.41,55.0,1.7,0.0,2.0,0.0
23-09-2015,140.0,3231.0,121.41,55.0,1.7,0.0,2.0,0.0
24-09-2015,140.0,3231.0,121.41,55.0,1.7,0.0,2.0,0.0
25-09-2015,140.0,3231.0,121.3,54.0,1.67,0.0,7.0,0.0
26-09-2015,140.0,3231.0,121.3,54.0,1.67,0.0,7.0,0.0
27-09-2015,140.0,3231.0,121.24,53.0,1.64,0.0,2.0,0.0
28-09-2015,140.0,3231.0,121.24,53.0,1.64,0.0,2.0,0.0
29-09-2015,140.0,3231.0,121.61,59.0,1.83,76.0,7.0,49.0
30-09-2015,140.0,3231.0,121.61,59.0,1.83,0.0,2.0,0.0
01-10-2015,140.0,3231.0,121.61,59.0,1.83,0.0,7.0,5.4
02-10-2015,140.0,3231.0,121.57,58.0,1.8,0.0,2.0,0.0
03-10-2015,140.0,3231.0,121.79,63.0,1.95,65.0,7.0,45.0
04-10-2015,140.0,3231.0,121.79,63.0,1.95,0.0,2.0,2.8
05-10-2015,140.0,3231.0,121.79,63.0,1.95,0.0,2.0,1.2
06-10-2015,140.0,3231.0,121.79,63.0,1.95,0.0,2.0,0.0
07-10-2015,140.0,3231.0,121.71,62.0,1.92,0.0,7.0,2.8
08-10-2015,140.0,3231.0,121.97,68.0,2.1,76.0,7.0,46.0
09-10-2015,140.0,3231.0,122.04,70.0,2.17,30.0,7.0,24.0
10-10-2015,140.0,3231.0,122.21,75.0,2.32,65.0,7.0,27.0
11-10-2015,140.0,3231.0,122.39,82.0,2.54,88.0,7.0,53.0
12-10-2015,140.0,3231.0,122.39,82.0,2.54,0.0,7.0,0.0
13-10-2015,140.0,3231.0,122.36,81.0,2.51,0.0,7.0,0.0
14-10-2015,140.0,3231.0,122.36,81.0,2.51,0.0,7.0,0.0
15-10-2015,140.0,3231.0,122.32,80.0,2.48,0.0,7.0,0.0
16-10-2015,140.0,3231.0,122.32,80.0,2.48,0.0,7.0,0.0
17-10-2015,140.0,3231.0,122.29,79.0,2.45,0.0,7.0,0.0
18-10-2015,140.0,3231.0,122.29,79.0,2.45,0.0,7.0,0.0
19-10-2015,140.0,3231.0,122.24,77.0,2.38,0.0,7.0,0.0
20-10-2015,140.0,3231.0,122.24,77.0,2.38,0.0,7.0,0.0
21-10-2015,140.0,3231.0,122.22,76.0,2.35,0.0,7.0,0.0
22-10-2015,140.0,3231.0,122.22,76.0,2.35,0.0,7.0,0.0
23-10-2015,140.0,3231.0,122.2,75.0,2.32,0.0,7.0,0.0
24-10-2015,140.0,3231.0,122.2,75.0,2.32,0.0,7.0,0.0
25-10-2015,140.0,3231.0,122.11,73.0,2.26,0.0,7.0,0.0
26-10-2015,140.0,3231.0,122.11,73.0,2.26,0.0,7.0,0.0
27-10-2015,140.0,3231.0,122.08,72.0,2.23,0.0,7.0,0.0
28-10-2015,140.0,3231.0,122.08,72.0,2.23,0.0,7.0,0.0
29-10-2015,140.0,3231.0,122.05,71.0,2.2,0.0,7.0,7.0
30-10-2015,140.0,3231.0,122.05,71.0,2.2,0.0,7.0,8.4
31-10-2015,140.0,3231.0,122.05,71.0,2.2,0.0,7.0,4.6
01-11-2015,140.0,3231.0,122.01,70.0,2.17,0.0,7.0,0.0
02-11-2015,140.0,3231.0,122.05,71.0,2.2,18.0,7.0,17.0
03-11-2015,140.0,3231.0,122.05,71.0,2.2,0.0,7.0,0.0
04-11-2015,140.0,3231.0,122.25,77.0,2.38,83.0,7.0,75.0
05-11-2015,140.0,3231.0,122.25,77.0,2.38,0.0,7.0,0.0
06-11-2015,140.0,3231.0,122.23,76.0,2.35,0.0,7.0,0.0
07-11-2015,140.0,3231.0,122.23,76.0,2.35,0.0,7.0,2.2
08-11-2015,140.0,3231.0,122.23,76.0,2.35,23.0,7.0,10.6
09-11-2015,140.0,3231.0,123.25,122.0,3.78,543.0,11.0,69.0
10-11-2015,140.0,3231.0,123.86,160.0,4.95,456.0,16.0,67.0
11-11-2015,140.0,3231.0,124.45,204.0,6.31,525.0,16.0,10.0
12-11-2015,140.0,3231.0,127.67,536.0,16.59,3866.0,23.0,31.0
13-11-2015,140.0,3231.0,131.0,989.0,30.61,5264.0,21.0,92.0
14-11-2015,140.0,3231.0,133.6,1436.0,44.44,5200.0,26.0,3.0
15-11-2015,140.0,3231.0,134.5,1626.0,50.32,2216.0,17.0,0.0
16-11-2015,140.0,3231.0,136.25,2044.0,63.26,4857.0,19.0,190.0
17-11-2015,140.0,3231.0,139.0,2823.0,87.37,28012.0,18996.0,29.0
18-11-2015,140.0,3231.0,137.85,2478.0,76.69,759.0,759.0,0.0
19-11-2015,140.0,3231.0,138.78,2755.0,85.27,6172.0,6172.0,13.0
20-11-2015,140.0,3231.0,138.75,2745.0,84.96,6075.0,6191.0,103.0
21-11-2015,140.0,3231.0,138.7,2730.0,84.49,6820.0,7020.0,16.0
22-11-2015,140.0,3231.0,138.76,2748.0,85.05,4044.0,3836.0,9.8
23-11-2015,140.0,3231.0,138.69,2727.0,84.4,5481.0,5724.0,65.0
24-11-2015,140.0,3231.0,138.9,2792.0,86.41,10711.0,9959.0,53.0
25-11-2015,140.0,3231.0,138.5,2669.0,82.61,9832.0,11256.0,0.0
26-11-2015,140.0,3231.0,138.36,2627.0,81.31,8946.0,9432.0,0.0
27-11-2015,140.0,3231.0,138.5,2669.0,82.61,6210.0,5724.0,0.0
28-11-2015,140.0,3231.0,138.65,2715.0,84.03,5302.0,4770.0,0.0
29-11-2015,140.0,3231.0,138.75,2745.0,84.96,2275.0,3836.0,0.1
30-11-2015,140.0,3231.0,138.54,2681.0,82.98,3096.0,3836.0,12.0
01-12-2015,140.0,3231.0,138.75,2745.0,84.96,8329.0,8552.0,74.6
02-12-2015,140.0,3231.0,138.95,2807.0,86.88,30918.0,30200.0,189.4
03-12-2015,140.0,3231.0,138.5,2669.0,82.61,34887.0,36484.0,9.2
04-12-2015,140.0,3231.0,138.5,2669.0,82.61,12215.0,12215.0,7.8
05-12-2015,140.0,3231.0,138.3,2609.0,80.75,9697.0,10391.0,1.2
06-12-2015,140.0,3231.0,138.0,2521.0,78.03,7150.0,7150.0,2.8
07-12-2015,140.0,3231.0,137.6,2323.0,71.9,3811.0,10200.0,52.0
08-12-2015,140.0,3231.0,137.95,2507.0,77.59,2685.0,0.0,0.0
09-12-2015,140.0,3231.0,138.25,2595.0,80.32,3106.0,4402.0,0.0
10-12-2015,140.0,3231.0,138.0,2521.0,78.03,2535.0,2535.0,0.0
11-12-2015,140.0,3231.0,138.39,2636.0,81.58,1111.0,0.0,0.0
12-12-2015,140.0,3231.0,138.95,2807.0,86.88,1389.0,0.0,0.0
13-12-2015,140.0,3231.0,139.26,2905.0,89.91,1336.0,503.0,0.0
14-12-2015,140.0,3231.0,139.45,2966.0,91.8,1441.0,618.0,0.0
15-12-2015,140.0,3231.0,139.57,3005.0,93.01,896.0,618.0,0.0
16-12-2015,140.0,3231.0,139.62,3022.0,93.53,917.0,824.0,0.0
17-12-2015,140.0,3231.0,139.64,3028.0,93.72,830.0,830.0,0.0
18-12-2015,140.0,3231.0,139.64,3028.0,93.72,396.0,257.0,0.0
19-12-2015,140.0,3231.0,139.75,3064.0,94.83,772.0,820.0,0.0
20-12-2015,140.0,3231.0,139.74,3061.0,94.74,494.0,494.0,0.0
21-12-2015,140.0,3231.0,139.74,3061.0,94.74,316.0,247.0,0.0
22-12-2015,140.0,3231.0,139.75,3064.0,94.83,410.0,410.0,0.0
23-12-2015,140.0,3231.0,139.74,3061.0,94.74,247.0,247.0,0.0
24-12-2015,140.0,3231.0,139.74,3061.0,94.74,233.0,164.0,0.0
25-12-2015,140.0,3231.0,139.78,3077.0,95.23,349.0,164.0,0.0
26-12-2015,140.0,3231.0,139.81,3087.0,95.54,164.0,164.0,0.0
27-12-2015,140.0,3231.0,139.84,3095.0,95.79,257.0,164.0,0.4
28-12-2015,140.0,3231.0,139.86,3101.0,95.98,139.0,0.0,0.0
29-12-2015,140.0,3231.0,139.87,3104.0,96.07,35.0,0.0,0.0
30-12-2015,140.0,3231.0,139.88,3108.0,96.19,77.0,0.0,0.0
31-12-2015,140.0,3231.0,139.89,3111.0,96.29,76.0,10.0,0.0
01-01-2016,140.0,3231.0,139.9,3114.0,96.38,81.0,10.0,0.0
02-01-2016,140.0,3231.0,139.91,3118.0,96.5,92.0,10.0,0.0
03-01-2016,140.0,3231.0,139.92,3121.0,96.6,81.0,10.0,0.0
04-01-2016,140.0,3231.0,139.93,3124.0,96.69,81.0,10.0,0.0
05-01-2016,140.0,3231.0,139.94,3128.0,96.81,92.0,10.0,0.0
06-01-2016,140.0,3231.0,139.95,3131.0,96.9,81.0,10.0,0.0
07-01-2016,140.0,3231.0,139.96,3135.0,97.03,92.0,10.0,0.0
08-01-2016,140.0,3231.0,139.97,3159.0,97.77,92.0,0.0,0.0
09-01-2016,140.0,3231.0,139.97,3159.0,97.77,92.0,0.0,0.0
10-01-2016,140.0,3231.0,139.97,3159.0,97.77,92.0,0.0,0.0
11-01-2016,140.0,3231.0,139.97,3167.0,98.02,92.0,0.0,0.0
12-01-2016,140.0,3231.0,139.97,3175.0,98.27,92.0,0.0,0.0
13-01-2016,140.0,3231.0,139.98,3186.0,98.61,92.0,0.0,0.0
14-01-2016,140.0,3231.0,139.98,3194.0,98.85,92.0,0.0,0.0
15-01-2016,140.0,3231.0,139.99,3213.0,99.44,92.0,0.0,0.0
16-01-2016,140.0,3231.0,139.99,3213.0,99.44,92.0,0.0,0.0
17-01-2016,140.0,3231.0,139.99,3221.0,99.69,92.0,0.0,0.0
18-01-2016,140.0,3231.0,140.0,3231.0,100.0,92.0,0.0,0.0
19-01-2016,140.0,3231.0,140.0,3231.0,100.0,92.0,0.0,0.0
20-01-2016,140.0,3231.0,140.0,3231.0,100.0,92.0,128.0,0.0
21-01-2016,140.0,3231.0,140.0,3224.0,99.78,58.0,143.0,0.0
22-01-2016,140.0,3231.0,139.98,3186.0,98.61,23.0,358.0,0.0
23-01-2016,140.0,3231.0,139.97,3159.0,97.77,0.0,451.0,0.0
24-01-2016,140.0,3231.0,139.89,3111.0,96.29,0.0,551.0,1.0
25-01-2016,140.0,3231.0,139.75,3064.0,94.83,0.0,551.0,1.0
26-01-2016,140.0,3231.0,139.6,3015.0,93.31,0.0,551.0,0.0
27-01-2016,140.0,3231.0,139.43,2960.0,91.61,0.0,665.0,0.0
28-01-2016,140.0,3231.0,139.23,2896.0,89.63,0.0,751.0,0.0
29-01-2016,140.0,3231.0,139.03,2832.0,87.65,0.0,751.0,0.0
30-01-2016,140.0,3231.0,138.82,2767.0,85.64,0.0,750.0,0.0
31-01-2016,140.0,3231.0,138.59,2696.0,83.44,0.0,900.0,0.0
01-02-2016,140.0,3231.0,138.36,2627.0,81.31,0.0,800.0,0.0
02-02-2016,140.0,3231.0,138.13,2559.0,79.2,0.0,812.0,0.0
03-02-2016,140.0,3231.0,137.89,2489.0,77.03,0.0,812.0,0.0
04-02-2016,140.0,3231.0,137.66,2424.0,75.02,0.0,758.0,0.0
05-02-2016,140.0,3231.0,137.45,2365.0,73.2,0.0,758.0,0.0
06-02-2016,140.0,3231.0,137.23,2304.0,71.31,0.0,758.0,0.0
07-02-2016,140.0,3231.0,137.05,2255.0,69.79,0.0,758.0,0.0
08-02-2016,140.0,3231.0,136.81,2190.0,67.78,0.0,758.0,0.0
09-02-2016,140.0,3231.0,136.68,2155.0,66.7,0.0,405.0,0.0
10-02-2016,140.0,3231.0,136.66,2150.0,66.54,0.0,55.0,0.0
11-02-2016,140.0,3231.0,136.64,2145.0,66.39,0.0,55.0,0.0
12-02-2016,140.0,3231.0,136.62,2140.0,66.23,0.0,55.0,0.0
13-02-2016,140.0,3231.0,136.61,2137.0,66.14,0.0,55.0,0.0
15-02-2016,140.0,3231.0,136.57,2127.0,65.83,0.0,55.0,0.0
16-02-2016,140.0,3231.0,136.55,2121.0,65.65,0.0,55.0,0.0
17-02-2016,140.0,3231.0,136.53,2116.0,65.49,0.0,55.0,0.0
18-02-2016,140.0,3231.0,136.51,2111.0,65.34,0.0,55.0,0.0
19-02-2016,140.0,3231.0,136.49,2106.0,65.18,0.0,55.0,0.0
20-02-2016,140.0,3231.0,136.47,2100.0,65.0,0.0,55.0,0.0
21-02-2016,140.0,3231.0,136.45,2095.0,64.84,0.0,55.0,0.0
22-02-2016,140.0,3231.0,136.43,2090.0,64.69,0.0,55.0,0.0
23-02-2016,140.0,3231.0,136.41,2085.0,64.53,0.0,55.0,0.0
24-02-2016,140.0,3231.0,136.39,2080.0,64.38,0.0,55.0,0.0
25-02-2016,140.0,3231.0,136.37,2074.0,64.19,0.0,55.0,0.0
26-02-2016,140.0,3231.0,136.35,2069.0,64.04,0.0,55.0,0.0
27-02-2016,140.0,3231.0,136.33,2064.0,63.88,0.0,55.0,0.0
28-02-2016,140.0,3231.0,136.31,2059.0,63.73,0.0,55.0,0.0
29-02-2016,140.0,3231.0,136.29,2054.0,63.57,0.0,55.0,0.0
01-03-2016,140.0,3231.0,136.27,2049.0,63.42,0.0,55.0,0.0
02-03-2016,140.0,3231.0,136.25,2044.0,63.26,0.0,55.0,0.0
03-03-2016,140.0,3231.0,136.23,2039.0,63.11,0.0,57.0,0.0
04-03-2016,140.0,3231.0,136.21,2033.0,62.92,0.0,57.0,0.0
05-03-2016,140.0,3231.0,136.19,2028.0,62.77,0.0,57.0,0.0
06-03-2016,140.0,3231.0,136.17,2023.0,62.61,0.0,57.0,0.0
07-03-2016,140.0,3231.0,136.15,2018.0,62.46,0.0,57.0,0.0
08-03-2016,140.0,3231.0,136.13,2013.0,62.3,0.0,57.0,0.0
09-03-2016,140.0,3231.0,136.11,2008.0,62.15,0.0,57.0,0.0
10-03-2016,140.0,3231.0,136.09,2003.0,61.99,0.0,57.0,0.0
11-03-2016,140.0,3231.0,136.07,1998.0,61.84,0.0,57.0,0.0
12-03-2016,140.0,3231.0,136.05,1993.0,61.68,0.0,57.0,0.0
13-03-2016,140.0,3231.0,136.04,1990.0,61.59,0.0,39.0,0.0
14-03-2016,140.0,3231.0,136.03,1988.0,61.53,0.0,42.0,0.0
15-03-2016,140.0,3231.0,136.01,1983.0,61.37,0.0,42.0,0.0
16-03-2016,140.0,3231.0,135.99,1978.0,61.22,0.0,42.0,0.0
17-03-2016,140.0,3231.0,135.98,1975.0,61.13,0.0,39.0,0.0
18-03-2016,140.0,3231.0,135.97,1973.0,61.06,0.0,39.0,0.0
19-03-2016,140.0,3231.0,135.95,1968.0,60.91,0.0,39.0,0.0
20-03-2016,140.0,3231.0,135.94,1965.0,60.82,0.0,39.0,0.0
21-03-2016,140.0,3231.0,135.92,1960.0,60.66,0.0,39.0,0.0
22-03-2016,140.0,3231.0,135.91,1958.0,60.6,0.0,39.0,0.0
23-03-2016,140.0,3231.0,135.89,1953.0,60.45,0.0,54.0,0.0
24-03-2016,140.0,3231.0,135.87,1948.0,60.29,0.0,54.0,0.0
26-03-2016,140.0,3231.0,135.83,1938.0,59.98,0.0,54.0,0.0
27-03-2016,140.0,3231.0,135.81,1933.0,59.83,0.0,54.0,0.0
28-03-2016,140.0,3231.0,135.79,1928.0,59.67,0.0,54.0,0.0
29-03-2016,140.0,3231.0,135.77,1923.0,59.52,0.0,54.0,0.0
30-03-2016,140.0,3231.0,135.75,1918.0,59.36,0.0,54.0,0.0
31-03-2016,140.0,3231.0,135.74,1916.0,59.3,0.0,54.0,0.0
01-04-2016,140.0,3231.0,135.72,1911.0,59.15,0.0,58.0,0.0
02-04-2016,140.0,3231.0,135.7,1906.0,58.99,0.0,58.0,0.0
03-04-2016,140.0,3231.0,135.68,1901.0,58.84,0.0,58.0,0.0
04-04-2016,140.0,3231.0,135.66,1896.0,58.68,0.0,58.0,0.0
05-04-2016,140.0,3231.0,135.64,1891.0,58.53,0.0,58.0,0.0
06-04-2016,140.0,3231.0,135.62,1886.0,58.37,0.0,58.0,0.0
07-04-2016,140.0,3231.0,135.6,1882.0,58.25,0.0,58.0,0.0
08-04-2016,140.0,3231.0,136.58,1877.0,58.09,0.0,58.0,0.0
09-04-2016,140.0,3231.0,135.56,1872.0,57.94,0.0,58.0,0.0
10-04-2016,140.0,3231.0,135.54,1867.0,57.78,0.0,58.0,0.0
11-04-2016,140.0,3231.0,135.52,1862.0,57.63,0.0,58.0,0.0
12-04-2016,140.0,3231.0,135.5,1857.0,57.47,0.0,58.0,0.0
13-04-2016,140.0,3231.0,135.48,1853.0,57.35,0.0,58.0,0.0
15-04-2016,140.0,3231.0,135.44,1843.0,57.04,0.0,58.0,0.0
16-04-2016,140.0,3231.0,135.42,1838.0,56.89,0.0,58.0,0.0
18-04-2016,140.0,3231.0,135.38,1829.0,56.61,0.0,58.0,0.0
20-04-2016,140.0,3231.0,135.03,1746.0,54.04,0.0,568.0,0.0
21-04-2016,140.0,3231.0,134.82,1698.0,52.55,0.0,568.0,0.0
22-04-2016,140.0,3231.0,134.61,1651.0,51.1,0.0,548.0,0.0
24-04-2016,140.0,3231.0,134.18,1557.0,48.19,0.0,548.0,0.0
25-04-2016,140.0,3231.0,133.96,1510.0,46.73,0.0,548.0,0.0
26-04-2016,140.0,3231.0,133.86,1489.0,46.08,0.0,586.0,0.0
27-04-2016,140.0,3231.0,133.61,1438.0,44.51,0.0,586.0,0.0
28-04-2016,140.0,3231.0,133.35,1387.0,42.93,0.0,586.0,0.0
29-04-2016,140.0,3231.0,131.1,1338.0,41.41,0.0,574.0,0.0
30-04-2016,140.0,3231.0,132.83,1288.0,39.86,0.0,574.0,0.0
01-05-2016,140.0,3231.0,132.56,1239.0,38.35,0.0,556.0,0.0
02-05-2016,140.0,3231.0,132.28,1190.0,36.83,0.0,556.0,0.0
03-05-2016,140.0,3231.0,131.99,1142.0,35.35,0.0,556.0,0.0
04-05-2016,140.0,3231.0,131.7,1095.0,33.89,0.0,539.0,0.0
05-05-2016,140.0,3231.0,131.4,1048.0,32.44,0.0,539.0,0.0
06-05-2016,140.0,3231.0,131.08,1001.0,30.98,0.0,539.0,0.0
07-05-2016,140.0,3231.0,130.76,954.0,29.53,0.0,539.0,0.0
08-05-2016,140.0,3231.0,130.59,930.0,28.78,0.0,39.0,0.0
09-05-2016,140.0,3231.0,130.57,927.0,28.69,0.0,39.0,0.0
10-05-2016,140.0,3231.0,130.55,924.0,28.6,0.0,39.0,0.0
11-05-2016,140.0,3231.0,130.52,919.0,28.44,0.0,39.0,0.0
12-05-2016,140.0,3231.0,130.5,917.0,28.38,0.0,39.0,0.0
13-05-2016,140.0,3231.0,130.48,914.0,28.29,0.0,39.0,0.0
14-05-2016,140.0,3231.0,130.46,911.0,28.2,0.0,39.0,0.0
15-05-2016,140.0,3231.0,130.46,911.0,28.2,0.0,39.0,0.0
16-05-2016,140.0,3231.0,130.42,905.0,28.01,0.0,39.0,0.0
17-05-2016,140.0,3231.0,130.4,902.0,27.92,23.0,39.0,14.0
18-05-2016,140.0,3231.0,130.5,917.0,28.38,213.0,39.0,82.7
19-05-2016,140.0,3231.0,131.6,1079.0,33.4,1917.0,42.0,46.8
20-05-2016,140.0,3231.0,131.8,1111.0,34.39,412.0,42.0,0.0
21-05-2016,140.0,3231.0,131.8,1111.0,34.39,42.0,42.0,0.0
22-05-2016,140.0,3231.0,131.78,1107.0,34.26,0.0,42.0,0.0
23-05-2016,140.0,3231.0,131.75,1103.0,34.14,0.0,42.0,0.0
24-05-2016,140.0,3231.0,131.73,1100.0,34.05,0.0,42.0,0.0
25-05-2016,140.0,3231.0,131.71,1096.0,33.92,0.0,42.0,0.0
26-05-2016,140.0,3231.0,131.68,1092.0,33.8,0.0,42.0,0.0
27-05-2016,140.0,3231.0,131.66,1088.0,33.67,0.0,42.0,0.0
28-05-2016,140.0,3231.0,131.63,1084.0,33.55,0.0,42.0,0.0
29-05-2016,140.0,3231.0,131.6,1079.0,33.4,0.0,42.0,0.0
30-05-2016,140.0,3231.0,131.57,1074.0,33.24,0.0,42.0,0.0
31-05-2016,140.0,3231.0,131.54,1070.0,33.12,0.0,42.0,0.0
01-06-2016,140.0,3231.0,131.51,1065.0,32.96,0.0,42.0,0.0
02-06-2016,140.0,3231.0,131.49,1062.0,32.87,0.0,41.0,12.2
03-06-2016,140.0,3231.0,131.46,1057.0,32.71,0.0,41.0,0.0
04-06-2016,140.0,3231.0,131.44,1054.0,32.62,0.0,41.0,0.0
05-06-2016,140.0,3231.0,131.41,1050.0,32.5,0.0,41.0,0.0
06-06-2016,140.0,3231.0,131.38,1045.0,32.34,0.0,41.0,2.4
07-06-2016,140.0,3231.0,131.36,1042.0,32.25,0.0,41.0,4.2
08-06-2016,140.0,3231.0,131.33,1038.0,32.13,0.0,41.0,6.0
09-06-2016,140.0,3231.0,131.33,1038.0,32.13,41.0,41.0,40.4
10-06-2016,140.0,3231.0,131.31,1035.0,32.03,0.0,41.0,0.0
11-06-2016,140.0,3231.0,131.28,1030.0,31.88,0.0,41.0,0.0
12-06-2016,140.0,3231.0,131.25,1026.0,31.75,0.0,41.0,0.0
13-06-2016,140.0,3231.0,131.22,1021.0,31.6,0.0,41.0,0.0
14-06-2016,140.0,3231.0,131.2,1018.0,31.51,0.0,41.0,0.0
15-06-2016,140.0,3231.0,131.17,1014.0,31.38,0.0,41.0,0.0
16-06-2016,140.0,3231.0,131.14,1010.0,31.26,0.0,41.0,0.0
17-06-2016,140.0,3231.0,131.12,1007.0,31.17,0.0,41.0,0.0
18-06-2016,140.0,3231.0,131.1,1004.0,31.07,0.0,41.0,0.0
19-06-2016,140.0,3231.0,131.07,999.0,30.92,0.0,41.0,0.0
20-06-2016,140.0,3231.0,131.07,999.0,30.92,41.0,41.0,66.4
21-06-2016,140.0,3231.0,131.07,999.0,30.92,41.0,41.0,2.8
22-06-2016,140.0,3231.0,137.27,1029.0,31.85,388.0,41.0,6.4
23-06-2016,140.0,3231.0,137.34,1039.0,32.16,157.0,41.0,1.6
24-06-2016,140.0,3231.0,131.35,1041.0,32.22,64.0,41.0,0.0
25-06-2016,140.0,3231.0,131.35,1041.0,32.22,41.0,41.0,0.0
26-06-2016,140.0,3231.0,131.32,1036.0,32.06,0.0,41.0,2.8
27-06-2016,140.0,3231.0,131.3,1033.0,31.97,0.0,41.0,9.2
28-06-2016,140.0,3231.0,131.27,1029.0,31.85,0.0,41.0,0.0
29-06-2016,140.0,3231.0,131.25,1026.0,31.75,0.0,41.0,25.2
30-06-2016,140.0,3231.0,131.22,1021.0,31.6,0.0,41.0,2.6
01-07-2016,140.0,3231.0,131.2,1018.0,31.51,0.0,41.0,0.0
02-07-2016,140.0,3231.0,131.18,1015.0,31.41,0.0,37.0,0.0
03-07-2016,140.0,3231.0,131.16,1013.0,31.35,14.0,37.0,4.6
04-07-2016,140.0,3231.0,131.14,1010.0,31.26,0.0,37.0,0.0
05-07-2016,140.0,3231.0,131.16,1013.0,31.35,72.0,37.0,19.4
06-07-2016,140.0,3231.0,131.14,1010.0,31.26,720.0,37.0,19.4
07-07-2016,140.0,3231.0,131.12,1007.0,31.17,0.0,37.0,1.4
08-07-2016,140.0,3231.0,131.1,1004.0,31.07,0.0,37.0,0.0
09-07-2016,140.0,3231.0,130.95,982.0,30.39,0.0,374.0,0.0
10-07-2016,140.0,3231.0,130.73,950.0,29.4,0.0,387.0,0.0
11-07-2016,140.0,3231.0,130.5,917.0,28.38,0.0,387.0,0.0
12-07-2016,140.0,3231.0,130.27,884.0,27.36,0.0,387.0,0.0
13-07-2016,140.0,3231.0,130.04,851.0,26.34,0.0,384.0,0.0
14-07-2016,140.0,3231.0,129.8,818.0,25.32,0.0,384.0,0.0
15-07-2016,140.0,3231.0,129.85,825.0,25.53,465.0,384.0,19.4
16-07-2016,140.0,3231.0,129.71,805.0,24.91,153.0,384.0,0.0
17-07-2016,140.0,3231.0,129.5,776.0,24.02,48.0,384.0,2.6
18-07-2016,140.0,3231.0,129.26,744.0,23.03,0.0,384.0,3.4
19-07-2016,140.0,3231.0,129.05,715.0,22.13,48.0,384.0,2.0
20-07-2016,140.0,3231.0,128.8,682.0,21.11,0.0,384.0,0.0
21-07-2016,140.0,3231.0,128.55,649.0,20.09,0.0,383.0,0.0
22-07-2016,140.0,3231.0,128.29,615.0,19.03,0.0,383.0,0.0
23-07-2016,140.0,3231.0,128.03,582.0,18.01,0.0,383.0,0.0
24-07-2016,140.0,3231.0,127.77,549.0,16.99,0.0,383.0,0.0
25-07-2016,140.0,3231.0,127.51,517.0,16.0,0.0,383.0,0.0
26-07-2016,140.0,3231.0,127.49,514.0,15.91,0.0,33.0,0.0
27-07-2016,140.0,3231.0,127.67,536.0,16.59,288.0,33.0,0.0
28-07-2016,140.0,3231.0,127.85,559.0,17.3,299.0,33.0,0.0
29-07-2016,140.0,3231.0,128.0,578.0,17.89,253.0,33.0,5.0
30-07-2016,140.0,3231.0,128.15,597.0,18.48,253.0,33.0,0.0
31-07-2016,140.0,3231.0,128.3,617.0,19.1,264.0,33.0,0.0
01-08-2016,140.0,3231.0,128.5,643.0,19.9,333.0,32.0,0.0
02-08-2016,140.0,3231.0,128.65,662.0,20.49,252.0,32.0,2.2
03-08-2016,140.0,3231.0,128.65,662.0,20.49,32.0,32.0,0.0
04-08-2016,140.0,3231.0,128.65,662.0,20.49,32.0,32.0,0.0
05-08-2016,140.0,3231.0,128.65,662.0,20.49,32.0,32.0,0.0
06-08-2016,140.0,3231.0,128.63,660.0,20.43,0.0,32.0,0.0
07-08-2016,140.0,3231.0,128.6,656.0,20.3,0.0,32.0,0.0
08-08-2016,140.0,3231.0,128.58,653.0,20.21,32.0,32.0,0.0
09-08-2016,140.0,3231.0,128.56,650.0,20.12,0.0,32.0,0.0
10-08-2016,140.0,3231.0,128.54,648.0,20.06,0.0,32.0,4.0
11-08-2016,140.0,3231.0,128.51,644.0,19.93,0.0,32.0,1.6
12-08-2016,140.0,3231.0,128.49,641.0,19.84,0.0,32.0,0.0
13-08-2016,140.0,3231.0,128.47,639.0,19.78,0.0,32.0,0.0
14-08-2016,140.0,3231.0,128.44,635.0,19.65,0.0,32.0,0.0
15-08-2016,140.0,3231.0,128.42,632.0,19.56,0.0,32.0,0.0
16-08-2016,140.0,3231.0,128.39,628.0,19.44,0.0,32.0,0.0
17-08-2016,140.0,3231.0,128.37,626.0,19.37,0.0,32.0,0.0
18-08-2016,140.0,3231.0,128.35,623.0,19.28,0.0,32.0,0.0
19-08-2016,140.0,3231.0,128.33,620.0,19.19,0.0,32.0,0.0
20-08-2016,140.0,3231.0,128.3,617.0,19.1,0.0,32.0,0.0
21-08-2016,140.0,3231.0,128.27,613.0,18.97,0.0,42.0,0.0
22-08-2016,140.0,3231.0,128.24,609.0,18.85,0.0,42.0,0.0
23-08-2016,140.0,3231.0,128.21,605.0,18.72,0.0,42.0,0.0
24-08-2016,140.0,3231.0,128.18,601.0,18.6,0.0,42.0,0.0
25-08-2016,140.0,3231.0,128.15,597.0,18.48,0.0,42.0,0.0
26-08-2016,140.0,3231.0,128.12,593.0,18.35,0.0,42.0,0.0
27-08-2016,140.0,3231.0,128.09,589.0,18.23,0.0,42.0,5.4
28-08-2016,140.0,3231.0,128.05,584.0,18.07,0.0,42.0,0.0
29-08-2016,140.0,3231.0,128.02,580.0,17.95,0.0,42.0,0.0
30-08-2016,140.0,3231.0,127.99,577.0,17.86,0.0,42.0,0.0
31-08-2016,140.0,3231.0,127.96,573.0,17.73,0.0,42.0,2.0
01-09-2016,140.0,3231.0,127.93,569.0,17.61,0.0,42.0,0.0
02-09-2016,140.0,3231.0,127.9,565.0,17.49,0.0,42.0,45.6
03-09-2016,140.0,3231.0,127.87,561.0,17.36,0.0,42.0,3.0
04-09-2016,140.0,3231.0,127.83,556.0,17.21,0.0,42.0,0.0
05-09-2016,140.0,3231.0,127.8,553.0,17.12,0.0,42.0,1.0
06-09-2016,140.0,3231.0,127.77,549.0,16.99,0.0,42.0,0.0
07-09-2016,140.0,3231.0,127.74,545.0,16.87,0.0,42.0,0.0
08-09-2016,140.0,3231.0,127.71,541.0,16.74,0.0,42.0,0.0
09-09-2016,140.0,3231.0,127.67,536.0,16.59,0.0,42.0,0.0
10-09-2016,140.0,3231.0,127.64,533.0,16.5,15.0,42.0,0.0
11-09-2016,140.0,3231.0,127.61,529.0,16.37,15.0,42.0,44.6
12-09-2016,140.0,3231.0,127.58,525.0,16.25,0.0,42.0,0.0
13-09-2016,140.0,3231.0,127.54,520.0,16.09,0.0,42.0,0.0
14-09-2016,140.0,3231.0,127.51,517.0,16.0,0.0,42.0,0.0
15-09-2016,140.0,3231.0,127.45,509.0,15.75,0.0,242.0,0.0
16-09-2016,140.0,3231.0,127.55,522.0,16.16,392.0,0.0,63.4
17-09-2016,140.0,3231.0,127.55,522.0,16.16,242.0,0.0,25.0
18-09-2016,140.0,3231.0,127.47,512.0,15.85,126.0,0.0,0.0
19-09-2016,140.0,3231.0,127.37,500.0,15.48,103.0,0.0,0.0
20-09-2016,140.0,3231.0,127.27,488.0,15.1,103.0,0.0,0.0
21-09-2016,140.0,3231.0,127.17,476.0,14.73,103.0,0.0,2.0
22-09-2016,140.0,3231.0,127.03,460.0,14.24,57.0,0.0,0.0
23-09-2016,140.0,3231.0,126.88,444.0,13.74,57.0,0.0,0.0
24-09-2016,140.0,3231.0,126.75,428.0,13.25,57.0,0.0,0.0
25-09-2016,140.0,3231.0,126.61,412.0,12.75,57.0,0.0,0.0
26-09-2016,140.0,3231.0,126.43,393.0,12.16,22.0,0.0,0.0
27-09-2016,140.0,3231.0,126.24,372.0,11.51,0.0,0.0,0.0
28-09-2016,140.0,3231.0,125.9,337.0,10.43,0.0,0.0,0.0
29-09-2016,140.0,3231.0,125.67,314.0,9.72,0.0,0.0,44.0
30-09-2016,140.0,3231.0,125.57,305.0,9.44,161.0,305.0,12.2
01-10-2016,140.0,3231.0,125.32,285.0,8.82,51.0,282.0,0.0
02-10-2016,140.0,3231.0,125.15,265.0,8.2,39.0,270.0,0.0
03-10-2016,140.0,3231.0,124.94,246.0,7.61,0.0,220.0,0.0
04-10-2016,140.0,3231.0,124.73,228.0,7.06,0.0,208.0,0.0
05-10-2016,140.0,3231.0,124.55,212.0,6.56,0.0,185.0,0.0
06-10-2016,140.0,3231.0,124.36,197.0,6.1,0.0,174.0,0.0
07-10-2016,140.0,3231.0,124.03,172.0,5.32,0.0,139.0,0.0
08-10-2016,140.0,3231.0,124.03,172.0,5.32,0.0,139.0,0.0
09-10-2016,140.0,3231.0,123.87,161.0,4.98,0.0,127.0,0.0
10-10-2016,140.0,3231.0,123.72,151.0,4.67,0.0,116.0,0.0
11-10-2016,140.0,3231.0,123.58,142.0,4.39,0.0,104.0,0.0
12-10-2016,140.0,3231.0,123.46,135.0,4.18,0.0,81.0,0.0
13-10-2016,140.0,3231.0,123.37,129.0,3.99,0.0,71.0,0.0
14-10-2016,140.0,3231.0,123.26,123.0,3.81,0.0,71.0,0.0
15-10-2016,140.0,3231.0,123.15,117.0,3.62,0.0,69.0,0.0
16-10-2016,140.0,3231.0,123.03,111.0,3.44,0.0,69.0,0.0
17-10-2016,140.0,3231.0,122.91,105.0,3.25,0.0,69.0,0.0
18-10-2016,140.0,3231.0,122.79,99.0,3.06,0.0,69.0,0.0
19-10-2016,140.0,3231.0,122.65,93.0,2.88,0.0,69.0,0.0
20-10-2016,140.0,3231.0,122.5,87.0,2.69,0.0,69.0,0.0
21-10-2016,140.0,3231.0,122.58,90.0,2.79,85.0,80.0,0.0
22-10-2016,140.0,3231.0,122.7,95.0,2.94,85.0,55.0,0.0
23-10-2016,140.0,3231.0,123.05,162.0,5.01,265.0,68.0,0.0
24-10-2016,140.0,3231.0,123.45,134.0,4.15,325.0,70.0,0.0
25-10-2016,140.0,3231.0,123.9,163.0,5.04,430.0,95.0,0.0
26-10-2016,140.0,3231.0,124.12,179.0,5.54,323.0,144.0,0.0
27-10-2016,140.0,3231.0,124.28,191.0,5.91,288.0,149.0,0.0
28-10-2016,140.0,3231.0,124.42,202.0,6.25,301.0,174.0,0.0
29-10-2016,140.0,3231.0,124.56,213.0,6.59,315.0,188.0,0.0
30-10-2016,140.0,3231.0,124.67,223.0,6.9,304.0,188.0,0.0
31-10-2016,140.0,3231.0,124.75,229.0,7.09,267.0,198.0,0.0
01-11-2016,140.0,3231.0,124.75,229.0,7.09,214.0,214.0,1.0
02-11-2016,140.0,3231.0,124.75,229.0,7.09,215.0,215.0,4.2
03-11-2016,140.0,3231.0,124.9,243.0,7.52,392.0,230.0,10.0
04-11-2016,140.0,3231.0,124.98,250.0,7.74,311.0,170.0,0.0
05-11-2016,140.0,3231.0,124.98,250.0,7.74,230.0,230.0,0.0
06-11-2016,140.0,3231.0,124.94,246.0,7.61,184.0,230.0,0.0
07-11-2016,140.0,3231.0,124.77,231.0,7.15,56.0,230.0,0.0
08-11-2016,140.0,3231.0,124.58,215.0,6.65,30.0,215.0,0.0
09-11-2016,140.0,3231.0,124.38,199.0,6.16,15.0,200.0,0.0
10-11-2016,140.0,3231.0,124.18,183.0,5.66,0.0,185.0,0.0
11-11-2016,140.0,3231.0,123.96,167.0,5.17,0.0,185.0,0.0
12-11-2016,140.0,3231.0,123.74,152.0,4.7,0.0,174.0,0.0
13-11-2016,140.0,3231.0,123.54,139.0,4.3,0.0,150.0,0.0
14-11-2016,140.0,3231.0,123.36,129.0,3.99,0.0,116.0,0.0
15-11-2016,140.0,3231.0,123.18,119.0,3.68,0.0,116.0,0.0
16-11-2016,140.0,3231.0,123.02,110.0,3.4,0.0,104.0,0.0
17-11-2016,140.0,3231.0,122.9,104.0,3.22,0.0,69.0,0.0
18-11-2016,140.0,3231.0,122.8,100.0,3.1,23.0,69.0,0.0
19-11-2016,140.0,3231.0,122.7,95.0,2.94,9.0,67.0,0.0
20-11-2016,140.0,3231.0,122.6,91.0,2.82,10.0,56.0,0.0
21-11-2016,140.0,3231.0,122.5,87.0,2.69,5.0,51.0,0.0
22-11-2016,140.0,3231.0,122.4,83.0,2.57,0.0,46.0,0.0
23-11-2016,140.0,3231.0,122.34,80.0,2.48,0.0,42.0,0.0
24-11-2016,140.0,3231.0,122.25,77.0,2.38,0.0,36.0,0.0
25-11-2016,140.0,3231.0,122.15,74.0,2.29,0.0,36.0,0.0
26-11-2016,140.0,3231.0,122.05,71.0,2.2,0.0,36.0,0.0
27-11-2016,140.0,3231.0,122.15,74.0,2.29,71.0,36.0,0.0
28-11-2016,140.0,3231.0,122.83,101.0,3.13,348.0,36.0,0.0
29-11-2016,140.0,3231.0,123.4,131.0,4.05,383.0,36.0,0.0
30-11-2016,140.0,3231.0,123.9,163.0,5.04,406.0,36.0,0.0
01-12-2016,140.0,3231.0,124.32,194.0,6.0,399.0,40.0,0.0
02-12-2016,140.0,3231.0,124.9,243.0,7.52,607.0,40.0,26.0
03-12-2016,140.0,3231.0,125.9,285.0,8.82,726.0,240.0,34.2
04-12-2016,140.0,3231.0,125.72,319.0,9.87,634.0,240.0,22.2
05-12-2016,140.0,3231.0,126.0,347.0,10.74,564.0,240.0,4.6
06-12-2016,140.0,3231.0,126.15,363.0,11.23,526.0,341.0,0.0
07-12-2016,140.0,3231.0,126.27,376.0,11.64,491.0,341.0,0.0
08-12-2016,140.0,3231.0,126.4,389.0,12.04,491.0,341.0,0.0
09-12-2016,140.0,3231.0,126.53,404.0,12.5,515.0,341.0,0.0
10-12-2016,140.0,3231.0,126.64,416.0,12.88,480.0,341.0,0.0
11-12-2016,140.0,3231.0,126.72,425.0,13.15,445.0,361.0,0.0
12-12-2016,140.0,3231.0,126.82,436.0,13.49,488.0,361.0,7.4
13-12-2016,140.0,3231.0,127.6,528.0,16.34,1079.0,14.0,86.5
14-12-2016,140.0,3231.0,128.15,597.0,18.48,813.0,14.0,0.6
15-12-2016,140.0,3231.0,128.4,630.0,19.5,406.0,24.0,0.0
16-12-2016,140.0,3231.0,128.55,649.0,20.09,244.0,24.0,0.0
18-12-2016,140.0,3231.0,128.62,658.0,20.37,73.0,50.0,0.0
19-12-2016,140.0,3231.0,128.63,660.0,20.43,73.0,50.0,0.0
20-12-2016,140.0,3231.0,128.63,660.0,20.43,50.0,50.0,0.0
21-12-2016,140.0,3231.0,128.61,657.0,20.33,15.0,50.0,0.0
22-12-2016,140.0,3231.0,128.58,653.0,20.21,4.0,50.0,0.0
23-12-2016,140.0,3231.0,128.55,649.0,20.09,0.0,46.0,0.0
24-12-2016,140.0,3231.0,128.52,645.0,19.96,0.0,46.0,0.0
25-12-2016,140.0,3231.0,128.49,641.0,19.84,0.0,46.0,0.0
26-12-2016,140.0,3231.0,128.46,637.0,19.72,0.0,46.0,0.0
27-12-2016,140.0,3231.0,128.43,633.0,19.59,0.0,46.0,0.0
28-12-2016,140.0,3231.0,128.4,630.0,19.5,0.0,35.0,0.0
29-12-2016,140.0,3231.0,128.38,627.0,19.41,0.0,35.0,0.0
30-12-2016,140.0,3231.0,128.36,624.0,19.31,0.0,35.0,0.0
31-12-2016,140.0,3231.0,128.33,620.0,19.19,0.0,46.0,0.0
01-01-2017,140.0,3231.0,128.3,617.0,19.1,0.0,35.0,0.0
02-01-2017,140.0,3231.0,128.27,613.0,18.97,0.0,46.0,0.0
03-01-2017,140.0,3231.0,128.24,609.0,18.85,0.0,46.0,0.0
04-01-2017,140.0,3231.0,128.21,605.0,18.72,0.0,46.0,0.0
05-01-2017,140.0,3231.0,131.1,1018.0,31.51,132.0,26.0,0.0
06-01-2017,140.0,3231.0,128.15,597.0,18.48,0.0,46.0,0.0
07-01-2017,140.0,3231.0,128.12,593.0,18.35,0.0,46.0,0.0
08-01-2017,140.0,3231.0,128.09,589.0,18.23,0.0,46.0,0.0
09-01-2017,140.0,3231.0,128.06,586.0,18.14,0.0,35.0,0.0
10-01-2017,140.0,3231.0,128.03,582.0,18.01,0.0,46.0,0.0
11-01-2017,140.0,3231.0,128.0,578.0,17.89,0.0,46.0,0.0
12-01-2017,140.0,3231.0,127.97,574.0,17.77,0.0,46.0,0.0
13-01-2017,140.0,3231.0,127.94,570.0,17.64,0.0,46.0,0.0
14-01-2017,140.0,3231.0,127.91,566.0,17.52,0.0,46.0,0.0
15-01-2017,140.0,3231.0,127.88,563.0,17.42,0.0,35.0,0.0
16-01-2017,140.0,3231.0,127.86,560.0,17.33,0.0,35.0,0.0
17-01-2017,140.0,3231.0,127.83,556.0,17.21,0.0,46.0,0.0
18-01-2017,140.0,3231.0,127.8,553.0,17.12,0.0,35.0,0.0
19-01-2017,140.0,3231.0,127.78,550.0,17.02,0.0,35.0,0.0
20-01-2017,140.0,3231.0,127.75,546.0,16.9,0.0,46.0,0.0
21-01-2017,140.0,3231.0,127.75,546.0,16.9,46.0,46.0,0.0
22-01-2017,140.0,3231.0,127.79,551.0,17.05,104.0,46.0,0.0
23-01-2017,140.0,3231.0,127.84,558.0,17.27,127.0,46.0,0.0
24-01-2017,140.0,3231.0,127.93,569.0,17.61,173.0,46.0,0.0
25-01-2017,140.0,3231.0,128.04,583.0,18.04,199.0,37.0,0.0
26-01-2017,140.0,3231.0,128.2,603.0,18.66,268.0,37.0,0.0
27-01-2017,140.0,3231.0,128.37,626.0,19.37,303.0,37.0,2.0
28-01-2017,140.0,3231.0,128.55,649.0,20.09,303.0,37.0,2.4
29-01-2017,140.0,3231.0,128.63,660.0,20.43,364.0,237.0,0.0
30-01-2017,140.0,3231.0,128.81,683.0,21.14,447.0,237.0,0.0
31-01-2017,140.0,3231.0,128.96,703.0,21.76,453.0,237.0,0.0
01-02-2017,140.0,3231.0,129.11,724.0,22.41,424.0,243.0,0.0
02-02-2017,140.0,3231.0,129.2,736.0,22.78,382.0,243.0,0.0
03-02-2017,140.0,3231.0,129.3,749.0,23.18,421.0,343.0,0.0
06-02-2017,140.0,3231.0,129.51,778.0,24.08,442.0,343.0,0.0
07-02-2017,140.0,3231.0,129.56,785.0,24.3,424.0,343.0,0.0
08-02-2017,140.0,3231.0,129.61,791.0,24.48,411.0,343.0,0.0
09-02-2017,140.0,3231.0,129.64,796.0,24.64,386.0,343.0,0.0
10-02-2017,140.0,3231.0,129.66,799.0,24.73,359.0,343.0,0.0
11-02-2017,140.0,3231.0,129.65,797.0,24.67,301.0,343.0,0.0
12-02-2017,140.0,3231.0,129.65,797.0,24.67,335.0,363.0,0.0
13-02-2017,140.0,3231.0,129.64,796.0,24.64,327.0,363.0,0.0
14-02-2017,140.0,3231.0,129.65,797.0,24.67,343.0,363.0,0.0
15-02-2017,140.0,3231.0,129.66,798.0,24.7,355.0,363.0,0.0
16-02-2017,140.0,3231.0,129.7,804.0,24.88,405.0,350.0,0.0
17-02-2017,140.0,3231.0,129.78,815.0,25.22,469.0,350.0,0.0
19-02-2017,140.0,3231.0,129.94,837.0,25.91,482.0,350.0,0.0
20-02-2017,140.0,3231.0,129.94,842.0,26.06,424.0,372.0,0.0
21-02-2017,140.0,3231.0,129.97,842.0,26.06,386.0,415.0,0.0
22-02-2017,140.0,3231.0,129.96,840.0,26.0,356.0,410.0,0.0
23-02-2017,140.0,3231.0,129.91,833.0,25.78,311.0,410.0,0.0
24-02-2017,140.0,3231.0,129.91,833.0,25.78,303.0,410.0,0.0
25-02-2017,140.0,3231.0,129.92,835.0,25.84,394.0,410.0,0.0
27-02-2017,140.0,3231.0,129.85,825.0,25.53,299.0,410.0,0.0
28-02-2017,140.0,3231.0,129.8,818.0,25.32,234.0,410.0,0.0
01-03-2017,140.0,3231.0,129.66,799.0,24.73,179.0,410.0,0.0
02-03-2017,140.0,3231.0,129.59,789.0,24.42,138.0,411.0,0.0
03-03-2017,140.0,3231.0,129.49,775.0,23.99,119.0,411.0,0.0
04-03-2017,140.0,3231.0,129.37,759.0,23.49,101.0,411.0,0.0
05-03-2017,140.0,3231.0,129.23,740.0,22.9,76.0,411.0,0.0
06-03-2017,140.0,3231.0,129.09,721.0,22.32,90.0,411.0,0.0
07-03-2017,140.0,3231.0,128.96,703.0,21.76,78.0,410.0,0.0
08-03-2017,140.0,3231.0,128.81,683.0,21.14,75.0,410.0,0.0
09-03-2017,140.0,3231.0,128.65,662.0,20.49,60.0,410.0,0.0
10-03-2017,140.0,3231.0,128.41,641.0,19.84,52.0,410.0,0.0
11-03-2017,140.0,3231.0,128.33,620.0,19.19,60.0,410.0,0.0
12-03-2017,140.0,3231.0,128.13,595.0,18.42,36.0,410.0,0.0
13-03-2017,140.0,3231.0,127.93,569.0,17.61,19.0,410.0,0.0
14-03-2017,140.0,3231.0,127.77,549.0,16.99,44.0,408.0,0.0
15-03-2017,140.0,3231.0,127.6,528.0,16.34,58.0,408.0,0.0
16-03-2017,140.0,3231.0,127.43,507.0,15.69,62.0,408.0,0.0
17-03-2017,140.0,3231.0,127.27,488.0,15.1,45.0,408.0,0.0
18-03-2017,140.0,3231.0,127.08,466.0,14.42,22.0,408.0,0.0
19-03-2017,140.0,3231.0,126.87,441.0,13.65,14.0,406.0,0.0
20-03-2017,140.0,3231.0,126.64,416.0,12.88,9.0,406.0,0.0
21-03-2017,140.0,3231.0,126.41,391.0,12.1,8.0,406.0,0.0
22-03-2017,140.0,3231.0,126.18,366.0,11.33,4.0,326.0,0.0
23-03-2017,140.0,3231.0,125.95,342.0,10.58,2.0,326.0,0.0
24-03-2017,140.0,3231.0,125.7,317.0,9.81,0.0,304.0,0.0
25-03-2017,140.0,3231.0,125.44,292.0,9.04,0.0,284.0,0.0
26-03-2017,140.0,3231.0,125.2,269.0,8.33,0.0,264.0,0.0
27-03-2017,140.0,3231.0,124.96,248.0,7.68,0.0,244.0,0.0
28-03-2017,140.0,3231.0,124.7,225.0,6.96,0.0,241.0,0.0
29-03-2017,140.0,3231.0,124.45,204.0,6.31,0.0,211.0,0.0
30-03-2017,140.0,3231.0,124.2,185.0,5.73,0.0,171.0,0.0
31-03-2017,140.0,3231.0,124.0,170.0,5.26,0.0,151.0,0.0
01-04-2017,140.0,3231.0,123.85,160.0,4.95,0.0,134.0,0.0
02-04-2017,140.0,3231.0,123.65,146.0,4.52,0.0,124.0,0.0
03-04-2017,140.0,3231.0,123.45,134.0,4.15,0.0,114.0,0.0
04-04-2017,140.0,3231.0,123.3,125.0,3.87,0.0,104.0,0.0
05-04-2017,140.0,3231.0,123.16,118.0,3.65,0.0,84.0,0.0
06-04-2017,140.0,3231.0,123.06,112.0,3.47,0.0,19.0,0.0
07-04-2017,140.0,3231.0,123.02,110.0,3.4,0.0,19.0,0.0
08-04-2017,140.0,3231.0,122.96,107.0,3.31,0.0,15.0,0.0
09-04-2017,140.0,3231.0,122.92,105.0,3.25,0.0,15.0,0.0
10-04-2017,140.0,3231.0,122.87,103.0,3.19,0.0,15.0,0.0
11-04-2017,140.0,3231.0,122.82,100.0,3.1,0.0,15.0,0.0
12-04-2017,140.0,3231.0,122.77,98.0,3.03,0.0,15.0,0.0
13-04-2017,140.0,3231.0,122.73,96.0,2.97,0.0,15.0,0.0
14-04-2017,140.0,3231.0,122.68,94.0,2.91,0.0,15.0,0.0
15-04-2017,140.0,3231.0,122.63,92.0,2.85,0.0,15.0,0.0
16-04-2017,140.0,3231.0,122.59,90.0,2.79,0.0,15.0,0.0
17-04-2017,140.0,3231.0,122.54,88.0,2.72,0.0,15.0,0.0
18-04-2017,140.0,3231.0,122.49,86.0,2.66,0.0,15.0,0.0
19-04-2017,140.0,3231.0,122.44,84.0,2.6,0.0,15.0,0.0
20-04-2017,140.0,3231.0,122.39,82.0,2.54,0.0,15.0,0.0
21-04-2017,140.0,3231.0,122.34,80.0,2.48,0.0,15.0,0.0
22-04-2017,140.0,3231.0,122.28,78.0,2.41,0.0,15.0,0.0
23-04-2017,140.0,3231.0,122.23,76.0,2.35,0.0,15.0,0.0
24-04-2017,140.0,3231.0,122.15,74.0,2.29,0.0,15.0,0.0
25-04-2017,140.0,3231.0,122.07,71.0,2.2,0.0,15.0,0.0
26-04-2017,140.0,3231.0,121.99,69.0,2.14,0.0,15.0,0.0
27-04-2017,140.0,3231.0,121.91,67.0,2.07,0.0,13.0,0.0
28-04-2017,140.0,3231.0,121.82,64.0,1.98,0.0,13.0,0.0
29-04-2017,140.0,3231.0,121.73,62.0,1.92,0.0,13.0,0.0
30-04-2017,140.0,3231.0,121.65,60.0,1.86,0.0,13.0,0.0
01-05-2017,140.0,3231.0,121.57,58.0,1.8,0.0,13.0,0.0
02-05-2017,140.0,3231.0,121.5,57.0,1.76,0.0,13.0,0.0
03-05-2017,140.0,3231.0,121.45,56.0,1.73,0.0,13.0,0.0
04-05-2017,140.0,3231.0,121.4,55.0,1.7,0.0,13.0,0.0
05-05-2017,140.0,3231.0,121.35,54.0,1.67,0.0,13.0,0.0
06-05-2017,140.0,3231.0,121.29,53.0,1.64,0.0,13.0,0.0
07-05-2017,140.0,3231.0,121.23,52.0,1.61,0.0,13.0,0.0
08-05-2017,140.0,3231.0,121.17,51.0,1.58,0.0,13.0,0.0
09-05-2017,140.0,3231.0,121.1,50.0,1.55,0.0,13.0,0.0
10-05-2017,140.0,3231.0,121.35,54.0,1.67,59.0,13.0,63.0
11-05-2017,140.0,3231.0,121.29,53.0,1.64,0.0,13.0,0.0
12-05-2017,140.0,3231.0,121.23,52.0,1.61,0.0,13.0,0.0
13-05-2017,140.0,3231.0,121.17,51.0,1.58,0.0,13.0,0.0
14-05-2017,140.0,3231.0,121.1,50.0,1.55,0.0,13.0,0.0
15-05-2017,140.0,3231.0,121.04,49.0,1.52,0.0,13.0,0.0
16-05-2017,140.0,3231.0,121.0,49.0,1.52,0.0,13.0,0.0
17-05-2017,140.0,3231.0,120.96,48.0,1.49,0.0,13.0,0.0
18-05-2017,140.0,3231.0,120.92,48.0,1.49,0.0,12.0,0.0
19-05-2017,140.0,3231.0,120.88,47.0,1.45,0.0,12.0,0.0
20-05-2017,140.0,3231.0,120.84,46.0,1.42,0.0,12.0,0.0
21-05-2017,140.0,3231.0,120.8,46.0,1.42,0.0,12.0,0.0
22-05-2017,140.0,3231.0,120.76,45.0,1.39,0.0,12.0,0.0
23-05-2017,140.0,3231.0,120.72,45.0,1.39,0.0,12.0,0.0
24-05-2017,140.0,3231.0,120.68,44.0,1.36,0.0,12.0,0.0
25-05-2017,140.0,3231.0,120.64,43.0,1.33,0.0,12.0,0.0
26-05-2017,140.0,3231.0,120.6,43.0,1.33,0.0,12.0,0.0
27-05-2017,140.0,3231.0,120.56,42.0,1.3,0.0,12.0,0.0
28-05-2017,140.0,3231.0,120.52,42.0,1.3,0.0,12.0,0.0
29-05-2017,140.0,3231.0,120.48,41.0,1.27,0.0,12.0,0.0
30-05-2017,140.0,3231.0,120.44,41.0,1.27,0.0,12.0,0.0
31-05-2017,140.0,3231.0,120.39,40.0,1.24,0.0,12.0,0.0
01-06-2017,140.0,3231.0,120.34,39.0,1.21,0.0,12.0,0.0
02-06-2017,140.0,3231.0,120.2,38.0,1.18,0.0,12.0,0.0
03-06-2017,140.0,3231.0,120.05,36.0,1.11,0.0,12.0,0.0
04-06-2017,140.0,3231.0,119.97,35.0,1.08,0.0,2.0,0.0
05-06-2017,140.0,3231.0,119.89,34.0,1.05,0.0,2.0,0.0
06-06-2017,140.0,3231.0,119.8,33.0,1.02,0.0,2.0,0.0
07-06-2017,140.0,3231.0,119.75,32.0,0.99,0.0,2.0,7.0
08-06-2017,140.0,3231.0,119.67,31.0,0.96,0.0,2.0,0.0
09-06-2017,140.0,3231.0,119.59,30.0,0.93,0.0,2.0,0.0
10-06-2017,140.0,3231.0,119.24,27.0,0.84,0.0,2.0,0.0
11-06-2017,140.0,3231.0,118.85,23.0,0.71,0.0,2.0,0.0
12-06-2017,140.0,3231.0,118.65,21.0,0.65,0.0,2.0,0.0
13-06-2017,140.0,3231.0,118.58,21.0,0.65,0.0,2.0,0.0
14-06-2017,140.0,3231.0,118.52,20.0,0.62,0.0,2.0,0.0
15-06-2017,140.0,3231.0,118.47,20.0,0.62,0.0,1.0,0.0
16-06-2017,140.0,3231.0,118.43,20.0,0.62,0.0,1.0,0.0
17-06-2017,140.0,3231.0,118.43,20.0,0.62,0.0,1.0,3.0
18-06-2017,140.0,3231.0,118.42,20.0,0.62,0.0,1.0,0.0
19-06-2017,140.0,3231.0,118.4,20.0,0.62,0.0,1.0,0.0
20-06-2017,140.0,3231.0,118.5,20.0,0.62,0.0,1.0,23.2
21-06-2017,140.0,3231.0,118.48,20.0,0.62,0.0,1.0,0.0
22-06-2017,140.0,3231.0,118.46,20.0,0.62,0.0,1.0,0.0
23-06-2017,140.0,3231.0,118.44,20.0,0.62,0.0,1.0,0.0
24-06-2017,140.0,3231.0,118.5,20.0,0.62,0.0,1.0,12.0
25-06-2017,140.0,3231.0,118.5,20.0,0.62,0.0,1.0,0.0
26-06-2017,140.0,3231.0,118.48,20.0,0.62,0.0,1.0,0.0
27-06-2017,140.0,3231.0,118.46,20.0,0.62,0.0,1.0,0.0
28-06-2017,140.0,3231.0,118.43,20.0,0.62,0.0,1.0,2.0
29-06-2017,140.0,3231.0,118.4,20.0,0.62,0.0,1.0,0.0
30-06-2017,140.0,3231.0,118.37,19.0,0.59,0.0,1.0,0.0
01-07-2017,140.0,3231.0,118.34,19.0,0.59,0.0,1.0,0.0
02-07-2017,140.0,3231.0,118.31,19.0,0.59,0.0,1.0,0.0
03-07-2017,140.0,3231.0,118.29,19.0,0.59,0.0,1.0,0.0
04-07-2017,140.0,3231.0,118.27,19.0,0.59,0.0,1.0,0.0
05-07-2017,140.0,3231.0,118.25,19.0,0.59,0.0,1.0,0.0
06-07-2017,140.0,3231.0,118.23,18.0,0.56,0.0,1.0,0.0
07-07-2017,140.0,3231.0,118.21,18.0,0.56,0.0,1.0,3.0
08-07-2017,140.0,3231.0,118.2,18.0,0.56,0.0,1.0,1.4
09-07-2017,140.0,3231.0,118.18,18.0,0.56,0.0,1.0,0.0
10-07-2017,140.0,3231.0,118.2,18.0,0.56,0.0,1.0,30.0
11-07-2017,140.0,3231.0,118.18,18.0,0.56,0.0,1.0,0.0
12-07-2017,140.0,3231.0,118.38,19.0,0.59,0.0,1.0,44.0
13-07-2017,140.0,3231.0,118.6,21.0,0.65,24.0,1.0,2.0
14-07-2017,140.0,3231.0,118.65,21.0,0.65,0.0,1.0,0.0
15-07-2017,140.0,3231.0,118.65,21.0,0.65,0.0,1.0,0.0
16-07-2017,140.0,3231.0,118.64,21.0,0.65,0.0,1.0,0.0
17-07-2017,140.0,3231.0,118.63,21.0,0.65,0.0,1.0,0.0
18-07-2017,140.0,3231.0,118.62,21.0,0.65,0.0,1.0,0.0
19-07-2017,140.0,3231.0,118.61,21.0,0.65,0.0,1.0,0.0
20-07-2017,140.0,3231.0,118.6,21.0,0.65,0.0,1.0,1.0
21-07-2017,140.0,3231.0,118.59,21.0,0.65,0.0,1.0,0.0
22-07-2017,140.0,3231.0,118.59,21.0,0.65,0.0,1.0,0.0
23-07-2017,140.0,3231.0,118.56,21.0,0.65,0.0,1.0,0.0
24-07-2017,140.0,3231.0,118.54,21.0,0.65,0.0,1.0,0.0
25-07-2017,140.0,3231.0,118.52,20.0,0.62,0.0,1.0,0.0
26-07-2017,140.0,3231.0,118.5,20.0,0.62,0.0,1.0,0.0
27-07-2017,140.0,3231.0,118.48,20.0,0.62,0.0,1.0,1.0
28-07-2017,140.0,3231.0,118.46,20.0,0.62,0.0,1.0,0.0
29-07-2017,140.0,3231.0,118.46,20.0,0.62,0.0,1.0,5.0
30-07-2017,140.0,3231.0,118.44,20.0,0.62,0.0,1.0,0.0
31-07-2017,140.0,3231.0,118.42,20.0,0.62,0.0,1.0,0.0
01-08-2017,140.0,3231.0,118.4,20.0,0.62,0.0,1.0,0.0
02-08-2017,140.0,3231.0,118.38,19.0,0.59,0.0,1.0,0.0
03-08-2017,140.0,3231.0,118.36,19.0,0.59,0.0,1.0,0.0
04-08-2017,140.0,3231.0,118.34,19.0,0.59,0.0,1.0,0.0
05-08-2017,140.0,3231.0,118.32,19.0,0.59,0.0,1.0,0.0
06-08-2017,140.0,3231.0,118.3,19.0,0.59,0.0,1.0,0.0
07-08-2017,140.0,3231.0,118.27,19.0,0.59,0.0,1.0,0.0
08-08-2017,140.0,3231.0,118.24,19.0,0.59,0.0,1.0,0.0
09-08-2017,140.0,3231.0,118.21,18.0,0.56,0.0,1.0,0.0
10-08-2017,140.0,3231.0,118.18,18.0,0.56,0.0,1.0,9.0
11-08-2017,140.0,3231.0,118.15,18.0,0.56,0.0,1.0,0.0
12-08-2017,140.0,3231.0,118.12,18.0,0.56,0.0,1.0,1.4
13-08-2017,140.0,3231.0,118.15,18.0,0.56,0.0,1.0,10.0
14-08-2017,140.0,3231.0,118.12,18.0,0.56,0.0,1.0,1.0
15-08-2017,140.0,3231.0,118.25,19.0,0.59,13.0,1.0,49.0
16-08-2017,140.0,3231.0,118.3,19.0,0.59,0.0,1.0,0.0
17-08-2017,140.0,3231.0,118.35,19.0,0.59,0.0,1.0,0.0
18-08-2017,140.0,3231.0,118.4,20.0,0.62,0.0,1.0,11.0
19-08-2017,140.0,3231.0,118.53,21.0,0.65,13.0,1.0,18.0
20-08-2017,140.0,3231.0,118.58,21.0,0.65,0.0,1.0,13.0
21-08-2017,140.0,3231.0,118.65,21.0,0.65,0.0,1.0,3.0
22-08-2017,140.0,3231.0,118.7,22.0,0.68,0.0,1.0,0.0
23-08-2017,140.0,3231.0,118.75,22.0,0.68,0.0,1.0,0.0
24-08-2017,140.0,3231.0,118.8,23.0,0.71,0.0,1.0,2.0
25-08-2017,140.0,3231.0,118.83,23.0,0.71,0.0,1.0,5.0
26-08-2017,140.0,3231.0,118.85,23.0,0.71,0.0,1.0,1.0
27-08-2017,140.0,3231.0,118.9,23.0,0.71,0.0,1.0,5.0
28-08-2017,140.0,3231.0,118.93,24.0,0.74,0.0,1.0,1.0
29-08-2017,140.0,3231.0,118.95,24.0,0.74,0.0,1.0,0.0
30-08-2017,140.0,3231.0,118.95,24.0,0.74,0.0,1.0,0.0
31-08-2017,140.0,3231.0,119.25,27.0,0.84,36.0,1.0,41.0
01-09-2017,140.0,3231.0,119.25,27.0,0.84,0.0,1.0,0.0
02-09-2017,140.0,3231.0,119.26,27.0,0.84,0.0,1.0,0.0
03-09-2017,140.0,3231.0,119.26,27.0,0.84,0.0,1.0,0.0
04-09-2017,140.0,3231.0,119.27,27.0,0.84,0.0,1.0,0.0
05-09-2017,140.0,3231.0,119.41,28.0,0.87,13.0,1.0,18.0
06-09-2017,140.0,3231.0,119.3,27.0,0.84,0.0,1.0,0.0
07-09-2017,140.0,3231.0,119.41,28.0,0.87,13.0,1.0,18.0
08-09-2017,140.0,3231.0,119.41,28.0,0.87,0.0,1.0,0.0
09-09-2017,140.0,3231.0,119.41,28.0,0.87,0.0,1.0,1.0
10-09-2017,140.0,3231.0,119.4,28.0,0.87,0.0,1.0,0.0
11-09-2017,140.0,3231.0,119.41,28.0,0.87,0.0,1.0,7.0
12-09-2017,140.0,3231.0,119.4,28.0,0.87,0.0,1.0,0.0
13-09-2017,140.0,3231.0,119.4,28.0,0.87,0.0,1.0,3.4
14-09-2017,140.0,3231.0,119.39,28.0,0.87,0.0,1.0,0.0
15-09-2017,140.0,3231.0,119.37,28.0,0.87,0.0,1.0,0.0
16-09-2017,140.0,3231.0,119.35,28.0,0.87,0.0,1.0,0.0
17-09-2017,140.0,3231.0,119.43,28.0,0.87,0.0,1.0,26.0
18-09-2017,140.0,3231.0,119.43,28.0,0.87,0.0,1.0,4.0
19-09-2017,140.0,3231.0,119.43,28.0,0.87,0.0,1.0,6.0
20-09-2017,140.0,3231.0,119.42,28.0,0.87,0.0,1.0,0.0
21-09-2017,140.0,3231.0,119.41,28.0,0.87,0.0,1.0,0.0
22-09-2017,140.0,3231.0,119.4,28.0,0.87,0.0,1.0,2.0
23-09-2017,140.0,3231.0,119.38,28.0,0.87,0.0,1.0,0.0
24-09-2017,140.0,3231.0,119.36,28.0,0.87,0.0,1.0,0.0
25-09-2017,140.0,3231.0,119.36,28.0,0.87,0.0,1.0,0.0
26-09-2017,140.0,3231.0,119.36,28.0,0.87,0.0,1.0,0.0
27-09-2017,140.0,3231.0,119.34,28.0,0.87,0.0,1.0,0.0
28-09-2017,140.0,3231.0,119.32,27.0,0.84,0.0,1.0,0.0
29-09-2017,140.0,3231.0,119.31,27.0,0.84,0.0,1.0,1.0
30-09-2017,140.0,3231.0,119.31,27.0,0.84,0.0,1.0,3.0
01-10-2017,140.0,3231.0,120.55,42.0,1.3,175.0,1.0,135.0
02-10-2017,140.0,3231.0,121.75,62.0,1.92,233.0,2.0,4.0
03-10-2017,140.0,3231.0,121.94,67.0,2.07,60.0,2.0,0.0
04-10-2017,140.0,3231.0,121.96,68.0,2.1,14.0,2.0,8.0
05-10-2017,140.0,3231.0,122.25,77.0,2.38,107.0,3.0,13.0
06-10-2017,140.0,3231.0,122.64,92.0,2.85,177.0,3.0,13.0
07-10-2017,140.0,3231.0,123.2,120.0,3.71,329.0,5.0,0.0
08-10-2017,140.0,3231.0,123.4,131.0,4.05,132.0,5.0,2.0
09-10-2017,140.0,3231.0,123.45,134.0,4.15,40.0,5.0,0.0
10-10-2017,140.0,3231.0,123.56,137.0,4.24,40.0,5.0,12.0
11-10-2017,140.0,3231.0,123.55,140.0,4.33,40.0,5.0,0.0
12-10-2017,140.0,3231.0,123.7,150.0,4.64,121.0,5.0,3.0
13-10-2017,140.0,3231.0,124.3,192.0,5.94,493.0,7.0,0.0
14-10-2017,140.0,3231.0,124.7,225.0,6.96,390.0,7.0,0.0
15-10-2017,140.0,3231.0,124.84,237.0,7.34,145.0,7.0,0.0
16-10-2017,140.0,3231.0,124.94,246.0,7.61,111.0,7.0,4.0
17-10-2017,140.0,3231.0,125.2,270.0,8.36,287.0,9.0,46.0
18-10-2017,140.0,3231.0,125.4,288.0,8.91,217.0,9.0,0.0
19-10-2017,140.0,3231.0,125.47,295.0,9.13,90.0,9.0,0.0
20-10-2017,140.0,3231.0,125.5,298.0,9.22,44.0,9.0,0.0
21-10-2017,140.0,3231.0,125.51,299.0,9.25,21.0,9.0,0.0
22-10-2017,140.0,3231.0,125.51,299.0,9.25,0.0,9.0,0.0
23-10-2017,140.0,3231.0,125.54,302.0,9.35,44.0,9.0,2.0
24-10-2017,140.0,3231.0,125.54,302.0,9.35,0.0,9.0,0.0
25-10-2017,140.0,3231.0,125.54,302.0,9.35,0.0,9.0,0.0
26-10-2017,140.0,3231.0,125.53,301.0,9.32,0.0,9.0,0.0
27-10-2017,140.0,3231.0,125.53,301.0,9.32,0.0,9.0,0.0
28-10-2017,140.0,3231.0,125.53,301.0,9.32,0.0,9.0,12.0
29-10-2017,140.0,3231.0,125.52,300.0,9.29,0.0,9.0,0.0
30-10-2017,140.0,3231.0,125.52,300.0,9.29,0.0,9.0,13.0
31-10-2017,140.0,3231.0,125.65,312.0,9.66,148.0,9.0,41.0
01-11-2017,140.0,3231.0,125.85,332.0,10.28,240.0,9.0,30.0
02-11-2017,140.0,3231.0,126.01,349.0,10.8,208.0,11.0,6.0
03-11-2017,140.0,3231.0,126.6,368.0,11.39,231.0,11.0,30.0
04-11-2017,140.0,3231.0,126.5,400.0,12.38,381.0,11.0,8.0
05-11-2017,140.0,3231.0,127.1,468.0,14.48,800.0,13.0,53.0
06-11-2017,140.0,3231.0,127.85,559.0,17.3,1066.0,13.0,41.0
07-11-2017,140.0,3231.0,128.6,656.0,20.3,1137.0,14.0,8.0
08-11-2017,140.0,3231.0,129.35,756.0,23.4,1172.0,15.0,40.0
09-11-2017,140.0,3231.0,129.8,818.0,25.32,733.0,15.0,0.0
10-11-2017,140.0,3231.0,130.05,853.0,26.4,427.0,16.0,0.0
11-11-2017,140.0,3231.0,130.25,881.0,27.27,340.0,16.0,0.0
12-11-2017,140.0,3231.0,130.35,895.0,27.7,184.0,16.0,0.0
13-11-2017,140.0,3231.0,130.45,909.0,28.13,178.0,16.0,13.0
14-11-2017,140.0,3231.0,130.55,924.0,28.6,196.0,16.0,18.0
15-11-2017,140.0,3231.0,130.7,945.0,29.25,265.0,60.0,0.0
16-11-2017,140.0,3231.0,130.82,963.0,29.81,230.0,16.0,33.0
17-11-2017,140.0,3231.0,130.93,979.0,30.3,207.0,16.0,0.0
18-11-2017,140.0,3231.0,130.98,987.0,30.55,115.0,16.0,0.0
19-11-2017,140.0,3231.0,131.02,992.0,30.7,80.0,16.0,0.0
20-11-2017,140.0,3231.0,131.08,997.0,30.86,80.0,16.0,0.0
21-11-2017,140.0,3231.0,131.07,999.0,30.92,45.0,16.0,0.0
22-11-2017,140.0,3231.0,131.07,999.0,30.92,22.0,16.0,5.0
23-11-2017,140.0,3231.0,131.07,999.0,30.92,22.0,16.0,0.0
24-11-2017,140.0,3231.0,131.07,999.0,30.92,22.0,16.0,0.0
25-11-2017,140.0,3231.0,131.06,997.0,30.86,0.0,22.0,0.0
26-11-2017,140.0,3231.0,131.05,995.0,30.8,0.0,22.0,0.0
27-11-2017,140.0,3231.0,131.03,993.0,30.73,0.0,22.0,2.0
28-11-2017,140.0,3231.0,131.0,990.0,30.64,0.0,26.0,0.0
29-11-2017,140.0,3231.0,130.98,987.0,30.55,0.0,26.0,0.0
30-11-2017,140.0,3231.0,130.96,984.0,30.45,0.0,26.0,15.0
01-12-2017,140.0,3231.0,131.1,1004.0,31.07,258.0,26.0,61.0
02-12-2017,140.0,3231.0,131.25,1026.0,31.75,281.0,26.0,2.0
03-12-2017,140.0,3231.0,131.4,1048.0,32.44,281.0,26.0,0.0
04-12-2017,140.0,3231.0,131.47,1059.0,32.78,153.0,26.0,0.0
05-12-2017,140.0,3231.0,131.52,1067.0,33.02,119.0,26.0,0.0
06-12-2017,140.0,3231.0,131.55,1071.0,33.15,72.0,26.0,0.0
07-12-2017,140.0,3231.0,131.55,1071.0,33.15,26.0,26.0,0.0
08-12-2017,140.0,3231.0,131.55,1071.0,33.15,26.0,26.0,0.0
09-12-2017,140.0,3231.0,131.54,1069.0,33.09,0.0,26.0,0.0
10-12-2017,140.0,3231.0,131.53,1068.0,33.05,0.0,26.0,0.0
11-12-2017,140.0,3231.0,131.52,1067.0,33.02,0.0,26.0,0.0
12-12-2017,140.0,3231.0,131.5,1064.0,32.93,0.0,26.0,0.0
13-12-2017,140.0,3231.0,131.48,1061.0,32.84,0.0,26.0,0.0
14-12-2017,140.0,3231.0,131.46,1058.0,32.75,0.0,26.0,0.0
15-12-2017,140.0,3231.0,131.44,1055.0,32.65,0.0,26.0,0.0
16-12-2017,140.0,3231.0,131.42,1053.0,32.59,0.0,26.0,0.0
17-12-2017,140.0,3231.0,131.4,1050.0,32.5,0.0,26.0,0.0
18-12-2017,140.0,3231.0,131.38,1047.0,32.4,0.0,26.0,0.0
19-12-2017,140.0,3231.0,131.36,1045.0,32.34,0.0,26.0,0.0
20-12-2017,140.0,3231.0,131.34,1042.0,32.25,0.0,26.0,0.0
21-12-2017,140.0,3231.0,131.32,1040.0,32.19,0.0,26.0,0.0
22-12-2017,140.0,3231.0,131.3,1037.0,32.1,0.0,26.0,0.0
23-12-2017,140.0,3231.0,131.28,1035.0,32.03,0.0,26.0,0.0
24-12-2017,140.0,3231.0,131.26,1032.0,31.94,0.0,26.0,0.0
25-12-2017,140.0,3231.0,131.24,1030.0,31.88,0.0,26.0,0.0
26-12-2017,140.0,3231.0,131.22,1027.0,31.79,0.0,26.0,0.0
27-12-2017,140.0,3231.0,131.2,1025.0,31.72,0.0,26.0,0.0
28-12-2017,140.0,3231.0,131.18,1022.0,31.63,0.0,26.0,0.0
29-12-2017,140.0,3231.0,131.15,1019.0,31.54,0.0,26.0,0.0
30-12-2017,140.0,3231.0,131.13,1017.0,31.48,0.0,26.0,0.0
31-12-2017,140.0,3231.0,131.1,1014.0,31.38,0.0,26.0,0.0
01-01-2018,140.0,3231.0,131.07,1012.0,31.32,0.0,26.0,0.0
02-01-2018,140.0,3231.0,131.07,1012.0,31.32,21.0,26.0,0.0
03-01-2018,140.0,3231.0,131.07,1012.0,31.32,72.0,26.0,0.0
04-01-2018,140.0,3231.0,131.08,1014.0,31.38,114.0,26.0,0.0
05-01-2018,140.0,3231.0,131.1,1018.0,31.51,132.0,26.0,0.0
06-01-2018,140.0,3231.0,131.13,1024.0,31.69,166.0,26.0,0.0
07-01-2018,140.0,3231.0,131.17,1032.0,31.94,252.0,26.0,0.0
08-01-2018,140.0,3231.0,131.22,1042.0,32.25,234.0,26.0,0.0
09-01-2018,140.0,3231.0,131.3,1055.0,32.65,255.0,26.0,0.0
10-01-2018,140.0,3231.0,131.4,1070.0,33.12,237.0,26.0,0.0
11-01-2018,140.0,3231.0,131.48,1084.0,33.55,188.0,26.0,0.0
12-01-2018,140.0,3231.0,131.55,1096.0,33.92,263.0,26.0,0.0
13-01-2018,140.0,3231.0,131.63,1108.0,34.29,276.0,26.0,0.0
14-01-2018,140.0,3231.0,131.72,1124.0,34.79,295.0,26.0,0.0
15-01-2018,140.0,3231.0,131.82,1140.0,35.28,315.0,26.0,0.0
16-01-2018,140.0,3231.0,131.92,1152.0,35.65,319.0,26.0,0.0
17-01-2018,140.0,3231.0,132.0,1161.0,35.93,307.0,28.0,0.0
18-01-2018,140.0,3231.0,132.08,1172.0,36.27,311.0,28.0,0.0
19-01-2018,140.0,3231.0,132.14,1180.0,36.52,309.0,28.0,0.0
20-01-2018,140.0,3231.0,132.22,1191.0,36.86,293.0,28.0,0.0
21-01-2018,140.0,3231.0,132.32,1204.0,37.26,283.0,34.0,0.0
22-01-2018,140.0,3231.0,132.42,1215.0,37.6,285.0,34.0,0.0
23-01-2018,140.0,3231.0,132.5,1229.0,38.04,286.0,34.0,0.0
24-01-2018,140.0,3231.0,132.55,1237.0,38.29,284.0,34.0,0.0
25-01-2018,140.0,3231.0,132.65,1255.0,38.84,330.0,36.0,0.0
26-01-2018,140.0,3231.0,132.75,1273.0,39.4,335.0,36.0,0.0
27-01-2018,140.0,3231.0,132.85,1292.0,39.99,350.0,37.0,0.0
28-01-2018,140.0,3231.0,132.95,1310.0,40.54,350.0,36.0,0.0
29-01-2018,140.0,3231.0,133.05,1329.0,41.13,350.0,37.0,0.0
30-01-2018,140.0,3231.0,133.15,1348.0,41.72,330.0,38.0,0.0
31-01-2018,140.0,3231.0,133.25,1367.0,42.31,330.0,35.0,0.0
01-02-2018,140.0,3231.0,133.35,1387.0,42.93,350.0,44.0,0.0
02-02-2018,140.0,3231.0,133.45,1406.0,43.52,360.0,46.0,0.0
03-02-2018,140.0,3231.0,133.55,1426.0,44.13,360.0,45.0,0.0
04-02-2018,140.0,3231.0,133.65,1446.0,44.75,370.0,39.0,0.0
05-02-2018,140.0,3231.0,133.75,1467.0,45.4,370.0,46.0,0.0
06-02-2018,140.0,3231.0,133.85,1487.0,46.02,375.0,45.0,0.0
07-02-2018,140.0,3231.0,134.0,1518.0,46.98,400.0,48.0,0.0
08-02-2018,140.0,3231.0,134.1,1540.0,47.66,400.0,49.0,2.0
09-02-2018,140.0,3231.0,134.2,1561.0,48.31,400.0,48.0,0.0
10-02-2018,140.0,3231.0,134.3,1582.0,48.96,400.0,47.0,0.0
11-02-2018,140.0,3231.0,134.4,1604.0,49.64,380.0,48.0,0.0
12-02-2018,140.0,3231.0,134.5,1626.0,50.32,350.0,49.0,0.0
13-02-2018,140.0,3231.0,134.55,1637.0,50.67,320.0,48.0,0.0
14-02-2018,140.0,3231.0,134.6,1648.0,51.01,350.0,48.0,0.0
15-02-2018,140.0,3231.0,134.7,1671.0,51.72,380.0,48.0,0.0
16-02-2018,140.0,3231.0,134.8,1693.0,52.4,380.0,49.0,0.0
17-02-2018,140.0,3231.0,134.88,1712.0,52.99,380.0,49.0,0.0
18-02-2018,140.0,3231.0,135.0,1739.0,53.82,450.0,52.0,0.0
19-02-2018,140.0,3231.0,135.1,1763.0,54.57,500.0,52.0,0.0
20-02-2018,140.0,3231.0,135.22,1791.0,55.43,540.0,52.0,0.0
21-02-2018,140.0,3231.0,135.35,1821.0,56.36,540.0,52.0,0.0
22-02-2018,140.0,3231.0,135.47,1850.0,57.26,500.0,52.0,0.0
23-02-2018,140.0,3231.0,135.57,1874.0,58.0,480.0,52.0,0.0
24-02-2018,140.0,3231.0,135.67,1899.0,58.77,480.0,53.0,0.0
25-02-2018,140.0,3231.0,135.77,1924.0,59.55,500.0,52.0,0.0
26-02-2018,140.0,3231.0,135.88,1950.0,60.35,500.0,52.0,0.0
27-02-2018,140.0,3231.0,135.95,1968.0,60.91,450.0,52.0,0.0
28-02-2018,140.0,3231.0,136.05,1993.0,61.68,445.0,155.0,0.0
01-03-2018,140.0,3231.0,136.12,2011.0,62.24,440.0,232.0,0.0
02-03-2018,140.0,3231.0,136.16,2021.0,62.55,348.0,232.0,0.0
03-03-2018,140.0,3231.0,136.2,2031.0,62.86,349.0,233.0,0.0
04-03-2018,140.0,3231.0,136.24,2041.0,63.17,348.0,232.0,0.0
05-03-2018,140.0,3231.0,136.28,2051.0,63.48,348.0,232.0,0.0
06-03-2018,140.0,3231.0,136.3,2057.0,63.66,302.0,233.0,0.0
07-03-2018,140.0,3231.0,136.31,2059.0,63.73,255.0,232.0,0.0
08-03-2018,140.0,3231.0,136.31,2059.0,63.73,233.0,233.0,0.0
09-03-2018,140.0,3231.0,136.3,2057.0,63.66,219.0,233.0,0.0
10-03-2018,140.0,3231.0,136.29,2054.0,63.57,200.0,233.0,0.0
11-03-2018,140.0,3231.0,136.23,2039.0,63.11,178.0,358.0,0.0
12-03-2018,140.0,3231.0,136.15,2018.0,62.46,114.0,358.0,0.0
13-03-2018,140.0,3231.0,136.07,1997.0,61.81,114.0,356.0,0.0
14-03-2018,140.0,3231.0,136.0,1980.0,61.28,140.0,357.0,0.0
15-03-2018,140.0,3231.0,135.94,1965.0,60.82,120.0,414.0,0.0
16-03-2018,140.0,3231.0,135.85,1943.0,60.14,140.0,414.0,0.0
17-03-2018,140.0,3231.0,135.76,1921.0,59.46,135.0,414.0,5.0
18-03-2018,140.0,3231.0,135.67,1899.0,58.77,135.0,414.0,2.0
19-03-2018,140.0,3231.0,135.6,1882.0,58.25,120.0,414.0,0.0
20-03-2018,140.0,3231.0,135.55,1869.0,57.85,80.0,414.0,0.0
21-03-2018,140.0,3231.0,135.5,1857.0,57.47,70.0,414.0,0.0
22-03-2018,140.0,3231.0,135.45,1845.0,57.1,75.0,415.0,0.0
23-03-2018,140.0,3231.0,135.4,1833.0,56.73,70.0,415.0,0.0
24-03-2018,140.0,3231.0,135.35,1820.0,56.33,30.0,415.0,0.0
25-03-2018,140.0,3231.0,135.3,1809.0,55.99,30.0,415.0,0.0
26-03-2018,140.0,3231.0,135.22,1790.0,55.4,20.0,414.0,0.0
27-03-2018,140.0,3231.0,135.15,1774.0,54.91,0.0,415.0,0.0
28-03-2018,140.0,3231.0,135.0,1739.0,53.82,0.0,415.0,0.0
29-03-2018,140.0,3231.0,134.85,1705.0,52.77,0.0,412.0,0.0
30-03-2018,140.0,3231.0,134.72,1675.0,51.84,0.0,411.0,0.0
31-03-2018,140.0,3231.0,134.58,1644.0,50.88,0.0,412.0,0.0
01-04-2018,140.0,3231.0,134.43,1611.0,49.86,0.0,415.0,0.0
02-04-2018,140.0,3231.0,134.3,1580.0,48.9,0.0,415.0,0.0
03-04-2018,140.0,3231.0,134.15,1549.0,47.94,0.0,415.0,0.0
04-04-2018,140.0,3231.0,134.0,1518.0,46.98,0.0,415.0,0.0
05-04-2018,140.0,3231.0,133.85,1487.0,46.02,0.0,411.0,0.0
06-04-2018,140.0,3231.0,133.65,1446.0,44.75,0.0,501.0,0.0
07-04-2018,140.0,3231.0,133.45,1406.0,43.52,0.0,501.0,0.0
08-04-2018,140.0,3231.0,133.25,1365.0,42.25,0.0,501.0,0.0
09-04-2018,140.0,3231.0,133.03,1325.0,41.01,0.0,501.0,0.0
10-04-2018,140.0,3231.0,132.82,1284.0,39.74,0.0,497.0,0.0
11-04-2018,140.0,3231.0,132.62,1244.0,38.5,0.0,497.0,0.0
12-04-2018,140.0,3231.0,132.36,1204.0,37.26,0.0,497.0,0.0
13-04-2018,140.0,3231.0,132.12,1163.0,36.0,0.0,497.0,0.0
14-04-2018,140.0,3231.0,131.9,1126.0,34.85,0.0,444.0,0.0
15-04-2018,140.0,3231.0,131.67,1090.0,33.74,0.0,444.0,0.0
16-04-2018,140.0,3231.0,131.45,1055.0,32.65,0.0,444.0,0.0
17-04-2018,140.0,3231.0,131.2,1018.0,31.51,0.0,444.0,0.0
18-04-2018,140.0,3231.0,130.96,983.0,30.42,0.0,443.0,0.0
19-04-2018,140.0,3231.0,130.96,948.0,29.34,0.0,443.0,0.0
20-04-2018,140.0,3231.0,130.39,900.0,27.86,0.0,593.0,0.0
21-04-2018,140.0,3231.0,130.05,852.0,26.37,0.0,593.0,0.0
22-04-2018,140.0,3231.0,129.7,804.0,24.88,0.0,593.0,0.0
23-04-2018,140.0,3231.0,129.35,756.0,23.4,0.0,593.0,0.0
24-04-2018,140.0,3231.0,129.0,708.0,21.91,0.0,593.0,0.0
25-04-2018,140.0,3231.0,128.65,662.0,20.49,0.0,591.0,0.0
26-04-2018,140.0,3231.0,128.3,616.0,19.07,0.0,591.0,0.0
27-04-2018,140.0,3231.0,127.94,570.0,17.64,0.0,589.0,0.0
28-04-2018,140.0,3231.0,127.57,524.0,16.22,0.0,589.0,0.0
29-04-2018,140.0,3231.0,127.19,478.0,14.79,0.0,589.0,0.0
30-04-2018,140.0,3231.0,126.79,432.0,13.37,0.0,589.0,0.0
01-05-2018,140.0,3231.0,126.46,396.0,12.26,0.0,456.0,0.0
02-05-2018,140.0,3231.0,126.15,362.0,11.2,0.0,456.0,0.0
03-05-2018,140.0,3231.0,125.82,329.0,10.18,0.0,454.0,0.0
04-05-2018,140.0,3231.0,125.5,297.0,9.19,0.0,434.0,0.0
05-05-2018,140.0,3231.0,125.3,279.0,8.64,0.0,294.0,0.0
06-05-2018,140.0,3231.0,125.1,260.0,8.05,0.0,294.0,0.0
07-05-2018,140.0,3231.0,124.9,242.0,7.49,0.0,290.0,0.0
08-05-2018,140.0,3231.0,124.7,227.0,7.03,0.0,290.0,0.0
09-05-2018,140.0,3231.0,124.55,212.0,6.56,0.0,290.0,0.0
10-05-2018,140.0,3231.0,124.4,200.0,6.19,0.0,290.0,0.0
11-05-2018,140.0,3231.0,124.4,200.0,6.19,0.0,290.0,0.0
12-05-2018,140.0,3231.0,124.38,198.0,6.13,0.0,290.0,0.0
13-05-2018,140.0,3231.0,124.38,198.0,6.13,0.0,290.0,0.0
14-05-2018,140.0,3231.0,124.36,197.0,6.1,0.0,290.0,0.0
15-05-2018,140.0,3231.0,124.35,196.0,6.07,0.0,290.0,0.0
16-05-2018,140.0,3231.0,124.34,195.0,6.04,0.0,290.0,0.0
17-05-2018,140.0,3231.0,124.33,194.0,6.0,0.0,290.0,0.0
18-05-2018,140.0,3231.0,124.32,193.0,5.97,0.0,290.0,0.0
19-05-2018,140.0,3231.0,124.31,192.0,5.94,0.0,290.0,0.0
20-05-2018,140.0,3231.0,124.3,191.0,5.91,0.0,30.0,0.0
21-05-2018,140.0,3231.0,124.29,190.0,5.88,0.0,30.0,0.0
22-05-2018,140.0,3231.0,124.28,189.0,5.85,0.0,30.0,0.0
23-05-2018,140.0,3231.0,124.27,188.0,5.82,0.0,30.0,0.0
24-05-2018,140.0,3231.0,124.27,188.0,5.82,0.0,30.0,0.0
25-05-2018,140.0,3231.0,124.26,187.0,5.79,0.0,30.0,0.0
26-05-2018,140.0,3231.0,124.26,187.0,5.79,0.0,30.0,0.0
27-05-2018,140.0,3231.0,124.26,187.0,5.79,0.0,30.0,0.0
28-05-2018,140.0,3231.0,124.25,186.0,5.76,0.0,30.0,0.0
29-05-2018,140.0,3231.0,124.25,186.0,5.76,0.0,30.0,0.0
30-05-2018,140.0,3231.0,124.24,185.0,5.73,0.0,30.0,0.0
31-05-2018,140.0,3231.0,124.24,185.0,5.73,0.0,30.0,0.0
01-06-2018,140.0,3231.0,124.23,184.0,5.69,0.0,30.0,0.0
02-06-2018,140.0,3231.0,124.23,184.0,5.69,0.0,30.0,0.0
03-06-2018,140.0,3231.0,124.23,184.0,5.69,0.0,30.0,3.0
04-06-2018,140.0,3231.0,124.22,183.0,5.66,0.0,30.0,0.0
05-06-2018,140.0,3231.0,124.22,183.0,5.66,0.0,30.0,0.0
06-06-2018,140.0,3231.0,124.21,182.0,5.63,0.0,30.0,0.0
07-06-2018,140.0,3231.0,124.21,182.0,5.63,0.0,30.0,2.0
08-06-2018,140.0,3231.0,124.2,181.0,5.6,0.0,30.0,0.0
09-06-2018,140.0,3231.0,124.2,181.0,5.6,0.0,30.0,0.0
10-06-2018,140.0,3231.0,124.2,181.0,5.6,0.0,30.0,0.0
11-06-2018,140.0,3231.0,124.19,180.0,5.57,0.0,30.0,0.0
12-06-2018,140.0,3231.0,124.19,180.0,5.57,0.0,30.0,0.0
13-06-2018,140.0,3231.0,124.17,179.0,5.54,0.0,30.0,0.0
14-06-2018,140.0,3231.0,124.17,179.0,5.54,0.0,30.0,0.0
15-06-2018,140.0,3231.0,124.15,178.0,5.51,0.0,30.0,2.0
16-06-2018,140.0,3231.0,124.15,178.0,5.51,0.0,30.0,4.0
17-06-2018,140.0,3231.0,124.15,178.0,5.51,0.0,30.0,0.0
18-06-2018,140.0,3231.0,124.12,177.0,5.48,0.0,30.0,0.0
19-06-2018,140.0,3231.0,124.12,177.0,5.48,0.0,30.0,0.0
20-06-2018,140.0,3231.0,124.08,176.0,5.45,0.0,30.0,0.0
21-06-2018,140.0,3231.0,124.03,172.0,5.32,0.0,30.0,0.0
22-06-2018,140.0,3231.0,123.97,168.0,5.2,0.0,30.0,0.0
23-06-2018,140.0,3231.0,123.92,164.0,5.08,0.0,31.0,0.0
24-06-2018,140.0,3231.0,123.86,160.0,4.95,0.0,31.0,3.0
25-06-2018,140.0,3231.0,123.79,156.0,4.83,0.0,31.0,3.0
26-06-2018,140.0,3231.0,123.73,152.0,4.7,0.0,31.0,0.0
27-06-2018,140.0,3231.0,123.67,148.0,4.58,0.0,31.0,12.0
28-06-2018,140.0,3231.0,123.61,144.0,4.46,0.0,31.0,2.0
29-06-2018,140.0,3231.0,123.55,140.0,4.33,0.0,31.0,2.0
30-06-2018,140.0,3231.0,123.48,136.0,4.21,0.0,31.0,0.0
01-07-2018,140.0,3231.0,123.41,132.0,4.09,0.0,31.0,0.0
02-07-2018,140.0,3231.0,123.35,128.0,3.96,0.0,30.0,6.0
03-07-2018,140.0,3231.0,123.45,134.0,4.15,100.0,30.0,74.0
04-07-2018,140.0,3231.0,123.45,134.0,4.15,34.0,30.0,0.0
05-07-2018,140.0,3231.0,123.4,131.0,4.05,0.0,30.0,0.0
06-07-2018,140.0,3231.0,123.4,128.0,3.96,0.0,30.0,0.0
07-07-2018,140.0,3231.0,123.27,124.0,3.84,0.0,30.0,0.0
08-07-2018,140.0,3231.0,123.2,120.0,3.71,0.0,30.0,0.0
09-07-2018,140.0,3231.0,123.13,116.0,3.59,0.0,30.0,0.0
10-07-2018,140.0,3231.0,123.06,112.0,3.47,0.0,30.0,4.0
11-07-2018,140.0,3231.0,123.0,109.0,3.37,0.0,30.0,0.0
12-07-2018,140.0,3231.0,122.95,107.0,3.31,0.0,27.0,10.0
13-07-2018,140.0,3231.0,122.9,104.0,3.22,0.0,27.0,4.0
14-07-2018,140.0,3231.0,122.85,102.0,3.16,0.0,27.0,0.0
15-07-2018,140.0,3231.0,122.78,99.0,3.06,0.0,27.0,0.0
16-07-2018,140.0,3231.0,122.71,96.0,2.97,0.0,27.0,0.0
17-07-2018,140.0,3231.0,122.62,92.0,2.85,0.0,27.0,0.0
18-07-2018,140.0,3231.0,122.52,88.0,2.72,0.0,27.0,0.0
19-07-2018,140.0,3231.0,122.42,84.0,2.6,0.0,27.0,0.0
20-07-2018,140.0,3231.0,122.32,80.0,2.48,0.0,27.0,0.0
21-07-2018,140.0,3231.0,122.22,76.0,2.35,0.0,27.0,0.0
22-07-2018,140.0,3231.0,122.12,73.0,2.26,0.0,27.0,0.0
23-07-2018,140.0,3231.0,122.02,70.0,2.17,0.0,27.0,0.0
24-07-2018,140.0,3231.0,121.93,67.0,2.07,0.0,27.0,0.0
25-07-2018,140.0,3231.0,121.83,64.0,1.98,0.0,27.0,3.0
26-07-2018,140.0,3231.0,121.75,62.0,1.92,0.0,25.0,0.0
27-07-2018,140.0,3231.0,121.65,60.0,1.86,0.0,25.0,0.0
28-07-2018,140.0,3231.0,121.55,58.0,1.8,0.0,25.0,0.0
29-07-2018,140.0,3231.0,121.45,56.0,1.73,0.0,25.0,0.0
30-07-2018,140.0,3231.0,121.35,54.0,1.67,0.0,25.0,0.0
31-07-2018,140.0,3231.0,121.25,52.0,1.61,0.0,25.0,0.0
01-08-2018,140.0,3231.0,121.15,50.0,1.55,0.0,25.0,4.0
02-08-2018,140.0,3231.0,121.0,48.0,1.49,0.0,25.0,0.0
03-08-2018,140.0,3231.0,120.85,46.0,1.42,0.0,25.0,0.0
04-08-2018,140.0,3231.0,120.75,45.0,1.39,0.0,25.0,6.0
05-08-2018,140.0,3231.0,120.75,45.0,1.39,25.0,25.0,14.0
06-08-2018,140.0,3231.0,120.65,44.0,1.36,0.0,25.0,0.0
07-08-2018,140.0,3231.0,120.55,42.0,1.3,0.0,25.0,0.0
08-08-2018,140.0,3231.0,120.45,41.0,1.27,0.0,25.0,0.0
09-08-2018,140.0,3231.0,120.35,39.0,1.21,0.0,25.0,8.0
10-08-2018,140.0,3231.0,120.25,38.0,1.18,0.0,25.0,12.0
11-08-2018,140.0,3231.0,120.15,37.0,1.15,0.0,25.0,5.0
12-08-2018,140.0,3231.0,120.0,35.0,1.08,0.0,25.0,5.0
13-08-2018,140.0,3231.0,119.85,33.0,1.02,0.0,25.0,0.0
14-08-2018,140.0,3231.0,119.74,31.0,0.96,0.0,25.0,0.0
15-08-2018,140.0,3231.0,119.7,31.0,0.96,25.0,25.0,45.0
16-08-2018,140.0,3231.0,119.35,28.0,0.87,0.0,25.0,4.0
17-08-2018,140.0,3231.0,119.02,25.0,0.77,0.0,25.0,6.0
18-08-2018,140.0,3231.0,118.66,22.0,0.68,0.0,25.0,0.0
19-08-2018,140.0,3231.0,118.25,19.0,0.59,0.0,25.0,0.0
20-08-2018,140.0,3231.0,117.75,16.0,0.5,0.0,25.0,0.0
21-08-2018,140.0,3231.0,117.65,15.0,0.46,0.0,22.0,0.0
22-08-2018,140.0,3231.0,117.65,15.0,0.46,0.0,22.0,0.0
23-08-2018,140.0,3231.0,117.45,14.0,0.43,0.0,20.0,0.0
24-08-2018,140.0,3231.0,117.45,14.0,0.43,0.0,20.0,0.0
25-08-2018,140.0,3231.0,117.25,13.0,0.4,0.0,12.0,0.0
26-08-2018,140.0,3231.0,117.25,13.0,0.4,0.0,12.0,9.0
27-08-2018,140.0,3231.0,117.25,13.0,0.4,0.0,12.0,0.0
28-08-2018,140.0,3231.0,117.25,13.0,0.4,0.0,2.0,5.0
29-08-2018,140.0,3231.0,117.25,13.0,0.4,0.0,2.0,4.0
30-08-2018,140.0,3231.0,117.25,13.0,0.4,0.0,2.0,0.0
31-08-2018,140.0,3231.0,117.25,13.0,0.4,0.0,2.0,0.0
01-09-2018,140.0,3231.0,117.25,13.0,0.4,0.0,1.0,5.0
02-09-2018,140.0,3231.0,117.25,13.0,0.4,0.0,1.0,32.0
03-09-2018,140.0,3231.0,117.25,13.0,0.4,0.0,1.0,0.0
04-09-2018,140.0,3231.0,117.25,13.0,0.4,0.0,1.0,0.0
05-09-2018,140.0,3231.0,117.25,13.0,0.4,0.0,1.0,0.0
06-09-2018,140.0,3231.0,117.25,13.0,0.4,0.0,1.0,0.0
07-09-2018,140.0,3231.0,117.25,13.0,0.4,0.0,1.0,0.0
08-09-2018,140.0,3231.0,117.25,13.0,0.4,0.0,1.0,0.0
09-09-2018,140.0,3231.0,117.25,13.0,0.4,0.0,1.0,0.0
10-09-2018,140.0,3231.0,117.25,13.0,0.4,0.0,1.0,0.0
11-09-2018,140.0,3231.0,117.25,13.0,0.4,0.0,1.0,0.0
12-09-2018,140.0,3231.0,117.25,13.0,0.4,0.0,1.0,0.0
13-09-2018,140.0,3231.0,117.25,13.0,0.4,0.0,1.0,0.0
14-09-2018,140.0,3231.0,117.25,13.0,0.4,0.0,1.0,20.0
15-09-2018,140.0,3231.0,117.25,13.0,0.4,0.0,1.0,0.0
16-09-2018,140.0,3231.0,117.25,13.0,0.4,0.0,1.0,27.0
17-09-2018,140.0,3231.0,117.25,13.0,0.4,0.0,1.0,49.0
18-09-2018,140.0,3231.0,117.25,13.0,0.4,0.0,1.0,10.0
19-09-2018,140.0,3231.0,117.25,13.0,0.4,0.0,1.0,31.0
20-09-2018,140.0,3231.0,117.25,13.0,0.4,0.0,1.0,2.0
21-09-2018,140.0,3231.0,117.25,13.0,0.4,0.0,1.0,0.0
22-09-2018,140.0,3231.0,117.25,13.0,0.4,0.0,1.0,1.0
23-09-2018,140.0,3231.0,117.25,13.0,0.4,0.0,1.0,0.0
24-09-2018,140.0,3231.0,117.25,13.0,0.4,0.0,1.0,0.0
25-09-2018,140.0,3231.0,117.25,13.0,0.4,0.0,1.0,0.0
26-09-2018,140.0,3231.0,117.25,13.0,0.4,0.0,1.0,5.0
27-09-2018,140.0,3231.0,117.25,13.0,0.4,0.0,1.0,0.0
28-09-2018,140.0,3231.0,117.25,13.0,0.4,0.0,1.0,0.0
29-09-2018,140.0,3231.0,118.3,19.0,0.59,70.0,1.0,0.0
30-09-2018,140.0,3231.0,120.95,48.0,1.49,336.0,1.0,0.0
01-10-2018,140.0,3231.0,122.65,93.0,2.88,520.0,3.0,0.0
02-10-2018,140.0,3231.0,123.65,146.0,4.52,620.0,9.0,0.0
03-10-2018,140.0,3231.0,124.38,198.0,6.13,620.0,27.0,0.0
04-10-2018,140.0,3231.0,124.98,249.0,7.71,620.0,25.0,16.0
05-10-2018,140.0,3231.0,125.7,317.0,9.81,801.0,19.0,27.0
06-10-2018,140.0,3231.0,126.26,375.0,11.61,700.0,30.0,12.0
07-10-2018,140.0,3231.0,126.55,405.0,12.53,680.0,330.0,0.0
08-10-2018,140.0,3231.0,126.82,435.0,13.46,675.0,330.0,0.0
09-10-2018,140.0,3231.0,127.09,467.0,14.45,700.0,327.0,0.0
10-10-2018,140.0,3231.0,127.36,499.0,15.44,700.0,331.0,0.0
11-10-2018,140.0,3231.0,127.62,530.0,16.4,687.0,328.0,0.0
12-10-2018,140.0,3231.0,127.87,561.0,17.36,687.0,328.0,0.0
13-10-2018,140.0,3231.0,128.03,582.0,18.01,589.0,346.0,0.0
14-10-2018,140.0,3231.0,128.23,607.0,18.79,630.0,346.0,0.0
15-10-2018,140.0,3231.0,128.46,637.0,19.72,694.0,347.0,0.0
16-10-2018,140.0,3231.0,128.67,667.0,20.64,694.0,347.0,0.0
17-10-2018,140.0,3231.0,128.85,689.0,21.32,638.0,383.0,15.0
18-10-2018,140.0,3231.0,128.98,706.0,21.85,638.0,433.0,0.0
19-10-2018,140.0,3231.0,129.08,720.0,22.28,595.0,433.0,0.0
20-10-2018,140.0,3231.0,129.17,732.0,22.66,570.0,432.0,0.0
21-10-2018,140.0,3231.0,129.25,742.0,22.97,548.0,432.0,0.0
22-10-2018,140.0,3231.0,129.33,753.0,23.31,559.0,432.0,0.0
23-10-2018,140.0,3231.0,129.42,766.0,23.71,583.0,433.0,0.0
24-10-2018,140.0,3231.0,129.52,779.0,24.11,583.0,433.0,0.0
25-10-2018,140.0,3231.0,129.61,791.0,24.48,570.0,431.0,0.0
26-10-2018,140.0,3231.0,129.67,799.0,24.73,524.0,431.0,0.0
27-10-2018,140.0,3231.0,129.71,805.0,24.91,500.0,431.0,0.0
28-10-2018,140.0,3231.0,129.72,807.0,24.98,456.0,433.0,0.0
29-10-2018,140.0,3231.0,129.54,782.0,24.2,140.0,431.0,0.0
30-10-2018,140.0,3231.0,129.31,750.0,23.21,40.0,431.0,0.0
31-10-2018,140.0,3231.0,129.05,715.0,22.13,10.0,422.0,0.0
01-11-2018,140.0,3231.0,128.9,695.0,21.51,0.0,423.0,0.0
02-11-2018,140.0,3231.0,128.8,682.0,21.11,150.0,424.0,37.0
03-11-2018,140.0,3231.0,128.7,669.0,20.71,58.0,374.0,0.0
04-11-2018,140.0,3231.0,128.6,656.0,20.3,0.0,374.0,0.0
05-11-2018,140.0,3231.0,128.5,643.0,19.9,116.0,428.0,5.0
06-11-2018,140.0,3231.0,128.4,630.0,19.5,58.0,434.0,0.0
07-11-2018,140.0,3231.0,128.3,617.0,19.1,58.0,434.0,2.0
08-11-2018,140.0,3231.0,128.2,604.0,18.69,0.0,434.0,0.0
09-11-2018,140.0,3231.0,128.1,591.0,18.29,0.0,434.0,0.0
10-11-2018,140.0,3231.0,128.0,578.0,17.89,0.0,432.0,0.0
11-11-2018,140.0,3231.0,127.85,559.0,17.3,0.0,430.0,0.0
12-11-2018,140.0,3231.0,127.7,540.0,16.71,0.0,432.0,0.0
13-11-2018,140.0,3231.0,127.55,522.0,16.16,0.0,433.0,0.0
14-11-2018,140.0,3231.0,127.4,503.0,15.57,0.0,432.0,0.0
15-11-2018,140.0,3231.0,127.25,485.0,15.01,0.0,431.0,4.0
16-11-2018,140.0,3231.0,127.1,468.0,14.48,0.0,431.0,12.0
17-11-2018,140.0,3231.0,126.95,451.0,13.96,0.0,429.0,0.0
18-11-2018,140.0,3231.0,126.8,433.0,13.4,0.0,431.0,0.0
19-11-2018,140.0,3231.0,126.6,411.0,12.72,0.0,431.0,0.0
20-11-2018,140.0,3231.0,126.3,379.0,11.73,0.0,376.0,0.0
21-11-2018,140.0,3231.0,126.1,357.0,11.05,58.0,387.0,11.0
22-11-2018,140.0,3231.0,126.15,363.0,11.23,266.0,376.0,56.0
23-11-2018,140.0,3231.0,126.25,373.0,11.54,139.0,27.0,13.0
24-11-2018,140.0,3231.0,126.35,384.0,11.88,162.0,30.0,24.0
25-11-2018,140.0,3231.0,126.4,389.0,12.04,93.0,30.0,0.0
26-11-2018,140.0,3231.0,126.41,391.0,12.1,58.0,31.0,0.0
27-11-2018,140.0,3231.0,126.41,391.0,12.1,35.0,31.0,0.0
28-11-2018,140.0,3231.0,126.4,389.0,12.04,0.0,31.0,0.0
29-11-2018,140.0,3231.0,126.38,387.0,11.98,0.0,31.0,0.0
30-11-2018,140.0,3231.0,126.35,384.0,11.88,0.0,29.0,0.0
01-12-2018,140.0,3231.0,126.32,381.0,11.79,0.0,29.0,0.0
02-12-2018,140.0,3231.0,126.3,379.0,11.73,0.0,23.0,0.0
03-12-2018,140.0,3231.0,126.27,376.0,11.64,0.0,29.0,0.0
04-12-2018,140.0,3231.0,126.26,375.0,11.61,20.0,31.0,14.0
05-12-2018,140.0,3231.0,126.35,384.0,11.88,135.0,31.0,6.0
06-12-2018,140.0,3231.0,126.37,386.0,11.95,53.0,29.0,0.0
07-12-2018,140.0,3231.0,126.36,385.0,11.92,20.0,30.0,0.0
08-12-2018,140.0,3231.0,126.36,385.0,11.92,20.0,28.0,0.0
09-12-2018,140.0,3231.0,126.34,383.0,11.85,0.0,29.0,0.0
10-12-2018,140.0,3231.0,126.31,380.0,11.76,0.0,31.0,0.0
11-12-2018,140.0,3231.0,126.28,377.0,11.67,0.0,28.0,0.0
12-12-2018,140.0,3231.0,126.25,374.0,11.58,0.0,30.0,0.0
13-12-2018,140.0,3231.0,126.23,371.0,11.48,0.0,29.0,0.0
14-12-2018,140.0,3231.0,126.2,368.0,11.39,0.0,30.0,0.0
15-12-2018,140.0,3231.0,126.17,365.0,11.3,0.0,22.0,0.0
16-12-2018,140.0,3231.0,126.14,361.0,11.17,0.0,31.0,0.0
17-12-2018,140.0,3231.0,126.1,357.0,11.05,0.0,31.0,0.0
18-12-2018,140.0,3231.0,126.05,353.0,10.93,0.0,31.0,0.0
19-12-2018,140.0,3231.0,126.09,349.0,10.8,0.0,31.0,0.0
20-12-2018,140.0,3231.0,125.98,345.0,10.68,0.0,30.0,0.0
21-12-2018,140.0,3231.0,125.94,341.0,10.55,0.0,28.0,0.0
22-12-2018,140.0,3231.0,125.9,337.0,10.43,0.0,28.0,0.0
23-12-2018,140.0,3231.0,125.86,333.0,10.31,0.0,30.0,0.0
24-12-2018,140.0,3231.0,125.82,329.0,10.18,0.0,30.0,0.0
25-12-2018,140.0,3231.0,125.78,325.0,10.06,0.0,30.0,0.0
26-12-2018,140.0,3231.0,125.75,322.0,9.97,0.0,30.0,0.0
27-12-2018,140.0,3231.0,125.71,318.0,9.84,0.0,30.0,0.0
28-12-2018,140.0,3231.0,125.67,314.0,9.72,0.0,30.0,0.0
29-12-2018,140.0,3231.0,125.63,310.0,9.59,0.0,30.0,0.0
30-12-2018,140.0,3231.0,125.59,306.0,9.47,0.0,28.0,0.0
31-12-2018,140.0,3231.0,125.55,302.0,9.35,0.0,28.0,0.0
01-01-2019,140.0,3231.0,125.5,298.0,9.22,0.0,0.0,0.0
02-01-2019,140.0,3231.0,125.46,294.0,9.1,0.0,28.0,0.0
03-01-2019,140.0,3231.0,125.43,291.0,9.01,0.0,26.0,0.0
04-01-2019,140.0,3231.0,125.39,287.0,8.88,0.0,27.0,0.0
05-01-2019,140.0,3231.0,125.34,283.0,8.76,0.0,27.0,0.0
06-01-2019,140.0,3231.0,125.3,279.0,8.64,0.0,27.0,0.0
07-01-2019,140.0,3231.0,125.26,275.0,8.51,0.0,25.0,0.0
08-01-2019,140.0,3231.0,125.22,271.0,8.39,0.0,26.0,0.0
09-01-2019,140.0,3231.0,125.18,268.0,8.29,0.0,25.0,0.0
10-01-2019,140.0,3231.0,125.15,265.0,8.2,0.0,22.0,0.0
11-01-2019,140.0,3231.0,125.12,262.0,8.11,0.0,22.0,0.0
12-01-2019,140.0,3231.0,125.08,259.0,8.02,0.0,22.0,0.0
13-01-2019,140.0,3231.0,125.05,256.0,7.92,0.0,22.0,0.0
14-01-2019,140.0,3231.0,125.03,254.0,7.86,0.0,15.0,0.0
15-01-2019,140.0,3231.0,125.01,252.0,7.8,0.0,14.0,0.0
16-01-2019,140.0,3231.0,124.96,248.0,7.68,0.0,23.0,0.0
17-01-2019,140.0,3231.0,124.91,244.0,7.55,0.0,23.0,0.0
18-01-2019,140.0,3231.0,124.87,240.0,7.43,0.0,23.0,0.0
19-01-2019,140.0,3231.0,124.82,236.0,7.3,0.0,23.0,0.0
20-01-2019,140.0,3231.0,124.79,233.0,7.21,0.0,21.0,0.0
21-01-2019,140.0,3231.0,124.74,229.0,7.09,0.0,23.0,0.0
22-01-2019,140.0,3231.0,124.7,225.0,6.96,0.0,23.0,0.0
23-01-2019,140.0,3231.0,124.65,221.0,6.84,0.0,23.0,0.0
24-01-2019,140.0,3231.0,124.6,217.0,6.72,0.0,23.0,0.0
25-01-2019,140.0,3231.0,124.55,213.0,6.59,0.0,23.0,0.0
26-01-2019,140.0,3231.0,124.52,210.0,6.5,0.0,22.0,0.0
27-01-2019,140.0,3231.0,124.47,206.0,6.38,0.0,23.0,0.0
28-01-2019,140.0,3231.0,124.44,204.0,6.31,0.0,20.0,0.0
29-01-2019,140.0,3231.0,124.39,200.0,6.19,0.0,23.0,0.0
30-01-2019,140.0,3231.0,124.34,196.0,6.07,0.0,23.0,0.0
31-01-2019,140.0,3231.0,124.3,193.0,5.97,0.0,21.0,0.0
01-02-2019,140.0,3231.0,124.27,190.0,5.88,0.0,23.0,0.0
02-02-2019,140.0,3231.0,124.21,186.0,5.76,0.0,27.0,0.0
03-02-2019,140.0,3231.0,124.16,182.0,5.63,0.0,27.0,0.0
04-02-2019,140.0,3231.0,124.11,178.0,5.51,0.0,27.0,0.0
05-02-2019,140.0,3231.0,124.06,175.0,5.42,0.0,23.0,0.0
06-02-2019,140.0,3231.0,124.02,172.0,5.32,0.0,22.0,0.0
07-02-2019,140.0,3231.0,123.98,169.0,5.23,0.0,18.0,0.0
08-02-2019,140.0,3231.0,123.94,166.0,5.14,0.0,18.0,0.0
09-02-2019,140.0,3231.0,123.9,163.0,5.04,0.0,19.0,0.0
10-02-2019,140.0,3231.0,123.85,160.0,4.95,0.0,19.0,0.0
11-02-2019,140.0,3231.0,123.81,157.0,4.86,0.0,19.0,0.0
12-02-2019,140.0,3231.0,123.81,157.0,4.86,30.0,19.0,0.0
13-02-2019,140.0,3231.0,123.82,158.0,4.89,35.0,23.0,0.0
14-02-2019,140.0,3231.0,123.91,164.0,5.08,100.0,25.0,0.0
15-02-2019,140.0,3231.0,124.12,179.0,5.54,200.0,25.0,0.0
16-02-2019,140.0,3231.0,124.51,209.0,6.47,375.0,28.0,0.0
17-02-2019,140.0,3231.0,124.86,239.0,7.4,370.0,28.0,0.0
18-02-2019,140.0,3231.0,125.2,269.0,8.33,375.0,28.0,0.0
19-02-2019,140.0,3231.0,125.54,301.0,9.32,390.0,25.0,4.0
20-02-2019,140.0,3231.0,125.87,334.0,10.34,405.0,28.0,0.0
21-02-2019,140.0,3231.0,126.15,363.0,11.23,365.0,30.0,0.0
22-02-2019,140.0,3231.0,126.39,388.0,12.01,315.0,30.0,0.0
23-02-2019,140.0,3231.0,126.61,412.0,12.75,310.0,30.0,0.0
24-02-2019,140.0,3231.0,126.77,430.0,13.31,238.0,30.0,0.0
25-02-2019,140.0,3231.0,126.92,447.0,13.83,227.0,30.0,0.0
26-02-2019,140.0,3231.0,127.02,459.0,14.21,170.0,31.0,0.0
27-02-2019,140.0,3231.0,127.09,467.0,14.45,130.0,37.0,0.0
28-02-2019,140.0,3231.0,127.15,474.0,14.67,112.0,38.0,0.0
01-03-2019,140.0,3231.0,127.18,477.0,14.76,70.0,36.0,0.0
02-03-2019,140.0,3231.0,127.19,478.0,14.79,54.0,42.0,0.0
03-03-2019,140.0,3231.0,127.16,475.0,14.7,5.0,42.0,0.0
04-03-2019,140.0,3231.0,127.13,472.0,14.61,0.0,39.0,0.0
05-03-2019,140.0,3231.0,127.11,469.0,14.52,0.0,39.0,0.0
06-03-2019,140.0,3231.0,127.08,466.0,14.42,0.0,35.0,0.0
07-03-2019,140.0,3231.0,127.05,462.0,14.3,0.0,48.0,0.0
08-03-2019,140.0,3231.0,127.01,458.0,14.18,0.0,38.0,0.0
09-03-2019,140.0,3231.0,126.97,453.0,14.02,0.0,46.0,0.0
10-03-2019,140.0,3231.0,126.93,448.0,13.87,0.0,46.0,0.0
11-03-2019,140.0,3231.0,126.88,443.0,13.71,0.0,52.0,0.0
12-03-2019,140.0,3231.0,126.85,439.0,13.59,0.0,46.0,0.0
13-03-2019,140.0,3231.0,126.8,433.0,13.4,0.0,52.0,0.0
14-03-2019,140.0,3231.0,126.76,429.0,13.28,0.0,46.0,0.0
15-03-2019,140.0,3231.0,126.72,424.0,13.12,0.0,52.0,0.0
16-03-2019,140.0,3231.0,126.68,420.0,13.0,0.0,45.0,0.0
17-03-2019,140.0,3231.0,126.63,415.0,12.84,0.0,52.0,0.0
18-03-2019,140.0,3231.0,126.6,411.0,12.72,0.0,46.0,0.0
19-03-2019,140.0,3231.0,126.55,406.0,12.57,0.0,46.0,0.0
21-03-2019,140.0,3231.0,126.46,396.0,12.26,0.0,46.0,0.0
22-03-2019,140.0,3231.0,126.41,391.0,12.1,0.0,46.0,0.0
23-03-2019,140.0,3231.0,126.36,386.0,11.95,0.0,46.0,0.0
24-03-2019,140.0,3231.0,126.31,380.0,11.76,0.0,46.0,0.0
25-03-2019,140.0,3231.0,126.36,374.0,11.58,0.0,46.0,0.0
26-03-2019,140.0,3231.0,126.36,386.0,11.95,0.0,46.0,0.0
27-03-2019,140.0,3231.0,126.14,362.0,11.2,0.0,46.0,0.0
28-03-2019,140.0,3231.0,126.08,356.0,11.02,0.0,46.0,0.0
29-03-2019,140.0,3231.0,126.02,350.0,10.83,0.0,46.0,0.0
30-03-2019,140.0,3231.0,125.97,344.0,10.65,0.0,46.0,0.0
01-04-2019,140.0,3231.0,125.86,333.0,10.31,0.0,46.0,0.0
02-04-2019,140.0,3231.0,125.81,328.0,10.15,0.0,46.0,0.0
03-04-2019,140.0,3231.0,125.77,324.0,10.03,0.0,38.0,0.0
04-04-2019,140.0,3231.0,125.74,321.0,9.94,0.0,31.0,0.0
05-04-2019,140.0,3231.0,125.7,317.0,9.81,0.0,39.0,0.0
06-04-2019,140.0,3231.0,125.66,313.0,9.69,0.0,41.0,0.0
07-04-2019,140.0,3231.0,125.6,308.0,9.53,0.0,46.0,0.0
08-04-2019,140.0,3231.0,125.55,303.0,9.38,0.0,46.0,0.0
09-04-2019,140.0,3231.0,125.6,298.0,9.22,0.0,46.0,0.0
10-04-2019,140.0,3231.0,125.45,293.0,9.07,0.0,46.0,0.0
11-04-2019,140.0,3231.0,125.4,288.0,8.91,0.0,46.0,0.0
12-04-2019,140.0,3231.0,125.34,283.0,8.76,0.0,46.0,0.0
13-04-2019,140.0,3231.0,125.29,278.0,8.6,0.0,46.0,0.0
14-04-2019,140.0,3231.0,125.23,273.0,8.45,0.0,46.0,0.0
15-04-2019,140.0,3231.0,125.18,268.0,8.29,0.0,46.0,0.0
16-04-2019,140.0,3231.0,125.12,263.0,8.14,0.0,46.0,0.0
17-04-2019,140.0,3231.0,125.07,258.0,7.99,0.0,46.0,0.0
18-04-2019,140.0,3231.0,125.03,254.0,7.86,0.0,41.0,0.0
19-04-2019,140.0,3231.0,124.98,250.0,7.74,0.0,42.0,0.0
20-04-2019,140.0,3231.0,124.93,245.0,7.58,0.0,46.0,0.0
21-04-2019,140.0,3231.0,124.88,241.0,7.46,0.0,41.0,0.0
22-04-2019,140.0,3231.0,124.84,237.0,7.34,0.0,41.0,0.0
23-04-2019,140.0,3231.0,124.78,232.0,7.18,0.0,46.0,6.0
24-04-2019,140.0,3231.0,124.72,227.0,7.03,0.0,46.0,0.0
25-04-2019,140.0,3231.0,124.66,222.0,6.87,0.0,46.0,0.0
26-04-2019,140.0,3231.0,124.6,217.0,6.72,0.0,46.0,0.0
27-04-2019,140.0,3231.0,124.54,212.0,6.56,0.0,46.0,0.0
28-04-2019,140.0,3231.0,124.48,207.0,6.41,0.0,46.0,0.0
29-04-2019,140.0,3231.0,124.42,202.0,6.25,0.0,46.0,0.0
30-04-2019,140.0,3231.0,124.36,197.0,6.1,0.0,46.0,0.0
01-05-2019,140.0,3231.0,124.3,193.0,5.97,0.0,42.0,0.0
02-05-2019,140.0,3231.0,124.24,189.0,5.85,0.0,42.0,0.0
03-05-2019,140.0,3231.0,124.2,185.0,5.73,0.0,42.0,0.0
04-05-2019,140.0,3231.0,124.15,181.0,5.6,0.0,42.0,0.0
05-05-2019,140.0,3231.0,124.09,177.0,5.48,0.0,42.0,0.0
06-05-2019,140.0,3231.0,124.04,173.0,5.35,0.0,42.0,0.0
07-05-2019,140.0,3231.0,123.98,169.0,5.23,0.0,42.0,0.0
08-05-2019,140.0,3231.0,123.94,166.0,5.14,0.0,37.0,0.0
09-05-2019,140.0,3231.0,123.88,162.0,5.01,0.0,37.0,27.0
10-05-2019,140.0,3231.0,123.82,158.0,4.89,0.0,39.0,0.0
11-05-2019,140.0,3231.0,123.75,153.0,4.74,0.0,42.0,0.0
12-05-2019,140.0,3231.0,123.67,148.0,4.58,0.0,42.0,0.0
13-05-2019,140.0,3231.0,123.59,143.0,4.43,0.0,42.0,0.0
14-05-2019,140.0,3231.0,123.51,138.0,4.27,0.0,42.0,0.0
15-05-2019,140.0,3231.0,123.43,133.0,4.12,0.0,42.0,0.0
16-05-2019,140.0,3231.0,123.34,128.0,3.96,0.0,42.0,0.0
17-05-2019,140.0,3231.0,123.25,123.0,3.81,0.0,42.0,0.0
18-05-2019,140.0,3231.0,123.16,118.0,3.65,0.0,42.0,0.0
19-05-2019,140.0,3231.0,123.09,114.0,3.53,0.0,38.0,0.0
20-05-2019,140.0,3231.0,122.99,109.0,3.37,0.0,42.0,0.0
21-05-2019,140.0,3231.0,122.89,104.0,3.22,0.0,42.0,0.0
22-05-2019,140.0,3231.0,122.8,100.0,3.1,0.0,37.0,0.0
23-05-2019,140.0,3231.0,122.69,95.0,2.94,0.0,42.0,0.0
24-05-2019,140.0,3231.0,122.57,90.0,2.79,0.0,42.0,0.0
25-05-2019,140.0,3231.0,122.45,85.0,2.63,0.0,42.0,0.0
26-05-2019,140.0,3231.0,122.37,82.0,2.54,0.0,34.0,0.0
27-05-2019,140.0,3231.0,122.29,79.0,2.45,0.0,30.0,0.0
28-05-2019,140.0,3231.0,122.14,74.0,2.29,0.0,42.0,0.0
29-05-2019,140.0,3231.0,121.98,69.0,2.14,0.0,42.0,0.0
30-05-2019,140.0,3231.0,121.8,64.0,1.98,0.0,42.0,0.0
31-05-2019,140.0,3231.0,121.58,59.0,1.83,0.0,42.0,0.0
01-06-2019,140.0,3231.0,121.42,56.0,1.73,0.0,37.0,0.0
02-06-2019,140.0,3231.0,121.24,53.0,1.64,0.0,34.0,0.0
03-06-2019,140.0,3231.0,121.1,50.0,1.55,0.0,36.0,0.0
04-06-2019,140.0,3231.0,120.95,48.0,1.49,0.0,27.0,0.0
05-06-2019,140.0,3231.0,120.85,46.0,1.42,0.0,27.0,0.0
06-06-2019,140.0,3231.0,120.7,44.0,1.36,0.0,28.0,0.0
07-06-2019,140.0,3231.0,120.55,42.0,1.3,0.0,27.0,0.0
08-06-2019,140.0,3231.0,120.4,40.0,1.24,0.0,27.0,0.0
09-06-2019,140.0,3231.0,120.25,38.0,1.18,0.0,28.0,0.0
10-06-2019,140.0,3231.0,120.1,36.0,1.11,0.0,27.0,0.0
11-06-2019,140.0,3231.0,119.95,34.0,1.05,0.0,24.0,0.0
12-06-2019,140.0,3231.0,119.8,32.0,0.99,0.0,23.0,0.0
13-06-2019,140.0,3231.0,119.65,30.0,0.93,0.0,23.0,0.0
14-06-2019,140.0,3231.0,119.4,28.0,0.87,0.0,23.0,0.0
15-06-2019,140.0,3231.0,119.35,27.0,0.84,0.0,17.0,0.0
16-06-2019,140.0,3231.0,119.25,26.0,0.8,0.0,17.0,0.0
17-06-2019,140.0,3231.0,119.15,25.0,0.77,0.0,17.0,0.0
18-06-2019,140.0,3231.0,118.95,24.0,0.74,0.0,14.0,0.0
19-06-2019,140.0,3231.0,118.85,23.0,0.71,0.0,12.0,0.0
20-06-2019,140.0,3231.0,118.7,22.0,0.68,0.0,12.0,0.0
21-06-2019,140.0,3231.0,118.55,21.0,0.65,0.0,12.0,2.0
22-06-2019,140.0,3231.0,118.4,20.0,0.62,0.0,12.0,0.0
23-06-2019,140.0,3231.0,118.4,20.0,0.62,0.0,4.0,5.0
24-06-2019,140.0,3231.0,118.3,19.0,0.59,0.0,7.0,7.0
25-06-2019,140.0,3231.0,118.3,19.0,0.59,0.0,7.0,3.0
26-06-2019,140.0,3231.0,118.3,19.0,0.59,0.0,4.0,3.0
27-06-2019,140.0,3231.0,118.2,18.0,0.56,0.0,7.0,4.0
28-06-2019,140.0,3231.0,118.2,18.0,0.56,0.0,4.0,0.0
29-06-2019,140.0,3231.0,118.2,18.0,0.56,0.0,4.0,0.0
30-06-2019,140.0,3231.0,118.2,18.0,0.56,0.0,4.0,0.0
01-07-2019,140.0,3231.0,118.2,18.0,0.56,0.0,4.0,0.0
02-07-2019,140.0,3231.0,117.9,17.0,0.53,0.0,4.0,0.0
03-07-2019,140.0,3231.0,117.9,17.0,0.53,0.0,2.0,0.0
04-07-2019,140.0,3231.0,117.9,17.0,0.53,0.0,2.0,0.0
05-07-2019,140.0,3231.0,117.9,17.0,0.53,0.0,2.0,0.0
06-07-2019,140.0,3231.0,117.9,17.0,0.53,0.0,2.0,0.0
07-07-2019,140.0,3231.0,117.9,17.0,0.53,0.0,2.0,0.0
08-07-2019,140.0,3231.0,117.9,17.0,0.53,0.0,2.0,0.0
09-07-2019,140.0,3231.0,117.9,17.0,0.53,0.0,2.0,0.0
10-07-2019,140.0,3231.0,117.75,16.0,0.5,0.0,2.0,0.0
11-07-2019,140.0,3231.0,117.75,16.0,0.5,0.0,2.0,0.0
12-07-2019,140.0,3231.0,117.75,16.0,0.5,0.0,2.0,0.0
13-07-2019,140.0,3231.0,117.75,16.0,0.5,0.0,2.0,4.0
14-07-2019,140.0,3231.0,117.75,16.0,0.5,0.0,2.0,3.0
15-07-2019,140.0,3231.0,117.75,16.0,0.5,0.0,2.0,0.0
16-07-2019,140.0,3231.0,117.75,16.0,0.5,0.0,2.0,13.0
17-07-2019,140.0,3231.0,117.75,16.0,0.5,0.0,2.0,0.0
18-07-2019,140.0,3231.0,117.75,16.0,0.5,0.0,2.0,0.0
19-07-2019,140.0,3231.0,117.75,16.0,0.5,0.0,2.0,0.0
20-07-2019,140.0,3231.0,117.75,16.0,0.5,0.0,2.0,0.0
21-07-2019,140.0,3231.0,117.75,16.0,0.5,0.0,2.0,37.0
22-07-2019,140.0,3231.0,117.75,16.0,0.5,0.0,2.0,0.0
23-07-2019,140.0,3231.0,117.75,16.0,0.5,0.0,2.0,4.0
24-07-2019,140.0,3231.0,117.75,16.0,0.5,0.0,2.0,3.0
25-07-2019,140.0,3231.0,117.75,16.0,0.5,0.0,2.0,11.0
26-07-2019,140.0,3231.0,117.75,16.0,0.5,0.0,2.0,6.0
27-07-2019,140.0,3231.0,117.75,16.0,0.5,0.0,2.0,0.0
28-07-2019,140.0,3231.0,117.75,16.0,0.5,0.0,2.0,0.0
29-07-2019,140.0,3231.0,117.75,16.0,0.5,0.0,2.0,0.0
30-07-2019,140.0,3231.0,117.75,16.0,0.5,0.0,2.0,0.0
31-07-2019,140.0,3231.0,117.75,16.0,0.5,0.0,2.0,0.0
01-08-2019,140.0,3231.0,117.75,16.0,0.5,0.0,2.0,0.0
02-08-2019,140.0,3231.0,117.75,16.0,0.5,0.0,2.0,0.0
03-08-2019,140.0,3231.0,117.75,16.0,0.5,0.0,2.0,0.0
04-08-2019,140.0,3231.0,117.75,16.0,0.5,0.0,2.0,0.0
05-08-2019,140.0,3231.0,117.75,16.0,0.5,0.0,2.0,0.0
06-08-2019,140.0,3231.0,117.75,16.0,0.5,0.0,2.0,0.0
07-08-2019,140.0,3231.0,117.75,16.0,0.5,0.0,2.0,0.0
08-08-2019,140.0,3231.0,117.75,16.0,0.5,0.0,2.0,0.0
09-08-2019,140.0,3231.0,117.75,16.0,0.5,0.0,2.0,17.0
10-08-2019,140.0,3231.0,117.75,16.0,0.5,0.0,2.0,0.0
11-08-2019,140.0,3231.0,117.75,16.0,0.5,0.0,2.0,0.0
12-08-2019,140.0,3231.0,117.75,16.0,0.5,0.0,2.0,0.0
13-08-2019,140.0,3231.0,117.75,16.0,0.5,0.0,2.0,0.0
14-08-2019,140.0,3231.0,117.75,16.0,0.5,0.0,2.0,0.0
15-08-2019,140.0,3231.0,117.75,16.0,0.5,2.0,0.0,27.0
16-08-2019,140.0,3231.0,117.75,16.0,0.5,0.0,2.0,0.0
17-08-2019,140.0,3231.0,117.75,16.0,0.5,0.0,2.0,36.0
18-08-2019,140.0,3231.0,117.75,16.0,0.5,0.0,2.0,20.0
19-08-2019,140.0,3231.0,117.75,16.0,0.5,0.0,2.0,21.0
20-08-2019,140.0,3231.0,117.75,16.0,0.5,0.0,2.0,0.0
21-08-2019,140.0,3231.0,117.75,16.0,0.5,0.0,2.0,4.0
22-08-2019,140.0,3231.0,117.75,16.0,0.5,0.0,2.0,0.0
23-08-2019,140.0,3231.0,117.75,16.0,0.5,0.0,2.0,0.0
24-08-2019,140.0,3231.0,117.75,16.0,0.5,0.0,2.0,11.0
25-08-2019,140.0,3231.0,117.75,16.0,0.5,0.0,2.0,0.0
26-08-2019,140.0,3231.0,117.75,16.0,0.5,0.0,2.0,0.0
27-08-2019,140.0,3231.0,117.75,16.0,0.5,0.0,2.0,0.0
28-08-2019,140.0,3231.0,117.75,16.0,0.5,0.0,2.0,0.0
29-08-2019,140.0,3231.0,117.75,16.0,0.5,0.0,2.0,9.0
30-08-2019,140.0,3231.0,117.75,16.0,0.5,0.0,2.0,0.0
31-08-2019,140.0,3231.0,117.75,16.0,0.5,0.0,2.0,0.0
01-09-2019,140.0,3231.0,117.75,16.0,0.5,0.0,2.0,2.0
02-09-2019,140.0,3231.0,117.75,16.0,0.5,0.0,2.0,0.0
03-09-2019,140.0,3231.0,117.75,16.0,0.5,0.0,2.0,0.0
04-09-2019,140.0,3231.0,117.75,16.0,0.5,0.0,2.0,10.0
05-09-2019,140.0,3231.0,117.75,16.0,0.5,0.0,2.0,17.0
06-09-2019,140.0,3231.0,117.75,16.0,0.5,0.0,2.0,0.0
07-09-2019,140.0,3231.0,117.75,16.0,0.5,0.0,2.0,3.0
08-09-2019,140.0,3231.0,117.75,16.0,0.5,0.0,2.0,2.0
09-09-2019,140.0,3231.0,117.75,16.0,0.5,0.0,2.0,0.0
10-09-2019,140.0,3231.0,117.75,15.0,0.46,0.0,2.0,0.0
11-09-2019,140.0,3231.0,117.75,15.0,0.46,0.0,2.0,4.0
12-09-2019,140.0,3231.0,117.75,15.0,0.46,0.0,2.0,73.0
13-09-2019,140.0,3231.0,117.75,15.0,0.46,0.0,2.0,13.0
14-09-2019,140.0,3231.0,117.75,15.0,0.46,0.0,0.0,0.0
15-09-2019,140.0,3231.0,117.75,15.0,0.46,0.0,2.0,0.0
16-09-2019,140.0,3231.0,117.75,15.0,0.46,0.0,2.0,2.0
17-09-2019,140.0,3231.0,117.75,15.0,0.46,0.0,2.0,0.0
18-09-2019,140.0,3231.0,117.75,15.0,0.46,0.0,2.0,0.0
19-09-2019,140.0,3231.0,117.75,15.0,0.46,0.0,2.0,206.0
20-09-2019,140.0,3231.0,124.5,208.0,6.44,2242.0,8.0,9.0
21-09-2019,140.0,3231.0,125.3,278.0,8.6,830.0,4.0,0.0
22-09-2019,140.0,3231.0,125.6,307.0,9.5,344.0,8.0,0.0
23-09-2019,140.0,3231.0,125.75,322.0,9.97,182.0,8.0,10.0
24-09-2019,140.0,3231.0,125.8,327.0,10.12,66.0,8.0,0.0
25-09-2019,140.0,3231.0,126.15,366.0,11.33,425.0,8.0,22.0
26-09-2019,140.0,3231.0,126.8,433.0,13.4,784.0,8.0,34.0
27-09-2019,140.0,3231.0,127.15,478.0,14.79,529.0,8.0,0.0
28-09-2019,140.0,3231.0,127.3,491.0,15.2,159.0,8.0,3.0
29-09-2019,140.0,3231.0,127.4,503.0,15.57,139.0,8.0,0.0
30-09-2019,140.0,3231.0,127.8,553.0,17.12,587.0,8.0,0.0
01-10-2019,140.0,3231.0,128.15,597.0,18.48,522.0,8.0,0.0
02-10-2019,140.0,3231.0,128.55,649.0,20.09,760.0,13.0,0.0
03-10-2019,140.0,3231.0,128.9,695.0,21.51,713.0,13.0,0.0
04-10-2019,140.0,3231.0,129.25,742.0,22.97,617.0,13.0,0.0
05-10-2019,140.0,3231.0,129.55,783.0,24.23,582.0,13.0,0.0
06-10-2019,140.0,3231.0,129.85,824.0,25.5,596.0,13.0,0.0
07-10-2019,140.0,3231.0,130.1,860.0,26.62,592.0,33.0,0.0
08-10-2019,140.0,3231.0,130.36,896.0,27.73,582.0,40.0,0.0
09-10-2019,140.0,3231.0,130.55,938.0,29.03,586.0,40.0,0.0
10-10-2019,140.0,3231.0,130.85,967.0,29.93,582.0,40.0,0.0
11-10-2019,140.0,3231.0,131.15,1011.0,31.29,542.0,40.0,0.0
12-10-2019,140.0,3231.0,131.25,1026.0,31.75,492.0,288.0,0.0
13-10-2019,140.0,3231.0,131.35,1041.0,32.22,504.0,350.0,0.0
14-10-2019,140.0,3231.0,131.3,1033.0,31.97,396.0,487.0,0.0
15-10-2019,140.0,3231.0,131.35,1041.0,32.22,526.0,487.0,12.0
16-10-2019,140.0,3231.0,131.8,1111.0,34.39,1233.0,423.0,71.0
17-10-2019,140.0,3231.0,132.0,1143.0,35.38,710.0,340.0,8.0
18-10-2019,140.0,3231.0,132.2,1177.0,36.43,834.0,440.0,12.0
19-10-2019,140.0,3231.0,132.3,1194.0,36.95,637.0,440.0,0.0
20-10-2019,140.0,3231.0,132.45,1220.0,37.76,741.0,440.0,23.0
21-10-2019,140.0,3231.0,132.75,1237.0,38.29,637.0,440.0,6.0
22-10-2019,140.0,3231.0,132.75,1273.0,39.4,857.0,440.0,11.0
23-10-2019,140.0,3231.0,132.95,1310.0,40.54,868.0,440.0,5.0
24-10-2019,140.0,3231.0,133.25,1367.0,42.31,1116.0,456.0,69.0
25-10-2019,140.0,3231.0,133.45,1406.0,43.52,908.0,456.0,0.0
26-10-2019,140.0,3231.0,133.6,1436.0,44.44,803.0,456.0,14.0
27-10-2019,140.0,3231.0,133.75,1467.0,45.4,824.0,465.0,0.0
28-10-2019,140.0,3231.0,133.85,1487.0,46.02,697.0,465.0,0.0
29-10-2019,140.0,3231.0,133.91,1500.0,46.43,615.0,465.0,6.0
30-10-2019,140.0,3231.0,134.3,1582.0,48.96,1413.0,464.0,64.0
31-10-2019,140.0,3231.0,134.6,1648.0,51.01,1320.0,556.0,15.0
01-11-2019,140.0,3231.0,134.75,1682.0,52.06,1170.0,776.0,0.0
02-11-2019,140.0,3231.0,134.8,1694.0,52.43,915.0,776.0,0.0
03-11-2019,140.0,3231.0,134.8,1694.0,52.43,776.0,776.0,0.0
04-11-2019,140.0,3231.0,134.7,1671.0,51.72,512.0,776.0,0.0
05-11-2019,140.0,3231.0,134.6,1648.0,51.01,510.0,776.0,0.0
06-11-2019,140.0,3231.0,134.46,1617.0,50.05,417.0,776.0,0.0
07-11-2019,140.0,3231.0,134.3,1582.0,48.96,341.0,876.0,0.0
08-11-2019,140.0,3231.0,134.15,1550.0,47.97,345.0,876.0,0.0
09-11-2019,140.0,3231.0,134.0,1518.0,46.98,328.0,876.0,0.0
10-11-2019,140.0,3231.0,133.86,1489.0,46.08,325.0,789.0,0.0
11-11-2019,140.0,3231.0,133.74,1465.0,45.34,325.0,759.0,0.0
12-11-2019,140.0,3231.0,133.65,1446.0,44.75,310.0,758.0,0.0
13-11-2019,140.0,3231.0,133.5,1416.0,43.83,295.0,758.0,0.0
14-11-2019,140.0,3231.0,133.35,1386.0,42.9,275.0,758.0,2.0
15-11-2019,140.0,3231.0,133.2,1358.0,42.03,295.0,758.0,0.0
16-11-2019,140.0,3231.0,133.0,1320.0,40.85,275.0,758.0,0.0
17-11-2019,140.0,3231.0,132.85,1292.0,39.99,260.0,753.0,0.0
18-11-2019,140.0,3231.0,132.65,1255.0,38.84,222.0,758.0,0.0
19-11-2019,140.0,3231.0,132.45,1225.0,37.91,180.0,758.0,0.0
20-11-2019,140.0,3231.0,132.28,1190.0,36.83,200.0,808.0,0.0
21-11-2019,140.0,3231.0,132.1,1160.0,35.9,275.0,808.0,22.0
22-11-2019,140.0,3231.0,131.9,1127.0,34.88,310.0,808.0,0.0
23-11-2019,140.0,3231.0,131.7,1095.0,33.89,270.0,808.0,0.0
24-11-2019,140.0,3231.0,131.45,1056.0,32.68,210.0,808.0,0.0
25-11-2019,140.0,3231.0,131.15,1011.0,31.29,190.0,808.0,0.0
26-11-2019,140.0,3231.0,131.0,989.0,30.61,190.0,808.0,0.0
27-11-2019,140.0,3231.0,130.85,967.0,29.93,135.0,470.0,0.0
28-11-2019,140.0,3231.0,130.7,945.0,29.25,213.0,470.0,5.0
29-11-2019,140.0,3231.0,130.65,938.0,29.03,315.0,470.0,22.0
30-11-2019,140.0,3231.0,130.65,938.0,29.03,415.0,470.0,14.0
01-12-2019,140.0,3231.0,130.0,989.0,30.61,1042.0,470.0,78.0
02-12-2019,140.0,3231.0,132.5,1229.0,38.04,2925.0,165.0,73.0
03-12-2019,140.0,3231.0,133.55,1426.0,44.13,2427.0,165.0,0.0
04-12-2019,140.0,3231.0,134.0,1518.0,46.98,1436.0,389.0,0.0
05-12-2019,140.0,3231.0,134.15,1550.0,47.97,1059.0,689.0,0.0
06-12-2019,140.0,3231.0,134.25,1572.0,48.65,955.0,693.0,0.0
07-12-2019,140.0,3231.0,134.22,1565.0,48.44,576.0,693.0,2.0
08-12-2019,140.0,3231.0,134.25,1572.0,48.65,774.0,693.0,3.0
09-12-2019,140.0,3231.0,134.3,1582.0,48.96,810.0,693.0,0.0
10-12-2019,140.0,3231.0,134.35,1593.0,49.3,820.0,693.0,0.0
11-12-2019,140.0,3231.0,134.35,1593.0,49.3,837.0,837.0,0.0
12-12-2019,140.0,3231.0,134.35,1593.0,49.3,836.0,836.0,0.0
13-12-2019,140.0,3231.0,134.32,1586.0,49.09,763.0,836.0,0.0
14-12-2019,140.0,3231.0,134.3,1582.0,48.96,783.0,833.0,0.0
15-12-2019,140.0,3231.0,134.25,1572.0,48.65,706.0,831.0,9.0
16-12-2019,140.0,3231.0,134.2,1560.0,48.28,706.0,831.0,0.0
17-12-2019,140.0,3231.0,134.18,1556.0,48.16,782.0,831.0,13.0
18-12-2019,140.0,3231.0,134.06,1530.0,47.35,529.0,824.0,0.0
19-12-2019,140.0,3231.0,134.08,1535.0,47.51,873.0,824.0,0.0
20-12-2019,140.0,3231.0,134.05,1529.0,47.32,751.0,824.0,0.0
21-12-2019,140.0,3231.0,134.02,1522.0,47.11,751.0,824.0,0.0
22-12-2019,140.0,3231.0,133.98,1514.0,46.86,720.0,817.0,0.0
23-12-2019,140.0,3231.0,133.9,1497.0,46.33,627.0,820.0,0.0
24-12-2019,140.0,3231.0,133.8,1476.0,45.68,581.0,820.0,0.0
25-12-2019,140.0,3231.0,133.7,1456.0,45.06,595.0,820.0,3.0
26-12-2019,140.0,3231.0,133.7,1456.0,45.06,541.0,534.0,0.0
27-12-2019,140.0,3231.0,133.67,1450.0,44.88,476.0,533.0,0.0
28-12-2019,140.0,3231.0,133.61,1438.0,44.51,389.0,528.0,0.0
29-12-2019,140.0,3231.0,133.6,1436.0,44.44,371.0,393.0,0.0
30-12-2019,140.0,3231.0,133.59,1434.0,44.38,371.0,394.0,0.0
31-12-2019,140.0,3231.0,133.57,1430.0,44.26,348.0,394.0,0.0
01-01-2020,140.0,3231.0,133.55,1426.0,44.13,347.0,394.0,0.0
02-01-2020,140.0,3231.0,133.57,1430.0,44.26,440.0,394.0,13.0
03-01-2020,140.0,3231.0,133.57,1430.0,44.26,394.0,394.0,0.0
04-01-2020,140.0,3231.0,133.58,1432.0,44.32,417.0,394.0,3.0
05-01-2020,140.0,3231.0,133.64,1444.0,44.69,534.0,394.0,6.0
06-01-2020,140.0,3231.0,133.72,1460.0,45.19,582.0,394.0,10.0
07-01-2020,140.0,3231.0,133.82,1481.0,45.84,631.0,394.0,6.0
08-01-2020,140.0,3231.0,133.9,1497.0,46.33,586.0,394.0,3.0
09-01-2020,140.0,3231.0,133.93,1503.0,46.52,466.0,394.0,0.0
10-01-2020,140.0,3231.0,133.96,1510.0,46.73,466.0,394.0,0.0
11-01-2020,140.0,3231.0,133.99,1516.0,46.92,465.0,394.0,0.0
12-01-2020,140.0,3231.0,134.0,1518.0,46.98,426.0,402.0,0.0
13-01-2020,140.0,3231.0,134.0,1518.0,46.98,390.0,389.0,0.0
14-01-2020,140.0,3231.0,134.01,1520.0,47.04,413.0,389.0,0.0
15-01-2020,140.0,3231.0,134.02,1522.0,47.11,413.0,389.0,0.0
16-01-2020,140.0,3231.0,134.03,1524.0,47.17,413.0,389.0,0.0
17-01-2020,140.0,3231.0,134.02,1523.0,47.14,375.0,389.0,0.0
18-01-2020,140.0,3231.0,134.01,1520.0,47.04,354.0,389.0,3.0
19-01-2020,140.0,3231.0,133.96,1511.0,46.77,279.0,389.0,0.0
20-01-2020,140.0,3231.0,133.95,1507.0,46.64,351.0,387.0,0.0
21-01-2020,140.0,3231.0,133.94,1505.0,46.58,365.0,390.0,0.0
22-01-2020,140.0,3231.0,133.93,1503.0,46.52,364.0,390.0,0.0
23-01-2020,140.0,3231.0,133.9,1497.0,46.33,318.0,390.0,0.0
24-01-2020,140.0,3231.0,133.86,1489.0,46.08,294.0,390.0,0.0
25-01-2020,140.0,3231.0,133.81,1478.0,45.74,270.0,390.0,0.0
26-01-2020,140.0,3231.0,133.76,1468.0,45.43,270.0,390.0,0.0
27-01-2020,140.0,3231.0,133.85,1487.0,46.02,252.0,32.0,0.0
28-01-2020,140.0,3231.0,133.95,1507.0,46.64,257.0,32.0,0.0
29-01-2020,140.0,3231.0,134.04,1526.0,47.23,260.0,32.0,0.0
30-01-2020,140.0,3231.0,134.1,1546.0,47.85,311.0,32.0,0.0
31-01-2020,140.0,3231.0,134.21,1563.0,48.38,445.0,32.0,0.0
01-02-2020,140.0,3231.0,134.31,1584.0,49.03,433.0,32.0,0.0
02-02-2020,140.0,3231.0,134.42,1608.0,49.77,429.0,29.0,0.0
03-02-2020,140.0,3231.0,134.53,1632.0,50.51,445.0,32.0,0.0
04-02-2020,140.0,3231.0,134.64,1657.0,51.28,467.0,32.0,0.0
05-02-2020,140.0,3231.0,134.75,1682.0,52.06,484.0,26.0,0.0
06-02-2020,140.0,3231.0,134.86,1707.0,52.83,510.0,13.0,0.0
07-02-2020,140.0,3231.0,134.96,1730.0,53.54,488.0,13.0,0.0
08-02-2020,140.0,3231.0,135.15,1774.0,54.91,510.0,34.0,0.0
09-02-2020,140.0,3231.0,135.32,1816.0,56.21,515.0,41.0,0.0
10-02-2020,140.0,3231.0,135.37,1826.0,56.52,489.0,377.0,0.0
11-02-2020,140.0,3231.0,135.38,1829.0,56.61,464.0,424.0,0.0
12-02-2020,140.0,3231.0,139.16,2873.0,88.92,1056.0,1056.0,0.0
13-02-2020,140.0,3231.0,135.41,1836.0,56.82,480.0,429.0,0.0
14-02-2020,140.0,3231.0,135.43,1841.0,56.98,481.0,429.0,0.0
15-02-2020,140.0,3231.0,135.39,1832.0,56.7,390.0,502.0,0.0
16-02-2020,140.0,3231.0,135.34,1819.0,56.3,347.0,502.0,0.0
17-02-2020,140.0,3231.0,135.25,1798.0,55.65,264.0,502.0,0.0
18-02-2020,140.0,3231.0,135.18,1781.0,55.12,293.0,500.0,0.0
19-02-2020,140.0,3231.0,135.12,1767.0,54.69,340.0,497.0,0.0
20-02-2020,140.0,3231.0,135.05,1751.0,54.19,318.0,497.0,0.0
21-02-2020,140.0,3231.0,134.97,1732.0,53.61,263.0,494.0,0.0
22-02-2020,140.0,3231.0,134.88,1712.0,52.99,253.0,494.0,0.0
23-02-2020,140.0,3231.0,134.79,1691.0,52.34,263.0,494.0,0.0
24-02-2020,140.0,3231.0,134.71,1673.0,51.78,263.0,494.0,0.0
25-02-2020,140.0,3231.0,134.64,1657.0,51.28,314.0,494.0,0.0
26-02-2020,140.0,3231.0,134.55,1637.0,50.67,271.0,494.0,0.0
27-02-2020,140.0,3231.0,134.45,1616.0,50.02,245.0,494.0,0.0
28-02-2020,140.0,3231.0,134.35,1593.0,49.3,226.0,494.0,0.0
29-02-2020,140.0,3231.0,134.25,1571.0,48.62,236.0,494.0,0.0
01-03-2020,140.0,3231.0,134.14,1548.0,47.91,237.0,494.0,0.0
02-03-2020,140.0,3231.0,134.04,1526.0,47.23,236.0,496.0,0.0
03-03-2020,140.0,3231.0,133.93,1503.0,46.52,236.0,496.0,0.0
04-03-2020,140.0,3231.0,133.78,1473.0,45.59,154.0,496.0,0.0
05-03-2020,140.0,3231.0,133.64,1444.0,44.69,144.0,496.0,0.0
06-03-2020,140.0,3231.0,133.5,1415.0,43.79,162.0,496.0,0.0
07-03-2020,140.0,3231.0,133.42,1400.0,43.33,183.0,356.0,0.0
08-03-2020,140.0,3231.0,133.37,1390.0,43.02,249.0,356.0,0.0
09-03-2020,140.0,3231.0,133.37,1390.0,43.02,348.0,356.0,0.0
10-03-2020,140.0,3231.0,133.38,1392.0,43.08,383.0,356.0,0.0
11-03-2020,140.0,3231.0,133.44,1405.0,43.48,504.0,356.0,0.0
12-03-2020,140.0,3231.0,133.54,1424.0,44.07,576.0,356.0,0.0
13-03-2020,140.0,3231.0,133.64,1444.0,44.69,594.0,356.0,0.0
14-03-2020,140.0,3231.0,133.75,1467.0,45.4,622.0,356.0,0.0
15-03-2020,140.0,3231.0,133.87,1490.0,46.12,626.0,352.0,0.0
16-03-2020,140.0,3231.0,133.97,1512.0,46.8,607.0,352.0,0.0
17-03-2020,140.0,3231.0,134.01,1520.0,47.04,621.0,516.0,0.0
18-03-2020,140.0,3231.0,134.03,1524.0,47.17,657.0,614.0,0.0
19-03-2020,140.0,3231.0,134.04,1526.0,47.23,631.0,614.0,0.0
21-03-2020,140.0,3231.0,133.96,1509.0,46.7,551.0,669.0,0.0
22-03-2020,140.0,3231.0,133.89,1495.0,46.27,511.0,669.0,0.0
23-03-2020,140.0,3231.0,133.81,1478.0,45.74,470.0,669.0,0.0
24-03-2020,140.0,3231.0,133.77,1470.0,45.5,585.0,669.0,0.0
25-03-2020,140.0,3231.0,133.88,1493.0,46.21,617.0,354.0,0.0
26-03-2020,140.0,3231.0,133.88,1493.0,46.21,594.0,590.0,0.0
27-03-2020,140.0,3231.0,133.84,1485.0,45.96,569.0,669.0,0.0
28-03-2020,140.0,3231.0,133.82,1482.0,45.87,556.0,615.0,0.0
29-03-2020,140.0,3231.0,133.8,1476.0,45.68,554.0,603.0,0.0
30-03-2020,140.0,3231.0,133.78,1472.0,45.56,554.0,603.0,0.0
31-03-2020,140.0,3231.0,133.72,1460.0,45.19,466.0,603.0,0.0
01-04-2020,140.0,3231.0,133.61,1438.0,44.51,351.0,602.0,0.0
02-04-2020,140.0,3231.0,133.52,1420.0,43.95,399.0,602.0,0.0
03-04-2020,140.0,3231.0,133.38,1392.0,43.08,270.0,602.0,0.0
04-04-2020,140.0,3231.0,133.27,1370.0,42.4,112.0,357.0,0.0
05-04-2020,140.0,3231.0,133.16,1350.0,41.78,62.0,302.0,0.0
06-04-2020,140.0,3231.0,133.05,1329.0,41.13,59.0,302.0,0.0
07-04-2020,140.0,3231.0,132.93,1306.0,40.42,40.0,302.0,0.0
08-04-2020,140.0,3231.0,132.8,1283.0,39.71,36.0,302.0,0.0
09-04-2020,140.0,3231.0,132.68,1260.0,39.0,43.0,302.0,0.0
10-04-2020,140.0,3231.0,132.68,1260.0,39.0,292.0,292.0,36.0
11-04-2020,140.0,3231.0,132.57,1240.0,38.38,62.0,298.0,0.0
12-04-2020,140.0,3231.0,132.44,1218.0,37.7,38.0,298.0,0.0
13-04-2020,140.0,3231.0,132.3,1194.0,36.95,17.0,298.0,0.0
14-04-2020,140.0,3231.0,132.15,1168.0,36.15,7.0,298.0,0.0
15-04-2020,140.0,3231.0,132.0,1143.0,35.38,0.0,298.0,0.0
16-04-2020,140.0,3231.0,131.84,1117.0,34.57,0.0,298.0,0.0
17-04-2020,140.0,3231.0,131.68,1091.0,33.77,0.0,298.0,0.0
18-04-2020,140.0,3231.0,131.51,1065.0,32.96,0.0,298.0,0.0
19-04-2020,140.0,3231.0,131.35,1040.0,32.19,0.0,298.0,0.0
20-04-2020,140.0,3231.0,131.17,1014.0,31.38,0.0,298.0,0.0
21-04-2020,140.0,3231.0,131.0,989.0,30.61,0.0,298.0,0.0
22-04-2020,140.0,3231.0,130.82,963.0,29.81,0.0,298.0,0.0
23-04-2020,140.0,3231.0,130.73,949.0,29.37,0.0,161.0,0.0
24-04-2020,140.0,3231.0,130.63,935.0,28.94,0.0,161.0,0.0
25-04-2020,140.0,3231.0,130.54,921.0,28.51,0.0,161.0,0.0
26-04-2020,140.0,3231.0,130.44,908.0,28.1,0.0,157.0,0.0
27-04-2020,140.0,3231.0,130.46,910.0,28.16,180.0,154.0,42.0
28-04-2020,140.0,3231.0,130.32,890.0,27.55,0.0,160.0,0.0
29-04-2020,140.0,3231.0,130.22,876.0,27.11,0.0,159.0,0.0
30-04-2020,140.0,3231.0,130.12,862.0,26.68,0.0,157.0,0.0
01-05-2020,140.0,3231.0,130.03,849.0,26.28,0.0,157.0,0.0
02-05-2020,140.0,3231.0,129.93,835.0,25.84,0.0,156.0,0.0
03-05-2020,140.0,3231.0,129.83,822.0,25.44,0.0,156.0,0.0
04-05-2020,140.0,3231.0,129.74,809.0,25.04,0.0,156.0,0.0
05-05-2020,140.0,3231.0,129.64,795.0,24.61,0.0,155.0,0.0
06-05-2020,140.0,3231.0,129.54,782.0,24.2,0.0,157.0,0.0
07-05-2020,140.0,3231.0,129.44,768.0,23.77,0.0,157.0,0.0
08-05-2020,140.0,3231.0,129.34,754.0,23.34,0.0,162.0,0.0
09-05-2020,140.0,3231.0,129.24,741.0,22.93,0.0,162.0,0.0
10-05-2020,140.0,3231.0,129.14,727.0,22.5,0.0,162.0,0.0
11-05-2020,140.0,3231.0,129.03,713.0,22.07,0.0,162.0,0.0
12-05-2020,140.0,3231.0,128.93,699.0,21.63,0.0,162.0,0.0
13-05-2020,140.0,3231.0,128.88,692.0,21.42,80.0,160.0,5.0
14-05-2020,140.0,3231.0,128.77,678.0,20.98,0.0,162.0,0.0
15-05-2020,140.0,3231.0,128.67,664.0,20.55,0.0,161.0,0.0
16-05-2020,140.0,3231.0,128.56,650.0,20.12,0.0,161.0,0.0
17-05-2020,140.0,3231.0,128.45,636.0,19.68,0.0,161.0,0.0
18-05-2020,140.0,3231.0,128.45,609.0,18.85,0.0,311.0,0.0
19-05-2020,140.0,3231.0,128.07,587.0,18.17,65.0,331.0,3.0
20-05-2020,140.0,3231.0,127.88,563.0,17.42,0.0,331.0,0.0
21-05-2020,140.0,3231.0,127.7,540.0,16.71,0.0,331.0,0.0
22-05-2020,140.0,3231.0,127.54,520.0,16.09,0.0,331.0,0.0
23-05-2020,140.0,3231.0,127.38,501.0,15.51,0.0,331.0,0.0
24-05-2020,140.0,3231.0,127.23,483.0,14.95,0.0,331.0,0.0
25-05-2020,140.0,3231.0,127.08,465.0,14.39,0.0,331.0,0.0
26-05-2020,140.0,3231.0,126.92,447.0,13.83,0.0,331.0,0.0
27-05-2020,140.0,3231.0,126.77,430.0,13.31,0.0,331.0,0.0
28-05-2020,140.0,3231.0,126.62,413.0,12.78,0.0,331.0,0.0
29-05-2020,140.0,3231.0,126.46,396.0,12.26,0.0,331.0,0.0
30-05-2020,140.0,3231.0,126.46,396.0,12.26,300.0,331.0,0.0
31-05-2020,140.0,3231.0,126.42,392.0,12.13,225.0,331.0,0.0
01-06-2020,140.0,3231.0,126.28,377.0,11.67,85.0,331.0,0.0
02-06-2020,140.0,3231.0,126.19,367.0,11.36,195.0,327.0,0.0
03-06-2020,140.0,3231.0,126.17,365.0,11.3,275.0,328.0,0.0
04-06-2020,140.0,3231.0,126.17,365.0,11.3,295.0,328.0,0.0
05-06-2020,140.0,3231.0,126.23,371.0,11.48,385.0,328.0,5.0
06-06-2020,140.0,3231.0,126.25,373.0,11.54,670.0,328.0,0.0
07-06-2020,140.0,3231.0,122.24,77.0,2.38,0.0,27.0,0.0
08-06-2020,140.0,3231.0,126.31,380.0,11.76,342.0,328.0,0.0
09-06-2020,140.0,3231.0,126.31,380.0,11.76,305.0,328.0,0.0
10-06-2020,140.0,3231.0,126.3,379.0,11.73,280.0,328.0,0.0
11-06-2020,140.0,3231.0,126.26,375.0,11.61,460.0,328.0,0.0
12-06-2020,140.0,3231.0,126.22,370.0,11.45,220.0,328.0,2.0
13-06-2020,140.0,3231.0,126.12,360.0,11.14,145.0,328.0,0.0
14-06-2020,140.0,3231.0,126.07,354.0,10.96,200.0,328.0,0.0
15-06-2020,140.0,3231.0,126.0,347.0,10.74,350.0,328.0,0.0
16-06-2020,140.0,3231.0,125.95,342.0,10.58,390.0,328.0,0.0
17-06-2020,140.0,3231.0,125.91,338.0,10.46,210.0,328.0,0.0
18-06-2020,140.0,3231.0,125.87,334.0,10.34,225.0,328.0,0.0
19-06-2020,140.0,3231.0,125.83,330.0,10.21,450.0,327.0,0.0
20-06-2020,140.0,3231.0,125.78,325.0,10.06,200.0,328.0,3.0
21-06-2020,140.0,3231.0,125.63,310.0,9.59,55.0,328.0,0.0
22-06-2020,140.0,3231.0,125.55,303.0,9.38,160.0,328.0,8.0
23-06-2020,140.0,3231.0,125.49,297.0,9.19,170.0,308.0,13.0
24-06-2020,140.0,3231.0,125.42,290.0,8.98,130.0,278.0,5.0
25-06-2020,140.0,3231.0,125.36,285.0,8.82,125.0,267.0,6.0
26-06-2020,140.0,3231.0,125.32,281.0,8.7,165.0,268.0,20.0
27-06-2020,140.0,3231.0,125.21,271.0,8.39,85.0,268.0,0.0
28-06-2020,140.0,3231.0,125.05,256.0,7.92,0.0,248.0,0.0
29-06-2020,140.0,3231.0,124.92,244.0,7.55,0.0,225.0,0.0
30-06-2020,140.0,3231.0,124.78,232.0,7.18,0.0,223.0,3.0
01-07-2020,140.0,3231.0,124.66,222.0,6.87,0.0,195.0,0.0
02-07-2020,140.0,3231.0,124.55,212.0,6.56,0.0,195.0,0.0
03-07-2020,140.0,3231.0,124.46,205.0,6.34,35.0,185.0,5.0
04-07-2020,140.0,3231.0,124.39,199.0,6.16,30.0,175.0,4.0
05-07-2020,140.0,3231.0,124.27,190.0,5.88,20.0,165.0,3.0
06-07-2020,140.0,3231.0,124.11,178.0,5.51,0.0,165.0,0.0
07-07-2020,140.0,3231.0,123.92,165.0,5.11,0.0,165.0,0.0
08-07-2020,140.0,3231.0,123.89,159.0,4.92,30.0,115.0,12.0
09-07-2020,140.0,3231.0,123.73,152.0,4.7,0.0,95.0,0.0
10-07-2020,140.0,3231.0,123.78,155.0,4.8,120.0,95.0,41.0
11-07-2020,140.0,3231.0,123.67,148.0,4.58,0.0,95.0,0.0
12-07-2020,140.0,3231.0,123.61,144.0,4.46,30.0,95.0,21.0
13-07-2020,140.0,3231.0,123.55,140.0,4.33,40.0,95.0,42.0
14-07-2020,140.0,3231.0,123.43,133.0,4.12,0.0,95.0,0.0
15-07-2020,140.0,3231.0,123.36,129.0,3.99,20.0,85.0,7.0
16-07-2020,140.0,3231.0,123.27,124.0,3.84,0.0,85.0,0.0
17-07-2020,140.0,3231.0,123.2,120.0,3.71,25.0,85.0,11.0
18-07-2020,140.0,3231.0,123.13,116.0,3.59,0.0,55.0,0.0
19-07-2020,140.0,3231.0,123.11,115.0,3.56,0.0,23.0,0.0
20-07-2020,140.0,3231.0,123.09,114.0,3.53,0.0,25.0,0.0
21-07-2020,140.0,3231.0,123.07,113.0,3.5,0.0,25.0,0.0
22-07-2020,140.0,3231.0,123.05,112.0,3.47,0.0,25.0,0.0
23-07-2020,140.0,3231.0,123.01,110.0,3.4,0.0,30.0,0.0
24-07-2020,140.0,3231.0,122.97,108.0,3.34,0.0,28.0,3.0
25-07-2020,140.0,3231.0,122.91,105.0,3.25,0.0,28.0,0.0
26-07-2020,140.0,3231.0,122.78,99.0,3.06,0.0,26.0,3.0
27-07-2020,140.0,3231.0,122.72,96.0,2.97,0.0,26.0,0.0
28-07-2020,140.0,3231.0,122.67,94.0,2.91,0.0,24.0,0.0
29-07-2020,140.0,3231.0,122.6,91.0,2.82,0.0,28.0,6.0
30-07-2020,140.0,3231.0,122.53,88.0,2.72,0.0,28.0,4.0
31-07-2020,140.0,3231.0,122.45,85.0,2.63,0.0,28.0,0.0
01-08-2020,140.0,3231.0,122.45,85.0,2.63,35.0,28.0,34.0
02-08-2020,140.0,3231.0,122.45,85.0,2.63,30.0,28.0,20.0
03-08-2020,140.0,3231.0,122.73,96.0,2.97,165.0,101.0,33.0
04-08-2020,140.0,3231.0,123.0,109.0,3.37,160.0,28.0,0.0
05-08-2020,140.0,3231.0,123.21,120.0,3.71,145.0,28.0,0.0
06-08-2020,140.0,3231.0,123.35,128.0,3.96,115.0,28.0,0.0
07-08-2020,140.0,3231.0,123.38,130.0,4.02,35.0,28.0,0.0
08-08-2020,140.0,3231.0,123.38,130.0,4.02,15.0,28.0,0.0
09-08-2020,140.0,3231.0,123.38,130.0,4.02,15.0,28.0,0.0
10-08-2020,140.0,3231.0,123.35,128.0,3.96,0.0,28.0,0.0
11-08-2020,140.0,3231.0,123.33,127.0,3.93,0.0,28.0,0.0
12-08-2020,140.0,3231.0,123.38,130.0,4.02,50.0,28.0,9.0
13-08-2020,140.0,3231.0,123.38,130.0,4.02,20.0,28.0,0.0
14-08-2020,140.0,3231.0,123.35,128.0,3.96,0.0,28.0,0.0
15-08-2020,140.0,3231.0,123.33,127.0,3.93,0.0,28.0,0.0
16-08-2020,140.0,3231.0,123.3,125.0,3.87,0.0,28.0,0.0
17-08-2020,140.0,3231.0,123.26,123.0,3.81,0.0,28.0,0.0
18-08-2020,140.0,3231.0,123.24,122.0,3.78,0.0,28.0,0.0
19-08-2020,140.0,3231.0,123.21,120.0,3.71,0.0,28.0,0.0
20-08-2020,140.0,3231.0,123.17,118.0,3.65,0.0,28.0,0.0
21-08-2020,140.0,3231.0,123.13,116.0,3.59,0.0,28.0,0.0
22-08-2020,140.0,3231.0,123.11,115.0,3.56,0.0,28.0,0.0
23-08-2020,140.0,3231.0,123.1,114.0,3.53,0.0,28.0,0.0
24-08-2020,140.0,3231.0,123.05,112.0,3.47,0.0,28.0,2.0
25-08-2020,140.0,3231.0,123.01,110.0,3.4,0.0,28.0,0.0
26-08-2020,140.0,3231.0,122.97,108.0,3.34,0.0,28.0,0.0
27-08-2020,140.0,3231.0,122.93,106.0,3.28,0.0,28.0,0.0
28-08-2020,140.0,3231.0,122.89,104.0,3.22,0.0,28.0,0.0
29-08-2020,140.0,3231.0,122.85,102.0,3.16,0.0,28.0,0.0
30-08-2020,140.0,3231.0,122.8,100.0,3.1,0.0,28.0,0.0
31-08-2020,140.0,3231.0,122.76,98.0,3.03,0.0,28.0,0.0
01-09-2020,140.0,3231.0,122.69,95.0,2.94,0.0,27.0,0.0
02-09-2020,140.0,3231.0,122.62,92.0,2.85,0.0,27.0,7.0
03-09-2020,140.0,3231.0,122.55,89.0,2.75,0.0,27.0,0.0
04-09-2020,140.0,3231.0,122.48,86.0,2.66,0.0,27.0,3.0
05-09-2020,140.0,3231.0,122.4,83.0,2.57,0.0,27.0,0.0
06-09-2020,140.0,3231.0,122.32,80.0,2.48,0.0,27.0,0.0
07-09-2020,140.0,3231.0,122.24,77.0,2.38,0.0,27.0,0.0
08-09-2020,140.0,3231.0,122.2,75.0,2.32,0.0,26.0,14.0
09-09-2020,140.0,3231.0,122.11,73.0,2.26,0.0,27.0,3.0
10-09-2020,140.0,3231.0,122.11,73.0,2.26,30.0,25.0,64.0
11-09-2020,140.0,3231.0,122.06,71.0,2.2,0.0,27.0,0.0
12-09-2020,140.0,3231.0,122.0,69.0,2.14,0.0,27.0,0.0
13-09-2020,140.0,3231.0,121.92,67.0,2.07,0.0,27.0,0.0
14-09-2020,140.0,3231.0,121.92,67.0,2.07,30.0,27.0,48.0
15-09-2020,140.0,3231.0,121.83,65.0,2.01,0.0,27.0,0.0
16-09-2020,140.0,3231.0,121.75,63.0,1.95,0.0,27.0,0.0
17-09-2020,140.0,3231.0,121.67,61.0,1.89,0.0,27.0,0.0
18-09-2020,140.0,3231.0,121.6,59.0,1.83,0.0,26.0,0.0
19-09-2020,140.0,3231.0,122.0,69.0,2.14,91.0,27.0,86.4
20-09-2020,140.0,3231.0,122.5,87.0,2.69,183.0,27.0,0.0
21-09-2020,140.0,3231.0,123.0,109.0,3.37,230.0,27.0,0.0
22-09-2020,140.0,3231.0,123.8,156.0,4.83,544.0,27.0,0.0
23-09-2020,140.0,3231.0,124.59,216.0,6.69,690.0,27.0,0.0
24-09-2020,140.0,3231.0,125.28,277.0,8.57,712.0,27.0,0.0
25-09-2020,140.0,3231.0,125.94,341.0,10.55,741.0,27.0,0.0
26-09-2020,140.0,3231.0,126.54,405.0,12.53,744.0,27.0,0.0
27-09-2020,140.0,3231.0,127.05,462.0,14.3,662.0,28.0,0.0
28-09-2020,140.0,3231.0,127.54,520.0,16.09,665.0,28.0,0.0
29-09-2020,140.0,3231.0,128.03,582.0,18.01,734.0,28.0,0.0
30-09-2020,140.0,3231.0,128.53,647.0,20.02,755.0,28.0,5.2
01-10-2020,140.0,3231.0,129.02,712.0,22.04,755.0,25.0,0.0
02-10-2020,140.0,3231.0,129.48,774.0,23.96,735.0,25.0,0.0
03-10-2020,140.0,3231.0,129.94,837.0,25.91,750.0,25.0,0.0
04-10-2020,140.0,3231.0,130.34,894.0,27.67,740.0,25.0,0.0
05-10-2020,140.0,3231.0,130.7,945.0,29.25,670.0,25.0,0.0
06-10-2020,140.0,3231.0,131.0,989.0,30.61,660.0,25.0,0.0
07-10-2020,140.0,3231.0,131.3,1033.0,31.97,687.0,25.0,0.0
08-10-2020,140.0,3231.0,131.65,1087.0,33.64,697.0,25.0,0.0
09-10-2020,140.0,3231.0,131.95,1135.0,35.13,652.0,25.0,0.0
10-10-2020,140.0,3231.0,132.2,1177.0,36.43,670.0,25.0,0.0
11-10-2020,140.0,3231.0,132.4,1211.0,37.48,745.0,165.0,5.4
12-10-2020,140.0,3231.0,132.6,1246.0,38.56,735.0,165.0,0.0
13-10-2020,140.0,3231.0,132.77,1277.0,39.52,698.0,225.0,7.0
14-10-2020,140.0,3231.0,132.87,1295.0,40.08,670.0,355.0,0.0
15-10-2020,140.0,3231.0,132.87,1295.0,40.08,625.0,625.0,0.0
16-10-2020,140.0,3231.0,132.87,1295.0,40.08,615.0,625.0,0.0
17-10-2020,140.0,3231.0,132.88,1297.0,40.14,652.0,625.0,0.0
18-10-2020,140.0,3231.0,132.89,1299.0,40.2,652.0,625.0,0.0
19-10-2020,140.0,3231.0,132.88,1297.0,40.14,610.0,625.0,11.2
20-10-2020,140.0,3231.0,132.87,1295.0,40.08,582.0,625.0,0.0
21-10-2020,140.0,3231.0,132.87,1295.0,40.08,587.0,625.0,0.0
22-10-2020,140.0,3231.0,132.89,1299.0,40.2,671.0,621.0,9.0
23-10-2020,140.0,3231.0,132.95,1310.0,40.54,742.0,625.0,33.0
24-10-2020,140.0,3231.0,133.09,1327.0,41.07,809.0,625.0,14.0
25-10-2020,140.0,3231.0,133.8,1477.0,45.71,2120.0,625.0,21.0
26-10-2020,140.0,3231.0,134.0,1518.0,46.98,1272.0,825.0,0.0
27-10-2020,140.0,3231.0,134.05,1529.0,47.32,942.0,825.0,0.0
28-10-2020,140.0,3231.0,134.02,1523.0,47.14,746.0,825.0,0.0
29-10-2020,140.0,3231.0,134.05,1529.0,47.32,884.0,824.0,49.0
30-10-2020,140.0,3231.0,134.1,1540.0,47.66,850.0,723.0,20.0
31-10-2020,140.0,3231.0,134.15,1550.0,47.97,841.0,725.0,0.0
01-11-2020,140.0,3231.0,134.1,1540.0,47.66,605.0,725.0,0.0
02-11-2020,140.0,3231.0,134.05,1530.0,47.35,530.0,725.0,0.0
03-11-2020,140.0,3231.0,134.05,1530.0,47.35,370.0,375.0,0.0
04-11-2020,140.0,3231.0,134.05,1530.0,47.35,245.0,245.0,0.0
05-11-2020,140.0,3231.0,133.95,1508.0,46.67,265.0,725.0,0.0
06-11-2020,140.0,3231.0,133.85,1487.0,46.02,295.0,725.0,0.0
07-11-2020,140.0,3231.0,133.8,1477.0,45.71,540.0,725.0,8.0
08-11-2020,140.0,3231.0,133.75,1467.0,45.4,600.0,725.0,9.0
09-11-2020,140.0,3231.0,133.69,1454.0,45.0,550.0,725.0,0.0
10-11-2020,140.0,3231.0,133.62,1440.0,44.57,430.0,625.0,0.0
11-11-2020,140.0,3231.0,133.54,1424.0,44.07,400.0,625.0,0.0
12-11-2020,140.0,3231.0,133.42,1400.0,43.33,295.0,625.0,0.0
13-11-2020,140.0,3231.0,133.32,1381.0,42.74,370.0,625.0,8.0
14-11-2020,140.0,3231.0,133.23,1363.0,42.19,325.0,525.0,0.0
15-11-2020,140.0,3231.0,133.2,1358.0,42.03,360.0,425.0,4.0
16-11-2020,140.0,3231.0,133.5,1416.0,43.83,1095.0,425.0,55.0
17-11-2020,140.0,3231.0,133.65,1446.0,44.75,451.0,25.0,18.0
18-11-2020,140.0,3231.0,134.0,1518.0,46.98,858.0,25.0,3.0
19-11-2020,140.0,3231.0,134.3,1582.0,48.96,766.0,25.0,4.2
20-11-2020,140.0,3231.0,134.51,1628.0,50.39,670.0,125.0,0.0
21-11-2020,140.0,3231.0,134.72,1675.0,51.84,690.0,125.0,0.0
23-11-2020,140.0,3231.0,134.72,1675.0,51.84,690.0,125.0,0.0
24-11-2020,140.0,3231.0,135.2,1786.0,55.28,625.0,125.0,0.0
25-11-2020,140.0,3231.0,135.43,1841.0,56.98,770.0,121.0,26.8
26-11-2020,140.0,3231.0,136.1,2006.0,62.09,2029.0,120.0,120.0
27-11-2020,140.0,3231.0,136.9,2214.0,68.52,2527.0,119.0,15.0
28-11-2020,140.0,3231.0,138.74,2742.0,84.87,7044.0,5933.0,0.0
29-11-2020,140.0,3231.0,138.97,2814.0,87.09,3014.0,3019.0,0.0
30-11-2020,140.0,3231.0,139.08,2848.0,88.15,1201.0,607.0,4.0
01-12-2020,140.0,3231.0,139.25,2902.0,89.82,3862.0,3237.0,0.0
02-12-2020,140.0,3231.0,139.16,2873.0,88.92,1056.0,1056.0,0.0
03-12-2020,140.0,3231.0,139.14,2867.0,88.73,2028.0,2028.0,44.0
04-12-2020,140.0,3231.0,139.11,2858.0,88.46,2459.0,2459.0,42.0
05-12-2020,140.0,3231.0,139.14,2867.0,88.73,5187.0,6067.0,29.0
06-12-2020,140.0,3231.0,139.1,2854.0,88.33,4398.0,4861.0,41.0
07-12-2020,140.0,3231.0,139.15,2870.0,88.83,6183.0,6785.0,12.4
08-12-2020,140.0,3231.0,139.3,2918.0,90.31,6074.0,6074.0,6.0
09-12-2020,140.0,3231.0,139.2,2886.0,89.32,3167.0,3907.0,6.4
10-12-2020,140.0,3231.0,139.3,2918.0,90.31,3907.0,3907.0,12.8
11-12-2020,140.0,3231.0,139.32,2924.0,90.5,3940.0,3907.0,0.0
12-12-2020,140.0,3231.0,139.4,2950.0,91.3,2156.0,2017.0,0.0
13-12-2020,140.0,3231.0,139.45,2966.0,91.8,2156.0,2017.0,0.0
14-12-2020,140.0,3231.0,139.45,2966.0,91.8,2017.0,2017.0,0.0
15-12-2020,140.0,3231.0,139.47,2973.0,92.01,3466.0,3466.0,0.0
16-12-2020,140.0,3231.0,139.5,2983.0,92.32,1033.0,790.0,0.0
17-12-2020,140.0,3231.0,139.57,3005.0,93.01,1361.0,1278.0,14.0
18-12-2020,140.0,3231.0,139.65,3032.0,93.84,1748.0,1276.0,0.0
19-12-2020,140.0,3231.0,139.67,3038.0,94.03,1443.0,1276.0,0.0
20-12-2020,140.0,3231.0,139.67,3038.0,94.03,1455.0,1455.0,0.0
21-12-2020,140.0,3231.0,139.67,3038.0,94.03,969.0,969.0,0.0
22-12-2020,140.0,3231.0,139.67,3038.0,94.03,1054.0,887.0,0.0
23-12-2020,140.0,3231.0,140.0,3231.0,100.0,4804.0,887.0,0.0
24-12-2020,140.0,3231.0,139.9,3114.0,96.38,887.0,884.0,0.0
25-12-2020,140.0,3231.0,139.9,3114.0,96.38,887.0,887.0,0.0
26-12-2020,140.0,3231.0,139.91,3118.0,96.5,998.0,887.0,0.0
27-12-2020,140.0,3231.0,139.92,3121.0,96.6,970.0,887.0,0.0
28-12-2020,140.0,3231.0,139.93,3124.0,96.69,970.0,887.0,0.0
29-12-2020,140.0,3231.0,139.94,3128.0,96.81,866.0,755.0,0.0
30-12-2020,140.0,3231.0,139.95,3131.0,96.9,594.0,511.0,0.0
31-12-2020,140.0,3231.0,139.96,3135.0,97.03,521.0,387.0,0.0
01-01-2021,140.0,3231.0,139.96,3135.0,97.03,874.0,874.0,0.0
02-01-2021,140.0,3231.0,139.96,3135.0,97.03,874.0,874.0,0.0
03-01-2021,140.0,3231.0,139.96,3135.0,97.03,874.0,874.0,0.0
04-01-2021,140.0,3231.0,139.96,3135.0,97.03,874.0,874.0,0.0
05-01-2021,140.0,3231.0,139.96,3135.0,97.03,874.0,874.0,14.6
06-01-2021,140.0,3231.0,139.96,3135.0,97.03,994.0,1021.0,51.4
07-01-2021,140.0,3231.0,139.96,3135.0,97.03,2997.0,2997.0,66.0
08-01-2021,140.0,3231.0,139.96,3135.0,97.03,2997.0,2997.0,0.0
09-01-2021,140.0,3231.0,139.96,3135.0,97.03,1021.0,1021.0,0.0
10-01-2021,140.0,3231.0,139.96,3135.0,97.03,1022.0,1021.0,0.0
11-01-2021,140.0,3231.0,139.96,3135.0,97.03,1021.0,1021.0,0.0
12-01-2021,140.0,3231.0,139.96,3135.0,97.03,1021.0,1021.0,0.0
13-01-2021,140.0,3231.0,139.96,3135.0,97.03,675.0,675.0,0.0
14-01-2021,140.0,3231.0,139.96,3135.0,97.03,426.0,426.0,0.0
15-01-2021,140.0,3231.0,139.96,3135.0,97.03,591.0,591.0,0.0
16-01-2021,140.0,3231.0,139.96,3135.0,97.03,548.0,674.0,0.0
17-01-2021,140.0,3231.0,139.96,3135.0,97.03,610.0,674.0,0.0
18-01-2021,140.0,3231.0,139.96,3135.0,97.03,566.0,550.0,0.0
19-01-2021,140.0,3231.0,139.96,3135.0,97.03,576.0,550.0,0.0
20-01-2021,140.0,3231.0,139.96,3135.0,97.03,550.0,618.0,0.0
21-01-2021,140.0,3231.0,139.96,3135.0,97.03,633.0,618.0,0.0
22-01-2021,140.0,3231.0,139.97,3159.0,97.77,691.0,537.0,0.0
23-01-2021,140.0,3231.0,139.97,3159.0,97.77,659.0,564.0,0.0
24-01-2021,140.0,3231.0,139.97,3159.0,97.77,638.0,645.0,0.0
25-01-2021,140.0,3231.0,139.97,3159.0,97.77,628.0,645.0,0.0
26-01-2021,140.0,3231.0,139.97,3159.0,97.77,612.0,645.0,0.0
27-01-2021,140.0,3231.0,139.97,3159.0,97.77,633.0,645.0,0.0
28-01-2021,140.0,3231.0,139.98,3186.0,98.61,649.0,407.0,0.0
29-01-2021,140.0,3231.0,139.99,3213.0,99.44,659.0,407.0,0.0
30-01-2021,140.0,3231.0,140.0,3231.0,100.0,633.0,488.0,0.0
31-01-2021,140.0,3231.0,140.0,3231.0,100.0,623.0,488.0,0.0
01-02-2021,140.0,3231.0,140.0,3231.0,100.0,571.0,500.0,0.0
02-02-2021,140.0,3231.0,140.0,3231.0,100.0,434.0,440.0,0.0
03-02-2021,140.0,3231.0,140.0,3231.0,100.0,334.0,440.0,0.0
04-02-2021,140.0,3231.0,140.0,3231.0,100.0,365.0,369.0,0.0
05-02-2021,140.0,3231.0,140.0,3231.0,100.0,335.0,329.0,0.0
06-02-2021,140.0,3231.0,140.0,3231.0,100.0,320.0,319.0,0.0
07-02-2021,140.0,3231.0,140.0,3231.0,100.0,320.0,317.0,0.0
08-02-2021,140.0,3231.0,140.0,3231.0,100.0,320.0,319.0,0.0
09-02-2021,140.0,3231.0,140.0,3231.0,100.0,280.0,279.0,0.0
10-02-2021,140.0,3231.0,140.0,3231.0,100.0,220.0,219.0,0.0
11-02-2021,140.0,3231.0,140.0,3231.0,100.0,220.0,219.0,0.0
12-02-2021,140.0,3231.0,139.99,3213.0,99.44,120.0,219.0,0.0
13-02-2021,140.0,3231.0,139.99,3213.0,99.44,110.0,219.0,0.0
14-02-2021,140.0,3231.0,139.98,3186.0,98.61,110.0,219.0,0.0
15-02-2021,140.0,3231.0,139.98,3186.0,98.61,90.0,219.0,0.0
16-02-2021,140.0,3231.0,139.97,3159.0,97.77,90.0,219.0,0.0
17-02-2021,140.0,3231.0,139.96,3135.0,97.03,50.0,219.0,0.0
18-02-2021,140.0,3231.0,139.91,3118.0,96.5,30.0,219.0,0.0
19-02-2021,140.0,3231.0,139.86,3101.0,95.98,30.0,219.0,0.0
20-02-2021,140.0,3231.0,139.8,3085.0,95.48,25.0,219.0,0.0
21-02-2021,140.0,3231.0,139.76,3069.0,94.99,25.0,219.0,1.0
22-02-2021,140.0,3231.0,139.72,3055.0,94.55,25.0,219.0,2.0
23-02-2021,140.0,3231.0,139.67,3038.0,94.03,25.0,219.0,0.0
24-02-2021,140.0,3231.0,139.62,3022.0,93.53,25.0,219.0,0.0
25-02-2021,140.0,3231.0,139.57,3005.0,93.01,25.0,219.0,0.0
26-02-2021,140.0,3231.0,139.52,2989.0,92.51,25.0,219.0,0.0
27-02-2021,140.0,3231.0,139.47,2973.0,92.01,25.0,219.0,0.0
28-02-2021,140.0,3231.0,139.42,2957.0,91.52,25.0,219.0,0.0
01-03-2021,140.0,3231.0,139.37,2941.0,91.02,25.0,219.0,0.0
02-03-2021,140.0,3231.0,139.33,2928.0,90.62,35.0,219.0,0.0
03-03-2021,140.0,3231.0,139.28,2912.0,90.13,35.0,219.0,0.0
04-03-2021,140.0,3231.0,139.23,2896.0,89.63,35.0,219.0,0.0
05-03-2021,140.0,3231.0,139.18,2880.0,89.14,35.0,219.0,0.0
06-03-2021,140.0,3231.0,139.13,2864.0,88.64,35.0,219.0,0.0
07-03-2021,140.0,3231.0,139.02,2830.0,87.59,30.0,422.0,0.0
08-03-2021,140.0,3231.0,138.91,2795.0,86.51,25.0,422.0,0.0
09-03-2021,140.0,3231.0,138.8,2761.0,85.45,25.0,422.0,0.0
10-03-2021,140.0,3231.0,138.69,2727.0,84.4,25.0,422.0,0.0
11-03-2021,140.0,3231.0,138.58,2693.0,83.35,25.0,422.0,0.0
12-03-2021,140.0,3231.0,138.47,2660.0,82.33,25.0,422.0,0.0
13-03-2021,140.0,3231.0,138.36,2627.0,81.31,25.0,422.0,0.0
14-03-2021,140.0,3231.0,138.24,2592.0,80.22,25.0,422.0,0.0
15-03-2021,140.0,3231.0,138.13,2558.0,79.17,25.0,422.0,0.0
16-03-2021,140.0,3231.0,138.01,2524.0,78.12,25.0,422.0,0.0
17-03-2021,140.0,3231.0,137.89,2490.0,77.07,20.0,422.0,0.0
18-03-2021,140.0,3231.0,137.77,2455.0,75.98,20.0,422.0,0.0
19-03-2021,140.0,3231.0,137.65,2421.0,74.93,20.0,422.0,0.0
20-03-2021,140.0,3231.0,137.53,2387.0,73.88,20.0,422.0,0.0
21-03-2021,140.0,3231.0,137.41,2354.0,72.86,20.0,422.0,0.0
22-03-2021,140.0,3231.0,137.29,2320.0,71.8,20.0,422.0,0.0
23-03-2021,140.0,3231.0,137.17,2287.0,70.78,20.0,422.0,0.0
24-03-2021,140.0,3231.0,137.05,2254.0,69.76,20.0,422.0,0.0
25-03-2021,140.0,3231.0,136.92,2220.0,68.71,20.0,422.0,0.0
26-03-2021,140.0,3231.0,136.8,2187.0,67.69,20.0,422.0,0.0
27-03-2021,140.0,3231.0,136.87,2153.0,66.64,20.0,422.0,0.0
28-03-2021,140.0,3231.0,136.55,2121.0,65.65,20.0,422.0,0.0
29-03-2021,140.0,3231.0,136.46,2098.0,64.93,20.0,422.0,0.0
30-03-2021,140.0,3231.0,136.35,2069.0,64.04,20.0,422.0,0.0
31-03-2021,140.0,3231.0,136.25,2044.0,63.26,20.0,422.0,0.0
01-04-2021,140.0,3231.0,136.15,2018.0,62.46,20.0,417.0,0.0
02-04-2021,140.0,3231.0,136.02,1985.0,61.44,20.0,417.0,0.0
03-04-2021,140.0,3231.0,135.9,1955.0,60.51,20.0,417.0,0.0
04-04-2021,140.0,3231.0,135.8,1931.0,59.76,20.0,417.0,0.0
05-04-2021,140.0,3231.0,135.68,1901.0,58.84,20.0,417.0,0.0
06-04-2021,140.0,3231.0,135.55,1869.0,57.85,20.0,417.0,0.0
07-04-2021,140.0,3231.0,135.42,1838.0,56.89,20.0,417.0,0.0
08-04-2021,140.0,3231.0,135.3,1810.0,56.02,20.0,417.0,0.0
09-04-2021,140.0,3231.0,135.17,1779.0,55.06,20.0,417.0,0.0
10-04-2021,140.0,3231.0,135.05,1751.0,54.19,20.0,417.0,0.0
11-04-2021,140.0,3231.0,134.92,1721.0,53.27,20.0,417.0,0.0
12-04-2021,140.0,3231.0,134.77,1687.0,52.21,20.0,417.0,0.0
13-04-2021,140.0,3231.0,134.65,1660.0,51.38,20.0,417.0,0.0
14-04-2021,140.0,3231.0,134.58,1644.0,50.88,20.0,417.0,0.0
15-04-2021,140.0,3231.0,134.45,1615.0,49.98,20.0,417.0,0.0
16-04-2021,140.0,3231.0,134.3,1582.0,48.96,20.0,417.0,0.0
17-04-2021,140.0,3231.0,134.15,1550.0,47.97,20.0,417.0,0.0
18-04-2021,140.0,3231.0,134.0,1518.0,46.98,20.0,417.0,0.0
19-04-2021,140.0,3231.0,133.9,1497.0,46.33,20.0,417.0,0.0
20-04-2021,140.0,3231.0,133.75,1467.0,45.4,20.0,417.0,0.0
21-04-2021,140.0,3231.0,133.62,1440.0,44.57,10.0,417.0,0.0
22-04-2021,140.0,3231.0,133.45,1406.0,43.52,0.0,417.0,0.0
23-04-2021,140.0,3231.0,133.3,1377.0,42.62,0.0,417.0,0.0
24-04-2021,140.0,3231.0,133.15,1348.0,41.72,0.0,417.0,0.0
25-04-2021,140.0,3231.0,133.0,1320.0,40.85,0.0,417.0,0.0
26-04-2021,140.0,3231.0,132.85,1292.0,39.99,0.0,417.0,0.0
27-04-2021,140.0,3231.0,132.7,1264.0,39.12,0.0,417.0,0.0
28-04-2021,140.0,3231.0,132.55,1237.0,38.29,0.0,417.0,0.0
29-04-2021,140.0,3231.0,132.45,1220.0,37.76,0.0,417.0,0.0
30-04-2021,140.0,3231.0,132.3,1194.0,36.95,0.0,417.0,0.0
01-05-2021,140.0,3231.0,132.1,1160.0,35.9,0.0,417.0,0.0
02-05-2021,140.0,3231.0,131.95,1135.0,35.13,0.0,412.0,0.0
03-05-2021,140.0,3231.0,131.8,1111.0,34.39,0.0,412.0,0.0
04-05-2021,140.0,3231.0,131.6,1079.0,33.4,0.0,412.0,0.0
05-05-2021,140.0,3231.0,131.45,1056.0,32.68,0.0,412.0,0.0
06-05-2021,140.0,3231.0,131.25,1026.0,31.75,0.0,412.0,0.0
07-05-2021,140.0,3231.0,131.1,1004.0,31.07,0.0,412.0,0.0
08-05-2021,140.0,3231.0,130.95,982.0,30.39,0.0,409.0,0.0
09-05-2021,140.0,3231.0,130.75,953.0,29.5,0.0,409.0,0.0
10-05-2021,140.0,3231.0,130.55,924.0,28.6,0.0,401.0,0.0
11-05-2021,140.0,3231.0,130.4,902.0,27.92,0.0,401.0,0.0
12-05-2021,140.0,3231.0,130.2,874.0,27.05,0.0,401.0,0.0
13-05-2021,140.0,3231.0,130.0,846.0,26.18,0.0,401.0,0.0
14-05-2021,140.0,3231.0,129.85,825.0,25.53,0.0,401.0,0.0
15-05-2021,140.0,3231.0,129.7,804.0,24.88,0.0,401.0,0.0
16-05-2021,140.0,3231.0,129.5,774.0,23.96,0.0,401.0,0.0
17-05-2021,140.0,3231.0,129.3,749.0,23.18,0.0,401.0,0.0
18-05-2021,140.0,3231.0,129.03,713.0,22.07,0.0,419.0,0.0
19-05-2021,140.0,3231.0,128.76,678.0,20.98,0.0,405.0,0.0
20-05-2021,140.0,3231.0,128.5,643.0,19.9,0.0,405.0,0.0
21-05-2021,140.0,3231.0,128.25,610.0,18.88,20.0,405.0,46.0
22-05-2021,140.0,3231.0,128.0,578.0,17.89,10.0,369.0,16.0
23-05-2021,140.0,3231.0,127.88,563.0,17.42,0.0,170.0,0.0
24-05-2021,140.0,3231.0,127.77,549.0,16.99,0.0,170.0,0.0
25-05-2021,140.0,3231.0,127.66,535.0,16.56,0.0,170.0,0.0
26-05-2021,140.0,3231.0,127.55,522.0,16.16,0.0,170.0,0.0
27-05-2021,140.0,3231.0,127.44,508.0,15.72,0.0,170.0,0.0
28-05-2021,140.0,3231.0,127.31,493.0,15.26,0.0,169.0,0.0
29-05-2021,140.0,3231.0,127.19,478.0,14.79,0.0,169.0,0.0
30-05-2021,140.0,3231.0,126.98,454.0,14.05,0.0,169.0,0.0
31-05-2021,140.0,3231.0,126.86,440.0,13.62,0.0,169.0,0.0
01-06-2021,140.0,3231.0,126.74,427.0,13.22,0.0,164.0,0.0
02-06-2021,140.0,3231.0,126.62,413.0,12.78,0.0,164.0,0.0
03-06-2021,140.0,3231.0,126.5,400.0,12.38,0.0,164.0,0.0
04-06-2021,140.0,3231.0,126.38,387.0,11.98,0.0,164.0,0.0
05-06-2021,140.0,3231.0,126.25,373.0,11.54,0.0,164.0,0.0
06-06-2021,140.0,3231.0,126.12,360.0,11.14,0.0,164.0,0.0
07-06-2021,140.0,3231.0,126.0,347.0,10.74,0.0,164.0,0.0
08-06-2021,140.0,3231.0,125.85,332.0,10.28,0.0,164.0,0.0
09-06-2021,140.0,3231.0,125.7,317.0,9.81,0.0,164.0,0.0
10-06-2021,140.0,3231.0,125.48,296.0,9.16,0.0,244.0,0.0
11-06-2021,140.0,3231.0,125.26,275.0,8.51,0.0,244.0,0.0
12-06-2021,140.0,3231.0,125.03,254.0,7.86,0.0,244.0,0.0
13-06-2021,140.0,3231.0,124.76,230.0,7.12,0.0,274.0,0.0
14-06-2021,140.0,3231.0,124.47,206.0,6.38,0.0,274.0,0.0
15-06-2021,140.0,3231.0,124.24,187.0,5.79,0.0,224.0,0.0
16-06-2021,140.0,3231.0,123.94,166.0,5.14,0.0,244.0,0.0
17-06-2021,140.0,3231.0,123.98,169.0,5.23,280.0,244.0,0.0
18-06-2021,140.0,3231.0,124.16,182.0,5.63,394.0,244.0,0.0
19-06-2021,140.0,3231.0,124.33,195.0,6.04,427.0,284.0,0.0
20-06-2021,140.0,3231.0,124.46,205.0,6.34,420.0,284.0,0.0
21-06-2021,140.0,3231.0,124.6,217.0,6.72,400.0,264.0,0.0
22-06-2021,140.0,3231.0,124.8,234.0,7.24,458.0,264.0,0.0
23-06-2021,140.0,3231.0,124.97,249.0,7.71,430.0,264.0,0.0
24-06-2021,140.0,3231.0,125.13,263.0,8.14,430.0,264.0,39.0
25-06-2021,140.0,3231.0,125.32,281.0,8.7,472.0,264.0,0.0
26-06-2021,140.0,3231.0,125.54,302.0,9.35,502.0,264.0,0.0
27-06-2021,140.0,3231.0,125.73,320.0,9.9,463.0,259.0,0.0
28-06-2021,140.0,3231.0,125.9,337.0,10.43,458.0,264.0,7.0
29-06-2021,140.0,3231.0,126.07,355.0,10.99,467.0,264.0,0.0
30-06-2021,140.0,3231.0,126.29,378.0,11.7,467.0,224.0,0.0
01-07-2021,140.0,3231.0,126.53,404.0,12.5,480.0,179.0,11.0
02-07-2021,140.0,3231.0,126.79,432.0,13.37,502.0,179.0,13.0
03-07-2021,140.0,3231.0,127.06,463.0,14.33,538.0,179.0,24.0
04-07-2021,140.0,3231.0,127.31,493.0,15.26,525.0,179.0,0.0
05-07-2021,140.0,3231.0,127.59,526.0,16.28,497.0,179.0,0.0
06-07-2021,140.0,3231.0,127.82,555.0,17.18,511.0,179.0,0.0
07-07-2021,140.0,3231.0,128.06,586.0,18.14,533.0,179.0,0.0
08-07-2021,140.0,3231.0,128.3,617.0,19.1,545.0,179.0,0.0
09-07-2021,140.0,3231.0,128.57,652.0,20.18,581.0,179.0,36.0
10-07-2021,140.0,3231.0,128.54,687.0,21.26,591.0,179.0,6.0
11-07-2021,140.0,3231.0,129.22,738.0,22.84,620.0,24.0,5.0
12-07-2021,140.0,3231.0,129.58,788.0,24.39,602.0,24.0,8.0
13-07-2021,140.0,3231.0,129.82,821.0,25.41,400.0,24.0,0.0
14-07-2021,140.0,3231.0,129.96,840.0,26.0,247.0,24.0,0.0
15-07-2021,140.0,3231.0,130.21,875.0,27.08,429.0,24.0,13.0
16-07-2021,140.0,3231.0,130.56,925.0,28.63,620.0,24.0,0.0
17-07-2021,140.0,3231.0,131.15,1011.0,31.29,971.0,24.0,72.0
18-07-2021,140.0,3231.0,131.55,1071.0,33.15,730.0,24.0,0.0
19-07-2021,140.0,3231.0,132.0,1143.0,35.38,864.0,31.0,20.0
20-07-2021,140.0,3231.0,132.37,1206.0,37.33,760.0,31.0,30.0
21-07-2021,140.0,3231.0,132.7,1264.0,39.12,702.0,31.0,5.0
22-07-2021,140.0,3231.0,132.98,1316.0,40.73,643.0,31.0,0.0
23-07-2021,140.0,3231.0,133.27,1371.0,42.43,643.0,31.0,0.0
24-07-2021,140.0,3231.0,133.55,1426.0,44.13,668.0,31.0,0.0
25-07-2021,140.0,3231.0,133.82,1481.0,45.84,676.0,31.0,0.0
26-07-2021,140.0,3231.0,134.09,1537.0,47.57,684.0,31.0,12.0
27-07-2021,140.0,3231.0,134.35,1593.0,49.3,682.0,31.0,0.0
28-07-2021,140.0,3231.0,134.6,1648.0,51.01,660.0,31.0,0.0
29-07-2021,140.0,3231.0,134.84,1703.0,52.71,658.0,31.0,0.0
30-07-2021,140.0,3231.0,135.08,1759.0,54.44,680.0,31.0,0.0
31-07-2021,140.0,3231.0,135.32,1814.0,56.14,686.0,31.0,0.0
01-08-2021,140.0,3231.0,135.55,1869.0,57.85,680.0,37.0,14.0
02-08-2021,140.0,3231.0,135.76,1922.0,59.49,659.0,40.0,0.0
03-08-2021,140.0,3231.0,135.95,1968.0,60.91,659.0,40.0,0.0
04-08-2021,140.0,3231.0,136.15,2018.0,62.46,655.0,42.0,2.0
05-08-2021,140.0,3231.0,136.32,2062.0,63.82,632.0,42.0,0.0
06-08-2021,140.0,3231.0,136.47,2100.0,65.0,561.0,42.0,0.0
07-08-2021,140.0,3231.0,136.55,2121.0,65.65,518.0,284.0,0.0
08-08-2021,140.0,3231.0,136.55,2121.0,65.65,535.0,554.0,0.0
09-08-2021,140.0,3231.0,136.55,2121.0,65.65,535.0,554.0,0.0
10-08-2021,140.0,3231.0,136.7,2161.0,66.88,993.0,554.0,91.0
11-08-2021,140.0,3231.0,136.8,2187.0,67.69,846.0,554.0,0.0
12-08-2021,140.0,3231.0,136.85,2201.0,68.12,707.0,554.0,0.0
13-08-2021,140.0,3231.0,136.85,2201.0,68.12,557.0,554.0,0.0
14-08-2021,140.0,3231.0,136.85,2201.0,68.12,561.0,554.0,0.0
15-08-2021,140.0,3231.0,136.85,2201.0,68.12,553.0,554.0,0.0
16-08-2021,140.0,3231.0,136.85,2201.0,68.12,555.0,554.0,0.0
17-08-2021,140.0,3231.0,136.9,2214.0,68.52,703.0,554.0,10.0
18-08-2021,140.0,3231.0,136.95,2228.0,68.96,716.0,557.0,0.0
19-08-2021,140.0,3231.0,137.0,2241.0,69.36,711.0,557.0,0.0
20-08-2021,140.0,3231.0,137.05,2256.0,69.82,721.0,557.0,0.0
21-08-2021,140.0,3231.0,137.1,2268.0,70.19,697.0,557.0,0.0
22-08-2021,140.0,3231.0,137.13,2276.0,70.44,649.0,557.0,0.0
23-08-2021,140.0,3231.0,137.13,2276.0,70.44,557.0,557.0,0.0
24-08-2021,140.0,3231.0,137.13,2276.0,70.44,558.0,557.0,0.0
25-08-2021,140.0,3231.0,137.25,2309.0,71.46,939.0,557.0,11.0
26-08-2021,140.0,3231.0,137.35,2337.0,72.33,866.0,557.0,0.0
27-08-2021,140.0,3231.0,137.42,2356.0,72.92,847.0,607.0,12.0
28-08-2021,140.0,3231.0,137.67,2427.0,75.12,1429.0,607.0,24.0
29-08-2021,140.0,3231.0,137.9,2492.0,77.13,1105.0,607.0,23.0
30-08-2021,140.0,3231.0,138.0,2521.0,78.03,1009.0,673.0,4.0
31-08-2021,140.0,3231.0,138.05,2536.0,78.49,847.0,673.0,13.0
01-09-2021,140.0,3231.0,138.1,2550.0,78.92,842.0,680.0,16.0
02-09-2021,140.0,3231.0,138.14,2562.0,79.29,819.0,680.0,0.0
03-09-2021,140.0,3231.0,138.16,2568.0,79.48,749.0,680.0,0.0
04-09-2021,140.0,3231.0,138.3,2609.0,80.75,1160.0,685.0,5.0
05-09-2021,140.0,3231.0,138.34,2621.0,81.12,906.0,685.0,0.0
06-09-2021,140.0,3231.0,138.36,2627.0,81.31,754.0,685.0,0.0
07-09-2021,140.0,3231.0,138.46,2654.0,82.14,1000.0,685.0,18.0
08-09-2021,140.0,3231.0,138.48,2663.0,82.42,789.0,685.0,0.0
09-09-2021,140.0,3231.0,138.52,2675.0,82.79,836.0,685.0,0.0
10-09-2021,140.0,3231.0,138.52,2675.0,82.79,685.0,685.0,0.0
11-09-2021,140.0,3231.0,138.62,2707.0,83.78,768.0,685.0,0.0
12-09-2021,140.0,3231.0,138.67,2721.0,84.22,866.0,704.0,0.0
13-09-2021,140.0,3231.0,138.67,2721.0,84.22,704.0,704.0,0.0
14-09-2021,140.0,3231.0,138.65,2715.0,84.03,653.0,704.0,0.0
15-09-2021,140.0,3231.0,138.65,2715.0,84.03,704.0,704.0,0.0
16-09-2021,140.0,3231.0,138.63,2709.0,83.84,635.0,704.0,0.0
17-09-2021,140.0,3231.0,138.6,2700.0,83.57,597.0,701.0,0.0
18-09-2021,140.0,3231.0,138.5,2669.0,82.61,345.0,704.0,0.0
19-09-2021,140.0,3231.0,138.4,2639.0,81.68,357.0,704.0,0.0
20-09-2021,140.0,3231.0,138.27,2600.0,80.47,253.0,704.0,0.0
21-09-2021,140.0,3231.0,138.1,2550.0,78.92,122.0,704.0,0.0
22-09-2021,140.0,3231.0,138.0,2521.0,78.03,309.0,645.0,0.0
23-09-2021,140.0,3231.0,138.0,2521.0,78.03,291.0,291.0,8.0
24-09-2021,140.0,3231.0,138.0,2521.0,78.03,291.0,291.0,0.0
25-09-2021,140.0,3231.0,137.95,2507.0,77.59,127.0,291.0,0.0
26-09-2021,140.0,3231.0,137.9,2492.0,77.13,117.0,291.0,18.0
27-09-2021,140.0,3231.0,137.9,2492.0,77.13,107.0,107.0,0.0
28-09-2021,140.0,3231.0,137.88,2487.0,76.97,49.0,107.0,0.0
29-09-2021,140.0,3231.0,137.88,2487.0,76.97,49.0,107.0,0.0
30-09-2021,140.0,3231.0,137.92,2498.0,77.31,234.0,107.0,0.0
01-10-2021,140.0,3231.0,137.95,2507.0,77.59,198.0,94.0,5.0
02-10-2021,140.0,3231.0,137.98,2516.0,77.87,198.0,94.0,0.0
03-10-2021,140.0,3231.0,137.97,2513.0,77.78,163.0,94.0,2.0
04-10-2021,140.0,3231.0,137.97,2513.0,77.78,94.0,94.0,0.0
05-10-2021,140.0,3231.0,137.95,2507.0,77.59,30.0,94.0,0.0
06-10-2021,140.0,3231.0,138.15,2565.0,79.39,765.0,94.0,67.0
07-10-2021,140.0,3231.0,138.2,2580.0,79.85,268.0,94.0,0.0
08-10-2021,140.0,3231.0,138.28,2603.0,80.56,360.0,94.0,0.0
09-10-2021,140.0,3231.0,138.5,2669.0,82.61,858.0,94.0,0.0
10-10-2021,140.0,3231.0,138.95,2807.0,86.88,1691.0,94.0,0.0
11-10-2021,140.0,3231.0,139.05,2839.0,87.87,1464.0,1094.0,0.0
12-10-2021,140.0,3231.0,138.95,2807.0,86.88,694.0,1064.0,0.0
13-10-2021,140.0,3231.0,138.93,2801.0,86.69,495.0,564.0,8.0
14-10-2021,140.0,3231.0,139.05,2839.0,87.87,1994.0,1544.0,40.0
15-10-2021,140.0,3231.0,138.95,2807.0,86.88,209.0,579.0,0.0
16-10-2021,140.0,3231.0,138.95,2807.0,86.88,579.0,579.0,0.0
17-10-2021,140.0,3231.0,138.97,2814.0,87.09,654.0,576.0,0.0
18-10-2021,140.0,3231.0,139.0,2823.0,87.37,668.0,579.0,45.0
19-10-2021,140.0,3231.0,139.0,2823.0,87.37,579.0,579.0,0.0
20-10-2021,140.0,3231.0,139.0,2823.0,87.37,1064.0,1064.0,0.0
21-10-2021,140.0,3231.0,138.99,2820.0,87.28,1029.0,1064.0,8.0
22-10-2021,140.0,3231.0,138.9,2792.0,86.41,740.0,1064.0,0.0
23-10-2021,140.0,3231.0,138.86,2779.0,86.01,636.0,576.0,0.0
24-10-2021,140.0,3231.0,138.9,2792.0,86.41,715.0,576.0,0.0
25-10-2021,140.0,3231.0,138.98,2817.0,87.19,1249.0,1064.0,19.0
26-10-2021,140.0,3231.0,138.86,2749.0,85.08,576.0,576.0,0.0
27-10-2021,140.0,3231.0,138.86,2779.0,86.01,576.0,576.0,0.0
28-10-2021,140.0,3231.0,138.83,2770.0,85.73,472.0,576.0,0.0
29-10-2021,140.0,3231.0,138.8,2761.0,85.45,234.0,338.0,0.0
30-10-2021,140.0,3231.0,138.88,2786.0,86.23,865.0,576.0,21.0
31-10-2021,140.0,3231.0,138.95,2807.0,86.88,819.0,576.0,16.0
01-11-2021,140.0,3231.0,138.95,2807.0,86.88,581.0,581.0,15.0
02-11-2021,140.0,3231.0,138.98,2817.0,87.19,697.0,581.0,13.0
03-11-2021,140.0,3231.0,139.15,2870.0,88.83,10097.0,10097.0,0.0
04-11-2021,140.0,3231.0,139.02,2829.0,87.56,1881.0,1989.0,11.0
05-11-2021,140.0,3231.0,138.95,2807.0,86.88,1023.0,1023.0,4.0
06-11-2021,140.0,3231.0,138.98,2817.0,87.19,729.0,531.0,0.0
07-11-2021,140.0,3231.0,139.13,2864.0,88.64,1464.0,531.0,34.0
08-11-2021,140.0,3231.0,138.88,2786.0,86.23,2244.0,4883.0,58.0
09-11-2021,140.0,3231.0,138.64,2712.0,83.94,3256.0,4089.0,8.0
10-11-2021,140.0,3231.0,138.28,2603.0,80.56,4038.0,5558.0,6.0
11-11-2021,140.0,3231.0,137.73,2444.0,75.64,7973.0,5195.0,86.0
12-11-2021,140.0,3231.0,138.19,2577.0,79.76,11496.0,10246.0,50.0
13-11-2021,140.0,3231.0,138.9,2792.0,86.41,13264.0,13264.0,0.0
14-11-2021,140.0,3231.0,138.92,2798.0,86.6,6097.0,6097.0,0.0
15-11-2021,140.0,3231.0,139.1,2854.0,88.33,6097.0,6097.0,13.0
16-11-2021,140.0,3231.0,138.97,2814.0,87.09,5472.0,6097.0,0.0
17-11-2021,140.0,3231.0,138.62,2706.0,83.75,5146.0,7056.0,0.0
18-11-2021,140.0,3231.0,137.84,2475.0,76.6,5389.0,7056.0,22.0
19-11-2021,140.0,3231.0,137.37,2342.0,72.49,18612.0,12084.0,78.0
20-11-2021,140.0,3231.0,139.41,2953.0,91.4,29719.0,29719.0,2.0
21-11-2021,140.0,3231.0,139.26,2905.0,89.91,22444.0,23728.0,0.0
22-11-2021,140.0,3231.0,139.26,2905.0,89.91,18275.0,18275.0,0.0
23-11-2021,140.0,3231.0,138.37,2630.0,81.4,10398.0,15259.0,3.0
24-11-2021,140.0,3231.0,137.8,2464.0,76.26,8444.0,9243.0,0.0
25-11-2021,140.0,3231.0,137.45,2365.0,73.2,5502.0,6266.0,0.0
26-11-2021,140.0,3231.0,137.3,2322.0,71.87,4248.0,4248.0,7.0
27-11-2021,140.0,3231.0,137.53,2387.0,73.88,7720.0,4253.0,88.0
28-11-2021,140.0,3231.0,138.63,2709.0,83.84,8975.0,4253.0,21.0
29-11-2021,140.0,3231.0,139.14,2867.0,88.73,13626.0,12237.0,81.0
30-11-2021,140.0,3231.0,139.45,2966.0,91.8,21079.0,21079.0,21.0
01-12-2021,140.0,3231.0,139.12,2841.0,87.93,14007.0,15083.0,4.0
02-12-2021,140.0,3231.0,139.15,2870.0,88.83,12374.0,12061.0,0.0
03-12-2021,140.0,3231.0,139.15,2870.0,88.83,10097.0,10097.0,0.0
04-12-2021,140.0,3231.0,139.15,2870.0,88.83,5083.0,5083.0,0.0
05-12-2021,140.0,3231.0,139.22,2893.0,89.54,3504.0,3261.0,0.0
06-12-2021,140.0,3231.0,139.31,2921.0,90.41,3712.0,3261.0,0.0
07-12-2021,140.0,3231.0,139.46,2980.0,92.23,3186.0,2596.0,0.0
08-12-2021,140.0,3231.0,139.53,2992.0,92.6,2639.0,2431.0,0.0
09-12-2021,140.0,3231.0,139.6,3015.0,93.31,2144.0,1941.0,0.0
10-12-2021,140.0,3231.0,139.65,3031.0,93.81,1222.0,1222.0,4.0
11-12-2021,140.0,3231.0,139.69,3045.0,94.24,983.0,844.0,0.0
12-12-2021,140.0,3231.0,139.73,3058.0,94.65,983.0,844.0,0.0
13-12-2021,140.0,3231.0,139.77,3073.0,95.11,1017.0,844.0,0.0
14-12-2021,140.0,3231.0,139.81,3087.0,95.54,1512.0,1443.0,10.0
15-12-2021,140.0,3231.0,139.85,3098.0,95.88,2517.0,2413.0,0.0
16-12-2021,140.0,3231.0,139.86,3101.0,95.98,1443.0,1443.0,0.0
17-12-2021,140.0,3231.0,139.87,3104.0,96.07,1064.0,960.0,0.0
18-12-2021,140.0,3231.0,139.91,3118.0,96.5,861.0,722.0,0.0
19-12-2021,140.0,3231.0,139.93,3124.0,96.69,660.0,556.0,0.0
20-12-2021,140.0,3231.0,139.95,3131.0,96.9,637.0,556.0,0.0
21-12-2021,140.0,3231.0,139.96,3135.0,97.03,640.0,556.0,0.0
22-12-2021,140.0,3231.0,139.96,3135.0,97.03,640.0,556.0,0.0
23-12-2021,140.0,3231.0,139.97,3159.0,97.77,1000.0,722.0,0.0
24-12-2021,140.0,3231.0,139.98,3186.0,98.61,1034.0,722.0,0.0
25-12-2021,140.0,3231.0,139.99,3213.0,99.44,869.0,556.0,0.0
26-12-2021,140.0,3231.0,140.0,3231.0,100.0,764.0,556.0,0.0
27-12-2021,140.0,3231.0,139.99,3213.0,99.44,265.0,473.0,0.0
28-12-2021,140.0,3231.0,139.98,3186.0,98.61,161.0,473.0,0.0
29-12-2021,140.0,3231.0,139.96,3135.0,97.03,0.0,473.0,0.0
30-12-2021,140.0,3231.0,139.86,3101.0,95.98,0.0,473.0,0.0
31-12-2021,140.0,3231.0,139.91,3114.0,96.38,1117.0,1117.0,90.0
01-01-2022,140.0,3231.0,139.91,3118.0,96.5,1117.0,1117.0,20.0
02-01-2022,140.0,3231.0,139.91,3118.0,96.5,1117.0,1117.0,3.0
03-01-2022,140.0,3231.0,139.91,3118.0,96.5,1117.0,1117.0,0.0
04-01-2022,140.0,3231.0,139.91,3118.0,96.5,1117.0,1117.0,0.0
05-01-2022,140.0,3231.0,139.91,3118.0,96.5,622.0,622.0,0.0
06-01-2022,140.0,3231.0,139.92,3122.0,96.63,916.0,870.0,0.0
07-01-2022,140.0,3231.0,139.92,3122.0,96.63,624.0,624.0,0.0
08-01-2022,140.0,3231.0,139.92,3122.0,96.63,627.0,627.0,0.0
09-01-2022,140.0,3231.0,139.92,3122.0,96.63,622.0,622.0,0.0
10-01-2022,140.0,3231.0,139.92,3122.0,96.63,622.0,622.0,0.0
11-01-2022,140.0,3231.0,139.92,3122.0,96.63,326.0,326.0,0.0
12-01-2022,140.0,3231.0,139.92,3122.0,96.63,326.0,326.0,0.0
13-01-2022,140.0,3231.0,139.92,3122.0,96.63,326.0,326.0,0.0
14-01-2022,140.0,3231.0,139.92,3122.0,96.63,266.0,266.0,0.0
15-01-2022,140.0,3231.0,139.92,3122.0,96.63,266.0,266.0,0.0
16-01-2022,140.0,3231.0,139.92,3122.0,96.63,266.0,266.0,0.0
17-01-2022,140.0,3231.0,139.92,3122.0,96.63,239.0,239.0,0.0
18-01-2022,140.0,3231.0,139.92,3122.0,96.63,223.0,223.0,0.0
19-01-2022,140.0,3231.0,139.92,3122.0,96.63,223.0,223.0,0.0
20-01-2022,140.0,3231.0,139.85,3098.0,95.88,161.0,439.0,0.0
21-01-2022,140.0,3231.0,139.77,3073.0,95.11,150.0,439.0,0.0
22-01-2022,140.0,3231.0,139.69,3045.0,94.24,115.0,439.0,0.0
23-01-2022,140.0,3231.0,139.61,3018.0,93.41,105.0,439.0,0.0
24-01-2022,140.0,3231.0,139.55,2999.0,92.82,92.0,439.0,0.0
25-01-2022,140.0,3231.0,139.49,2979.0,92.2,85.0,439.0,0.0
26-01-2022,140.0,3231.0,139.43,2960.0,91.61,85.0,439.0,0.0
27-01-2022,140.0,3231.0,139.37,2940.0,90.99,85.0,439.0,0.0
28-01-2022,140.0,3231.0,139.31,2921.0,90.41,65.0,439.0,0.0
29-01-2022,140.0,3231.0,139.24,2899.0,89.72,45.0,439.0,0.0
30-01-2022,140.0,3231.0,139.17,2877.0,89.04,45.0,439.0,0.0
31-01-2022,140.0,3231.0,139.0,2823.0,87.37,0.0,444.0,0.0
01-02-2022,140.0,3231.0,139.0,2823.0,87.37,0.0,444.0,0.0
02-02-2022,140.0,3231.0,138.91,2795.0,86.51,0.0,444.0,0.0
03-02-2022,140.0,3231.0,138.82,2767.0,85.64,0.0,444.0,0.0
04-02-2022,140.0,3231.0,138.72,2736.0,84.68,0.0,444.0,0.0
05-02-2022,140.0,3231.0,138.62,2706.0,83.75,0.0,444.0,0.0
06-02-2022,140.0,3231.0,138.52,2675.0,82.79,0.0,444.0,0.0
07-02-2022,140.0,3231.0,138.42,2645.0,81.86,0.0,444.0,0.0
08-02-2022,140.0,3231.0,138.32,2615.0,80.93,0.0,444.0,0.0
09-02-2022,140.0,3231.0,138.22,2586.0,80.04,0.0,444.0,0.0
10-02-2022,140.0,3231.0,138.12,2556.0,79.11,0.0,444.0,0.0
11-02-2022,140.0,3231.0,138.02,2527.0,78.21,0.0,444.0,0.0
12-02-2022,140.0,3231.0,137.92,2498.0,77.31,0.0,441.0,0.0
13-02-2022,140.0,3231.0,137.82,2469.0,76.42,0.0,444.0,0.0
14-02-2022,140.0,3231.0,137.72,2441.0,75.55,0.0,444.0,0.0
15-02-2022,140.0,3231.0,137.62,2412.0,74.65,0.0,444.0,0.0
16-02-2022,140.0,3231.0,137.52,2384.0,73.79,0.0,444.0,0.0
17-02-2022,140.0,3231.0,137.42,2356.0,72.92,0.0,443.0,0.0
18-02-2022,140.0,3231.0,137.32,2329.0,72.08,0.0,443.0,0.0
19-02-2022,140.0,3231.0,137.32,2301.0,71.22,0.0,443.0,0.0
20-02-2022,140.0,3231.0,137.12,2274.0,70.38,0.0,443.0,0.0
21-02-2022,140.0,3231.0,137.02,2246.0,69.51,0.0,443.0,0.0
22-02-2022,140.0,3231.0,136.92,2219.0,68.68,0.0,443.0,0.0
23-02-2022,140.0,3231.0,136.86,2203.0,68.18,0.0,443.0,0.0
24-02-2022,140.0,3231.0,136.85,2201.0,68.12,0.0,53.0,0.0
25-02-2022,140.0,3231.0,136.84,2198.0,68.03,0.0,53.0,0.0
26-02-2022,140.0,3231.0,136.83,2195.0,67.94,0.0,53.0,0.0
27-02-2022,140.0,3231.0,136.82,2193.0,67.87,0.0,53.0,0.0
28-02-2022,140.0,3231.0,136.81,2190.0,67.78,0.0,53.0,0.0
01-03-2022,140.0,3231.0,136.8,2187.0,67.69,0.0,48.0,0.0
02-03-2022,140.0,3231.0,136.79,2184.0,67.6,0.0,48.0,0.0
03-03-2022,140.0,3231.0,136.77,2179.0,67.44,0.0,48.0,0.0
04-03-2022,140.0,3231.0,136.75,2174.0,67.29,0.0,48.0,0.0
05-03-2022,140.0,3231.0,136.73,2169.0,67.13,0.0,48.0,0.0
06-03-2022,140.0,3231.0,136.7,2161.0,66.88,0.0,48.0,0.0
07-03-2022,140.0,3231.0,136.68,2155.0,66.7,0.0,48.0,0.0
08-03-2022,140.0,3231.0,136.66,2150.0,66.54,0.0,48.0,0.0
09-03-2022,140.0,3231.0,136.64,2145.0,66.39,0.0,53.0,0.0
10-03-2022,140.0,3231.0,136.62,2140.0,66.23,0.0,53.0,0.0
11-03-2022,140.0,3231.0,136.6,2134.0,66.05,0.0,53.0,0.0
12-03-2022,140.0,3231.0,136.58,2129.0,65.89,0.0,53.0,0.0
13-03-2022,140.0,3231.0,136.56,2124.0,65.74,0.0,53.0,0.0
14-03-2022,140.0,3231.0,136.53,2116.0,65.49,0.0,53.0,0.0
15-03-2022,140.0,3231.0,136.51,2111.0,65.34,0.0,53.0,0.0
16-03-2022,140.0,3231.0,136.48,2103.0,65.09,0.0,53.0,0.0
17-03-2022,140.0,3231.0,136.45,2095.0,64.84,0.0,53.0,0.0
18-03-2022,140.0,3231.0,136.42,2087.0,64.59,0.0,53.0,0.0
19-03-2022,140.0,3231.0,136.39,2080.0,64.38,0.0,53.0,0.0
20-03-2022,140.0,3231.0,136.36,2072.0,64.13,0.0,53.0,0.0
21-03-2022,140.0,3231.0,136.33,2064.0,63.88,0.0,53.0,0.0
22-03-2022,140.0,3231.0,136.3,2055.0,63.6,0.0,53.0,0.0
23-03-2022,140.0,3231.0,136.27,2049.0,63.42,0.0,53.0,0.0
24-03-2022,140.0,3231.0,136.25,2044.0,63.26,0.0,53.0,0.0
25-03-2022,140.0,3231.0,136.23,2039.0,63.11,0.0,53.0,0.0
26-03-2022,140.0,3231.0,136.2,2031.0,62.86,0.0,53.0,0.0
27-03-2022,140.0,3231.0,136.17,2024.0,62.64,0.0,53.0,0.0
28-03-2022,140.0,3231.0,136.14,2016.0,62.4,0.0,53.0,0.0
29-03-2022,140.0,3231.0,136.11,2011.0,62.24,0.0,53.0,0.0
30-03-2022,140.0,3231.0,136.09,2003.0,61.99,0.0,53.0,0.0
31-03-2022,140.0,3231.0,136.07,1998.0,61.84,0.0,53.0,0.0
01-04-2022,140.0,3231.0,136.05,1993.0,61.68,0.0,53.0,0.0
02-04-2022,140.0,3231.0,136.02,1985.0,61.44,0.0,53.0,0.0
03-04-2022,140.0,3231.0,135.99,1978.0,61.22,0.0,53.0,0.0
04-04-2022,140.0,3231.0,135.96,1970.0,60.97,0.0,53.0,0.0
05-04-2022,140.0,3231.0,135.93,1963.0,60.76,0.0,53.0,0.0
06-04-2022,140.0,3231.0,135.9,1955.0,60.51,0.0,53.0,0.0
07-04-2022,140.0,3231.0,135.87,1948.0,60.29,0.0,63.0,0.0
08-04-2022,140.0,3231.0,135.84,1940.0,60.04,0.0,63.0,0.0
09-04-2022,140.0,3231.0,135.81,1933.0,59.83,0.0,63.0,0.0
10-04-2022,140.0,3231.0,135.78,1927.0,59.64,0.0,63.0,0.0
11-04-2022,140.0,3231.0,135.75,1918.0,59.36,0.0,63.0,0.0
12-04-2022,140.0,3231.0,135.72,1911.0,59.15,0.0,63.0,0.0
13-04-2022,140.0,3231.0,135.69,1904.0,58.93,0.0,63.0,0.0
14-04-2022,140.0,3231.0,135.66,1896.0,58.68,0.0,63.0,0.0
15-04-2022,140.0,3231.0,135.63,1889.0,58.46,0.0,63.0,0.0
16-04-2022,140.0,3231.0,135.6,1882.0,58.25,0.0,63.0,0.0
17-04-2022,140.0,3231.0,135.57,1874.0,58.0,0.0,63.0,0.0
18-04-2022,140.0,3231.0,135.54,1867.0,57.78,0.0,63.0,0.0
19-04-2022,140.0,3231.0,135.51,1860.0,57.57,0.0,63.0,0.0
20-04-2022,140.0,3231.0,135.48,1853.0,57.35,0.0,63.0,0.0
21-04-2022,140.0,3231.0,135.45,1845.0,57.1,0.0,63.0,0.0
22-04-2022,140.0,3231.0,135.42,1838.0,56.89,0.0,63.0,0.0
23-04-2022,140.0,3231.0,135.39,1831.0,56.67,0.0,63.0,0.0
24-04-2022,140.0,3231.0,135.36,1824.0,56.45,0.0,63.0,0.0
25-04-2022,140.0,3231.0,135.33,1817.0,56.24,0.0,63.0,0.0
26-04-2022,140.0,3231.0,135.3,1810.0,56.02,0.0,63.0,0.0
27-04-2022,140.0,3231.0,135.27,1802.0,55.77,0.0,63.0,0.0
28-04-2022,140.0,3231.0,135.24,1795.0,55.56,0.0,63.0,0.0
29-04-2022,140.0,3231.0,135.03,1746.0,54.04,0.0,663.0,0.0
30-04-2022,140.0,3231.0,134.81,1696.0,52.49,0.0,663.0,0.0
01-05-2022,140.0,3231.0,134.59,1646.0,50.94,0.0,663.0,0.0
02-05-2022,140.0,3231.0,134.36,1595.0,49.37,0.0,663.0,0.0
03-05-2022,140.0,3231.0,134.12,1544.0,47.79,0.0,653.0,0.0
04-05-2022,140.0,3231.0,133.9,1497.0,46.33,0.0,653.0,0.0
05-05-2022,140.0,3231.0,133.67,1450.0,44.88,0.0,653.0,23.0
06-05-2022,140.0,3231.0,133.44,1404.0,43.45,0.0,653.0,0.0
07-05-2022,140.0,3231.0,133.2,1357.0,42.0,0.0,653.0,0.0
08-05-2022,140.0,3231.0,132.95,1310.0,40.54,0.0,653.0,0.0
09-05-2022,140.0,3231.0,132.8,1282.0,39.68,293.0,653.0,0.0
10-05-2022,140.0,3231.0,132.8,1282.0,39.68,420.0,653.0,0.0
11-05-2022,140.0,3231.0,132.84,1290.0,39.93,450.0,358.0,22.0
12-05-2022,140.0,3231.0,132.78,1279.0,39.59,450.0,653.0,0.0
13-05-2022,140.0,3231.0,132.72,1268.0,39.24,441.0,653.0,3.0
14-05-2022,140.0,3231.0,132.69,1262.0,39.06,488.0,653.0,0.0
15-05-2022,140.0,3231.0,132.66,1257.0,38.9,540.0,653.0,0.0
16-05-2022,140.0,3231.0,132.66,1257.0,38.9,610.0,653.0,18.0
17-05-2022,140.0,3231.0,132.66,1257.0,38.9,610.0,653.0,2.0
18-05-2022,140.0,3231.0,132.66,1257.0,38.9,620.0,653.0,0.0
19-05-2022,140.0,3231.0,132.6,1246.0,38.56,605.0,841.0,0.0
20-05-2022,140.0,3231.0,132.55,1237.0,38.29,625.0,841.0,0.0
21-05-2022,140.0,3231.0,132.52,1232.0,38.13,630.0,841.0,0.0
22-05-2022,140.0,3231.0,132.49,1227.0,37.98,610.0,841.0,0.0
23-05-2022,140.0,3231.0,132.46,1222.0,37.82,615.0,841.0,0.0
24-05-2022,140.0,3231.0,132.43,1216.0,37.64,605.0,841.0,0.0
25-05-2022,140.0,3231.0,132.4,1211.0,37.48,575.0,841.0,0.0
26-05-2022,140.0,3231.0,132.35,1202.0,37.2,545.0,841.0,0.0
27-05-2022,140.0,3231.0,132.3,1194.0,36.95,540.0,841.0,0.0
28-05-2022,140.0,3231.0,132.25,1185.0,36.68,540.0,841.0,0.0
29-05-2022,140.0,3231.0,132.2,1177.0,36.43,510.0,841.0,0.0
30-05-2022,140.0,3231.0,132.1,1160.0,35.9,415.0,841.0,0.0
31-05-2022,140.0,3231.0,132.0,1143.0,35.38,385.0,841.0,0.0
01-06-2022,140.0,3231.0,131.9,1127.0,34.88,440.0,831.0,0.0
02-06-2022,140.0,3231.0,131.8,1111.0,34.39,450.0,831.0,0.0
03-06-2022,140.0,3231.0,131.7,1095.0,33.89,510.0,831.0,0.0
04-06-2022,140.0,3231.0,131.6,1079.0,33.4,540.0,831.0,0.0
05-06-2022,140.0,3231.0,131.5,1064.0,32.93,550.0,831.0,0.0
06-06-2022,140.0,3231.0,131.4,1048.0,32.44,565.0,831.0,0.0
07-06-2022,140.0,3231.0,131.3,1033.0,31.97,580.0,831.0,0.0
08-06-2022,140.0,3231.0,131.2,1018.0,31.51,520.0,831.0,0.0
09-06-2022,140.0,3231.0,131.1,1004.0,31.07,540.0,831.0,0.0
10-06-2022,140.0,3231.0,131.0,989.0,30.61,530.0,831.0,0.0
11-06-2022,140.0,3231.0,130.9,974.0,30.15,505.0,821.0,0.0
12-06-2022,140.0,3231.0,130.8,960.0,29.71,565.0,821.0,0.0
13-06-2022,140.0,3231.0,130.7,945.0,29.25,490.0,821.0,0.0
14-06-2022,140.0,3231.0,130.6,931.0,28.81,545.0,821.0,0.0
15-06-2022,140.0,3231.0,130.55,924.0,28.6,595.0,821.0,0.0
16-06-2022,140.0,3231.0,130.5,917.0,28.38,575.0,821.0,0.0
17-06-2022,140.0,3231.0,130.45,909.0,28.13,570.0,821.0,0.0
18-06-2022,140.0,3231.0,130.4,902.0,27.92,580.0,821.0,0.0
19-06-2022,140.0,3231.0,130.35,896.0,27.73,560.0,821.0,0.0
20-06-2022,140.0,3231.0,130.71,947.0,29.31,830.0,621.0,46.0
21-06-2022,140.0,3231.0,131.2,1018.0,31.51,820.0,33.0,66.0
22-06-2022,140.0,3231.0,131.65,1087.0,33.64,800.0,33.0,36.0
23-06-2022,140.0,3231.0,132.03,1148.0,35.53,710.0,33.0,0.0
24-06-2022,140.0,3231.0,132.3,1194.0,36.95,590.0,33.0,0.0
25-06-2022,140.0,3231.0,132.63,1253.0,38.78,680.0,33.0,36.0
26-06-2022,140.0,3231.0,132.88,1297.0,40.14,550.0,33.0,0.0
27-06-2022,140.0,3231.0,133.1,1338.0,41.41,540.0,33.0,0.0
28-06-2022,140.0,3231.0,133.33,1383.0,42.8,550.0,33.0,0.0
29-06-2022,140.0,3231.0,133.53,1422.0,44.01,560.0,33.0,0.0
30-06-2022,140.0,3231.0,133.72,1460.0,45.19,570.0,33.0,22.0
01-07-2022,140.0,3231.0,133.92,1502.0,46.49,520.0,33.0,17.0
02-07-2022,140.0,3231.0,134.11,1542.0,47.73,465.0,33.0,35.0
03-07-2022,140.0,3231.0,134.24,1569.0,48.56,350.0,33.0,0.0
04-07-2022,140.0,3231.0,134.34,1591.0,49.24,290.0,33.0,0.0
05-07-2022,140.0,3231.0,134.42,1609.0,49.8,270.0,33.0,0.0
06-07-2022,140.0,3231.0,134.51,1628.0,50.39,250.0,33.0,5.0
07-07-2022,140.0,3231.0,134.58,1644.0,50.88,220.0,33.0,0.0
08-07-2022,140.0,3231.0,134.64,1658.0,51.32,200.0,33.0,0.0
09-07-2022,140.0,3231.0,134.71,1674.0,51.81,200.0,33.0,0.0
10-07-2022,140.0,3231.0,134.78,1690.0,52.31,220.0,33.0,3.0
11-07-2022,140.0,3231.0,134.86,1707.0,52.83,240.0,33.0,0.0
12-07-2022,140.0,3231.0,134.92,1721.0,53.27,240.0,33.0,0.0
13-07-2022,140.0,3231.0,135.0,1739.0,53.82,260.0,33.0,15.0
14-07-2022,140.0,3231.0,135.06,1756.0,54.35,260.0,43.0,5.0
15-07-2022,140.0,3231.0,135.14,1772.0,54.84,260.0,43.0,0.0
16-07-2022,140.0,3231.0,135.21,1788.0,55.34,260.0,43.0,0.0
17-07-2022,140.0,3231.0,135.21,1788.0,55.34,440.0,443.0,27.0
18-07-2022,140.0,3231.0,135.1,1763.0,54.57,140.0,443.0,0.0
19-07-2022,140.0,3231.0,134.94,1725.0,53.39,0.0,443.0,0.0
20-07-2022,140.0,3231.0,134.78,1690.0,52.31,0.0,443.0,0.0
21-07-2022,140.0,3231.0,134.64,1658.0,51.32,0.0,443.0,0.0
22-07-2022,140.0,3231.0,134.54,1635.0,50.6,170.0,443.0,13.0
23-07-2022,140.0,3231.0,134.4,1604.0,49.64,70.0,443.0,0.0
24-07-2022,140.0,3231.0,134.3,1582.0,48.96,70.0,443.0,0.0
25-07-2022,140.0,3231.0,134.2,1561.0,48.31,50.0,443.0,0.0
26-07-2022,140.0,3231.0,134.05,1529.0,47.32,60.0,493.0,11.0
27-07-2022,140.0,3231.0,133.92,1502.0,46.49,60.0,493.0,10.0
28-07-2022,140.0,3231.0,133.8,1477.0,45.71,40.0,493.0,0.0
29-07-2022,140.0,3231.0,133.7,1456.0,45.06,40.0,493.0,0.0
30-07-2022,140.0,3231.0,133.55,1426.0,44.13,0.0,493.0,0.0
31-07-2022,140.0,3231.0,133.4,1396.0,43.21,0.0,493.0,0.0
01-08-2022,140.0,3231.0,133.25,1367.0,42.31,0.0,493.0,0.0
02-08-2022,140.0,3231.0,133.1,1338.0,41.41,0.0,493.0,0.0
03-08-2022,140.0,3231.0,132.95,1310.0,40.54,0.0,493.0,0.0
04-08-2022,140.0,3231.0,132.8,1282.0,39.68,0.0,493.0,0.0
05-08-2022,140.0,3231.0,132.65,1255.0,38.84,0.0,493.0,2.0
06-08-2022,140.0,3231.0,132.5,1229.0,38.04,0.0,493.0,0.0
07-08-2022,140.0,3231.0,132.3,1194.0,36.95,0.0,493.0,0.0
08-08-2022,140.0,3231.0,132.1,1160.0,35.9,0.0,493.0,0.0
09-08-2022,140.0,3231.0,131.9,1127.0,34.88,0.0,483.0,0.0
10-08-2022,140.0,3231.0,131.7,1095.0,33.89,0.0,483.0,0.0
11-08-2022,140.0,3231.0,131.5,1064.0,32.93,0.0,483.0,0.0
12-08-2022,140.0,3231.0,131.3,1033.0,31.97,0.0,483.0,0.0
13-08-2022,140.0,3231.0,131.1,1004.0,31.07,0.0,483.0,0.0
14-08-2022,140.0,3231.0,130.9,974.0,30.15,0.0,483.0,0.0
15-08-2022,140.0,3231.0,130.7,945.0,29.25,0.0,483.0,0.0
16-08-2022,140.0,3231.0,130.5,917.0,28.38,0.0,483.0,0.0
17-08-2022,140.0,3231.0,130.3,888.0,27.48,0.0,483.0,5.0
18-08-2022,140.0,3231.0,130.15,867.0,26.83,70.0,483.0,22.0
19-08-2022,140.0,3231.0,130.0,846.0,26.18,50.0,483.0,0.0
20-08-2022,140.0,3231.0,129.8,818.0,25.32,0.0,483.0,0.0
21-08-2022,140.0,3231.0,129.55,783.0,24.23,0.0,477.0,0.0
22-08-2022,140.0,3231.0,129.45,770.0,23.83,0.0,318.0,37.0
23-08-2022,140.0,3231.0,129.35,756.0,23.4,0.0,318.0,0.0
24-08-2022,140.0,3231.0,129.2,736.0,22.78,0.0,318.0,0.0
25-08-2022,140.0,3231.0,129.05,716.0,22.16,0.0,318.0,0.0
26-08-2022,140.0,3231.0,128.95,702.0,21.73,40.0,318.0,57.0
27-08-2022,140.0,3231.0,128.8,682.0,21.11,10.0,307.0,8.0
28-08-2022,140.0,3231.0,128.7,669.0,20.71,75.0,315.0,39.0
29-08-2022,140.0,3231.0,128.6,656.0,20.3,35.0,315.0,17.0
30-08-2022,140.0,3231.0,128.45,636.0,19.68,0.0,315.0,0.0
31-08-2022,140.0,3231.0,128.3,617.0,19.1,0.0,315.0,0.0
01-09-2022,140.0,3231.0,128.17,600.0,18.57,0.0,315.0,18.0
02-09-2022,140.0,3231.0,128.05,584.0,18.07,25.0,315.0,12.0
03-09-2022,140.0,3231.0,128.0,578.0,17.89,0.0,80.0,0.0
04-09-2022,140.0,3231.0,127.97,547.0,16.93,0.0,80.0,0.0
05-09-2022,140.0,3231.0,127.95,571.0,17.67,0.0,80.0,0.0
06-09-2022,140.0,3231.0,127.93,569.0,17.61,0.0,80.0,0.0
07-09-2022,140.0,3231.0,127.93,569.0,17.61,50.0,80.0,23.0
08-09-2022,140.0,3231.0,127.9,565.0,17.49,0.0,80.0,0.0
09-09-2022,140.0,3231.0,127.88,562.0,17.39,0.0,80.0,0.0
10-09-2022,140.0,3231.0,127.85,559.0,17.3,0.0,80.0,0.0
11-09-2022,140.0,3231.0,127.83,556.0,17.21,0.0,80.0,0.0
12-09-2022,140.0,3231.0,127.8,553.0,17.12,0.0,80.0,0.0
13-09-2022,140.0,3231.0,127.78,550.0,17.02,0.0,80.0,0.0
14-09-2022,140.0,3231.0,127.76,547.0,16.93,0.0,80.0,0.0
15-09-2022,140.0,3231.0,127.74,545.0,16.87,0.0,80.0,0.0
16-09-2022,140.0,3231.0,127.72,543.0,16.81,0.0,80.0,0.0
17-09-2022,140.0,3231.0,127.72,543.0,16.81,80.0,80.0,27.0
18-09-2022,140.0,3231.0,127.72,543.0,16.81,40.0,80.0,0.0
19-09-2022,140.0,3231.0,127.7,540.0,16.71,0.0,80.0,0.0
20-09-2022,140.0,3231.0,127.72,543.0,16.81,115.0,80.0,0.0
21-09-2022,140.0,3231.0,127.74,545.0,16.87,95.0,80.0,0.0
22-09-2022,140.0,3231.0,127.76,547.0,16.93,95.0,80.0,0.0
23-09-2022,140.0,3231.0,127.78,550.0,17.02,90.0,80.0,0.0
24-09-2022,140.0,3231.0,127.8,553.0,17.12,80.0,55.0,0.0
25-09-2022,140.0,3231.0,127.82,555.0,17.18,80.0,55.0,0.0
26-09-2022,140.0,3231.0,127.9,565.0,17.49,120.0,55.0,3.0
27-09-2022,140.0,3231.0,127.95,571.0,17.67,100.0,55.0,0.0
28-09-2022,140.0,3231.0,127.97,574.0,17.77,90.0,55.0,0.0
29-09-2022,140.0,3231.0,128.0,578.0,17.89,95.0,55.0,0.0
30-09-2022,140.0,3231.0,128.03,582.0,18.01,85.0,55.0,0.0
01-10-2022,140.0,3231.0,128.1,591.0,18.29,110.0,50.0,5.0
02-10-2022,140.0,3231.0,128.14,596.0,18.45,90.0,50.0,0.0
03-10-2022,140.0,3231.0,128.18,602.0,18.63,80.0,50.0,0.0
04-10-2022,140.0,3231.0,128.19,603.0,18.66,60.0,50.0,0.0
05-10-2022,140.0,3231.0,128.19,603.0,18.66,50.0,50.0,0.0
06-10-2022,140.0,3231.0,128.21,605.0,18.72,75.0,50.0,6.0
07-10-2022,140.0,3231.0,128.24,609.0,18.85,95.0,50.0,21.0
08-10-2022,140.0,3231.0,128.25,610.0,18.88,55.0,53.0,0.0
09-10-2022,140.0,3231.0,128.25,610.0,18.88,55.0,53.0,0.0
10-10-2022,140.0,3231.0,128.4,630.0,19.5,265.0,53.0,58.0
11-10-2022,140.0,3231.0,128.55,649.0,20.09,185.0,53.0,0.0
12-10-2022,140.0,3231.0,128.7,669.0,20.71,240.0,55.0,0.0
13-10-2022,140.0,3231.0,128.9,696.0,21.54,210.0,53.0,0.0
14-10-2022,140.0,3231.0,129.0,709.0,21.94,190.0,53.0,0.0
15-10-2022,140.0,3231.0,129.1,722.0,22.35,190.0,53.0,0.0
17-10-2022,140.0,3231.0,129.27,745.0,23.06,150.0,53.0,0.0
18-10-2022,140.0,3231.0,129.35,756.0,23.4,130.0,53.0,0.0
19-10-2022,140.0,3231.0,129.4,763.0,23.61,130.0,53.0,0.0
20-10-2022,140.0,3231.0,129.45,770.0,23.83,140.0,53.0,2.4
21-10-2022,140.0,3231.0,129.5,776.0,24.02,100.0,53.0,6.0
22-10-2022,140.0,3231.0,129.55,783.0,24.23,120.0,53.0,3.0
23-10-2022,140.0,3231.0,129.56,785.0,24.3,60.0,53.0,0.0
24-10-2022,140.0,3231.0,129.56,785.0,24.3,60.0,53.0,0.0
25-10-2022,140.0,3231.0,129.56,785.0,24.3,60.0,53.0,0.0
26-10-2022,140.0,3231.0,129.56,785.0,24.3,50.0,48.0,0.0
27-10-2022,140.0,3231.0,129.56,785.0,24.3,50.0,53.0,0.0
28-10-2022,140.0,3231.0,129.59,789.0,24.42,150.0,53.0,10.0
29-10-2022,140.0,3231.0,129.64,796.0,24.64,110.0,57.0,0.0
30-10-2022,140.0,3231.0,129.65,797.0,24.67,80.0,53.0,0.0
31-10-2022,140.0,3231.0,129.65,797.0,24.67,50.0,53.0,0.0
01-11-2022,140.0,3231.0,129.65,797.0,24.67,50.0,53.0,13.0
02-11-2022,140.0,3231.0,129.8,818.0,25.32,280.0,53.0,55.0
03-11-2022,140.0,3231.0,129.9,832.0,25.75,190.0,53.0,1.0
04-11-2022,140.0,3231.0,130.05,853.0,26.4,650.0,53.0,27.0
05-11-2022,140.0,3231.0,130.41,904.0,27.98,650.0,53.0,0.0
06-11-2022,140.0,3231.0,130.74,951.0,29.43,550.0,53.0,0.0
07-11-2022,140.0,3231.0,130.98,986.0,30.52,450.0,53.0,0.0
08-11-2022,140.0,3231.0,131.16,1012.0,31.32,330.0,53.0,0.0
09-11-2022,140.0,3231.0,131.32,1036.0,32.06,280.0,53.0,0.0
10-11-2022,140.0,3231.0,131.38,1045.0,32.34,95.0,53.0,0.0
11-11-2022,140.0,3231.0,140.0,1065.0,32.96,290.0,53.0,31.0
12-11-2022,140.0,3231.0,131.8,1111.0,34.39,580.0,53.0,32.0
13-11-2022,140.0,3231.0,132.13,1165.0,36.06,670.0,53.0,36.0
14-11-2022,140.0,3231.0,140.0,1329.0,41.13,1920.0,53.0,10.0
15-11-2022,140.0,3231.0,134.12,1544.0,47.79,2540.0,53.0,0.0
16-11-2022,140.0,3231.0,134.66,1662.0,51.44,1420.0,53.0,0.0
17-11-2022,140.0,3231.0,135.0,1739.0,53.82,945.0,53.0,0.0
18-11-2022,140.0,3231.0,135.3,1810.0,56.02,875.0,48.0,0.0
19-11-2022,140.0,3231.0,135.53,1865.0,57.72,695.0,53.0,0.0
20-11-2022,140.0,3231.0,135.7,1906.0,58.99,525.0,53.0,0.0
21-11-2022,140.0,3231.0,135.82,1936.0,59.92,400.0,53.0,0.0
22-11-2022,140.0,3231.0,135.93,1963.0,60.76,365.0,53.0,5.0
23-11-2022,140.0,3231.0,136.03,1988.0,61.53,340.0,53.0,13.0
24-11-2022,140.0,3231.0,136.17,2023.0,62.61,450.0,53.0,36.0
25-11-2022,140.0,3231.0,136.31,2056.0,63.63,450.0,53.0,0.0
26-11-2022,140.0,3231.0,136.51,2111.0,65.34,620.0,53.0,0.0
27-11-2022,140.0,3231.0,136.75,2174.0,67.29,790.0,53.0,0.0
28-11-2022,140.0,3231.0,137.0,2241.0,69.36,810.0,53.0,0.0
29-11-2022,140.0,3231.0,137.22,2301.0,71.22,740.0,53.0,0.0
30-11-2022,140.0,3231.0,137.4,2351.0,72.76,630.0,53.0,0.0
01-12-2022,140.0,3231.0,137.49,2376.0,73.54,580.0,308.0,7.0
02-12-2022,140.0,3231.0,137.59,2404.0,74.4,620.0,308.0,4.0
03-12-2022,140.0,3231.0,137.65,2421.0,74.93,625.0,457.0,0.0
04-12-2022,140.0,3231.0,137.7,2435.0,75.36,625.0,457.0,0.0
05-12-2022,140.0,3231.0,137.76,2452.0,75.89,625.0,457.0,0.0
06-12-2022,140.0,3231.0,137.85,2478.0,76.69,615.0,457.0,0.0
07-12-2022,140.0,3231.0,137.9,2492.0,77.13,595.0,457.0,0.0
08-12-2022,140.0,3231.0,137.95,2507.0,77.59,590.0,457.0,0.0
09-12-2022,140.0,3231.0,138.0,2521.0,78.03,595.0,457.0,2.0
10-12-2022,140.0,3231.0,138.54,2681.0,82.98,2005.0,153.0,105.0
11-12-2022,140.0,3231.0,139.43,2960.0,91.61,8280.0,5053.0,0.0
12-12-2022,140.0,3231.0,139.05,2839.0,87.87,5900.0,7303.0,27.0
13-12-2022,140.0,3231.0,139.1,2854.0,88.33,7500.0,7803.0,50.0
14-12-2022,140.0,3231.0,139.1,2854.0,88.33,7800.0,7803.0,0.0
15-12-2022,140.0,3231.0,139.1,2854.0,88.33,4300.0,4303.0,0.0
16-12-2022,140.0,3231.0,139.1,2854.0,88.33,2300.0,2303.0,0.0
17-12-2022,140.0,3231.0,139.05,2839.0,87.87,2150.0,2303.0,0.0
18-12-2022,140.0,3231.0,139.0,2823.0,87.37,2120.0,2303.0,0.0
19-12-2022,140.0,3231.0,139.06,2839.0,87.87,1520.0,1303.0,0.0
20-12-2022,140.0,3231.0,139.11,2858.0,88.46,1520.0,1303.0,0.0
21-12-2022,140.0,3231.0,139.17,2877.0,89.04,1520.0,1303.0,0.0
22-12-2022,140.0,3231.0,139.23,2896.0,89.63,1280.0,1053.0,0.0
23-12-2022,140.0,3231.0,139.3,2918.0,90.31,1305.0,1053.0,0.0
24-12-2022,140.0,3231.0,139.4,2950.0,91.3,1275.0,903.0,0.0
25-12-2022,140.0,3231.0,139.49,2979.0,92.2,1235.0,903.0,3.0
26-12-2022,140.0,3231.0,139.66,3035.0,93.93,1150.0,503.0,18.0
27-12-2022,140.0,3231.0,139.82,3090.0,95.64,1140.0,503.0,6.0
28-12-2022,140.0,3231.0,139.95,3131.0,96.9,1180.0,703.0,0.0
29-12-2022,140.0,3231.0,139.98,3186.0,98.61,1250.0,703.0,0.0
30-12-2022,140.0,3231.0,140.0,3231.0,100.0,1350.0,1003.0,0.0
31-12-2022,140.0,3231.0,140.0,3231.0,100.0,1010.0,1053.0,0.0
01-01-2023,140.0,3231.0,140.0,3231.0,100.0,900.0,903.0,0.0
02-01-2023,140.0,3231.0,140.0,3231.0,100.0,800.0,803.0,0.0
03-01-2023,140.0,3231.0,140.0,3231.0,100.0,800.0,803.0,0.0
04-01-2023,140.0,3231.0,140.0,3231.0,100.0,800.0,803.0,0.0
05-01-2023,140.0,3231.0,140.0,3231.0,100.0,780.0,803.0,0.0
06-01-2023,140.0,3231.0,140.0,3231.0,100.0,780.0,803.0,0.0
07-01-2023,140.0,3231.0,140.0,3231.0,100.0,700.0,703.0,0.0
08-01-2023,140.0,3231.0,140.0,3231.0,100.0,700.0,703.0,0.0
09-01-2023,140.0,3231.0,140.0,3231.0,100.0,650.0,703.0,0.0
10-01-2023,140.0,3231.0,139.99,3213.0,99.44,490.0,703.0,0.0
11-01-2023,140.0,3231.0,139.98,3187.0,98.64,410.0,703.0,0.0
12-01-2023,140.0,3231.0,139.97,3159.0,97.77,380.0,703.0,0.0
13-01-2023,140.0,3231.0,139.95,3131.0,96.9,360.0,653.0,0.0
14-01-2023,140.0,3231.0,139.88,3108.0,96.19,340.0,653.0,0.0
15-01-2023,140.0,3231.0,139.8,3085.0,95.48,330.0,653.0,0.0
16-01-2023,140.0,3231.0,139.74,3061.0,94.74,290.0,603.0,0.0
17-01-2023,140.0,3231.0,139.67,3038.0,94.03,290.0,603.0,0.0
18-01-2023,140.0,3231.0,139.6,3015.0,93.31,295.0,603.0,0.0
19-01-2023,140.0,3231.0,139.52,2989.0,92.51,260.0,603.0,0.0
20-01-2023,140.0,3231.0,139.43,2960.0,91.61,220.0,603.0,0.0
21-01-2023,140.0,3231.0,139.34,2931.0,90.71,205.0,603.0,0.0
22-01-2023,140.0,3231.0,139.24,2899.0,89.72,165.0,603.0,0.0
23-01-2023,140.0,3231.0,139.18,2880.0,89.14,165.0,603.0,0.0
24-01-2023,140.0,3231.0,139.12,2861.0,88.55,185.0,403.0,0.0
25-01-2023,140.0,3231.0,139.06,2842.0,87.96,165.0,403.0,0.0
26-01-2023,140.0,3231.0,139.0,2823.0,87.37,155.0,403.0,0.0
27-01-2023,140.0,3231.0,138.94,2804.0,86.78,145.0,403.0,0.0
28-01-2023,140.0,3231.0,138.88,2786.0,86.23,60.0,293.0,0.0
29-01-2023,140.0,3231.0,138.82,2767.0,85.64,30.0,293.0,0.0
30-01-2023,140.0,3231.0,138.75,2745.0,84.96,20.0,293.0,0.0
31-01-2023,140.0,3231.0,138.68,2724.0,84.31,0.0,293.0,0.0
01-02-2023,140.0,3231.0,138.6,2700.0,83.57,0.0,293.0,0.0
02-02-2023,140.0,3231.0,138.53,2678.0,82.88,0.0,298.0,0.0
03-02-2023,140.0,3231.0,138.45,2654.0,82.14,0.0,298.0,0.0
04-02-2023,140.0,3231.0,138.43,2648.0,81.96,0.0,58.0,0.0
05-02-2023,140.0,3231.0,138.41,2642.0,81.77,0.0,58.0,0.0
06-02-2023,140.0,3231.0,138.39,2636.0,81.58,0.0,58.0,0.0
07-02-2023,140.0,3231.0,138.37,2630.0,81.4,0.0,58.0,0.0
08-02-2023,140.0,3231.0,138.35,2624.0,81.21,0.0,58.0,0.0
09-02-2023,140.0,3231.0,138.35,2624.0,81.21,0.0,58.0,0.0
10-02-2023,140.0,3231.0,138.31,2612.0,80.84,0.0,58.0,0.0
11-02-2023,140.0,3231.0,138.29,2606.0,80.66,0.0,58.0,0.0
12-02-2023,140.0,3231.0,138.27,2600.0,80.47,0.0,58.0,0.0
13-02-2023,140.0,3231.0,138.25,2595.0,80.32,0.0,58.0,0.0
14-02-2023,140.0,3231.0,138.23,2589.0,80.13,0.0,58.0,0.0
15-02-2023,140.0,3231.0,138.21,2583.0,79.94,0.0,58.0,0.0
16-02-2023,140.0,3231.0,138.19,2577.0,79.76,0.0,58.0,0.0
17-02-2023,140.0,3231.0,138.17,2571.0,79.57,0.0,58.0,0.0
18-02-2023,140.0,3231.0,138.15,2565.0,79.39,0.0,58.0,0.0
19-02-2023,140.0,3231.0,138.13,2559.0,79.2,0.0,58.0,0.0
20-02-2023,140.0,3231.0,138.11,2553.0,79.02,0.0,58.0,0.0
21-02-2023,140.0,3231.0,138.09,2547.0,78.83,0.0,58.0,0.0
22-02-2023,140.0,3231.0,138.07,2541.0,78.64,0.0,58.0,0.0
23-02-2023,140.0,3231.0,138.05,2535.0,78.46,0.0,58.0,0.0
24-02-2023,140.0,3231.0,138.03,2529.0,78.27,0.0,58.0,0.0
25-02-2023,140.0,3231.0,138.01,2524.0,78.12,0.0,58.0,0.0
26-02-2023,140.0,3231.0,137.99,2518.0,77.93,0.0,58.0,0.0
27-02-2023,140.0,3231.0,137.97,2512.0,77.75,0.0,58.0,0.0
28-02-2023,140.0,3231.0,137.95,2506.0,77.56,0.0,58.0,0.0
01-03-2023,140.0,3231.0,137.92,2498.0,77.31,0.0,73.0,0.0
02-03-2023,140.0,3231.0,137.9,2492.0,77.13,0.0,73.0,0.0
03-03-2023,140.0,3231.0,137.87,2483.0,76.85,0.0,73.0,0.0
04-03-2023,140.0,3231.0,137.84,2474.0,76.57,0.0,73.0,0.0
05-03-2023,140.0,3231.0,137.81,2465.0,76.29,0.0,73.0,0.0
06-03-2023,140.0,3231.0,137.78,2456.0,76.01,0.0,73.0,0.0
07-03-2023,140.0,3231.0,137.7,2435.0,75.36,0.0,223.0,0.0
08-03-2023,140.0,3231.0,137.63,2415.0,74.74,0.0,223.0,0.0
09-03-2023,140.0,3231.0,137.56,2395.0,74.13,0.0,223.0,0.0
10-03-2023,140.0,3231.0,137.46,2367.0,73.26,0.0,323.0,0.0
11-03-2023,140.0,3231.0,137.35,2337.0,72.33,0.0,323.0,0.0
12-03-2023,140.0,3231.0,137.25,2309.0,71.46,0.0,323.0,0.0
13-03-2023,140.0,3231.0,137.15,2282.0,70.63,0.0,323.0,0.0
14-03-2023,140.0,3231.0,137.05,2254.0,69.76,0.0,323.0,0.0
15-03-2023,140.0,3231.0,136.95,2227.0,68.93,0.0,323.0,0.0
16-03-2023,140.0,3231.0,136.85,2201.0,68.12,0.0,323.0,0.0
17-03-2023,140.0,3231.0,136.75,2174.0,67.29,0.0,323.0,0.0
18-03-2023,140.0,3231.0,136.64,2145.0,66.39,0.0,323.0,0.0
19-03-2023,140.0,3231.0,136.54,2116.0,65.49,0.0,323.0,15.0
20-03-2023,140.0,3231.0,136.42,2087.0,64.59,0.0,323.0,31.0
21-03-2023,140.0,3231.0,136.31,2059.0,63.73,0.0,323.0,12.0
22-03-2023,140.0,3231.0,136.21,2033.0,62.92,0.0,298.0,0.0
23-03-2023,140.0,3231.0,136.11,2008.0,62.15,0.0,298.0,0.0
24-03-2023,140.0,3231.0,136.01,1983.0,61.37,0.0,298.0,2.0
25-03-2023,140.0,3231.0,135.91,1958.0,60.6,0.0,298.0,0.0
26-03-2023,140.0,3231.0,135.81,1933.0,59.83,0.0,298.0,0.0
27-03-2023,140.0,3231.0,135.71,1908.0,59.05,0.0,298.0,0.0
28-03-2023,140.0,3231.0,135.61,1882.0,58.25,0.0,298.0,0.0
29-03-2023,140.0,3231.0,135.5,1857.0,57.47,0.0,298.0,0.0
30-03-2023,140.0,3231.0,135.4,1833.0,56.73,0.0,298.0,0.0
31-03-2023,140.0,3231.0,135.29,1807.0,55.93,0.0,298.0,0.0
01-04-2023,140.0,3231.0,135.18,1781.0,55.12,0.0,298.0,0.0
02-04-2023,140.0,3231.0,135.08,1759.0,54.44,0.0,298.0,0.0
03-04-2023,140.0,3231.0,134.98,1735.0,53.7,0.0,298.0,0.0
04-04-2023,140.0,3231.0,134.88,1712.0,52.99,0.0,298.0,0.0
05-04-2023,140.0,3231.0,134.77,1687.0,52.21,0.0,298.0,0.0
06-04-2023,140.0,3231.0,134.66,1662.0,51.44,0.0,298.0,0.0
07-04-2023,140.0,3231.0,134.55,1637.0,50.67,0.0,298.0,0.0
08-04-2023,140.0,3231.0,134.43,1611.0,49.86,0.0,298.0,0.0
09-04-2023,140.0,3231.0,134.31,1585.0,49.06,0.0,298.0,0.0
10-04-2023,140.0,3231.0,134.2,1561.0,48.31,0.0,298.0,0.0
11-04-2023,140.0,3231.0,134.08,1535.0,47.51,0.0,298.0,0.0
12-04-2023,140.0,3231.0,133.96,1510.0,46.73,0.0,298.0,0.0
13-04-2023,140.0,3231.0,133.84,1485.0,45.96,0.0,298.0,0.0
14-04-2023,140.0,3231.0,133.74,1464.0,45.31,0.0,298.0,0.0
15-04-2023,140.0,3231.0,133.63,1442.0,44.63,0.0,298.0,0.0
16-04-2023,140.0,3231.0,133.51,1418.0,43.89,0.0,298.0,0.0
17-04-2023,140.0,3231.0,133.4,1396.0,43.21,0.0,298.0,0.0
18-04-2023,140.0,3231.0,133.29,1375.0,42.56,0.0,298.0,0.0
19-04-2023,140.0,3231.0,133.18,1354.0,41.91,0.0,298.0,0.0
20-04-2023,140.0,3231.0,133.06,1331.0,41.19,0.0,298.0,0.0
21-04-2023,140.0,3231.0,132.95,1310.0,40.54,0.0,298.0,0.0
22-04-2023,140.0,3231.0,132.83,1288.0,39.86,0.0,298.0,0.0
23-04-2023,140.0,3231.0,132.71,1266.0,39.18,0.0,298.0,0.0
24-04-2023,140.0,3231.0,132.58,1243.0,38.47,0.0,298.0,5.0
25-04-2023,140.0,3231.0,132.45,1220.0,37.76,0.0,298.0,4.0
26-04-2023,140.0,3231.0,132.33,1199.0,37.11,0.0,298.0,0.0
27-04-2023,140.0,3231.0,132.2,1177.0,36.43,0.0,298.0,0.0
28-04-2023,140.0,3231.0,132.07,1155.0,35.75,0.0,298.0,0.0
29-04-2023,140.0,3231.0,131.94,1134.0,35.1,0.0,298.0,0.0
30-04-2023,140.0,3231.0,131.81,1112.0,34.42,0.0,298.0,0.0
01-05-2023,140.0,3231.0,131.67,1090.0,33.74,0.0,298.0,0.0
02-05-2023,140.0,3231.0,131.53,1068.0,33.05,0.0,298.0,13.0
03-05-2023,140.0,3231.0,131.39,1047.0,32.4,0.0,298.0,0.0
04-05-2023,140.0,3231.0,131.25,1026.0,31.75,0.0,298.0,0.0
05-05-2023,140.0,3231.0,131.12,1007.0,31.17,50.0,298.0,0.0
06-05-2023,140.0,3231.0,131.07,999.0,30.92,170.0,298.0,4.0
07-05-2023,140.0,3231.0,131.12,1007.0,31.17,290.0,188.0,0.0
08-05-2023,140.0,3231.0,131.15,1011.0,31.29,330.0,298.0,0.0
09-05-2023,140.0,3231.0,131.16,1013.0,31.35,310.0,298.0,0.0
10-05-2023,140.0,3231.0,131.18,1015.0,31.41,310.0,298.0,0.0
11-05-2023,140.0,3231.0,131.19,1017.0,31.48,300.0,298.0,0.0
12-05-2023,140.0,3231.0,131.19,1017.0,31.48,295.0,298.0,0.0
13-05-2023,140.0,3231.0,131.14,1010.0,31.26,195.0,298.0,0.0
14-05-2023,140.0,3231.0,131.15,1011.0,31.29,175.0,168.0,0.0
15-05-2023,140.0,3231.0,131.26,1027.0,31.79,215.0,48.0,0.0
16-05-2023,140.0,3231.0,131.37,1044.0,32.31,235.0,48.0,0.0
17-05-2023,140.0,3231.0,131.41,1050.0,32.5,115.0,48.0,0.0
18-05-2023,140.0,3231.0,131.4,1048.0,32.44,25.0,48.0,0.0
19-05-2023,140.0,3231.0,131.4,1048.0,32.44,40.0,48.0,0.0
20-05-2023,140.0,3231.0,131.47,1059.0,32.78,180.0,48.0,0.0
21-05-2023,140.0,3231.0,131.53,1068.0,33.05,155.0,48.0,0.0
22-05-2023,140.0,3231.0,131.55,1071.0,33.15,85.0,48.0,18.0
23-05-2023,140.0,3231.0,131.61,1081.0,33.46,155.0,48.0,0.0
24-05-2023,140.0,3231.0,131.68,1092.0,33.8,165.0,48.0,0.0
26-05-2023,140.0,3231.0,131.79,1109.0,34.32,140.0,48.0,12.0
27-05-2023,140.0,3231.0,131.83,1116.0,34.54,130.0,48.0,5.0
28-05-2023,140.0,3231.0,131.88,1124.0,34.79,125.0,48.0,0.0
29-05-2023,140.0,3231.0,131.91,1128.0,34.91,110.0,48.0,0.0
30-05-2023,140.0,3231.0,131.95,1135.0,35.13,135.0,48.0,0.0
31-05-2023,140.0,3231.0,132.02,1147.0,35.5,185.0,48.0,15.0
01-06-2023,140.0,3231.0,132.15,1168.0,36.15,295.0,39.0,0.0
02-06-2023,140.0,3231.0,132.31,1195.0,36.99,350.0,39.0,0.0
03-06-2023,140.0,3231.0,132.46,1222.0,37.82,355.0,39.0,13.0
05-06-2023,140.0,3231.0,132.72,1268.0,39.24,265.0,39.0,0.0
06-06-2023,140.0,3231.0,132.72,1268.0,39.24,285.0,289.0,5.0
07-06-2023,140.0,3231.0,132.73,1270.0,39.31,305.0,289.0,8.0
08-06-2023,140.0,3231.0,132.73,1270.0,39.31,295.0,289.0,0.0
09-06-2023,140.0,3231.0,132.77,1277.0,39.52,230.0,154.0,0.0
10-06-2023,140.0,3231.0,132.77,1277.0,39.52,225.0,216.0,12.0
11-06-2023,140.0,3231.0,132.77,1277.0,39.52,295.0,289.0,9.0
12-06-2023,140.0,3231.0,132.82,1286.0,39.8,295.0,164.0,7.0
13-06-2023,140.0,3231.0,132.84,1290.0,39.93,275.0,229.0,0.0
14-06-2023,140.0,3231.0,132.81,1284.0,39.74,225.0,289.0,0.0
15-06-2023,140.0,3231.0,132.71,1266.0,39.18,95.0,289.0,0.0
16-06-2023,140.0,3231.0,132.63,1252.0,38.75,110.0,289.0,0.0
17-06-2023,140.0,3231.0,132.62,1250.0,38.69,265.0,289.0,0.0
18-06-2023,140.0,3231.0,132.64,1253.0,38.78,330.0,289.0,0.0
19-06-2023,140.0,3231.0,132.66,1257.0,38.9,330.0,289.0,3.0
20-06-2023,140.0,3231.0,132.82,1286.0,39.8,640.0,289.0,28.0
21-06-2023,140.0,3231.0,133.0,1320.0,40.85,670.0,289.0,5.0
22-06-2023,140.0,3231.0,133.15,1347.0,41.69,610.0,292.0,0.0
23-06-2023,140.0,3231.0,133.27,1371.0,42.43,570.0,292.0,0.0
24-06-2023,140.0,3231.0,133.44,1404.0,43.45,670.0,282.0,42.0
25-06-2023,140.0,3231.0,133.67,1450.0,44.88,580.0,42.0,0.0
26-06-2023,140.0,3231.0,133.84,1485.0,45.96,450.0,42.0,0.0
27-06-2023,140.0,3231.0,133.98,1514.0,46.86,380.0,42.0,0.0
28-06-2023,140.0,3231.0,134.14,1548.0,47.91,450.0,48.0,0.0
29-06-2023,140.0,3231.0,134.33,1589.0,49.18,540.0,48.0,2.0
30-06-2023,140.0,3231.0,134.51,1628.0,50.39,510.0,48.0,5.0
01-07-2023,140.0,3231.0,134.68,1666.0,51.56,500.0,43.0,6.0
02-07-2023,140.0,3231.0,134.82,1698.0,52.55,470.0,43.0,0.0
03-07-2023,140.0,3231.0,134.97,1732.0,53.61,455.0,43.0,0.0
04-07-2023,140.0,3231.0,135.1,1763.0,54.57,420.0,43.0,0.0
05-07-2023,140.0,3231.0,135.22,1791.0,55.43,405.0,43.0,8.0
06-07-2023,140.0,3231.0,135.33,1817.0,56.24,390.0,43.0,0.0
07-07-2023,140.0,3231.0,135.44,1843.0,57.04,390.0,43.0,0.0
08-07-2023,140.0,3231.0,135.56,1872.0,57.94,380.0,43.0,0.0
09-07-2023,140.0,3231.0,135.67,1899.0,58.77,380.0,43.0,0.0
10-07-2023,140.0,3231.0,135.77,1923.0,59.52,360.0,43.0,0.0
11-07-2023,140.0,3231.0,135.87,1948.0,60.29,350.0,43.0,0.0
12-07-2023,140.0,3231.0,135.96,1970.0,60.97,330.0,43.0,0.0
13-07-2023,140.0,3231.0,136.04,1990.0,61.59,300.0,43.0,0.0
14-07-2023,140.0,3231.0,136.11,2008.0,62.15,290.0,33.0,7.0
15-07-2023,140.0,3231.0,136.18,2026.0,62.71,275.0,33.0,0.0
16-07-2023,140.0,3231.0,136.25,2044.0,63.26,275.0,33.0,0.0
17-07-2023,140.0,3231.0,136.33,2064.0,63.88,300.0,33.0,0.0
18-07-2023,140.0,3231.0,136.4,2082.0,64.44,280.0,33.0,0.0
19-07-2023,140.0,3231.0,136.47,2100.0,65.0,325.0,33.0,0.0
20-07-2023,140.0,3231.0,136.56,2121.0,65.65,300.0,33.0,0.0
21-07-2023,140.0,3231.0,136.55,2121.0,65.65,260.0,283.0,0.0
22-07-2023,140.0,3231.0,136.52,2113.0,65.4,220.0,353.0,0.0
23-07-2023,140.0,3231.0,136.47,2100.0,65.0,205.0,353.0,18.0
24-07-2023,140.0,3231.0,136.44,2093.0,64.78,230.0,353.0,2.0
25-07-2023,140.0,3231.0,136.41,2085.0,64.53,230.0,353.0,8.0
26-07-2023,140.0,3231.0,136.37,2075.0,64.22,270.0,405.0,5.0
27-07-2023,140.0,3231.0,136.32,2062.0,63.82,255.0,430.0,0.0
28-07-2023,140.0,3231.0,136.29,2054.0,63.57,300.0,410.0,0.0
29-07-2023,140.0,3231.0,136.25,2044.0,63.26,290.0,410.0,0.0
30-07-2023,140.0,3231.0,136.2,2031.0,62.86,240.0,410.0,0.0
31-07-2023,140.0,3231.0,136.14,2016.0,62.4,215.0,410.0,0.0
01-08-2023,140.0,3231.0,136.06,1995.0,61.75,170.0,410.0,0.0
02-08-2023,140.0,3231.0,135.97,1973.0,61.06,150.0,420.0,0.0
03-08-2023,140.0,3231.0,135.88,1950.0,60.35,130.0,420.0,0.0
04-08-2023,140.0,3231.0,135.77,1923.0,59.52,90.0,420.0,0.0
05-08-2023,140.0,3231.0,135.65,1894.0,58.62,50.0,420.0,0.0
06-08-2023,140.0,3231.0,135.53,1865.0,57.72,30.0,420.0,0.0
07-08-2023,140.0,3231.0,135.4,1833.0,56.73,30.0,420.0,0.0
08-08-2023,140.0,3231.0,135.27,1802.0,55.77,25.0,420.0,0.0
09-08-2023,140.0,3231.0,135.14,1772.0,54.84,30.0,420.0,0.0
10-08-2023,140.0,3231.0,135.03,1747.0,54.07,45.0,350.0,0.0
11-08-2023,140.0,3231.0,134.91,1719.0,53.2,35.0,380.0,0.0
12-08-2023,140.0,3231.0,134.78,1689.0,52.27,55.0,420.0,8.0
13-08-2023,140.0,3231.0,134.78,1689.0,52.27,85.0,70.0,0.0
14-08-2023,140.0,3231.0,134.83,1700.0,52.62,200.0,70.0,19.0
15-08-2023,140.0,3231.0,134.97,1732.0,53.61,430.0,70.0,37.0
16-08-2023,140.0,3231.0,135.03,1746.0,54.04,230.0,70.0,0.0
17-08-2023,140.0,3231.0,135.09,1760.0,54.47,220.0,70.0,2.0
18-08-2023,140.0,3231.0,135.15,1774.0,54.91,225.0,70.0,3.0
19-08-2023,140.0,3231.0,135.18,1781.0,55.12,155.0,70.0,0.0
20-08-2023,140.0,3231.0,135.21,1788.0,55.34,140.0,70.0,0.0
21-08-2023,140.0,3231.0,135.23,1793.0,55.49,125.0,70.0,0.0
22-08-2023,140.0,3231.0,135.25,1798.0,55.65,125.0,70.0,0.0
23-08-2023,140.0,3231.0,135.27,1803.0,55.8,130.0,70.0,3.0
24-08-2023,140.0,3231.0,135.42,1837.0,56.86,460.0,70.0,35.0
25-08-2023,140.0,3231.0,135.52,1862.0,57.63,360.0,70.0,0.0
26-08-2023,140.0,3231.0,135.6,1882.0,58.25,305.0,70.0,0.0
27-08-2023,140.0,3231.0,135.93,1963.0,60.76,845.0,70.0,87.0
28-08-2023,140.0,3231.0,136.2,2031.0,62.86,850.0,70.0,4.0
29-08-2023,140.0,3231.0,136.4,2082.0,64.44,660.0,70.0,5.0
30-08-2023,140.0,3231.0,136.5,2108.0,65.24,370.0,70.0,0.0
31-08-2023,140.0,3231.0,136.55,2121.0,65.65,220.0,70.0,12.0
01-09-2023,140.0,3231.0,136.6,2134.0,66.05,230.0,80.0,0.0
02-09-2023,140.0,3231.0,136.64,2145.0,66.39,190.0,80.0,0.0
03-09-2023,140.0,3231.0,136.7,2161.0,66.88,260.0,80.0,8.0
04-09-2023,140.0,3231.0,136.85,2201.0,68.12,530.0,80.0,11.0
06-09-2023,140.0,3231.0,137.1,2268.0,70.19,390.0,80.0,0.0
07-09-2023,140.0,3231.0,137.18,2290.0,70.88,340.0,80.0,0.0
08-09-2023,140.0,3231.0,137.35,2337.0,72.33,610.0,80.0,18.0
09-09-2023,140.0,3231.0,137.4,2351.0,72.76,560.0,410.0,0.0
10-09-2023,140.0,3231.0,137.4,2351.0,72.76,460.0,460.0,0.0
11-09-2023,140.0,3231.0,137.4,2351.0,72.76,445.0,460.0,0.0
12-09-2023,140.0,3231.0,137.38,2345.0,72.58,375.0,445.0,0.0
13-09-2023,140.0,3231.0,137.41,2354.0,72.86,360.0,245.0,0.0
14-09-2023,140.0,3231.0,137.53,2387.0,73.88,620.0,245.0,23.0
15-09-2023,140.0,3231.0,137.54,2390.0,73.97,410.0,380.0,3.0
16-09-2023,140.0,3231.0,137.58,2401.0,74.31,540.0,430.0,8.0
17-09-2023,140.0,3231.0,137.83,2472.0,76.51,1250.0,430.0,72.0
18-09-2023,140.0,3231.0,138.05,2536.0,78.49,1120.0,380.0,2.0
19-09-2023,140.0,3231.0,138.22,2586.0,80.04,1030.0,460.0,8.0
20-09-2023,140.0,3231.0,138.3,2609.0,80.75,725.0,460.0,0.0
26-09-2023,140.0,3231.0,139.0,2823.0,87.37,2040.0,1684.0,36.0
27-09-2023,140.0,3231.0,139.25,2902.0,89.82,2600.0,1684.0,97.0
28-09-2023,140.0,3231.0,139.25,2902.0,89.82,3210.0,3210.0,10.0
29-09-2023,140.0,3231.0,139.15,2870.0,88.83,2840.0,3210.0,0.0
30-09-2023,140.0,3231.0,138.85,2776.0,85.92,2100.0,3210.0,38.0
01-10-2023,140.0,3231.0,138.85,2776.0,85.92,1200.0,1200.0,0.0
02-10-2023,140.0,3231.0,138.8,2761.0,85.45,1020.0,1200.0,0.0
03-10-2023,140.0,3231.0,138.8,2761.0,85.45,330.0,330.0,0.0
04-10-2023,140.0,3231.0,138.67,2721.0,84.22,170.0,630.0,0.0
05-10-2023,140.0,3231.0,138.56,2687.0,83.16,140.0,550.0,0.0
06-10-2023,140.0,3231.0,138.54,2681.0,82.98,480.0,550.0,42.0
07-10-2023,140.0,3231.0,138.5,2699.0,83.53,380.0,550.0,0.0
08-10-2023,140.0,3231.0,138.43,2648.0,81.96,300.0,550.0,0.0
10-10-2023,140.0,3231.0,138.23,2589.0,80.13,180.0,550.0,0.0
11-10-2023,140.0,3231.0,138.18,2574.0,79.67,370.0,550.0,10.0
12-10-2023,140.0,3231.0,138.08,2545.0,78.77,210.0,550.0,0.0
13-10-2023,140.0,3231.0,137.98,2515.0,77.84,170.0,550.0,0.0
14-10-2023,140.0,3231.0,137.85,2478.0,76.69,120.0,545.0,0.0
15-10-2023,140.0,3231.0,137.77,2455.0,75.98,270.0,545.0,18.0
16-10-2023,140.0,3231.0,137.66,2424.0,75.02,170.0,545.0,0.0
17-10-2023,140.0,3231.0,137.53,2387.0,73.88,120.0,545.0,0.0
18-10-2023,140.0,3231.0,137.4,2351.0,72.76,100.0,545.0,0.0
19-10-2023,140.0,3231.0,137.27,2315.0,71.65,100.0,545.0,0.0
20-10-2023,140.0,3231.0,137.14,2279.0,70.54,100.0,545.0,0.0
21-10-2023,140.0,3231.0,137.0,2241.0,69.36,90.0,545.0,0.0
22-10-2023,140.0,3231.0,136.86,2203.0,68.18,90.0,545.0,0.0
23-10-2023,140.0,3231.0,136.72,2166.0,67.04,90.0,545.0,0.0
24-10-2023,140.0,3231.0,136.58,2129.0,65.89,90.0,545.0,0.0
25-10-2023,140.0,3231.0,136.44,2092.0,64.75,90.0,545.0,0.0
26-10-2023,140.0,3231.0,136.29,2054.0,63.57,90.0,545.0,0.0
27-10-2023,140.0,3231.0,136.15,2018.0,62.46,90.0,545.0,0.0
28-10-2023,140.0,3231.0,136.0,1980.0,61.28,90.0,546.0,0.0
29-10-2023,140.0,3231.0,135.85,1943.0,60.14,70.0,545.0,0.0
30-10-2023,140.0,3231.0,135.69,1904.0,58.93,70.0,545.0,0.0
31-10-2023,140.0,3231.0,135.56,1872.0,57.94,160.0,545.0,17.0
01-11-2023,140.0,3231.0,135.54,1867.0,57.78,180.0,245.0,14.0
02-11-2023,140.0,3231.0,135.5,1857.0,57.47,130.0,245.0,0.0
03-11-2023,140.0,3231.0,135.45,1845.0,57.1,100.0,245.0,0.0
04-11-2023,140.0,3231.0,135.4,1833.0,56.73,120.0,245.0,6.0
05-11-2023,140.0,3231.0,135.4,1833.0,56.73,90.0,95.0,0.0
06-11-2023,140.0,3231.0,135.39,1831.0,56.67,70.0,95.0,0.0
07-11-2023,140.0,3231.0,135.45,1845.0,57.1,230.0,68.0,20.0
08-11-2023,140.0,3231.0,135.48,1853.0,57.35,160.0,68.0,3.0
09-11-2023,140.0,3231.0,135.51,1860.0,57.57,140.0,68.0,0.0
10-11-2023,140.0,3231.0,135.51,1860.0,57.57,80.0,68.0,0.0
11-11-2023,140.0,3231.0,135.51,1860.0,57.57,60.0,68.0,0.0
12-11-2023,140.0,3231.0,135.51,1860.0,57.57,60.0,63.0,0.0
13-11-2023,140.0,3231.0,135.5,1857.0,57.47,40.0,68.0,0.0
14-11-2023,140.0,3231.0,135.5,1857.0,57.47,60.0,68.0,5.0
15-11-2023,140.0,3231.0,135.52,1862.0,57.63,120.0,68.0,20.0
16-11-2023,140.0,3231.0,133.54,1867.0,57.78,120.0,68.0,13.0
17-11-2023,140.0,3231.0,135.54,1867.0,57.78,70.0,68.0,0.0
18-11-2023,140.0,3231.0,135.54,1867.0,57.78,70.0,68.0,0.0
19-11-2023,140.0,3231.0,135.53,1865.0,57.72,50.0,68.0,0.0
20-11-2023,140.0,3231.0,135.52,1862.0,57.63,40.0,68.0,0.0
21-11-2023,140.0,3231.0,135.52,1862.0,57.63,70.0,68.0,0.0
22-11-2023,140.0,3231.0,135.52,1862.0,57.63,70.0,68.0,2.0
23-11-2023,140.0,3231.0,135.57,1874.0,58.0,210.0,68.0,17.0
24-11-2023,140.0,3231.0,135.6,1881.0,58.22,150.0,68.0,0.0
25-11-2023,140.0,3231.0,135.6,1881.0,58.22,50.0,38.0,0.0
26-11-2023,140.0,3231.0,135.6,1881.0,58.22,50.0,38.0,0.0
27-11-2023,140.0,3231.0,135.62,1886.0,58.37,100.0,38.0,10.0
28-11-2023,140.0,3231.0,135.85,1943.0,60.14,700.0,38.0,90.0
29-11-2023,140.0,3231.0,136.1,2006.0,62.09,760.0,38.0,15.0
30-11-2023,140.0,3231.0,136.4,2082.0,64.44,920.0,38.0,28.0
01-12-2023,140.0,3231.0,136.63,2142.0,66.3,730.0,38.0,6.0
02-12-2023,140.0,3231.0,136.74,2171.0,67.19,370.0,38.0,0.0
03-12-2023,140.0,3231.0,137.0,2241.0,69.36,830.0,25.0,43.0
04-12-2023,140.0,3231.0,138.2,2580.0,79.85,3950.0,25.0,100.0
05-12-2023,140.0,3231.0,139.2,2823.0,87.37,11050.0,17605.0,154.0
06-12-2023,140.0,3231.0,139.55,2999.0,92.82,8585.0,8585.0,0.0
07-12-2023,140.0,3231.0,139.55,2999.0,92.82,4675.0,4675.0,0.0
08-12-2023,140.0,3231.0,139.45,2966.0,91.8,2380.0,3215.0,0.0
09-12-2023,140.0,3231.0,139.2,2886.0,89.32,2990.0,3215.0,0.0
10-12-2023,140.0,3231.0,139.32,2924.0,90.5,1610.0,1009.0,0.0
11-12-2023,140.0,3231.0,139.55,2999.0,92.82,1380.0,512.0,0.0
12-12-2023,140.0,3231.0,139.7,3048.0,94.34,1080.0,512.0,0.0
13-12-2023,140.0,3231.0,139.78,3076.0,95.2,840.0,512.0,0.0
14-12-2023,140.0,3231.0,139.93,3128.0,96.81,840.0,269.0,0.0
15-12-2023,140.0,3231.0,139.98,3159.0,97.77,680.0,269.0,0.0
16-12-2023,140.0,3231.0,139.99,3193.0,98.82,680.0,269.0,0.0
17-12-2023,140.0,3231.0,140.0,3231.0,100.0,700.0,269.0,0.0
18-12-2023,140.0,3231.0,139.99,3193.0,98.82,680.0,269.0,0.0
19-12-2023,140.0,3231.0,139.97,3166.0,97.99,240.0,675.0,0.0
20-12-2023,140.0,3231.0,139.95,3131.0,96.9,220.0,675.0,0.0
21-12-2023,140.0,3231.0,139.87,3104.0,96.07,220.0,525.0,0.0
22-12-2023,140.0,3231.0,139.78,3077.0,95.23,210.0,525.0,0.0
23-12-2023,140.0,3231.0,139.73,3058.0,94.65,200.0,431.0,0.0
24-12-2023,140.0,3231.0,139.74,3061.0,94.74,170.0,133.0,0.0
25-12-2023,140.0,3231.0,139.74,3061.0,94.74,140.0,136.0,0.0
26-12-2023,140.0,3231.0,139.74,3061.0,94.74,140.0,138.0,0.0
27-12-2023,140.0,3231.0,139.74,3061.0,94.74,140.0,138.0,0.0
28-12-2023,140.0,3231.0,139.74,3061.0,94.74,140.0,138.0,0.0
29-12-2023,140.0,3231.0,139.74,3061.0,94.74,90.0,88.0,0.0
30-12-2023,140.0,3231.0,139.74,3061.0,94.74,90.0,88.0,0.0
31-12-2023,140.0,3231.0,139.75,3064.0,94.83,70.0,38.0,0.0
01-01-2024,140.0,3231.0,139.75,3064.0,94.83,50.0,38.0,0.0
02-01-2024,140.0,3231.0,139.75,3064.0,94.83,40.0,38.0,0.0
03-01-2024,140.0,3231.0,139.75,3064.0,94.83,40.0,38.0,0.0
04-01-2024,140.0,3231.0,139.75,3064.0,94.83,40.0,38.0,0.0
05-01-2024,140.0,3231.0,139.75,3064.0,94.83,40.0,38.0,0.0
06-01-2024,140.0,3231.0,139.75,3064.0,94.83,40.0,38.0,0.0
07-01-2024,140.0,3231.0,139.75,3064.0,94.83,40.0,38.0,0.0
08-01-2024,140.0,3231.0,139.77,3073.0,95.11,190.0,88.0,20.0
09-01-2024,140.0,3231.0,139.77,3073.0,95.11,540.0,538.0,5.0
10-01-2024,140.0,3231.0,139.79,3081.0,95.36,130.0,38.0,0.0
11-01-2024,140.0,3231.0,139.8,3085.0,95.48,70.0,26.0,0.0
12-01-2024,140.0,3231.0,139.8,3085.0,95.48,40.0,30.0,0.0
13-01-2024,140.0,3231.0,139.8,3085.0,95.48,40.0,37.0,0.0
14-01-2024,140.0,3231.0,139.8,3085.0,95.48,40.0,38.0,0.0
15-01-2024,140.0,3231.0,139.8,3085.0,95.48,40.0,38.0,0.0
16-01-2024,140.0,3231.0,139.8,3085.0,95.48,40.0,38.0,0.0
17-01-2024,140.0,3231.0,139.8,3085.0,95.48,40.0,38.0,0.0
18-01-2024,140.0,3231.0,139.8,3085.0,95.48,40.0,38.0,0.0
19-01-2024,140.0,3231.0,139.79,3081.0,95.36,0.0,38.0,0.0
20-01-2024,140.0,3231.0,139.78,3077.0,95.23,0.0,38.0,0.0
21-01-2024,140.0,3231.0,139.77,3073.0,95.11,0.0,38.0,0.0
22-01-2024,140.0,3231.0,139.76,3069.0,94.99,0.0,38.0,0.0
23-01-2024,140.0,3231.0,139.75,3065.0,94.86,0.0,38.0,0.0
24-01-2024,140.0,3231.0,139.74,3061.0,94.74,0.0,38.0,0.0
25-01-2024,140.0,3231.0,139.73,3057.0,94.61,0.0,38.0,0.0
26-01-2024,140.0,3231.0,139.64,3028.0,93.72,0.0,388.0,0.0
27-01-2024,140.0,3231.0,139.59,3012.0,93.22,0.0,191.0,0.0
28-01-2024,140.0,3231.0,139.54,2995.0,92.7,0.0,192.0,0.0
29-01-2024,140.0,3231.0,139.49,2979.0,92.2,0.0,192.0,0.0
30-01-2024,140.0,3231.0,139.44,2963.0,91.71,0.0,192.0,0.0
31-01-2024,140.0,3231.0,139.39,2947.0,91.21,0.0,188.0,0.0
01-02-2024,140.0,3231.0,139.34,2931.0,90.71,0.0,188.0,0.0
02-02-2024,140.0,3231.0,139.29,2915.0,90.22,0.0,188.0,0.0
03-02-2024,140.0,3231.0,139.24,2899.0,89.72,0.0,188.0,0.0
04-02-2024,140.0,3231.0,139.19,2883.0,89.23,0.0,188.0,0.0
05-02-2024,140.0,3231.0,139.14,2867.0,88.73,0.0,188.0,0.0
06-02-2024,140.0,3231.0,139.09,2851.0,88.24,0.0,188.0,0.0
07-02-2024,140.0,3231.0,139.04,2835.0,87.74,0.0,188.0,0.0
08-02-2024,140.0,3231.0,138.99,2820.0,87.28,0.0,188.0,0.0
09-02-2024,140.0,3231.0,138.94,2804.0,86.78,0.0,188.0,0.0
10-02-2024,140.0,3231.0,138.89,2789.0,86.32,0.0,189.0,0.0
11-02-2024,140.0,3231.0,138.84,2773.0,85.82,0.0,188.0,0.0
12-02-2024,140.0,3231.0,138.78,2757.0,85.33,0.0,188.0,0.0
13-02-2024,140.0,3231.0,138.73,2739.0,84.77,0.0,188.0,0.0
14-02-2024,140.0,3231.0,138.67,2721.0,84.22,0.0,192.0,0.0
15-02-2024,140.0,3231.0,138.61,2703.0,83.66,0.0,192.0,0.0
16-02-2024,140.0,3231.0,138.56,2687.0,83.16,0.0,188.0,0.0
17-02-2024,140.0,3231.0,138.5,2669.0,82.61,0.0,188.0,0.0
18-02-2024,140.0,3231.0,138.44,2652.0,82.08,0.0,188.0,0.0
19-02-2024,140.0,3231.0,138.38,2633.0,81.49,0.0,188.0,0.0
20-02-2024,140.0,3231.0,138.32,2615.0,80.93,0.0,188.0,0.0
21-02-2024,140.0,3231.0,138.26,2597.0,80.38,0.0,188.0,0.0
22-02-2024,140.0,3231.0,138.2,2580.0,79.85,0.0,188.0,0.0
23-02-2024,140.0,3231.0,138.14,2562.0,79.29,0.0,188.0,0.0
24-02-2024,140.0,3231.0,138.08,2544.0,78.74,0.0,188.0,0.0
25-02-2024,140.0,3231.0,138.02,2527.0,78.21,0.0,188.0,0.0
26-02-2024,140.0,3231.0,137.96,2510.0,77.68,0.0,188.0,0.0
27-02-2024,140.0,3231.0,137.9,2492.0,77.13,0.0,188.0,0.0
28-02-2024,140.0,3231.0,137.84,2475.0,76.6,0.0,188.0,0.0
29-02-2024,140.0,3231.0,137.78,2458.0,76.08,0.0,188.0,0.0
01-03-2024,140.0,3231.0,137.72,2441.0,75.55,0.0,188.0,0.0
02-03-2024,140.0,3231.0,137.66,2424.0,75.02,0.0,203.0,0.0
03-03-2024,140.0,3231.0,137.59,2404.0,74.4,0.0,203.0,0.0
04-03-2024,140.0,3231.0,137.52,2384.0,73.79,0.0,203.0,0.0
05-03-2024,140.0,3231.0,137.43,2359.0,73.01,0.0,303.0,0.0
06-03-2024,140.0,3231.0,137.33,2331.0,72.14,0.0,303.0,0.0
07-03-2024,140.0,3231.0,137.23,2304.0,71.31,0.0,303.0,0.0
08-03-2024,140.0,3231.0,137.13,2276.0,70.44,0.0,303.0,0.0
09-03-2024,140.0,3231.0,137.03,2249.0,69.61,0.0,303.0,0.0
10-03-2024,140.0,3231.0,136.93,2222.0,68.77,0.0,303.0,0.0
11-03-2024,140.0,3231.0,136.83,2195.0,67.94,0.0,303.0,0.0
12-03-2024,140.0,3231.0,136.72,2166.0,67.04,0.0,303.0,0.0
13-03-2024,140.0,3231.0,136.61,2137.0,66.14,0.0,303.0,0.0
14-03-2024,140.0,3231.0,136.51,2111.0,65.34,0.0,303.0,0.0
15-03-2024,140.0,3231.0,136.4,2082.0,64.44,0.0,303.0,0.0
16-03-2024,140.0,3231.0,136.29,2054.0,63.57,0.0,303.0,0.0
17-03-2024,140.0,3231.0,136.18,2026.0,62.71,0.0,303.0,0.0
18-03-2024,140.0,3231.0,136.07,1998.0,61.84,0.0,303.0,0.0
19-03-2024,140.0,3231.0,135.96,1970.0,60.97,0.0,303.0,0.0
20-03-2024,140.0,3231.0,135.86,1945.0,60.2,0.0,303.0,0.0
21-03-2024,140.0,3231.0,135.75,1918.0,59.36,0.0,303.0,0.0
22-03-2024,140.0,3231.0,135.64,1891.0,58.53,0.0,303.0,0.0
23-03-2024,140.0,3231.0,135.53,1865.0,57.72,0.0,303.0,0.0
24-03-2024,140.0,3231.0,135.42,1838.0,56.89,0.0,303.0,0.0
25-03-2024,140.0,3231.0,135.4,1833.0,56.73,0.0,303.0,0.0
26-03-2024,140.0,3231.0,135.38,1828.0,56.58,0.0,53.0,0.0
27-03-2024,140.0,3231.0,135.27,1802.0,55.77,0.0,303.0,0.0
28-03-2024,140.0,3231.0,135.15,1774.0,54.91,0.0,306.0,0.0
29-03-2024,140.0,3231.0,135.04,1748.0,54.1,0.0,304.0,0.0
30-03-2024,140.0,3231.0,134.92,1721.0,53.27,0.0,304.0,0.0
31-03-2024,140.0,3231.0,134.8,1693.0,52.4,0.0,304.0,0.0
01-04-2024,140.0,3231.0,134.68,1666.0,51.56,0.0,304.0,0.0
02-04-2024,140.0,3231.0,134.56,1640.0,50.76,0.0,299.0,0.0
03-04-2024,140.0,3231.0,134.45,1615.0,49.98,0.0,299.0,0.0
04-04-2024,140.0,3231.0,134.33,1589.0,49.18,0.0,299.0,0.0
05-04-2024,140.0,3231.0,134.21,1563.0,48.38,0.0,298.0,0.0
06-04-2024,140.0,3231.0,134.09,1537.0,47.57,0.0,298.0,0.0
07-04-2024,140.0,3231.0,133.97,1512.0,46.8,0.0,298.0,0.0
08-04-2024,140.0,3231.0,133.85,1487.0,46.02,0.0,298.0,0.0
09-04-2024,140.0,3231.0,133.73,1462.0,45.25,0.0,298.0,0.0
10-04-2024,140.0,3231.0,133.6,1436.0,44.44,0.0,298.0,0.0
11-04-2024,140.0,3231.0,133.47,1410.0,43.64,0.0,300.0,0.0
12-04-2024,140.0,3231.0,133.39,1394.0,43.14,0.0,236.0,0.0
13-04-2024,140.0,3231.0,133.28,1373.0,42.49,0.0,298.0,0.0
14-04-2024,140.0,3231.0,133.15,1348.0,41.72,0.0,298.0,0.0
15-04-2024,140.0,3231.0,133.02,1323.0,40.95,0.0,298.0,0.0
16-04-2024,140.0,3231.0,132.88,1297.0,40.14,0.0,298.0,0.0
17-04-2024,140.0,3231.0,132.74,1272.0,39.37,0.0,298.0,0.0
18-04-2024,140.0,3231.0,132.61,1248.0,38.63,0.0,288.0,0.0
19-04-2024,140.0,3231.0,132.48,1225.0,37.91,0.0,288.0,0.0
20-04-2024,140.0,3231.0,132.34,1200.0,37.14,0.0,288.0,0.0
21-04-2024,140.0,3231.0,132.2,1176.0,36.4,0.0,288.0,0.0
22-04-2024,140.0,3231.0,132.06,1153.0,35.69,0.0,288.0,0.0
23-04-2024,140.0,3231.0,131.92,1130.0,34.97,0.0,288.0,0.0
24-04-2024,140.0,3231.0,131.78,1107.0,34.26,0.0,288.0,0.0
25-04-2024,140.0,3231.0,131.5,1063.0,32.9,0.0,523.0,0.0
26-04-2024,140.0,3231.0,131.21,1020.0,31.57,0.0,523.0,0.0
27-04-2024,140.0,3231.0,130.93,978.0,30.27,0.0,525.0,0.0
28-04-2024,140.0,3231.0,130.65,938.0,29.03,0.0,518.0,0.0
29-04-2024,140.0,3231.0,130.37,898.0,27.79,0.0,518.0,0.0
30-04-2024,140.0,3231.0,130.1,860.0,26.62,0.0,518.0,0.0
01-05-2024,140.0,3231.0,129.84,822.0,25.44,0.0,518.0,0.0
02-05-2024,140.0,3231.0,129.55,783.0,24.23,0.0,518.0,0.0
03-05-2024,140.0,3231.0,129.53,780.0,24.14,0.0,33.0,0.0
04-05-2024,140.0,3231.0,129.5,776.0,24.02,0.0,33.0,0.0
05-05-2024,140.0,3231.0,129.48,773.0,23.92,0.0,33.0,0.0
06-05-2024,140.0,3231.0,129.45,770.0,23.83,0.0,33.0,0.0
07-05-2024,140.0,3231.0,129.43,767.0,23.74,0.0,33.0,0.0
08-05-2024,140.0,3231.0,129.41,764.0,23.65,0.0,33.0,0.0
09-05-2024,140.0,3231.0,129.38,760.0,23.52,0.0,37.0,0.0
10-05-2024,140.0,3231.0,129.36,757.0,23.43,0.0,37.0,0.0
11-05-2024,140.0,3231.0,129.34,755.0,23.37,0.0,37.0,0.0
12-05-2024,140.0,3231.0,129.18,733.0,22.69,0.0,287.0,0.0
13-05-2024,140.0,3231.0,129.01,710.0,21.97,0.0,287.0,0.0
14-05-2024,140.0,3231.0,128.85,688.0,21.29,0.0,286.0,0.0
15-05-2024,140.0,3231.0,128.68,666.0,20.61,0.0,287.0,0.0
16-05-2024,140.0,3231.0,128.5,643.0,19.9,0.0,287.0,0.0
17-05-2024,140.0,3231.0,128.33,620.0,19.19,0.0,286.0,0.0
18-05-2024,140.0,3231.0,128.16,598.0,18.51,0.0,287.0,0.0
19-05-2024,140.0,3231.0,128.0,577.0,17.86,0.0,287.0,0.0
20-05-2024,140.0,3231.0,127.83,556.0,17.21,0.0,287.0,0.0
21-05-2024,140.0,3231.0,127.66,535.0,16.56,0.0,287.0,8.0
22-05-2024,140.0,3231.0,127.5,515.0,15.94,0.0,287.0,4.0
23-05-2024,140.0,3231.0,127.33,495.0,15.32,0.0,286.0,0.0
24-05-2024,140.0,3231.0,127.12,470.0,14.55,0.0,362.0,0.0
25-05-2024,140.0,3231.0,126.9,444.0,13.74,0.0,362.0,0.0
26-05-2024,140.0,3231.0,126.68,420.0,13.0,0.0,362.0,0.0
27-05-2024,140.0,3231.0,126.45,394.0,12.19,0.0,362.0,0.0
28-05-2024,140.0,3231.0,126.22,370.0,11.45,0.0,362.0,0.0
29-05-2024,140.0,3231.0,126.0,347.0,10.74,0.0,362.0,0.0
30-05-2024,140.0,3231.0,125.77,324.0,10.03,0.0,360.0,0.0
31-05-2024,140.0,3231.0,125.52,300.0,9.29,0.0,357.0,0.0
01-06-2024,140.0,3231.0,125.26,275.0,8.51,0.0,357.0,0.0
02-06-2024,140.0,3231.0,125.0,251.0,7.77,0.0,357.0,0.0
03-06-2024,140.0,3231.0,124.76,230.0,7.12,0.0,282.0,0.0
04-06-2024,140.0,3231.0,124.55,212.0,6.56,0.0,232.0,0.0
05-06-2024,140.0,3231.0,124.32,194.0,6.0,0.0,232.0,3.0
06-06-2024,140.0,3231.0,124.1,177.0,5.48,0.0,211.0,2.0
07-06-2024,140.0,3231.0,123.9,163.0,5.04,0.0,175.0,7.0
08-06-2024,140.0,3231.0,123.8,156.0,4.83,70.0,161.0,30.0
09-06-2024,140.0,3231.0,123.65,146.0,4.52,0.0,152.0,0.0
10-06-2024,140.0,3231.0,123.5,137.0,4.24,0.0,132.0,0.0
11-06-2024,140.0,3231.0,123.33,127.0,3.93,0.0,132.0,8.0
12-06-2024,140.0,3231.0,123.15,117.0,3.62,0.0,131.0,11.0
13-06-2024,140.0,3231.0,123.1,114.0,3.53,80.0,132.0,21.0
14-06-2024,140.0,3231.0,123.0,109.0,3.37,50.0,106.0,0.0
15-06-2024,140.0,3231.0,122.9,104.0,3.22,0.0,96.0,0.0
16-06-2024,140.0,3231.0,122.75,97.0,3.0,0.0,97.0,0.0
17-06-2024,140.0,3231.0,122.65,92.0,2.85,0.0,97.0,0.0
18-06-2024,140.0,3231.0,122.58,89.0,2.75,30.0,86.0,8.0
19-06-2024,140.0,3231.0,122.5,86.0,2.66,30.0,77.0,3.0
20-06-2024,140.0,3231.0,122.45,84.0,2.6,0.0,27.0,0.0
21-06-2024,140.0,3231.0,122.4,82.0,2.54,0.0,27.0,0.0
22-06-2024,140.0,3231.0,122.35,80.0,2.48,0.0,26.0,0.0
23-06-2024,140.0,3231.0,122.29,78.0,2.41,0.0,27.0,0.0
23-06-2024,140.0,3231.0,122.29,78.0,2.41,0.0,27.0,0.0
23-06-2024,140.0,3231.0,122.29,78.0,2.41,0.0,27.0,0.0
23-06-2024,140.0,3231.0,122.29,78.0,2.41,0.0,27.0,0.0
23-06-2024,140.0,3231.0,122.29,78.0,2.41,0.0,27.0,0.0
23-06-2024,140.0,3231.0,122.29,78.0,2.41,0.0,27.0,0.0
24-06-2024,140.0,3231.0,122.24,76.0,2.35,0.0,26.0,0.0
25-06-2024,140.0,3231.0,122.2,74.0,2.29,0.0,27.0,0.0
26-06-2024,140.0,3231.0,122.1,72.0,2.23,0.0,27.0,0.0
27-06-2024,140.0,3231.0,122.05,70.0,2.17,0.0,27.0,0.0
28-06-2024,140.0,3231.0,122.0,69.0,2.14,0.0,27.0,0.0
29-06-2024,140.0,3231.0,121.95,67.0,2.07,0.0,27.0,0.0
30-06-2024,140.0,3231.0,121.9,66.0,2.04,0.0,26.0,0.0
01-07-2024,140.0,3231.0,121.85,65.0,2.01,0.0,26.0,0.0
02-07-2024,140.0,3231.0,121.8,64.0,1.98,0.0,26.0,0.0
03-07-2024,140.0,3231.0,121.75,63.0,1.95,0.0,26.0,0.0
04-07-2024,140.0,3231.0,121.8,64.0,1.98,40.0,26.0,7.0
05-07-2024,140.0,3231.0,121.85,65.0,2.01,40.0,26.0,0.0
06-07-2024,140.0,3231.0,121.85,65.0,2.01,30.0,27.0,0.0
07-07-2024,140.0,3231.0,121.8,64.0,1.98,0.0,27.0,0.0
08-07-2024,140.0,3231.0,121.9,66.0,2.04,40.0,27.0,5.0
09-07-2024,140.0,3231.0,121.9,66.0,2.04,30.0,27.0,0.0
10-07-2024,140.0,3231.0,121.85,65.0,2.01,0.0,27.0,0.0
11-07-2024,140.0,3231.0,122.05,70.0,2.17,80.0,27.0,28.0
12-07-2024,140.0,3231.0,122.05,70.0,2.17,30.0,27.0,0.0
13-07-2024,140.0,3231.0,122.3,79.0,2.45,130.0,27.0,52.0
14-07-2024,140.0,3231.0,122.5,86.0,2.66,110.0,27.0,4.0
15-07-2024,140.0,3231.0,122.65,92.0,2.85,90.0,27.0,2.0
16-07-2024,140.0,3231.0,122.88,103.0,3.19,150.0,27.0,3.0
17-07-2024,140.0,3231.0,123.05,111.0,3.44,120.0,27.0,0.0
18-07-2024,140.0,3231.0,123.16,117.0,3.62,100.0,27.0,0.0
19-07-2024,140.0,3231.0,123.34,127.0,3.93,140.0,27.0,5.0
20-07-2024,140.0,3231.0,123.48,135.0,4.18,120.0,27.0,0.0
21-07-2024,140.0,3231.0,123.57,141.0,4.36,100.0,27.0,0.0
22-07-2024,140.0,3231.0,123.65,146.0,4.52,90.0,27.0,0.0
23-07-2024,140.0,3231.0,123.72,150.0,4.64,80.0,27.0,0.0
24-07-2024,140.0,3231.0,123.76,153.0,4.74,70.0,27.0,0.0
25-07-2024,140.0,3231.0,123.62,144.0,4.46,70.0,177.0,0.0
26-07-2024,140.0,3231.0,123.45,134.0,4.15,50.0,177.0,0.0
27-07-2024,140.0,3231.0,123.26,123.0,3.81,50.0,177.0,0.0
28-07-2024,140.0,3231.0,123.06,112.0,3.47,50.0,177.0,0.0
29-07-2024,140.0,3231.0,122.8,100.0,3.1,30.0,177.0,0.0
30-07-2024,140.0,3231.0,122.68,94.0,2.91,110.0,177.0,18.0
31-07-2024,140.0,3231.0,122.5,86.0,2.66,80.0,177.0,0.0
01-08-2024,140.0,3231.0,122.43,83.0,2.57,80.0,127.0,0.0
02-08-2024,140.0,3231.0,122.35,80.0,2.48,80.0,127.0,0.0
03-08-2024,140.0,3231.0,122.43,83.0,2.57,160.0,127.0,15.0
04-08-2024,140.0,3231.0,122.43,83.0,2.57,130.0,127.0,7.0
05-08-2024,140.0,3231.0,122.43,83.0,2.57,110.0,107.0,4.0
06-08-2024,140.0,3231.0,122.43,83.0,2.57,110.0,107.0,11.0
07-08-2024,140.0,3231.0,122.43,83.0,2.57,110.0,107.0,10.0
08-08-2024,140.0,3231.0,122.5,86.0,2.66,150.0,107.0,16.0
09-08-2024,140.0,3231.0,122.5,86.0,2.66,110.0,107.0,0.0
10-08-2024,140.0,3231.0,122.5,86.0,2.66,110.0,107.0,5.0
11-08-2024,140.0,3231.0,122.56,89.0,2.75,140.0,107.0,7.0
12-08-2024,140.0,3231.0,122.9,104.0,3.22,280.0,107.0,82.0
13-08-2024,140.0,3231.0,123.02,110.0,3.4,180.0,107.0,0.0
14-08-2024,140.0,3231.0,123.02,110.0,3.4,180.0,177.0,0.0
15-08-2024,140.0,3231.0,123.02,110.0,3.4,180.0,177.0,0.0
16-08-2024,140.0,3231.0,123.02,110.0,3.4,180.0,177.0,0.0
17-08-2024,140.0,3231.0,123.02,110.0,3.4,180.0,177.0,0.0
18-08-2024,140.0,3231.0,123.02,110.0,3.4,180.0,177.0,0.0
19-08-2024,140.0,3231.0,123.0,109.0,3.37,160.0,177.0,0.0
20-08-2024,140.0,3231.0,122.95,107.0,3.31,150.0,177.0,0.0
21-08-2024,140.0,3231.0,122.9,104.0,3.22,140.0,177.0,0.0
22-08-2024,140.0,3231.0,122.84,101.0,3.13,140.0,177.0,0.0
23-08-2024,140.0,3231.0,122.77,98.0,3.03,130.0,177.0,0.0
24-08-2024,140.0,3231.0,122.7,95.0,2.94,130.0,177.0,0.0
25-08-2024,140.0,3231.0,122.65,92.0,2.85,130.0,177.0,0.0
26-08-2024,140.0,3231.0,122.6,90.0,2.79,130.0,157.0,0.0
27-08-2024,140.0,3231.0,122.6,90.0,2.79,130.0,127.0,0.0
28-08-2024,140.0,3231.0,122.6,90.0,2.79,130.0,127.0,2.0
29-08-2024,140.0,3231.0,122.6,90.0,2.79,130.0,127.0,1.0
30-08-2024,140.0,3231.0,122.55,88.0,2.72,100.0,127.0,0.0
