Date,Full Tank Level (ft.),Full Capacity (mcft),Level (ft),Storage (mcft),Storage Level (%),Inflow (cusecs),Outflow (cusecs),Rainfall (mm)
01-01-2004,50.2,3300.0,28.89,268.0,8.12,10.0,10.0,0.0
02-01-2004,50.2,3300.0,28.89,268.0,8.12,10.0,10.0,0.0
03-01-2004,50.2,3300.0,28.87,267.0,8.09,10.0,10.0,0.0
04-01-2004,50.2,3300.0,28.87,267.0,8.09,10.0,10.0,0.0
05-01-2004,50.2,3300.0,28.87,267.0,8.09,10.0,10.0,0.0
06-01-2004,50.2,3300.0,28.85,266.0,8.06,8.0,10.0,0.0
07-01-2004,50.2,3300.0,28.85,266.0,8.06,4.0,10.0,0.0
08-01-2004,50.2,3300.0,28.84,265.0,8.03,4.0,10.0,0.0
09-01-2004,50.2,3300.0,28.82,264.0,8.0,6.0,10.0,0.0
10-01-2004,50.2,3300.0,28.82,264.0,8.0,5.0,10.0,0.0
11-01-2004,50.2,3300.0,28.81,263.0,7.97,3.0,10.0,0.0
12-01-2004,50.2,3300.0,28.79,262.0,7.94,3.0,10.0,0.0
13-01-2004,50.2,3300.0,28.78,261.0,7.91,2.0,10.0,0.0
14-01-2004,50.2,3300.0,28.76,260.0,7.88,2.0,10.0,0.0
15-01-2004,50.2,3300.0,28.74,259.0,7.85,2.0,10.0,0.0
16-01-2004,50.2,3300.0,28.73,258.0,7.82,1.0,10.0,0.0
17-01-2004,50.2,3300.0,28.69,256.0,7.76,0.0,10.0,0.0
18-01-2004,50.2,3300.0,28.67,254.0,7.7,0.0,10.0,0.0
19-01-2004,50.2,3300.0,28.63,252.0,7.64,0.0,10.0,0.0
20-01-2004,50.2,3300.0,28.6,250.0,7.58,0.0,10.0,0.0
21-01-2004,50.2,3300.0,28.55,247.0,7.48,0.0,10.0,0.0
22-01-2004,50.2,3300.0,28.5,244.0,7.39,0.0,10.0,0.0
23-01-2004,50.2,3300.0,28.47,242.0,7.33,0.0,10.0,0.0
24-01-2004,50.2,3300.0,28.42,239.0,7.24,0.0,10.0,0.0
25-01-2004,50.2,3300.0,28.38,237.0,7.18,0.0,10.0,0.0
26-01-2004,50.2,3300.0,28.34,234.0,7.09,0.0,10.0,0.0
27-01-2004,50.2,3300.0,28.3,232.0,7.03,0.0,10.0,2.0
28-01-2004,50.2,3300.0,28.27,230.0,6.97,5.0,10.0,17.0
29-01-2004,50.2,3300.0,28.22,227.0,6.88,0.0,10.0,0.0
30-01-2004,50.2,3300.0,28.19,225.0,6.82,0.0,10.0,0.0
31-01-2004,50.2,3300.0,28.14,223.0,6.76,0.0,10.0,0.0
01-02-2004,50.2,3300.0,28.09,220.0,6.67,0.0,10.0,0.0
02-02-2004,50.2,3300.0,28.06,218.0,6.61,0.0,10.0,0.0
03-02-2004,50.2,3300.0,28.02,216.0,6.55,0.0,10.0,0.0
04-02-2004,50.2,3300.0,27.97,213.0,6.45,0.0,10.0,0.0
05-02-2004,50.2,3300.0,27.93,211.0,6.39,0.0,10.0,0.0
06-02-2004,50.2,3300.0,27.9,209.0,6.33,0.0,10.0,0.0
07-02-2004,50.2,3300.0,27.85,206.0,6.24,0.0,10.0,0.0
08-02-2004,50.2,3300.0,27.82,204.0,6.18,0.0,10.0,0.0
09-02-2004,50.2,3300.0,27.78,202.0,6.12,0.0,10.0,0.0
10-02-2004,50.2,3300.0,27.75,200.0,6.06,0.0,10.0,0.0
11-02-2004,50.2,3300.0,27.71,197.0,5.97,0.0,10.0,0.0
12-02-2004,50.2,3300.0,27.67,195.0,5.91,0.0,10.0,0.0
13-02-2004,50.2,3300.0,27.63,193.0,5.85,0.0,10.0,0.0
14-02-2004,50.2,3300.0,27.6,191.0,5.79,0.0,10.0,0.0
15-02-2004,50.2,3300.0,27.56,189.0,5.73,0.0,10.0,0.0
16-02-2004,50.2,3300.0,27.51,186.0,5.64,0.0,10.0,0.0
17-02-2004,50.2,3300.0,27.47,184.0,5.58,0.0,10.0,0.0
18-02-2004,50.2,3300.0,27.44,182.0,5.52,0.0,10.0,0.0
19-02-2004,50.2,3300.0,27.38,179.0,5.42,0.0,10.0,0.0
20-02-2004,50.2,3300.0,27.35,177.0,5.36,0.0,10.0,0.0
21-02-2004,50.2,3300.0,27.31,175.0,5.3,0.0,10.0,0.0
22-02-2004,50.2,3300.0,27.26,172.0,5.21,0.0,10.0,0.0
23-02-2004,50.2,3300.0,27.22,170.0,5.15,0.0,10.0,0.0
24-02-2004,50.2,3300.0,27.19,168.0,5.09,0.0,10.0,0.0
25-02-2004,50.2,3300.0,27.13,165.0,5.0,0.0,10.0,0.0
26-02-2004,50.2,3300.0,27.09,163.0,4.94,0.0,10.0,0.0
27-02-2004,50.2,3300.0,27.06,161.0,4.88,0.0,10.0,0.0
28-02-2004,50.2,3300.0,27.0,158.0,4.79,0.0,10.0,0.0
29-02-2004,50.2,3300.0,26.96,156.0,4.73,0.0,10.0,0.0
01-03-2004,50.2,3300.0,26.91,153.0,4.64,0.0,10.0,0.0
02-03-2004,50.2,3300.0,26.87,151.0,4.58,0.0,10.0,0.0
03-03-2004,50.2,3300.0,26.83,149.0,4.52,0.0,10.0,0.0
04-03-2004,50.2,3300.0,26.8,147.0,4.45,0.0,10.0,0.0
05-03-2004,50.2,3300.0,26.76,145.0,4.39,0.0,10.0,0.0
06-03-2004,50.2,3300.0,26.73,143.0,4.33,0.0,10.0,0.0
07-03-2004,50.2,3300.0,26.69,141.0,4.27,0.0,10.0,0.0
08-03-2004,50.2,3300.0,26.65,139.0,4.21,0.0,10.0,0.0
09-03-2004,50.2,3300.0,26.61,137.0,4.15,0.0,10.0,0.0
10-03-2004,50.2,3300.0,26.57,135.0,4.09,0.0,10.0,0.0
11-03-2004,50.2,3300.0,26.55,134.0,4.06,0.0,5.0,0.0
12-03-2004,50.2,3300.0,26.61,137.0,4.15,50.0,5.0,0.0
13-03-2004,50.2,3300.0,26.67,140.0,4.24,58.0,5.0,0.0
14-03-2004,50.2,3300.0,26.74,144.0,4.36,63.0,5.0,0.0
15-03-2004,50.2,3300.0,26.81,147.7,4.48,62.0,5.0,0.0
16-03-2004,50.2,3300.0,26.88,151.5,4.59,62.0,5.0,0.0
17-03-2004,50.2,3300.0,26.95,155.3,4.71,62.0,5.0,0.0
18-03-2004,50.2,3300.0,27.01,158.5,4.8,60.0,5.0,0.0
19-03-2004,50.2,3300.0,27.07,161.7,4.9,60.0,5.0,0.0
20-03-2004,50.2,3300.0,27.13,165.0,5.0,60.0,5.0,0.0
21-03-2004,50.2,3300.0,27.19,168.2,5.1,60.0,5.0,0.0
22-03-2004,50.2,3300.0,27.25,171.5,5.2,60.0,5.0,0.0
23-03-2004,50.2,3300.0,27.31,174.9,5.3,60.0,5.0,0.0
24-03-2004,50.2,3300.0,27.35,177.0,5.36,45.0,5.0,0.0
25-03-2004,50.2,3300.0,27.39,179.0,5.42,42.0,5.0,0.0
26-03-2004,50.2,3300.0,27.42,181.0,5.48,42.0,5.0,0.0
27-03-2004,50.2,3300.0,27.45,182.8,5.54,42.0,5.0,0.0
28-03-2004,50.2,3300.0,27.48,184.7,5.6,42.0,5.0,0.0
29-03-2004,50.2,3300.0,27.52,186.6,5.65,42.0,5.0,0.0
30-03-2004,50.2,3300.0,27.54,187.8,5.69,36.0,5.0,0.0
31-03-2004,50.2,3300.0,27.56,188.8,5.72,34.0,5.0,0.0
01-04-2004,50.2,3300.0,27.58,190.0,5.76,29.0,5.0,0.0
02-04-2004,50.2,3300.0,27.6,191.1,5.79,29.0,5.0,0.0
03-04-2004,50.2,3300.0,27.61,191.7,5.81,26.0,10.0,0.0
04-04-2004,50.2,3300.0,27.62,192.4,5.83,29.0,10.0,0.0
05-04-2004,50.2,3300.0,27.63,192.7,5.84,24.0,10.0,0.0
06-04-2004,50.2,3300.0,27.61,191.7,5.81,15.0,10.0,0.0
07-04-2004,50.2,3300.0,27.58,190.0,5.76,10.0,10.0,0.0
08-04-2004,50.2,3300.0,27.55,188.3,5.71,10.0,10.0,0.0
09-04-2004,50.2,3300.0,27.52,186.8,5.66,10.0,10.0,0.0
10-04-2004,50.2,3300.0,27.51,186.3,5.65,19.0,5.0,0.0
11-04-2004,50.2,3300.0,27.51,186.3,5.65,24.0,5.0,0.0
12-04-2004,50.2,3300.0,27.51,186.3,5.65,24.0,5.0,0.0
13-04-2004,50.2,3300.0,27.51,186.3,5.65,20.0,5.0,0.0
14-04-2004,50.2,3300.0,27.5,185.6,5.62,14.0,5.0,0.0
15-04-2004,50.2,3300.0,27.48,184.6,5.59,11.0,5.0,0.0
16-04-2004,50.2,3300.0,27.45,182.9,5.54,8.0,10.0,0.0
17-04-2004,50.2,3300.0,27.42,180.9,5.48,5.0,5.0,0.0
18-04-2004,50.2,3300.0,27.38,178.7,5.42,2.0,5.0,0.0
19-04-2004,50.2,3300.0,27.34,176.5,5.35,2.0,5.0,0.0
20-04-2004,50.2,3300.0,27.3,174.2,5.28,0.0,5.0,0.0
21-04-2004,50.2,3300.0,27.25,171.7,5.2,0.0,5.0,0.0
22-04-2004,50.2,3300.0,27.21,169.4,5.13,0.0,5.0,0.0
23-04-2004,50.2,3300.0,27.18,167.4,5.07,0.0,5.0,0.0
24-04-2004,50.2,3300.0,27.14,165.4,5.01,0.0,5.0,0.0
25-04-2004,50.2,3300.0,27.1,163.3,4.95,0.0,5.0,0.0
26-04-2004,50.2,3300.0,27.06,161.2,4.88,0.0,5.0,0.0
27-04-2004,50.2,3300.0,27.03,159.4,4.83,0.0,5.0,0.0
28-04-2004,50.2,3300.0,26.99,157.3,4.77,0.0,5.0,0.0
29-04-2004,50.2,3300.0,26.95,155.4,4.71,0.0,5.0,0.0
30-04-2004,50.2,3300.0,26.91,153.3,4.65,0.0,5.0,0.0
01-05-2004,50.2,3300.0,26.88,151.3,4.58,0.0,5.0,0.0
02-05-2004,50.2,3300.0,26.84,149.2,4.52,0.0,10.0,0.0
03-05-2004,50.2,3300.0,26.8,147.3,4.46,5.0,10.0,27.0
04-05-2004,50.2,3300.0,26.8,147.3,4.46,10.0,10.0,61.0
05-05-2004,50.2,3300.0,26.79,146.8,4.45,8.0,10.0,40.0
06-05-2004,50.2,3300.0,26.84,149.5,4.53,43.0,10.0,22.0
07-05-2004,50.2,3300.0,26.92,153.5,4.65,55.0,10.0,20.0
08-05-2004,50.2,3300.0,26.99,157.3,4.77,54.0,10.0,4.5
09-05-2004,50.2,3300.0,27.73,159.5,4.83,36.0,10.0,0.0
10-05-2004,50.2,3300.0,27.05,160.5,4.86,22.0,10.0,0.0
11-05-2004,50.2,3300.0,27.05,160.5,4.86,12.0,5.0,0.0
12-05-2004,50.2,3300.0,27.02,159.0,4.82,3.0,5.0,0.0
13-05-2004,50.2,3300.0,26.99,157.2,4.76,0.0,5.0,0.0
14-05-2004,50.2,3300.0,26.95,155.3,4.71,0.0,5.0,0.0
15-05-2004,50.2,3300.0,26.91,153.3,4.65,0.0,5.0,0.0
16-05-2004,50.2,3300.0,26.88,151.2,4.58,0.0,5.0,0.0
17-05-2004,50.2,3300.0,26.87,149.5,4.53,5.0,5.0,58.0
18-05-2004,50.2,3300.0,26.83,149.0,4.52,5.0,5.0,3.5
19-05-2004,50.2,3300.0,26.8,147.2,4.46,0.0,5.0,0.0
20-05-2004,50.2,3300.0,26.77,145.4,4.41,0.0,5.0,0.0
21-05-2004,50.2,3300.0,26.74,143.9,4.36,0.0,0.0,0.0
22-05-2004,50.2,3300.0,26.71,142.4,4.32,0.0,0.0,0.0
23-05-2004,50.2,3300.0,26.68,140.9,4.27,0.0,0.0,0.0
24-05-2004,50.2,3300.0,26.65,139.4,4.22,0.0,0.0,7.0
25-05-2004,50.2,3300.0,26.61,137.4,4.16,0.0,5.0,2.0
26-05-2004,50.2,3300.0,26.57,135.3,4.1,0.0,5.0,0.0
27-05-2004,50.2,3300.0,26.53,133.4,4.04,0.0,5.0,0.0
28-05-2004,50.2,3300.0,26.56,134.9,4.09,36.0,5.0,0.0
29-05-2004,50.2,3300.0,26.56,134.9,4.09,20.0,5.0,0.0
30-05-2004,50.2,3300.0,26.53,133.3,4.04,4.0,5.0,0.0
31-05-2004,50.2,3300.0,26.5,131.7,3.99,0.0,5.0,0.0
01-06-2004,50.2,3300.0,26.47,130.1,3.94,0.0,5.0,0.0
02-06-2004,50.2,3300.0,26.44,128.5,3.89,0.0,5.0,0.0
03-06-2004,50.2,3300.0,26.41,127.2,3.85,0.0,5.0,0.0
04-06-2004,50.2,3300.0,26.39,126.0,3.82,0.0,5.0,0.0
05-06-2004,50.2,3300.0,26.36,124.8,3.78,0.0,5.0,0.0
06-06-2004,50.2,3300.0,26.34,123.6,3.75,0.0,5.0,0.0
07-06-2004,50.2,3300.0,26.32,122.5,3.71,0.0,5.0,0.0
08-06-2004,50.2,3300.0,26.3,121.5,3.68,0.0,5.0,7.0
09-06-2004,50.2,3300.0,26.28,120.6,3.65,0.0,5.0,13.0
10-06-2004,50.2,3300.0,26.26,119.6,3.62,0.0,5.0,2.0
11-06-2004,50.2,3300.0,26.24,118.7,3.6,0.0,5.0,5.0
12-06-2004,50.2,3300.0,26.23,118.2,3.58,0.0,0.0,0.0
13-06-2004,50.2,3300.0,26.22,117.7,3.57,0.0,0.0,0.0
14-06-2004,50.2,3300.0,26.21,117.2,3.55,0.0,0.0,0.0
15-06-2004,50.2,3300.0,26.2,116.7,3.54,0.0,0.0,0.0
16-06-2004,50.2,3300.0,26.19,116.2,3.52,0.0,0.0,0.0
17-06-2004,50.2,3300.0,26.18,115.7,3.51,0.0,0.0,0.0
18-06-2004,50.2,3300.0,26.17,115.2,3.49,0.0,0.0,0.0
19-06-2004,50.2,3300.0,26.16,114.7,3.48,0.0,0.0,0.0
20-06-2004,50.2,3300.0,26.15,114.2,3.46,0.0,0.0,0.0
21-06-2004,50.2,3300.0,26.14,113.7,3.45,0.0,0.0,0.0
22-06-2004,50.2,3300.0,26.13,113.2,3.43,0.0,0.0,0.0
23-06-2004,50.2,3300.0,26.11,112.7,3.42,0.0,0.0,0.0
24-06-2004,50.2,3300.0,26.1,112.2,3.4,0.0,0.0,0.0
25-06-2004,50.2,3300.0,26.09,111.7,3.38,0.0,0.0,0.0
26-06-2004,50.2,3300.0,26.08,111.2,3.37,0.0,0.0,0.0
27-06-2004,50.2,3300.0,26.07,110.7,3.35,0.0,0.0,0.0
28-06-2004,50.2,3300.0,26.06,110.2,3.34,0.0,0.0,0.0
29-06-2004,50.2,3300.0,26.05,109.7,3.32,0.0,0.0,18.0
30-06-2004,50.2,3300.0,26.04,109.2,3.31,0.0,0.0,0.0
01-07-2004,50.2,3300.0,26.03,108.7,3.29,0.0,0.0,0.0
02-07-2004,50.2,3300.0,26.01,108.2,3.28,0.0,0.0,0.0
03-07-2004,50.2,3300.0,25.99,107.2,3.25,0.0,5.0,3.4
04-07-2004,50.2,3300.0,25.97,106.2,3.22,0.0,5.0,0.0
05-07-2004,50.2,3300.0,25.95,105.2,3.19,0.0,5.0,0.0
06-07-2004,50.2,3300.0,25.92,104.2,3.16,0.0,5.0,0.0
07-07-2004,50.2,3300.0,25.91,103.4,3.13,0.0,3.0,0.0
08-07-2004,50.2,3300.0,25.88,102.4,3.1,0.0,5.0,0.0
09-07-2004,50.2,3300.0,25.86,101.4,3.07,0.0,5.0,0.0
10-07-2004,50.2,3300.0,25.84,100.4,3.04,0.0,5.0,0.0
11-07-2004,50.2,3300.0,25.82,99.4,3.01,0.0,5.0,6.0
12-07-2004,50.2,3300.0,25.8,98.4,2.98,0.0,5.0,0.0
13-07-2004,50.2,3300.0,25.77,97.5,2.95,0.0,0.0,0.0
14-07-2004,50.2,3300.0,25.74,96.0,2.91,0.0,0.0,0.0
15-07-2004,50.2,3300.0,25.68,93.0,2.82,0.0,10.0,0.0
16-07-2004,50.2,3300.0,25.6,90.0,2.73,0.0,10.0,0.0
17-07-2004,50.2,3300.0,25.53,87.0,2.64,0.0,10.0,0.0
18-07-2004,50.2,3300.0,25.45,84.0,2.55,0.0,10.0,0.0
19-07-2004,50.2,3300.0,25.38,81.0,2.45,0.0,10.0,0.0
20-07-2004,50.2,3300.0,25.3,78.0,2.36,0.0,10.0,0.0
21-07-2004,50.2,3300.0,25.23,75.0,2.27,0.0,10.0,0.0
22-07-2004,50.2,3300.0,25.17,72.6,2.2,0.0,0.0,0.0
23-07-2004,50.2,3300.0,25.13,70.2,2.13,0.0,0.0,0.0
24-07-2004,50.2,3300.0,25.06,67.8,2.05,0.0,0.0,0.0
25-07-2004,50.2,3300.0,24.99,65.4,1.98,0.0,0.0,0.0
26-07-2004,50.2,3300.0,24.93,63.0,1.91,0.0,0.0,4.0
27-07-2004,50.2,3300.0,24.86,60.6,1.84,0.0,0.0,0.0
28-07-2004,50.2,3300.0,24.79,58.2,1.76,0.0,0.0,0.0
29-07-2004,50.2,3300.0,24.71,55.8,1.69,0.0,0.0,5.0
30-07-2004,50.2,3300.0,24.62,53.4,1.62,0.0,0.0,11.0
31-07-2004,50.2,3300.0,24.55,51.0,1.55,0.0,0.0,2.0
01-08-2004,50.2,3300.0,24.47,48.6,1.47,0.0,0.0,2.0
02-08-2004,50.2,3300.0,24.39,46.2,1.4,0.0,0.0,0.0
03-08-2004,50.2,3300.0,24.32,43.8,1.33,0.0,0.0,0.0
04-08-2004,50.2,3300.0,24.24,41.4,1.25,0.0,0.0,7.0
05-08-2004,50.2,3300.0,24.16,39.0,1.18,0.0,0.0,0.0
06-08-2004,50.2,3300.0,24.08,36.6,1.11,0.0,0.0,0.0
07-08-2004,50.2,3300.0,23.99,34.2,1.04,0.0,0.0,0.0
08-08-2004,50.2,3300.0,23.9,31.8,0.96,0.0,0.0,0.0
09-08-2004,50.2,3300.0,23.81,29.4,0.89,0.0,0.0,12.0
10-08-2004,50.2,3300.0,23.73,27.0,0.82,0.0,0.0,0.0
11-08-2004,50.2,3300.0,0.0,0.0,0.0,0.0,0.0,0.0
12-08-2004,50.2,3300.0,0.0,0.0,0.0,0.0,0.0,0.0
13-08-2004,50.2,3300.0,0.0,0.0,0.0,0.0,0.0,0.0
14-08-2004,50.2,3300.0,0.0,0.0,0.0,0.0,0.0,3.0
15-08-2004,50.2,3300.0,0.0,0.0,0.0,0.0,0.0,0.0
16-08-2004,50.2,3300.0,0.0,0.0,0.0,0.0,0.0,0.0
17-08-2004,50.2,3300.0,0.0,0.0,0.0,0.0,0.0,0.0
18-08-2004,50.2,3300.0,0.0,0.0,0.0,0.0,0.0,0.0
19-08-2004,50.2,3300.0,0.0,0.0,0.0,0.0,0.0,0.0
20-08-2004,50.2,3300.0,0.0,0.0,0.0,0.0,0.0,0.0
21-08-2004,50.2,3300.0,0.0,0.0,0.0,0.0,0.0,0.0
22-08-2004,50.2,3300.0,0.0,0.0,0.0,0.0,0.0,0.0
23-08-2004,50.2,3300.0,0.0,0.0,0.0,0.0,0.0,0.0
24-08-2004,50.2,3300.0,0.0,0.0,0.0,0.0,0.0,0.0
25-08-2004,50.2,3300.0,0.0,0.0,0.0,0.0,0.0,0.0
26-08-2004,50.2,3300.0,0.0,0.0,0.0,0.0,0.0,2.0
27-08-2004,50.2,3300.0,0.0,0.0,0.0,0.0,0.0,0.0
28-08-2004,50.2,3300.0,0.0,0.0,0.0,0.0,0.0,0.0
29-08-2004,50.2,3300.0,0.0,0.0,0.0,0.0,0.0,0.0
30-08-2004,50.2,3300.0,0.0,0.0,0.0,0.0,0.0,0.0
31-08-2004,50.2,3300.0,0.0,0.0,0.0,0.0,0.0,0.0
01-09-2004,50.2,3300.0,0.0,0.0,0.0,0.0,0.0,2.0
02-09-2004,50.2,3300.0,0.0,0.0,0.0,0.0,0.0,2.0
03-09-2004,50.2,3300.0,0.0,0.0,0.0,0.0,0.0,0.0
04-09-2004,50.2,3300.0,0.0,0.0,0.0,0.0,0.0,0.0
05-09-2004,50.2,3300.0,0.0,0.0,0.0,0.0,0.0,1.0
06-09-2004,50.2,3300.0,0.0,0.0,0.0,0.0,0.0,0.0
07-09-2004,50.2,3300.0,0.0,0.0,0.0,0.0,0.0,0.0
08-09-2004,50.2,3300.0,0.0,0.0,0.0,0.0,0.0,2.0
09-09-2004,50.2,3300.0,0.0,0.0,0.0,0.0,0.0,0.0
10-09-2004,50.2,3300.0,0.0,0.0,0.0,0.0,0.0,26.0
11-09-2004,50.2,3300.0,0.0,0.0,0.0,0.0,0.0,0.0
12-09-2004,50.2,3300.0,0.0,0.0,0.0,0.0,0.0,0.0
13-09-2004,50.2,3300.0,0.0,0.0,0.0,0.0,0.0,0.0
14-09-2004,50.2,3300.0,0.0,0.0,0.0,0.0,0.0,0.0
15-09-2004,50.2,3300.0,0.0,0.0,0.0,0.0,0.0,0.0
16-09-2004,50.2,3300.0,0.0,0.0,0.0,0.0,0.0,5.0
17-09-2004,50.2,3300.0,0.0,0.0,0.0,0.0,0.0,0.0
18-09-2004,50.2,3300.0,0.0,0.0,0.0,0.0,0.0,0.0
19-09-2004,50.2,3300.0,0.0,0.0,0.0,0.0,0.0,0.0
20-09-2004,50.2,3300.0,0.0,0.0,0.0,0.0,0.0,90.0
21-09-2004,50.2,3300.0,0.0,0.0,0.0,0.0,0.0,11.0
22-09-2004,50.2,3300.0,0.0,0.0,0.0,0.0,0.0,3.0
23-09-2004,50.2,3300.0,0.0,0.0,0.0,0.0,0.0,2.0
24-09-2004,50.2,3300.0,0.0,0.0,0.0,0.0,0.0,16.0
25-09-2004,50.2,3300.0,0.0,0.0,0.0,0.0,0.0,5.0
26-09-2004,50.2,3300.0,0.0,0.0,0.0,0.0,0.0,0.0
27-09-2004,50.2,3300.0,0.0,0.0,0.0,0.0,0.0,8.0
28-09-2004,50.2,3300.0,0.0,0.0,0.0,0.0,0.0,27.0
29-09-2004,50.2,3300.0,0.0,0.0,0.0,0.0,0.0,5.0
30-09-2004,50.2,3300.0,0.0,0.0,0.0,0.0,0.0,8.0
01-10-2004,50.2,3300.0,0.0,0.0,0.0,0.0,0.0,0.0
02-10-2004,50.2,3300.0,0.0,0.0,0.0,0.0,0.0,0.0
03-10-2004,50.2,3300.0,0.0,0.0,0.0,0.0,0.0,4.0
04-10-2004,50.2,3300.0,0.0,0.0,0.0,0.0,0.0,3.0
05-10-2004,50.2,3300.0,0.0,0.0,0.0,0.0,0.0,0.0
06-10-2004,50.2,3300.0,0.0,0.0,0.0,0.0,0.0,0.0
07-10-2004,50.2,3300.0,0.0,0.0,0.0,0.0,0.0,0.0
08-10-2004,50.2,3300.0,0.0,0.0,0.0,0.0,0.0,0.0
09-10-2004,50.2,3300.0,0.0,0.0,0.0,0.0,0.0,0.0
10-10-2004,50.2,3300.0,0.0,0.0,0.0,0.0,0.0,0.0
11-10-2004,50.2,3300.0,0.0,0.0,0.0,0.0,0.0,0.0
12-10-2004,50.2,3300.0,0.0,0.0,0.0,0.0,0.0,0.0
13-10-2004,50.2,3300.0,0.0,0.0,0.0,0.0,0.0,2.0
14-10-2004,50.2,3300.0,0.0,0.0,0.0,0.0,0.0,3.0
15-10-2004,50.2,3300.0,0.0,0.0,0.0,0.0,0.0,0.0
16-10-2004,50.2,3300.0,0.0,0.0,0.0,0.0,0.0,0.0
17-10-2004,50.2,3300.0,0.0,0.0,0.0,0.0,0.0,15.0
18-10-2004,50.2,3300.0,0.0,0.0,0.0,0.0,0.0,32.0
19-10-2004,50.2,3300.0,0.0,0.0,0.0,0.0,0.0,24.0
20-10-2004,50.2,3300.0,0.0,0.0,0.0,0.0,0.0,3.0
21-10-2004,50.2,3300.0,0.0,0.0,0.0,0.0,0.0,5.0
22-10-2004,50.2,3300.0,0.0,0.0,0.0,0.0,0.0,3.0
23-10-2004,50.2,3300.0,0.0,0.0,0.0,0.0,0.0,13.0
24-10-2004,50.2,3300.0,0.0,0.0,0.0,0.0,0.0,25.0
25-10-2004,50.2,3300.0,0.0,0.0,0.0,0.0,0.0,2.0
26-10-2004,50.2,3300.0,0.0,0.0,0.0,0.0,0.0,1.0
27-10-2004,50.2,3300.0,0.0,0.0,0.0,0.0,0.0,9.0
28-10-2004,50.2,3300.0,0.0,0.0,0.0,0.0,0.0,6.0
29-10-2004,50.2,3300.0,0.0,0.0,0.0,0.0,0.0,21.0
30-10-2004,50.2,3300.0,0.0,0.0,0.0,30.0,0.0,67.0
31-10-2004,50.2,3300.0,24.22,40.77,1.24,174.0,0.0,17.0
01-11-2004,50.2,3300.0,27.32,175.0,5.3,500.0,0.0,5.0
02-11-2004,50.2,3300.0,29.0,275.0,8.33,300.0,0.0,1.0
03-11-2004,50.2,3300.0,29.1,281.0,8.52,60.0,20.0,2.0
04-11-2004,50.2,3300.0,29.17,285.6,8.65,40.0,20.0,0.0
05-11-2004,50.2,3300.0,29.17,285.6,8.65,0.0,0.0,0.0
06-11-2004,50.2,3300.0,30.7,389.73,11.81,900.0,0.0,129.0
07-11-2004,50.2,3300.0,31.8,475.0,14.39,978.0,0.0,62.0
08-11-2004,50.2,3300.0,33.1,587.0,17.79,1296.0,0.0,12.0
09-11-2004,50.2,3300.0,34.04,675.0,20.45,1012.0,0.0,7.0
10-11-2004,50.2,3300.0,34.28,699.0,21.18,270.0,0.0,0.0
11-11-2004,50.2,3300.0,34.37,708.0,21.45,105.0,0.0,0.0
12-11-2004,50.2,3300.0,34.42,713.0,21.61,90.0,0.0,0.0
13-11-2004,50.2,3300.0,35.0,773.0,23.42,690.0,0.0,69.0
14-11-2004,50.2,3300.0,35.33,808.0,24.48,403.0,0.0,0.0
15-11-2004,50.2,3300.0,35.39,814.0,24.67,69.0,0.0,0.0
16-11-2004,50.2,3300.0,35.43,819.0,24.82,78.0,20.0,0.0
17-11-2004,50.2,3300.0,35.48,824.0,24.97,78.0,20.0,0.0
18-11-2004,50.2,3300.0,35.48,824.0,24.97,20.0,20.0,0.0
19-11-2004,50.2,3300.0,35.46,822.0,24.91,0.0,20.0,0.0
20-11-2004,50.2,3300.0,35.43,819.0,24.82,0.0,15.0,0.0
21-11-2004,50.2,3300.0,35.41,816.0,24.73,0.0,20.0,0.0
22-11-2004,50.2,3300.0,35.38,813.0,24.64,0.0,15.0,0.0
23-11-2004,50.2,3300.0,35.35,810.0,24.55,0.0,15.0,0.0
24-11-2004,50.2,3300.0,35.32,807.0,24.45,0.0,20.0,0.0
25-11-2004,50.2,3300.0,35.29,804.0,24.36,0.0,15.0,0.0
26-11-2004,50.2,3300.0,35.27,801.0,24.27,0.0,15.0,3.0
27-11-2004,50.2,3300.0,35.27,801.0,24.27,30.0,15.0,32.0
28-11-2004,50.2,3300.0,35.27,801.0,24.27,30.0,15.0,0.0
29-11-2004,50.2,3300.0,35.24,798.0,24.18,0.0,20.0,0.0
30-11-2004,50.2,3300.0,35.22,796.0,24.12,0.0,15.0,0.0
01-12-2004,50.2,3300.0,35.19,793.0,24.03,0.0,15.0,0.0
02-12-2004,50.2,3300.0,35.16,790.0,23.94,0.0,20.0,0.0
03-12-2004,50.2,3300.0,35.15,788.0,23.88,0.0,15.0,0.0
04-12-2004,50.2,3300.0,35.13,786.0,23.82,0.0,15.0,0.0
05-12-2004,50.2,3300.0,35.1,783.0,23.73,0.0,20.0,0.0
06-12-2004,50.2,3300.0,35.08,781.0,23.67,0.0,15.0,0.0
07-12-2004,50.2,3300.0,35.05,778.0,23.58,0.0,20.0,0.0
08-12-2004,50.2,3300.0,35.03,776.0,23.52,0.0,15.0,0.0
09-12-2004,50.2,3300.0,35.1,783.0,23.73,105.0,15.0,2.0
10-12-2004,50.2,3300.0,35.19,793.0,24.03,152.0,10.0,0.0
11-12-2004,50.2,3300.0,35.26,800.0,24.24,105.0,15.0,0.0
12-12-2004,50.2,3300.0,35.32,807.0,24.45,105.0,15.0,0.0
13-12-2004,50.2,3300.0,35.33,808.0,24.48,41.0,15.0,0.0
14-12-2004,50.2,3300.0,35.35,810.0,24.55,41.0,10.0,0.0
15-12-2004,50.2,3300.0,35.36,811.0,24.58,21.0,15.0,0.0
16-12-2004,50.2,3300.0,35.36,811.0,24.58,21.0,15.0,0.0
17-12-2004,50.2,3300.0,35.36,811.0,24.58,21.0,15.0,0.0
18-12-2004,50.2,3300.0,35.46,821.0,24.88,136.0,10.0,0.0
19-12-2004,50.2,3300.0,35.56,833.0,25.24,151.0,15.0,0.0
20-12-2004,50.2,3300.0,35.67,845.0,25.61,151.0,15.0,0.0
21-12-2004,50.2,3300.0,35.78,857.0,25.97,151.0,15.0,0.0
22-12-2004,50.2,3300.0,35.88,868.0,26.3,200.0,20.0,0.0
23-12-2004,50.2,3300.0,35.95,878.0,26.61,253.0,20.0,0.0
24-12-2004,50.2,3300.0,36.05,888.0,26.91,250.0,15.0,0.0
25-12-2004,50.2,3300.0,36.15,899.0,27.24,252.0,20.0,0.0
26-12-2004,50.2,3300.0,36.25,910.0,27.58,266.0,15.0,0.0
27-12-2004,50.2,3300.0,36.35,922.0,27.94,266.0,20.0,0.0
28-12-2004,50.2,3300.0,36.51,941.0,28.52,254.0,15.0,0.0
29-12-2004,50.2,3300.0,36.62,954.0,28.91,239.0,20.0,0.0
30-12-2004,50.2,3300.0,36.71,965.0,29.24,214.0,15.0,0.0
31-12-2004,50.2,3300.0,36.8,975.0,29.55,254.0,20.0,0.0
01-01-2005,50.2,3300.0,36.89,986.0,29.88,254.0,15.0,0.0
02-01-2005,50.2,3300.0,36.97,996.0,30.18,254.0,20.0,0.0
03-01-2005,50.2,3300.0,37.06,1007.0,30.52,254.0,15.0,0.0
04-01-2005,50.2,3300.0,37.16,1018.0,30.85,248.0,20.0,0.0
05-01-2005,50.2,3300.0,37.24,1029.0,31.18,248.0,15.0,0.0
06-01-2005,50.2,3300.0,49.12,3036.0,92.0,0.0,150.0,0.0
07-01-2005,50.2,3300.0,37.4,1049.0,31.79,252.0,15.0,0.0
08-01-2005,50.2,3300.0,37.49,1060.0,32.12,246.0,20.0,0.0
09-01-2005,50.2,3300.0,37.59,1073.0,32.52,269.0,15.0,0.0
10-01-2005,50.2,3300.0,37.69,1086.0,32.91,269.0,20.0,0.0
11-01-2005,50.2,3300.0,37.82,1102.0,33.39,324.0,15.0,0.0
12-01-2005,50.2,3300.0,37.94,1118.0,33.88,324.0,20.0,0.0
13-01-2005,50.2,3300.0,38.06,1134.0,34.36,324.0,15.0,0.0
14-01-2005,50.2,3300.0,38.18,1149.0,34.82,318.0,20.0,0.0
15-01-2005,50.2,3300.0,38.29,1164.0,35.27,318.0,15.0,0.0
16-01-2005,50.2,3300.0,38.4,1179.0,35.73,318.0,20.0,0.0
17-01-2005,50.2,3300.0,38.51,1194.0,36.18,318.0,15.0,0.0
18-01-2005,50.2,3300.0,38.62,1209.0,36.64,318.0,25.0,0.0
19-01-2005,50.2,3300.0,38.74,1225.0,37.12,330.0,20.0,0.0
20-01-2005,50.2,3300.0,38.87,1243.0,37.67,330.0,25.0,0.0
21-01-2005,50.2,3300.0,39.0,1261.0,38.21,338.0,20.0,0.0
22-01-2005,50.2,3300.0,39.13,1279.0,38.76,338.0,25.0,0.0
23-01-2005,50.2,3300.0,39.25,1297.0,39.3,338.0,20.0,0.0
24-01-2005,50.2,3300.0,39.38,1315.0,39.85,338.0,25.0,0.0
25-01-2005,50.2,3300.0,39.51,1333.0,40.39,338.0,20.0,0.0
26-01-2005,50.2,3300.0,39.63,1351.0,40.94,338.0,25.0,0.0
27-01-2005,50.2,3300.0,39.76,1369.0,41.48,338.0,20.0,0.0
28-01-2005,50.2,3300.0,39.88,1387.0,42.03,338.0,25.0,0.0
29-01-2005,50.2,3300.0,40.0,1405.0,42.58,358.0,20.0,0.0
30-01-2005,50.2,3300.0,40.13,1423.0,43.12,358.0,25.0,0.0
31-01-2005,50.2,3300.0,40.24,1440.0,43.64,348.0,20.0,0.0
01-02-2005,50.2,3300.0,40.36,1458.0,44.18,348.0,25.0,0.0
02-02-2005,50.2,3300.0,40.48,1476.0,44.73,350.0,20.0,0.0
03-02-2005,50.2,3300.0,40.6,1494.0,45.27,350.0,25.0,0.0
04-02-2005,50.2,3300.0,40.71,1510.0,45.76,350.0,20.0,0.0
05-02-2005,50.2,3300.0,40.81,1526.0,46.24,350.0,25.0,0.0
06-02-2005,50.2,3300.0,40.91,1542.0,46.73,350.0,20.0,0.0
07-02-2005,50.2,3300.0,41.02,1558.0,47.21,350.0,25.0,0.0
08-02-2005,50.2,3300.0,41.12,1573.0,47.67,350.0,20.0,0.0
09-02-2005,50.2,3300.0,41.23,1588.0,48.12,347.0,25.0,0.0
10-02-2005,50.2,3300.0,41.32,1604.0,48.61,348.0,20.0,0.0
11-02-2005,50.2,3300.0,41.42,1620.0,49.09,338.0,25.0,0.0
12-02-2005,50.2,3300.0,41.51,1635.0,49.55,320.0,20.0,0.0
13-02-2005,50.2,3300.0,41.6,1649.0,49.97,300.0,25.0,0.0
14-02-2005,50.2,3300.0,41.7,1664.0,50.42,300.0,20.0,0.0
15-02-2005,50.2,3300.0,41.77,1679.0,50.88,300.0,25.0,0.0
16-02-2005,50.2,3300.0,41.89,1695.0,51.36,300.0,20.0,0.0
17-02-2005,50.2,3300.0,41.99,1711.0,51.85,300.0,25.0,0.0
18-02-2005,50.2,3300.0,42.09,1727.0,52.33,300.0,20.0,0.0
19-02-2005,50.2,3300.0,42.18,1741.0,52.76,280.0,25.0,0.0
20-02-2005,50.2,3300.0,42.26,1755.0,53.18,280.0,20.0,0.0
21-02-2005,50.2,3300.0,42.35,1769.0,53.61,280.0,25.0,0.0
22-02-2005,50.2,3300.0,42.42,1781.0,53.97,250.0,20.0,0.0
23-02-2005,50.2,3300.0,42.52,1797.0,54.45,330.0,25.0,0.0
24-02-2005,50.2,3300.0,42.62,1813.0,54.94,330.0,20.0,0.0
25-02-2005,50.2,3300.0,42.72,1829.0,55.42,330.0,25.0,0.0
26-02-2005,50.2,3300.0,42.81,1845.0,55.91,330.0,20.0,0.0
27-02-2005,50.2,3300.0,42.9,1860.0,56.36,320.0,25.0,0.0
28-02-2005,50.2,3300.0,42.99,1874.0,56.79,310.0,20.0,0.0
01-03-2005,50.2,3300.0,43.07,1887.0,57.18,257.0,30.0,0.0
02-03-2005,50.2,3300.0,43.15,1900.0,57.58,257.0,30.0,0.0
03-03-2005,50.2,3300.0,43.23,1914.0,58.0,260.0,30.0,0.0
04-03-2005,50.2,3300.0,43.3,1926.0,58.36,250.0,30.0,0.0
05-03-2005,50.2,3300.0,43.37,1938.0,58.73,250.0,30.0,0.0
06-03-2005,50.2,3300.0,43.44,1950.0,59.09,250.0,30.0,0.0
07-03-2005,50.2,3300.0,43.49,1958.0,59.33,212.0,30.0,0.0
08-03-2005,50.2,3300.0,43.52,1964.0,59.52,192.0,30.0,0.0
09-03-2005,50.2,3300.0,43.56,1970.0,59.7,182.0,30.0,0.0
10-03-2005,50.2,3300.0,43.59,1975.0,59.85,170.0,30.0,0.0
11-03-2005,50.2,3300.0,43.61,1979.0,59.97,142.0,30.0,0.0
12-03-2005,50.2,3300.0,43.63,1982.0,60.06,120.0,30.0,0.0
13-03-2005,50.2,3300.0,43.63,1982.0,60.06,86.0,30.0,0.0
14-03-2005,50.2,3300.0,43.63,1982.0,60.06,86.0,30.0,0.0
15-03-2005,50.2,3300.0,43.63,1982.0,60.06,78.0,30.0,0.0
16-03-2005,50.2,3300.0,43.64,1983.0,60.09,80.0,30.0,0.0
17-03-2005,50.2,3300.0,43.62,1980.0,60.0,50.0,30.0,0.0
18-03-2005,50.2,3300.0,43.6,1977.0,59.91,50.0,30.0,0.0
19-03-2005,50.2,3300.0,43.58,1973.0,59.79,45.0,30.0,0.0
20-03-2005,50.2,3300.0,43.55,1968.0,59.64,40.0,30.0,0.0
21-03-2005,50.2,3300.0,43.52,1963.0,59.48,24.0,30.0,0.0
22-03-2005,50.2,3300.0,43.47,1955.0,59.24,8.0,30.0,0.0
23-03-2005,50.2,3300.0,43.42,1947.0,59.0,0.0,30.0,0.0
24-03-2005,50.2,3300.0,43.38,1939.0,58.76,0.0,40.0,0.0
25-03-2005,50.2,3300.0,43.33,1931.0,58.52,0.0,40.0,0.0
26-03-2005,50.2,3300.0,43.28,1923.0,58.27,0.0,40.0,0.0
27-03-2005,50.2,3300.0,43.23,1915.0,58.03,0.0,40.0,0.0
28-03-2005,50.2,3300.0,43.19,1907.0,57.79,0.0,40.0,0.0
29-03-2005,50.2,3300.0,43.14,1899.0,57.55,0.0,40.0,0.0
30-03-2005,50.2,3300.0,43.09,1891.0,57.3,0.0,40.0,0.0
31-03-2005,50.2,3300.0,43.04,1883.0,57.06,0.0,40.0,0.0
01-04-2005,50.2,3300.0,42.96,1873.0,56.76,0.0,40.0,0.0
02-04-2005,50.2,3300.0,42.93,1864.0,56.48,0.0,40.0,0.0
03-04-2005,50.2,3300.0,42.87,1855.0,56.21,0.0,40.0,0.0
04-04-2005,50.2,3300.0,42.82,1846.0,55.94,0.0,40.0,0.0
05-04-2005,50.2,3300.0,42.76,1837.0,55.67,0.0,40.0,1.0
06-04-2005,50.2,3300.0,42.96,1870.0,56.67,425.0,45.0,77.0
07-04-2005,50.2,3300.0,42.91,1861.0,56.39,0.0,45.0,0.0
08-04-2005,50.2,3300.0,42.85,1852.0,56.12,0.0,45.0,0.0
09-04-2005,50.2,3300.0,42.8,1843.0,55.85,0.0,45.0,0.0
10-04-2005,50.2,3300.0,42.75,1834.0,55.58,0.0,45.0,0.0
11-04-2005,50.2,3300.0,42.69,1825.0,55.3,0.0,45.0,0.0
12-04-2005,50.2,3300.0,42.64,1816.0,55.03,0.0,45.0,12.5
13-04-2005,50.2,3300.0,42.58,1807.0,54.76,0.0,45.0,0.0
14-04-2005,50.2,3300.0,42.5,1794.0,54.36,0.0,100.0,0.0
15-04-2005,50.2,3300.0,42.44,1784.0,54.06,0.0,55.0,0.0
16-04-2005,50.2,3300.0,42.39,1775.0,53.79,0.0,45.0,0.0
17-04-2005,50.2,3300.0,42.33,1766.0,53.52,0.0,45.0,0.0
18-04-2005,50.2,3300.0,42.28,1757.0,53.24,0.0,45.0,0.0
19-04-2005,50.2,3300.0,42.22,1748.0,52.97,0.0,45.0,0.0
20-04-2005,50.2,3300.0,42.17,1739.0,52.7,0.0,45.0,0.0
21-04-2005,50.2,3300.0,42.11,1730.0,52.42,0.0,45.0,0.0
22-04-2005,50.2,3300.0,42.05,1721.0,52.15,0.0,45.0,0.0
23-04-2005,50.2,3300.0,42.0,1712.0,51.88,0.0,45.0,0.0
24-04-2005,50.2,3300.0,41.94,1703.0,51.61,0.0,45.0,0.0
25-04-2005,50.2,3300.0,41.88,1694.0,51.33,0.0,45.0,0.0
26-04-2005,50.2,3300.0,41.83,1685.0,51.06,0.0,45.0,0.0
27-04-2005,50.2,3300.0,41.77,1676.0,50.79,0.0,45.0,0.0
28-04-2005,50.2,3300.0,41.72,1667.0,50.52,0.0,45.0,0.0
29-04-2005,50.2,3300.0,41.66,1658.0,50.24,0.0,45.0,0.0
30-04-2005,50.2,3300.0,41.6,1649.0,49.97,0.0,45.0,0.0
01-05-2005,50.2,3300.0,41.55,1640.0,49.7,0.0,45.0,0.0
02-05-2005,50.2,3300.0,41.49,1631.0,49.42,0.0,45.0,8.0
03-05-2005,50.2,3300.0,41.43,1622.0,49.15,0.0,45.0,0.0
04-05-2005,50.2,3300.0,41.37,1613.0,48.88,0.0,45.0,14.0
05-05-2005,50.2,3300.0,41.32,1604.0,48.61,0.0,45.0,4.0
06-05-2005,50.2,3300.0,41.28,1595.0,48.33,0.0,45.0,0.0
07-05-2005,50.2,3300.0,41.22,1586.0,48.06,0.0,45.0,0.0
08-05-2005,50.2,3300.0,41.14,1577.0,47.79,0.0,45.0,0.0
09-05-2005,50.2,3300.0,41.09,1568.0,47.52,0.0,50.0,0.0
10-05-2005,50.2,3300.0,41.03,1559.0,47.24,0.0,50.0,0.0
11-05-2005,50.2,3300.0,40.97,1550.0,46.97,0.0,50.0,0.0
12-05-2005,50.2,3300.0,40.91,1541.0,46.7,0.0,50.0,0.0
13-05-2005,50.2,3300.0,40.85,1532.0,46.42,0.0,50.0,0.0
14-05-2005,50.2,3300.0,40.79,1523.0,46.15,0.0,50.0,0.0
15-05-2005,50.2,3300.0,40.73,1514.0,45.88,0.0,50.0,0.0
16-05-2005,50.2,3300.0,40.68,1505.0,45.61,0.0,50.0,0.0
17-05-2005,50.2,3300.0,40.62,1496.0,45.33,0.0,50.0,0.0
18-05-2005,50.2,3300.0,40.55,1487.0,45.06,0.0,50.0,0.0
19-05-2005,50.2,3300.0,40.49,1478.0,44.79,0.0,50.0,0.0
20-05-2005,50.2,3300.0,40.43,1469.0,44.52,0.0,50.0,0.0
21-05-2005,50.2,3300.0,40.37,1460.0,44.24,0.0,50.0,0.0
22-05-2005,50.2,3300.0,40.31,1451.0,43.97,0.0,50.0,0.0
23-05-2005,50.2,3300.0,40.25,1442.0,43.7,0.0,50.0,0.0
24-05-2005,50.2,3300.0,40.19,1433.0,43.42,0.0,50.0,0.0
25-05-2005,50.2,3300.0,40.13,1424.0,43.15,0.0,50.0,0.0
26-05-2005,50.2,3300.0,40.07,1415.0,42.88,0.0,50.0,0.0
27-05-2005,50.2,3300.0,40.01,1406.0,42.61,0.0,50.0,0.0
28-05-2005,50.2,3300.0,39.95,1397.0,42.33,0.0,50.0,0.0
29-05-2005,50.2,3300.0,39.89,1388.0,42.06,0.0,50.0,0.0
30-05-2005,50.2,3300.0,39.82,1379.0,41.79,0.0,50.0,0.0
31-05-2005,50.2,3300.0,39.76,1370.0,41.52,0.0,50.0,0.0
01-06-2005,50.2,3300.0,39.7,1361.0,41.24,0.0,50.0,0.0
02-06-2005,50.2,3300.0,39.64,1352.0,40.97,0.0,50.0,0.0
03-06-2005,50.2,3300.0,39.58,1343.0,40.7,0.0,50.0,0.0
04-06-2005,50.2,3300.0,39.51,1334.0,40.42,0.0,50.0,0.0
05-06-2005,50.2,3300.0,39.45,1325.0,40.15,0.0,50.0,0.0
06-06-2005,50.2,3300.0,39.39,1316.0,39.88,0.0,50.0,0.0
07-06-2005,50.2,3300.0,39.32,1307.0,39.61,0.0,50.0,0.0
08-06-2005,50.2,3300.0,39.26,1298.0,39.33,0.0,50.0,0.0
09-06-2005,50.2,3300.0,39.2,1289.0,39.06,0.0,50.0,32.0
10-06-2005,50.2,3300.0,42.5,1794.0,54.36,194.0,160.0,0.0
11-06-2005,50.2,3300.0,42.52,1797.0,54.45,194.0,160.0,0.0
12-06-2005,50.2,3300.0,42.54,1800.0,54.55,194.0,160.0,0.0
13-06-2005,50.2,3300.0,38.94,1253.0,37.97,0.0,50.0,0.0
14-06-2005,50.2,3300.0,38.87,1244.0,37.7,0.0,50.0,0.0
15-06-2005,50.2,3300.0,38.81,1235.0,37.42,0.0,50.0,0.0
16-06-2005,50.2,3300.0,38.74,1226.0,37.15,0.0,50.0,0.0
17-06-2005,50.2,3300.0,38.68,1217.0,36.88,0.0,50.0,0.0
18-06-2005,50.2,3300.0,38.61,1208.0,36.61,0.0,50.0,0.0
19-06-2005,50.2,3300.0,38.54,1199.0,36.33,0.0,50.0,0.0
20-06-2005,50.2,3300.0,38.48,1190.0,36.06,0.0,50.0,0.0
21-06-2005,50.2,3300.0,38.41,1181.0,35.79,0.0,50.0,3.0
22-06-2005,50.2,3300.0,38.34,1172.0,35.52,0.0,50.0,0.0
23-06-2005,50.2,3300.0,38.28,1163.0,35.24,0.0,50.0,0.0
24-06-2005,50.2,3300.0,38.21,1154.0,34.97,0.0,50.0,0.0
25-06-2005,50.2,3300.0,38.14,1145.0,34.7,0.0,50.0,0.0
26-06-2005,50.2,3300.0,38.07,1136.0,34.42,0.0,50.0,0.0
27-06-2005,50.2,3300.0,38.01,1127.0,34.15,0.0,50.0,0.0
28-06-2005,50.2,3300.0,37.94,1118.0,33.88,0.0,50.0,0.0
29-06-2005,50.2,3300.0,37.87,1109.0,33.61,0.0,50.0,0.0
30-06-2005,50.2,3300.0,37.8,1100.0,33.33,0.0,50.0,0.0
01-07-2005,50.2,3300.0,37.73,1091.0,33.06,0.0,50.0,0.0
02-07-2005,50.2,3300.0,37.66,1082.0,32.79,0.0,50.0,0.0
03-07-2005,50.2,3300.0,37.59,1073.0,32.52,0.0,50.0,0.0
04-07-2005,50.2,3300.0,37.52,1064.0,32.24,0.0,50.0,0.0
05-07-2005,50.2,3300.0,37.45,1055.0,31.97,0.0,50.0,0.0
06-07-2005,50.2,3300.0,37.37,1046.0,31.7,0.0,50.0,7.0
07-07-2005,50.2,3300.0,37.3,1037.0,31.42,0.0,50.0,0.0
08-07-2005,50.2,3300.0,37.23,1028.0,31.15,0.0,50.0,0.0
09-07-2005,50.2,3300.0,37.16,1019.0,30.88,0.0,50.0,0.0
10-07-2005,50.2,3300.0,37.08,1010.0,30.61,0.0,50.0,0.0
11-07-2005,50.2,3300.0,37.01,1001.0,30.33,0.0,50.0,0.0
12-07-2005,50.2,3300.0,36.94,992.0,30.06,0.0,50.0,0.0
13-07-2005,50.2,3300.0,36.86,983.0,29.79,0.0,50.0,0.0
14-07-2005,50.2,3300.0,36.79,974.0,29.52,0.0,50.0,0.0
15-07-2005,50.2,3300.0,36.72,965.0,29.24,0.0,50.0,0.0
16-07-2005,50.2,3300.0,36.64,956.0,28.97,0.0,50.0,0.0
17-07-2005,50.2,3300.0,36.56,947.0,28.7,0.0,50.0,0.0
18-07-2005,50.2,3300.0,36.49,938.0,28.42,0.0,50.0,0.0
19-07-2005,50.2,3300.0,36.41,929.0,28.15,0.0,50.0,0.0
20-07-2005,50.2,3300.0,36.33,920.0,27.88,0.0,50.0,4.0
21-07-2005,50.2,3300.0,36.26,911.0,27.61,0.0,50.0,16.0
22-07-2005,50.2,3300.0,36.18,902.0,27.33,0.0,50.0,7.0
23-07-2005,50.2,3300.0,36.1,893.0,27.06,0.0,50.0,29.0
24-07-2005,50.2,3300.0,36.1,893.0,27.06,50.0,50.0,23.0
25-07-2005,50.2,3300.0,36.04,886.0,26.85,0.0,50.0,0.0
26-07-2005,50.2,3300.0,35.96,877.0,26.58,0.0,50.0,0.0
27-07-2005,50.2,3300.0,35.88,868.0,26.3,0.0,50.0,1.0
28-07-2005,50.2,3300.0,35.8,859.0,26.03,0.0,50.0,0.0
29-07-2005,50.2,3300.0,35.72,850.0,25.76,0.0,50.0,0.0
30-07-2005,50.2,3300.0,35.69,841.0,25.48,0.0,50.0,0.0
31-07-2005,50.2,3300.0,35.55,832.0,25.21,0.0,50.0,0.0
01-08-2005,50.2,3300.0,35.47,823.0,24.94,0.0,50.0,0.0
02-08-2005,50.2,3300.0,35.39,814.0,24.67,0.0,50.0,0.0
03-08-2005,50.2,3300.0,35.3,805.0,24.39,0.0,50.0,0.0
04-08-2005,50.2,3300.0,35.22,796.0,24.12,0.0,50.0,0.0
05-08-2005,50.2,3300.0,35.14,787.0,23.85,0.0,50.0,0.0
06-08-2005,50.2,3300.0,35.05,778.0,23.58,0.0,50.0,0.0
07-08-2005,50.2,3300.0,34.96,769.0,23.3,0.0,50.0,0.0
08-08-2005,50.2,3300.0,34.88,760.0,23.03,0.0,50.0,0.0
09-08-2005,50.2,3300.0,34.79,751.0,22.76,0.0,50.0,2.0
10-08-2005,50.2,3300.0,34.7,742.0,22.48,0.0,50.0,0.0
11-08-2005,50.2,3300.0,34.62,733.0,22.21,0.0,50.0,0.0
12-08-2005,50.2,3300.0,34.53,724.0,21.94,0.0,55.0,0.0
13-08-2005,50.2,3300.0,34.44,715.0,21.67,0.0,55.0,0.0
14-08-2005,50.2,3300.0,34.35,706.0,21.39,0.0,55.0,8.0
15-08-2005,50.2,3300.0,34.26,697.0,21.12,0.0,55.0,35.0
16-08-2005,50.2,3300.0,34.17,688.0,20.85,10.0,55.0,38.0
17-08-2005,50.2,3300.0,34.09,680.0,20.61,0.0,55.0,17.0
18-08-2005,50.2,3300.0,33.99,671.0,20.33,0.0,55.0,0.0
19-08-2005,50.2,3300.0,33.9,662.0,20.06,0.0,55.0,0.0
20-08-2005,50.2,3300.0,33.81,653.0,19.79,0.0,55.0,0.0
21-08-2005,50.2,3300.0,33.71,644.0,19.52,0.0,55.0,0.0
22-08-2005,50.2,3300.0,33.6,635.0,19.24,0.0,55.0,0.0
23-08-2005,50.2,3300.0,33.52,626.0,18.97,0.0,55.0,0.0
24-08-2005,50.2,3300.0,33.43,617.0,18.7,0.0,55.0,0.0
25-08-2005,50.2,3300.0,33.33,608.0,18.42,0.0,55.0,0.0
26-08-2005,50.2,3300.0,33.23,599.0,18.15,0.0,55.0,6.0
27-08-2005,50.2,3300.0,33.14,590.0,17.88,0.0,55.0,25.0
28-08-2005,50.2,3300.0,33.04,581.0,17.61,0.0,55.0,0.0
29-08-2005,50.2,3300.0,32.94,572.0,17.33,0.0,55.0,0.0
30-08-2005,50.2,3300.0,32.84,563.0,17.06,0.0,55.0,0.0
31-08-2005,50.2,3300.0,32.74,554.0,16.79,0.0,55.0,0.0
01-09-2005,50.2,3300.0,32.64,545.0,16.52,0.0,55.0,21.0
02-09-2005,50.2,3300.0,32.53,536.0,16.24,0.0,55.0,0.0
03-09-2005,50.2,3300.0,32.43,527.0,15.97,0.0,55.0,0.0
04-09-2005,50.2,3300.0,32.32,518.0,15.7,0.0,55.0,0.0
05-09-2005,50.2,3300.0,32.27,513.56,15.56,50.0,55.0,0.0
06-09-2005,50.2,3300.0,32.22,509.3,15.43,50.0,55.0,0.0
07-09-2005,50.2,3300.0,32.17,505.0,15.3,60.0,55.0,2.0
08-09-2005,50.2,3300.0,32.12,501.0,15.18,60.0,55.0,18.0
09-09-2005,50.2,3300.0,32.07,497.0,15.06,60.0,55.0,5.0
10-09-2005,50.2,3300.0,32.02,492.6,14.93,55.0,55.0,12.0
11-09-2005,50.2,3300.0,32.02,492.0,14.91,60.0,55.0,40.0
12-09-2005,50.2,3300.0,32.02,492.0,14.91,55.0,55.0,0.0
13-09-2005,50.2,3300.0,31.99,490.0,14.85,40.0,55.0,0.0
14-09-2005,50.2,3300.0,31.94,486.0,14.73,35.0,55.0,0.0
15-09-2005,50.2,3300.0,31.89,482.0,14.61,30.0,55.0,0.0
16-09-2005,50.2,3300.0,31.84,478.0,14.48,35.0,55.0,0.0
17-09-2005,50.2,3300.0,31.79,474.0,14.36,35.0,55.0,0.0
18-09-2005,50.2,3300.0,31.73,469.0,14.21,25.0,55.0,0.0
19-09-2005,50.2,3300.0,31.67,464.0,14.06,25.0,55.0,0.0
20-09-2005,50.2,3300.0,31.6,458.0,13.88,12.0,55.0,0.0
21-09-2005,50.2,3300.0,31.51,451.0,13.67,0.0,55.0,0.0
22-09-2005,50.2,3300.0,31.42,444.0,13.45,0.0,55.0,0.0
23-09-2005,50.2,3300.0,31.35,439.0,13.3,0.0,55.0,36.0
24-09-2005,50.2,3300.0,31.26,432.0,13.09,0.0,55.0,0.0
25-09-2005,50.2,3300.0,31.2,427.0,12.94,0.0,55.0,38.0
26-09-2005,50.2,3300.0,31.13,422.0,12.79,0.0,55.0,37.0
27-09-2005,50.2,3300.0,31.07,417.0,12.64,0.0,55.0,0.0
28-09-2005,50.2,3300.0,31.0,412.0,12.48,0.0,55.0,0.0
29-09-2005,50.2,3300.0,30.93,407.0,12.33,0.0,55.0,0.0
30-09-2005,50.2,3300.0,30.86,402.0,12.18,0.0,55.0,3.0
01-10-2005,50.2,3300.0,30.8,397.0,12.03,0.0,55.0,0.0
02-10-2005,50.2,3300.0,30.73,392.0,11.88,0.0,55.0,0.0
03-10-2005,50.2,3300.0,30.66,387.0,11.73,0.0,55.0,0.0
04-10-2005,50.2,3300.0,30.59,382.0,11.58,0.0,55.0,0.0
05-10-2005,50.2,3300.0,30.52,377.0,11.42,0.0,55.0,0.0
06-10-2005,50.2,3300.0,30.45,372.0,11.27,0.0,55.0,0.0
07-10-2005,50.2,3300.0,30.38,367.0,11.12,0.0,55.0,0.0
08-10-2005,50.2,3300.0,30.31,362.0,10.97,0.0,55.0,0.0
09-10-2005,50.2,3300.0,30.24,357.0,10.82,0.0,55.0,0.0
10-10-2005,50.2,3300.0,30.17,352.0,10.67,0.0,55.0,3.0
11-10-2005,50.2,3300.0,30.11,348.0,10.55,10.0,55.0,22.0
12-10-2005,50.2,3300.0,30.11,348.0,10.55,55.0,55.0,74.0
13-10-2005,50.2,3300.0,30.16,351.0,10.64,55.0,20.0,64.0
14-10-2005,50.2,3300.0,32.1,499.0,15.12,1829.0,20.0,43.0
15-10-2005,50.2,3300.0,32.49,532.0,16.12,402.0,20.0,0.0
16-10-2005,50.2,3300.0,32.49,532.0,16.12,55.0,55.0,0.0
17-10-2005,50.2,3300.0,32.46,530.0,16.06,30.0,55.0,0.0
18-10-2005,50.2,3300.0,32.4,525.0,15.91,0.0,55.0,0.0
19-10-2005,50.2,3300.0,32.45,529.0,16.03,102.0,55.0,59.0
20-10-2005,50.2,3300.0,32.57,539.0,16.33,170.0,55.0,44.0
21-10-2005,50.2,3300.0,32.54,537.0,16.27,0.0,20.0,0.0
22-10-2005,50.2,3300.0,32.52,535.0,16.21,0.0,20.0,0.0
23-10-2005,50.2,3300.0,32.86,565.0,17.12,367.0,20.0,12.0
24-10-2005,50.2,3300.0,33.1,587.0,17.79,275.0,20.0,22.0
25-10-2005,50.2,3300.0,33.41,615.0,18.64,344.0,20.0,6.0
26-10-2005,50.2,3300.0,34.09,680.0,20.61,772.0,20.0,40.0
27-10-2005,50.2,3300.0,35.1,783.0,23.73,1212.0,20.0,125.0
28-10-2005,50.2,3300.0,40.28,1446.0,43.82,7694.0,20.0,241.0
29-10-2005,50.2,3300.0,40.68,1504.0,45.58,691.0,20.0,0.0
30-10-2005,50.2,3300.0,40.9,1540.0,46.67,436.0,20.0,0.0
31-10-2005,50.2,3300.0,40.97,1550.0,46.97,136.0,20.0,1.0
01-11-2005,50.2,3300.0,41.1,1570.0,47.58,251.0,20.0,15.0
02-11-2005,50.2,3300.0,41.16,1580.0,47.88,166.0,50.0,0.0
03-11-2005,50.2,3300.0,41.2,1584.0,48.0,176.0,130.0,0.0
04-11-2005,50.2,3300.0,41.16,1580.0,47.88,84.0,130.0,0.0
05-11-2005,50.2,3300.0,41.98,1709.0,51.79,1623.0,130.0,95.0
06-11-2005,50.2,3300.0,42.05,1721.0,52.15,269.0,130.0,44.0
07-11-2005,50.2,3300.0,43.46,1953.0,59.18,2725.0,40.0,103.0
08-11-2005,50.2,3300.0,44.41,2117.0,64.15,1938.0,40.0,5.0
09-11-2005,50.2,3300.0,45.2,2257.0,68.39,1660.0,40.0,40.0
10-11-2005,50.2,3300.0,45.89,2386.0,72.3,1533.0,40.0,3.0
11-11-2005,50.2,3300.0,46.38,2481.0,75.18,1140.0,40.0,0.0
12-11-2005,50.2,3300.0,46.64,2532.0,76.73,630.0,40.0,14.0
13-11-2005,50.2,3300.0,46.81,2567.0,77.79,445.0,40.0,0.0
14-11-2005,50.2,3300.0,46.81,2567.0,77.79,110.0,110.0,0.0
15-11-2005,50.2,3300.0,46.8,2565.0,77.73,97.0,110.0,0.0
16-11-2005,50.2,3300.0,46.79,2563.0,77.67,100.0,110.0,0.0
17-11-2005,50.2,3300.0,46.74,2552.0,77.33,0.0,110.0,0.0
18-11-2005,50.2,3300.0,46.69,2542.0,77.03,0.0,120.0,0.0
19-11-2005,50.2,3300.0,46.63,2530.0,76.67,0.0,120.0,0.0
20-11-2005,50.2,3300.0,46.57,2518.0,76.3,0.0,120.0,0.0
21-11-2005,50.2,3300.0,46.51,2506.0,75.94,0.0,120.0,9.0
22-11-2005,50.2,3300.0,46.81,2567.0,77.79,826.0,120.0,45.0
23-11-2005,50.2,3300.0,47.05,2616.0,79.27,657.0,90.0,28.0
24-11-2005,50.2,3300.0,47.92,2794.0,84.67,2100.0,40.0,87.0
25-11-2005,50.2,3300.0,48.59,2930.0,88.79,1614.0,100.0,27.0
26-11-2005,50.2,3300.0,49.31,3074.0,93.15,1767.0,100.0,48.0
27-11-2005,50.2,3300.0,49.6,3139.0,95.12,1438.0,786.0,16.0
28-11-2005,50.2,3300.0,49.46,3104.0,94.06,400.0,786.0,0.0
29-11-2005,50.2,3300.0,49.31,3074.0,93.15,315.0,650.0,0.0
30-11-2005,50.2,3300.0,49.2,3052.0,92.48,180.0,180.0,0.0
01-12-2005,50.2,3300.0,49.2,3052.0,92.48,190.0,190.0,0.0
02-12-2005,50.2,3300.0,49.2,3052.0,92.48,190.0,190.0,0.0
03-12-2005,50.2,3300.0,50.06,3262.0,98.85,6620.0,4190.0,146.0
04-12-2005,50.2,3300.0,50.06,3262.0,98.85,5700.0,6000.0,28.0
05-12-2005,50.2,3300.0,49.31,3074.0,93.15,1556.0,3500.0,5.0
06-12-2005,50.2,3300.0,48.77,2966.0,89.88,723.0,1490.0,0.0
07-12-2005,50.2,3300.0,48.59,2930.0,88.79,0.0,100.0,0.0
08-12-2005,50.2,3300.0,48.62,2936.0,88.97,169.0,100.0,0.0
09-12-2005,50.2,3300.0,48.62,2936.0,88.97,100.0,100.0,0.0
10-12-2005,50.2,3300.0,48.4,2892.0,87.64,0.0,900.0,9.0
11-12-2005,50.2,3300.0,48.56,2924.0,88.61,470.0,100.0,22.0
12-12-2005,50.2,3300.0,48.92,2996.0,90.79,930.0,100.0,15.0
13-12-2005,50.2,3300.0,49.7,3166.0,95.94,4050.0,4050.0,131.0
14-12-2005,50.2,3300.0,49.25,3062.0,92.79,2600.0,3800.0,0.0
15-12-2005,50.2,3300.0,49.11,3032.0,91.88,470.0,100.0,0.0
16-12-2005,50.2,3300.0,49.2,3052.0,92.48,330.0,100.0,0.0
17-12-2005,50.2,3300.0,49.25,3062.0,92.79,216.0,100.0,0.0
18-12-2005,50.2,3300.0,49.33,3078.0,93.27,1285.0,100.0,38.0
19-12-2005,50.2,3300.0,48.72,2956.0,89.58,2100.0,100.0,75.0
20-12-2005,50.2,3300.0,48.51,2914.0,88.3,600.0,100.0,6.0
21-12-2005,50.2,3300.0,48.66,2944.0,89.21,790.0,100.0,2.0
22-12-2005,50.2,3300.0,48.9,2992.0,90.67,755.0,100.0,2.0
23-12-2005,50.2,3300.0,49.2,3052.0,92.48,795.0,100.0,0.0
24-12-2005,50.2,3300.0,49.38,3088.0,93.58,750.0,100.0,0.0
25-12-2005,50.2,3300.0,49.64,3150.0,95.45,750.0,100.0,0.0
26-12-2005,50.2,3300.0,49.74,3176.0,96.24,400.0,100.0,0.0
27-12-2005,50.2,3300.0,49.74,3176.0,96.24,150.0,150.0,0.0
28-12-2005,50.2,3300.0,49.74,3176.0,96.24,150.0,150.0,0.0
29-12-2005,50.2,3300.0,49.68,3160.0,95.76,0.0,150.0,0.0
30-12-2005,50.2,3300.0,49.63,3147.0,95.36,0.0,150.0,0.0
31-12-2005,50.2,3300.0,49.57,3131.0,94.88,0.0,150.0,0.0
01-01-2006,50.2,3300.0,49.51,3116.0,94.42,0.0,150.0,0.0
02-01-2006,50.2,3300.0,49.44,3100.0,93.94,0.0,150.0,0.0
03-01-2006,50.2,3300.0,49.36,3084.0,93.45,0.0,150.0,0.0
04-01-2006,50.2,3300.0,49.28,3068.0,92.97,0.0,150.0,0.0
05-01-2006,50.2,3300.0,49.2,3052.0,92.48,0.0,150.0,0.0
06-01-2006,50.2,3300.0,49.12,3036.0,92.0,0.0,150.0,0.0
07-01-2006,50.2,3300.0,49.04,3020.0,91.52,0.0,150.0,0.0
08-01-2006,50.2,3300.0,48.96,3004.0,91.03,0.0,150.0,0.0
09-01-2006,50.2,3300.0,48.88,2988.0,90.55,0.0,150.0,0.0
10-01-2006,50.2,3300.0,48.8,2972.0,90.06,0.0,150.0,0.0
11-01-2006,50.2,3300.0,48.72,2956.0,89.58,0.0,150.0,0.0
12-01-2006,50.2,3300.0,48.64,2940.0,89.09,0.0,150.0,0.0
13-01-2006,50.2,3300.0,48.56,2924.0,88.61,0.0,150.0,0.0
14-01-2006,50.2,3300.0,48.48,2908.0,88.12,0.0,150.0,0.0
15-01-2006,50.2,3300.0,48.4,2892.0,87.64,0.0,150.0,0.0
16-01-2006,50.2,3300.0,48.32,2876.0,87.15,0.0,150.0,0.0
17-01-2006,50.2,3300.0,48.24,2860.0,86.67,0.0,150.0,0.0
18-01-2006,50.2,3300.0,48.16,2845.0,86.21,0.0,150.0,0.0
19-01-2006,50.2,3300.0,48.08,2829.0,85.73,0.0,150.0,0.0
20-01-2006,50.2,3300.0,48.0,2813.0,85.24,0.0,150.0,0.0
21-01-2006,50.2,3300.0,47.93,2797.0,84.76,0.0,150.0,0.0
22-01-2006,50.2,3300.0,47.85,2781.0,84.27,0.0,150.0,0.0
23-01-2006,50.2,3300.0,47.78,2765.0,83.79,0.0,150.0,0.0
24-01-2006,50.2,3300.0,47.7,2749.0,83.3,0.0,150.0,0.0
25-01-2006,50.2,3300.0,47.62,2734.0,82.85,0.0,150.0,0.0
26-01-2006,50.2,3300.0,47.54,2718.0,82.36,0.0,150.0,0.0
27-01-2006,50.2,3300.0,47.46,2702.0,81.88,0.0,150.0,0.0
28-01-2006,50.2,3300.0,47.38,2686.0,81.39,0.0,150.0,0.0
29-01-2006,50.2,3300.0,47.32,2671.0,80.94,0.0,150.0,0.0
30-01-2006,50.2,3300.0,47.24,2655.0,80.45,0.0,150.0,0.0
31-01-2006,50.2,3300.0,47.17,2640.0,80.0,0.0,150.0,0.0
01-02-2006,50.2,3300.0,47.09,2624.0,79.52,0.0,150.0,0.0
02-02-2006,50.2,3300.0,47.02,2609.0,79.06,0.0,150.0,0.0
03-02-2006,50.2,3300.0,46.94,2593.0,78.58,0.0,150.0,0.0
04-02-2006,50.2,3300.0,46.86,2577.0,78.09,0.0,150.0,0.0
05-02-2006,50.2,3300.0,46.76,2557.0,77.48,0.0,200.0,0.0
06-02-2006,50.2,3300.0,46.67,2538.0,76.91,0.0,200.0,0.0
07-02-2006,50.2,3300.0,46.57,2518.0,76.3,0.0,200.0,0.0
08-02-2006,50.2,3300.0,46.47,2498.0,75.7,0.0,200.0,0.0
09-02-2006,50.2,3300.0,46.37,2479.0,75.12,0.0,200.0,0.0
10-02-2006,50.2,3300.0,46.27,2459.0,74.52,0.0,200.0,0.0
11-02-2006,50.2,3300.0,46.17,2440.0,73.94,0.0,200.0,0.0
12-02-2006,50.2,3300.0,46.07,2420.0,73.33,0.0,200.0,0.0
13-02-2006,50.2,3300.0,45.96,2400.0,72.73,0.0,200.0,0.0
14-02-2006,50.2,3300.0,45.86,2380.0,72.12,0.0,200.0,0.0
15-02-2006,50.2,3300.0,45.76,2361.0,71.55,0.0,200.0,0.0
16-02-2006,50.2,3300.0,45.65,2341.0,70.94,0.0,200.0,0.0
17-02-2006,50.2,3300.0,45.55,2322.0,70.36,0.0,200.0,0.0
18-02-2006,50.2,3300.0,45.44,2302.0,69.76,0.0,200.0,0.0
19-02-2006,50.2,3300.0,45.34,2283.0,69.18,0.0,200.0,0.0
20-02-2006,50.2,3300.0,45.23,2263.0,68.58,0.0,200.0,0.0
21-02-2006,50.2,3300.0,45.12,2243.0,67.97,0.0,200.0,0.0
22-02-2006,50.2,3300.0,45.01,2223.0,67.36,0.0,200.0,0.0
23-02-2006,50.2,3300.0,44.9,2203.0,66.76,0.0,200.0,0.0
24-02-2006,50.2,3300.0,44.81,2187.0,66.27,0.0,150.0,0.0
25-02-2006,50.2,3300.0,44.72,2171.0,65.79,0.0,150.0,0.0
26-02-2006,50.2,3300.0,44.81,2187.0,66.27,320.0,150.0,0.0
27-02-2006,50.2,3300.0,44.88,2200.0,66.67,320.0,150.0,0.0
28-02-2006,50.2,3300.0,44.97,2216.0,67.15,330.0,150.0,0.0
01-03-2006,50.2,3300.0,45.06,2232.0,67.64,330.0,150.0,0.0
02-03-2006,50.2,3300.0,45.15,2248.0,68.12,330.0,150.0,0.0
03-03-2006,50.2,3300.0,45.24,2264.0,68.61,330.0,150.0,2.0
04-03-2006,50.2,3300.0,45.33,2281.0,69.12,330.0,150.0,2.0
05-03-2006,50.2,3300.0,45.25,2266.0,68.67,0.0,150.0,0.0
06-03-2006,50.2,3300.0,45.18,2253.0,68.27,30.0,150.0,0.0
07-03-2006,50.2,3300.0,45.26,2268.0,68.73,330.0,150.0,0.0
08-03-2006,50.2,3300.0,45.34,2283.0,69.18,330.0,150.0,0.0
09-03-2006,50.2,3300.0,45.42,2298.0,69.64,330.0,150.0,0.0
10-03-2006,50.2,3300.0,45.51,2314.0,70.12,330.0,150.0,0.0
11-03-2006,50.2,3300.0,45.6,2331.0,70.64,340.0,150.0,0.0
12-03-2006,50.2,3300.0,45.7,2349.0,71.18,340.0,150.0,0.0
13-03-2006,50.2,3300.0,45.79,2367.0,71.73,340.0,150.0,0.0
14-03-2006,50.2,3300.0,45.89,2386.0,72.3,340.0,150.0,0.0
15-03-2006,50.2,3300.0,45.99,2405.0,72.88,340.0,150.0,0.0
16-03-2006,50.2,3300.0,46.04,2415.0,73.18,220.0,150.0,0.0
17-03-2006,50.2,3300.0,46.14,2434.0,73.76,340.0,150.0,0.0
18-03-2006,50.2,3300.0,46.23,2452.0,74.3,340.0,150.0,0.0
19-03-2006,50.2,3300.0,46.33,2471.0,74.88,340.0,150.0,0.0
20-03-2006,50.2,3300.0,46.42,2489.0,75.42,340.0,150.0,0.0
21-03-2006,50.2,3300.0,46.51,2507.0,75.97,340.0,150.0,0.0
22-03-2006,50.2,3300.0,46.61,2526.0,76.55,340.0,150.0,0.0
23-03-2006,50.2,3300.0,46.7,2544.0,77.09,340.0,150.0,0.0
24-03-2006,50.2,3300.0,46.79,2563.0,77.67,340.0,150.0,0.0
25-03-2006,50.2,3300.0,46.88,2581.0,78.21,340.0,150.0,0.0
26-03-2006,50.2,3300.0,46.97,2599.0,78.76,340.0,150.0,0.0
27-03-2006,50.2,3300.0,47.05,2615.0,79.24,300.0,150.0,0.0
28-03-2006,50.2,3300.0,46.98,2601.0,78.82,0.0,150.0,0.0
29-03-2006,50.2,3300.0,46.91,2587.0,78.39,0.0,150.0,0.0
30-03-2006,50.2,3300.0,46.84,2573.0,77.97,0.0,150.0,0.0
31-03-2006,50.2,3300.0,46.77,2559.0,77.55,0.0,150.0,0.0
01-04-2006,50.2,3300.0,46.71,2545.0,77.12,0.0,150.0,0.0
02-04-2006,50.2,3300.0,46.63,2531.0,76.7,0.0,150.0,0.0
03-04-2006,50.2,3300.0,46.56,2517.0,76.27,0.0,150.0,0.0
04-04-2006,50.2,3300.0,46.49,2503.0,75.85,0.0,150.0,0.0
05-04-2006,50.2,3300.0,46.42,2489.0,75.42,0.0,150.0,0.0
06-04-2006,50.2,3300.0,46.36,2475.0,75.0,0.0,150.0,0.0
07-04-2006,50.2,3300.0,46.28,2461.0,74.58,0.0,150.0,0.0
08-04-2006,50.2,3300.0,46.21,2447.0,74.15,0.0,150.0,0.0
09-04-2006,50.2,3300.0,46.14,2433.0,73.73,0.0,150.0,0.0
10-04-2006,50.2,3300.0,46.06,2419.0,73.3,0.0,150.0,0.0
11-04-2006,50.2,3300.0,45.99,2405.0,72.88,0.0,150.0,0.0
12-04-2006,50.2,3300.0,45.92,2391.0,72.45,0.0,150.0,0.0
13-04-2006,50.2,3300.0,45.84,2377.0,72.03,0.0,150.0,0.0
14-04-2006,50.2,3300.0,45.77,2363.0,71.61,0.0,150.0,0.0
15-04-2006,50.2,3300.0,45.7,2349.0,71.18,0.0,150.0,0.0
16-04-2006,50.2,3300.0,45.62,2335.0,70.76,0.0,150.0,0.0
17-04-2006,50.2,3300.0,45.55,2321.0,70.33,0.0,150.0,0.0
18-04-2006,50.2,3300.0,45.49,2311.0,70.03,0.0,150.0,41.0
19-04-2006,50.2,3300.0,45.42,2297.0,69.61,0.0,150.0,0.0
20-04-2006,50.2,3300.0,45.34,2283.0,69.18,0.0,150.0,0.0
21-04-2006,50.2,3300.0,45.27,2269.0,68.76,0.0,150.0,0.0
22-04-2006,50.2,3300.0,45.19,2255.0,68.33,0.0,150.0,0.0
23-04-2006,50.2,3300.0,45.11,2241.0,67.91,0.0,150.0,0.0
24-04-2006,50.2,3300.0,45.03,2227.0,67.48,0.0,150.0,0.0
25-04-2006,50.2,3300.0,44.96,2213.0,67.06,0.0,150.0,0.0
26-04-2006,50.2,3300.0,44.89,2201.0,66.7,0.0,150.0,0.0
27-04-2006,50.2,3300.0,44.82,2189.0,66.33,0.0,150.0,0.0
28-04-2006,50.2,3300.0,44.75,2177.0,65.97,0.0,150.0,0.0
29-04-2006,50.2,3300.0,44.69,2165.0,65.61,0.0,150.0,0.0
30-04-2006,50.2,3300.0,44.62,2153.0,65.24,0.0,150.0,0.0
01-05-2006,50.2,3300.0,44.55,2141.0,64.88,0.0,150.0,0.0
02-05-2006,50.2,3300.0,44.48,2129.0,64.52,0.0,150.0,0.0
03-05-2006,50.2,3300.0,44.4,2114.0,64.06,0.0,170.0,0.0
04-05-2006,50.2,3300.0,44.31,2100.0,63.64,0.0,160.0,0.0
05-05-2006,50.2,3300.0,44.23,2086.0,63.21,0.0,160.0,0.0
06-05-2006,50.2,3300.0,44.16,2072.0,62.79,0.0,160.0,0.0
07-05-2006,50.2,3300.0,44.07,2058.0,62.36,0.0,160.0,0.0
08-05-2006,50.2,3300.0,43.99,2044.0,61.94,0.0,160.0,0.0
09-05-2006,50.2,3300.0,43.91,2030.0,61.52,0.0,160.0,0.0
10-05-2006,50.2,3300.0,43.83,2016.0,61.09,0.0,160.0,0.0
11-05-2006,50.2,3300.0,43.75,2002.0,60.67,0.0,160.0,0.0
12-05-2006,50.2,3300.0,43.66,1988.0,60.24,0.0,160.0,0.0
13-05-2006,50.2,3300.0,43.58,1974.0,59.82,0.0,160.0,0.0
14-05-2006,50.2,3300.0,43.5,1960.0,59.39,0.0,160.0,0.0
15-05-2006,50.2,3300.0,43.42,1946.0,58.97,0.0,160.0,0.0
16-05-2006,50.2,3300.0,4333.0,1932.0,58.55,0.0,160.0,0.0
17-05-2006,50.2,3300.0,43.25,1918.0,58.12,0.0,160.0,0.0
18-05-2006,50.2,3300.0,43.17,1904.0,57.7,0.0,160.0,0.0
19-05-2006,50.2,3300.0,43.08,1890.0,57.27,0.0,160.0,0.0
20-05-2006,50.2,3300.0,43.0,1876.0,56.85,0.0,160.0,0.0
21-05-2006,50.2,3300.0,42.91,1862.0,56.42,0.0,160.0,0.0
22-05-2006,50.2,3300.0,42.83,1848.0,56.0,0.0,160.0,0.0
23-05-2006,50.2,3300.0,42.75,1834.0,55.58,0.0,160.0,0.0
24-05-2006,50.2,3300.0,42.66,1820.0,55.15,0.0,160.0,0.0
25-05-2006,50.2,3300.0,42.58,1806.0,54.73,0.0,160.0,0.0
26-05-2006,50.2,3300.0,42.49,1792.0,54.3,0.0,160.0,0.0
27-05-2006,50.2,3300.0,42.4,1778.0,53.88,0.0,160.0,0.0
28-05-2006,50.2,3300.0,42.32,1764.0,53.45,0.0,160.0,0.0
29-05-2006,50.2,3300.0,42.32,1764.0,53.45,175.0,160.0,0.0
30-05-2006,50.2,3300.0,42.33,1766.0,53.52,182.0,160.0,0.0
31-05-2006,50.2,3300.0,42.34,1768.0,53.58,182.0,160.0,0.0
01-06-2006,50.2,3300.0,42.36,1770.0,53.64,180.0,160.0,0.0
02-06-2006,50.2,3300.0,42.37,1772.0,53.7,182.0,160.0,0.0
03-06-2006,50.2,3300.0,42.38,1774.0,53.76,182.0,160.0,0.0
04-06-2006,50.2,3300.0,42.39,1776.0,53.82,182.0,160.0,18.0
05-06-2006,50.2,3300.0,42.41,1779.0,53.91,194.0,160.0,4.0
06-06-2006,50.2,3300.0,42.43,1782.0,54.0,194.0,160.0,4.0
07-06-2006,50.2,3300.0,42.45,1785.0,54.09,194.0,160.0,0.0
08-06-2006,50.2,3300.0,42.47,1788.0,54.18,194.0,160.0,0.0
09-06-2006,50.2,3300.0,42.48,1791.0,54.27,194.0,160.0,0.0
10-06-2006,50.2,3300.0,42.5,1794.0,54.36,194.0,160.0,0.0
11-06-2006,50.2,3300.0,42.52,1797.0,54.45,194.0,160.0,0.0
12-06-2006,50.2,3300.0,42.54,1800.0,54.55,194.0,160.0,0.0
13-06-2006,50.2,3300.0,42.56,1803.0,54.64,194.0,160.0,0.0
14-06-2006,50.2,3300.0,42.58,1806.0,54.73,194.0,160.0,6.0
15-06-2006,50.2,3300.0,42.6,1809.0,54.82,194.0,160.0,0.0
16-06-2006,50.2,3300.0,42.61,1812.0,54.91,194.0,160.0,0.0
17-06-2006,50.2,3300.0,42.63,1815.0,55.0,194.0,160.0,0.0
18-06-2006,50.2,3300.0,42.65,1818.0,55.09,194.0,160.0,0.0
19-06-2006,50.2,3300.0,42.67,1821.0,55.18,194.0,160.0,0.0
20-06-2006,50.2,3300.0,42.68,1824.0,55.27,194.0,160.0,0.0
21-06-2006,50.2,3300.0,42.7,1827.0,55.36,194.0,160.0,0.0
22-06-2006,50.2,3300.0,42.72,1830.0,55.45,194.0,160.0,0.0
23-06-2006,50.2,3300.0,42.74,1833.0,55.55,194.0,160.0,22.0
24-06-2006,50.2,3300.0,42.8,1843.0,55.85,276.0,160.0,10.0
25-06-2006,50.2,3300.0,42.82,1846.0,55.94,194.0,160.0,0.0
26-06-2006,50.2,3300.0,42.84,1849.0,56.03,194.0,160.0,0.0
27-06-2006,50.2,3300.0,42.91,1861.0,56.39,298.0,160.0,23.0
28-06-2006,50.2,3300.0,43.1,1893.0,57.36,530.0,160.0,47.0
29-06-2006,50.2,3300.0,43.12,1896.0,57.45,194.0,160.0,1.0
30-06-2006,50.2,3300.0,43.08,1889.0,57.24,114.0,160.0,0.0
01-07-2006,50.2,3300.0,43.03,1881.0,57.0,93.0,160.0,0.0
02-07-2006,50.2,3300.0,42.94,1866.0,56.55,0.0,160.0,0.0
03-07-2006,50.2,3300.0,42.85,1851.0,56.09,0.0,160.0,0.0
04-07-2006,50.2,3300.0,42.76,1836.0,55.64,0.0,160.0,0.0
05-07-2006,50.2,3300.0,42.67,1821.0,55.18,0.0,165.0,0.0
06-07-2006,50.2,3300.0,42.58,1806.0,54.73,0.0,165.0,0.0
07-07-2006,50.2,3300.0,42.48,1791.0,54.27,0.0,165.0,0.0
08-07-2006,50.2,3300.0,42.39,1776.0,53.82,0.0,165.0,0.0
09-07-2006,50.2,3300.0,42.3,1761.0,53.36,0.0,165.0,0.0
10-07-2006,50.2,3300.0,42.21,1746.0,52.91,0.0,165.0,2.0
11-07-2006,50.2,3300.0,42.12,1731.0,52.45,0.0,165.0,6.0
12-07-2006,50.2,3300.0,42.02,1716.0,52.0,0.0,165.0,5.0
13-07-2006,50.2,3300.0,41.93,1701.0,51.55,0.0,165.0,12.0
14-07-2006,50.2,3300.0,41.83,1686.0,51.09,0.0,165.0,0.0
15-07-2006,50.2,3300.0,41.74,1671.0,50.64,0.0,165.0,0.0
16-07-2006,50.2,3300.0,41.65,1656.0,50.18,0.0,165.0,0.0
17-07-2006,50.2,3300.0,41.55,1641.0,49.73,0.0,165.0,0.0
18-07-2006,50.2,3300.0,41.46,1626.0,49.27,0.0,165.0,0.0
19-07-2006,50.2,3300.0,41.36,1611.0,48.82,0.0,165.0,0.0
20-07-2006,50.2,3300.0,41.28,1596.0,48.36,0.0,165.0,1.0
21-07-2006,50.2,3300.0,41.28,1596.0,48.36,165.0,165.0,2.0
22-07-2006,50.2,3300.0,41.28,1596.0,48.36,165.0,165.0,0.0
23-07-2006,50.2,3300.0,41.28,1596.0,48.36,165.0,165.0,0.0
24-07-2006,50.2,3300.0,41.28,1596.0,48.36,165.0,165.0,0.0
25-07-2006,50.2,3300.0,41.28,1596.0,48.36,165.0,165.0,2.0
26-07-2006,50.2,3300.0,41.28,1596.0,48.36,165.0,165.0,0.0
27-07-2006,50.2,3300.0,41.28,1596.0,48.36,165.0,165.0,0.0
28-07-2006,50.2,3300.0,41.28,1596.0,48.36,165.0,165.0,14.0
29-07-2006,50.2,3300.0,41.28,1596.0,48.36,165.0,165.0,2.0
30-07-2006,50.2,3300.0,41.28,1596.0,48.36,165.0,165.0,0.0
31-07-2006,50.2,3300.0,41.28,1596.0,48.36,165.0,165.0,0.0
01-08-2006,50.2,3300.0,41.28,1596.0,48.36,165.0,165.0,0.0
02-08-2006,50.2,3300.0,41.28,1596.0,48.36,165.0,165.0,0.0
03-08-2006,50.2,3300.0,41.28,1596.0,48.36,165.0,165.0,0.0
04-08-2006,50.2,3300.0,41.28,1596.0,48.36,165.0,165.0,3.0
05-08-2006,50.2,3300.0,41.28,1596.0,48.36,165.0,165.0,0.0
06-08-2006,50.2,3300.0,41.28,1596.0,48.36,165.0,165.0,0.0
07-08-2006,50.2,3300.0,41.31,1600.0,48.48,210.0,165.0,56.0
08-08-2006,50.2,3300.0,41.31,1600.0,48.48,165.0,165.0,2.0
09-08-2006,50.2,3300.0,41.31,1600.0,48.48,165.0,165.0,0.0
10-08-2006,50.2,3300.0,41.31,1600.0,48.48,165.0,165.0,0.0
11-08-2006,50.2,3300.0,41.31,1600.0,48.48,165.0,165.0,7.0
12-08-2006,50.2,3300.0,41.31,1600.0,48.48,165.0,165.0,8.0
13-08-2006,50.2,3300.0,41.38,1611.0,48.82,280.0,165.0,0.0
14-08-2006,50.2,3300.0,41.43,1622.0,49.15,295.0,165.0,24.0
15-08-2006,50.2,3300.0,41.5,1633.0,49.48,290.0,165.0,16.0
16-08-2006,50.2,3300.0,41.57,1644.0,49.82,290.0,165.0,10.0
17-08-2006,50.2,3300.0,41.68,1661.0,50.33,340.0,165.0,0.0
18-08-2006,50.2,3300.0,41.78,1677.0,50.82,340.0,165.0,0.0
19-08-2006,50.2,3300.0,41.88,1693.0,51.3,340.0,165.0,0.0
20-08-2006,50.2,3300.0,41.87,1692.0,51.27,160.0,165.0,0.0
21-08-2006,50.2,3300.0,41.8,1680.0,50.91,50.0,165.0,0.0
22-08-2006,50.2,3300.0,41.7,1665.0,50.45,0.0,165.0,0.0
23-08-2006,50.2,3300.0,41.61,1650.0,50.0,0.0,165.0,0.0
24-08-2006,50.2,3300.0,41.51,1635.0,49.55,0.0,165.0,0.0
25-08-2006,50.2,3300.0,41.42,1620.0,49.09,0.0,165.0,0.0
26-08-2006,50.2,3300.0,41.32,1605.0,48.64,0.0,165.0,0.0
27-08-2006,50.2,3300.0,41.24,1590.0,48.18,0.0,165.0,0.0
28-08-2006,50.2,3300.0,41.13,1575.0,47.73,0.0,165.0,0.0
29-08-2006,50.2,3300.0,41.03,1560.0,47.27,0.0,165.0,0.0
30-08-2006,50.2,3300.0,40.93,1544.0,46.79,0.0,165.0,0.0
31-08-2006,50.2,3300.0,40.83,1529.0,46.33,0.0,165.0,0.0
01-09-2006,50.2,3300.0,40.73,1514.0,45.88,0.0,165.0,0.0
02-09-2006,50.2,3300.0,40.63,1498.0,45.39,0.0,170.0,0.0
03-09-2006,50.2,3300.0,40.52,1482.0,44.91,0.0,170.0,6.0
04-09-2006,50.2,3300.0,40.45,1471.0,44.58,58.0,170.0,18.0
05-09-2006,50.2,3300.0,40.34,1455.0,44.09,0.0,170.0,0.0
06-09-2006,50.2,3300.0,40.23,1439.0,43.61,0.0,170.0,0.0
07-09-2006,50.2,3300.0,40.13,1424.0,43.15,0.0,170.0,0.0
08-09-2006,50.2,3300.0,40.02,1408.0,42.67,0.0,170.0,0.0
09-09-2006,50.2,3300.0,39.91,1392.0,42.18,0.0,170.0,0.0
10-09-2006,50.2,3300.0,39.8,1376.0,41.7,0.0,170.0,0.0
11-09-2006,50.2,3300.0,39.7,1361.0,41.24,0.0,170.0,0.0
12-09-2006,50.2,3300.0,39.59,1345.0,40.76,0.0,170.0,0.0
13-09-2006,50.2,3300.0,39.48,1329.0,40.27,0.0,170.0,0.0
14-09-2006,50.2,3300.0,39.37,1314.0,39.82,0.0,170.0,0.0
15-09-2006,50.2,3300.0,39.3,1304.0,39.52,70.0,170.0,19.0
16-09-2006,50.2,3300.0,39.19,1288.0,39.03,0.0,170.0,0.0
17-09-2006,50.2,3300.0,39.08,1273.0,38.58,0.0,170.0,0.0
18-09-2006,50.2,3300.0,38.97,1257.0,38.09,0.0,170.0,4.0
19-09-2006,50.2,3300.0,38.85,1241.0,37.61,0.0,170.0,3.0
20-09-2006,50.2,3300.0,38.74,1225.0,37.12,0.0,170.0,3.0
21-09-2006,50.2,3300.0,38.63,1210.0,36.67,0.0,170.0,3.0
22-09-2006,50.2,3300.0,38.51,1194.0,36.18,0.0,170.0,2.0
23-09-2006,50.2,3300.0,38.39,1178.0,35.7,0.0,170.0,0.0
24-09-2006,50.2,3300.0,38.27,1162.0,35.21,0.0,170.0,0.0
25-09-2006,50.2,3300.0,38.33,1170.0,35.45,265.0,170.0,78.0
26-09-2006,50.2,3300.0,38.44,1185.0,35.91,345.0,170.0,15.0
27-09-2006,50.2,3300.0,38.48,1190.0,36.06,230.0,170.0,0.0
28-09-2006,50.2,3300.0,38.41,1181.0,35.79,95.0,170.0,0.0
29-09-2006,50.2,3300.0,38.29,1165.0,35.3,0.0,170.0,0.0
30-09-2006,50.2,3300.0,38.18,1150.0,34.85,0.0,170.0,0.0
01-10-2006,50.2,3300.0,38.06,1134.0,34.36,0.0,170.0,0.0
02-10-2006,50.2,3300.0,38.11,1140.0,34.55,0.0,170.0,17.0
03-10-2006,50.2,3300.0,38.23,1156.0,35.03,360.0,170.0,0.0
04-10-2006,50.2,3300.0,38.35,1173.0,35.55,360.0,170.0,0.0
05-10-2006,50.2,3300.0,38.48,1190.0,36.06,360.0,170.0,12.0
06-10-2006,50.2,3300.0,38.6,1206.0,36.55,360.0,170.0,0.0
07-10-2006,50.2,3300.0,38.72,1223.0,37.06,360.0,170.0,0.0
08-10-2006,50.2,3300.0,38.85,1241.0,37.61,360.0,170.0,0.0
09-10-2006,50.2,3300.0,38.98,1259.0,38.15,360.0,170.0,0.0
10-10-2006,50.2,3300.0,39.04,1267.0,38.39,360.0,170.0,0.0
11-10-2006,50.2,3300.0,39.16,1284.0,38.91,360.0,170.0,0.0
12-10-2006,50.2,3300.0,39.28,1301.0,39.42,360.0,170.0,0.0
13-10-2006,50.2,3300.0,39.4,1318.0,39.94,360.0,170.0,0.0
14-10-2006,50.2,3300.0,39.52,1335.0,40.45,360.0,170.0,0.0
15-10-2006,50.2,3300.0,39.64,1352.0,40.97,360.0,170.0,0.0
16-10-2006,50.2,3300.0,39.76,1370.0,41.52,360.0,170.0,0.0
17-10-2006,50.2,3300.0,39.88,1387.0,42.03,360.0,170.0,0.0
18-10-2006,50.2,3300.0,40.0,1405.0,42.58,360.0,170.0,0.0
19-10-2006,50.2,3300.0,40.12,1422.0,43.09,360.0,170.0,8.0
20-10-2006,50.2,3300.0,40.51,1480.0,44.85,841.0,170.0,52.0
21-10-2006,50.2,3300.0,40.64,1500.0,45.45,400.0,170.0,1.0
22-10-2006,50.2,3300.0,40.75,1517.0,45.97,360.0,170.0,2.0
23-10-2006,50.2,3300.0,40.86,1534.0,46.48,360.0,170.0,0.0
24-10-2006,50.2,3300.0,41.04,1561.0,47.3,485.0,170.0,16.0
25-10-2006,50.2,3300.0,41.33,1606.0,48.67,690.0,170.0,29.0
26-10-2006,50.2,3300.0,42.24,1751.0,53.06,1848.0,170.0,142.0
27-10-2006,50.2,3300.0,42.51,1795.0,54.39,355.0,170.0,10.0
28-10-2006,50.2,3300.0,43.1,1893.0,57.36,1234.0,100.0,78.0
29-10-2006,50.2,3300.0,44.31,2099.0,63.61,2464.0,80.0,133.0
30-10-2006,50.2,3300.0,44.84,2193.0,66.45,1168.0,80.0,43.0
31-10-2006,50.2,3300.0,44.94,2210.0,66.97,277.0,80.0,0.0
01-11-2006,50.2,3300.0,44.97,2216.0,67.15,149.0,80.0,16.0
02-11-2006,50.2,3300.0,44.94,2210.0,66.97,10.0,80.0,2.0
03-11-2006,50.2,3300.0,44.94,2210.0,66.97,80.0,80.0,0.0
04-11-2006,50.2,3300.0,44.94,2210.0,66.97,100.0,100.0,4.0
05-11-2006,50.2,3300.0,44.87,2198.0,66.61,35.0,150.0,0.0
06-11-2006,50.2,3300.0,44.8,2185.0,66.21,30.0,150.0,0.0
07-11-2006,50.2,3300.0,44.74,2174.0,65.88,150.0,150.0,14.0
08-11-2006,50.2,3300.0,44.8,2185.0,66.21,281.0,150.0,6.0
09-11-2006,50.2,3300.0,44.82,2189.0,66.33,196.0,150.0,23.0
10-11-2006,50.2,3300.0,44.78,2182.0,66.12,0.0,150.0,2.0
11-11-2006,50.2,3300.0,44.81,2187.0,66.27,208.0,150.0,15.0
12-11-2006,50.2,3300.0,44.74,2175.0,65.91,0.0,150.0,4.0
13-11-2006,50.2,3300.0,44.94,2210.0,66.97,555.0,150.0,65.0
14-11-2006,50.2,3300.0,45.03,2227.0,67.48,347.0,150.0,5.0
15-11-2006,50.2,3300.0,45.07,2234.0,67.7,231.0,150.0,14.0
16-11-2006,50.2,3300.0,45.17,2252.0,68.24,358.0,150.0,16.0
17-11-2006,50.2,3300.0,45.2,2257.0,68.39,208.0,150.0,8.0
18-11-2006,50.2,3300.0,45.23,2263.0,68.58,219.0,150.0,13.0
19-11-2006,50.2,3300.0,45.62,2335.0,70.76,983.0,150.0,51.0
20-11-2006,50.2,3300.0,45.79,2367.0,71.73,520.0,150.0,11.0
21-11-2006,50.2,3300.0,46.08,2422.0,73.39,786.0,150.0,6.0
22-11-2006,50.2,3300.0,46.15,2436.0,73.82,312.0,150.0,0.0
23-11-2006,50.2,3300.0,46.2,2446.0,74.12,256.0,150.0,0.0
24-11-2006,50.2,3300.0,46.2,2446.0,74.12,150.0,150.0,0.0
25-11-2006,50.2,3300.0,46.15,2436.0,73.82,54.0,170.0,0.0
26-11-2006,50.2,3300.0,46.08,2422.0,73.39,0.0,170.0,0.0
27-11-2006,50.2,3300.0,46.0,2407.0,72.94,0.0,170.0,0.0
28-11-2006,50.2,3300.0,46.02,2412.0,73.09,200.0,170.0,0.0
29-11-2006,50.2,3300.0,46.05,2417.0,73.24,200.0,170.0,0.0
30-11-2006,50.2,3300.0,46.08,2422.0,73.39,200.0,170.0,0.0
01-12-2006,50.2,3300.0,46.1,2426.0,73.52,200.0,170.0,0.0
02-12-2006,50.2,3300.0,46.12,2430.0,73.64,200.0,170.0,0.0
03-12-2006,50.2,3300.0,46.14,2434.0,73.76,200.0,170.0,0.0
04-12-2006,50.2,3300.0,46.15,2436.0,73.82,200.0,170.0,0.0
05-12-2006,50.2,3300.0,46.16,2438.0,73.88,200.0,170.0,0.0
06-12-2006,50.2,3300.0,46.17,2440.0,73.94,200.0,170.0,0.0
07-12-2006,50.2,3300.0,46.18,2442.0,74.0,200.0,170.0,0.0
08-12-2006,50.2,3300.0,46.2,2445.0,74.09,200.0,170.0,0.0
09-12-2006,50.2,3300.0,46.21,2447.0,74.15,200.0,170.0,0.0
10-12-2006,50.2,3300.0,46.22,2450.0,74.24,200.0,170.0,0.0
11-12-2006,50.2,3300.0,46.24,2453.0,74.33,200.0,170.0,3.0
12-12-2006,50.2,3300.0,46.25,2455.0,74.39,200.0,170.0,2.0
13-12-2006,50.2,3300.0,46.26,2457.0,74.45,200.0,170.0,0.0
14-12-2006,50.2,3300.0,46.27,2459.0,74.52,200.0,170.0,0.0
15-12-2006,50.2,3300.0,46.28,2461.0,74.58,200.0,170.0,0.0
16-12-2006,50.2,3300.0,46.2,2445.0,74.09,0.0,170.0,0.0
17-12-2006,50.2,3300.0,46.11,2428.0,73.58,0.0,170.0,0.0
18-12-2006,50.2,3300.0,46.02,2411.0,73.06,0.0,170.0,0.0
19-12-2006,50.2,3300.0,45.93,2394.0,72.55,0.0,170.0,0.0
20-12-2006,50.2,3300.0,45.84,2377.0,72.03,0.0,170.0,0.0
21-12-2006,50.2,3300.0,45.75,2359.0,71.48,0.0,170.0,2.0
22-12-2006,50.2,3300.0,45.66,2342.0,70.97,0.0,170.0,0.0
23-12-2006,50.2,3300.0,45.56,2324.0,70.42,0.0,170.0,0.0
24-12-2006,50.2,3300.0,45.59,2329.0,70.58,230.0,170.0,0.0
25-12-2006,50.2,3300.0,45.67,2344.0,71.03,350.0,170.0,0.0
26-12-2006,50.2,3300.0,45.77,2363.0,71.61,395.0,170.0,0.0
27-12-2006,50.2,3300.0,45.88,2384.0,72.24,440.0,170.0,0.0
28-12-2006,50.2,3300.0,45.99,2405.0,72.88,440.0,170.0,0.0
29-12-2006,50.2,3300.0,45.12,2430.0,73.64,460.0,170.0,0.0
30-12-2006,50.2,3300.0,45.25,2455.0,74.39,460.0,170.0,0.0
31-12-2006,50.2,3300.0,45.38,2481.0,75.18,460.0,170.0,0.0
01-01-2007,50.2,3300.0,45.51,2507.0,75.97,460.0,170.0,0.0
02-01-2007,50.2,3300.0,45.64,2532.0,76.73,460.0,170.0,0.0
03-01-2007,50.2,3300.0,45.76,2557.0,77.48,460.0,170.0,0.0
04-01-2007,50.2,3300.0,46.89,2583.0,78.27,460.0,170.0,0.0
05-01-2007,50.2,3300.0,47.01,2607.0,79.0,460.0,170.0,0.0
06-01-2007,50.2,3300.0,47.13,2632.0,79.76,460.0,170.0,0.0
07-01-2007,50.2,3300.0,47.24,2655.0,80.45,460.0,170.0,0.0
08-01-2007,50.2,3300.0,47.35,2678.0,81.15,460.0,170.0,0.0
09-01-2007,50.2,3300.0,47.46,2701.0,81.85,460.0,170.0,0.0
10-01-2007,50.2,3300.0,47.56,2713.0,82.21,320.0,170.0,0.0
11-01-2007,50.2,3300.0,47.66,2743.0,83.12,460.0,170.0,0.0
12-01-2007,50.2,3300.0,47.81,2773.0,84.03,460.0,170.0,0.0
13-01-2007,50.2,3300.0,47.94,2801.0,84.88,460.0,170.0,0.0
14-01-2007,50.2,3300.0,48.06,2825.0,85.61,460.0,170.0,0.0
15-01-2007,50.2,3300.0,48.18,2849.0,86.33,460.0,170.0,0.0
16-01-2007,50.2,3300.0,48.3,2872.0,87.03,460.0,170.0,0.0
17-01-2007,50.2,3300.0,48.42,2896.0,87.76,460.0,170.0,0.0
18-01-2007,50.2,3300.0,48.53,2918.0,88.42,460.0,170.0,0.0
19-01-2007,50.2,3300.0,48.67,2946.0,89.27,460.0,170.0,0.0
20-01-2007,50.2,3300.0,48.79,2970.0,90.0,460.0,170.0,0.0
21-01-2007,50.2,3300.0,48.9,2992.0,90.67,460.0,170.0,0.0
22-01-2007,50.2,3300.0,49.02,3016.0,91.39,460.0,170.0,0.0
23-01-2007,50.2,3300.0,49.14,3040.0,92.12,460.0,170.0,0.0
24-01-2007,50.2,3300.0,49.24,3061.0,92.76,460.0,170.0,0.0
25-01-2007,50.2,3300.0,49.31,3074.0,93.15,460.0,170.0,0.0
26-01-2007,50.2,3300.0,49.37,3086.0,93.52,460.0,170.0,0.0
27-01-2007,50.2,3300.0,49.43,3098.0,93.88,460.0,170.0,0.0
28-01-2007,50.2,3300.0,49.45,3102.0,94.0,230.0,170.0,0.0
29-01-2007,50.2,3300.0,49.46,3104.0,94.06,230.0,170.0,0.0
30-01-2007,50.2,3300.0,49.47,3106.0,94.12,230.0,170.0,0.0
31-01-2007,50.2,3300.0,49.48,3108.0,94.18,230.0,170.0,0.0
01-02-2007,50.2,3300.0,49.47,3106.0,94.12,170.0,170.0,0.0
02-02-2007,50.2,3300.0,49.47,3106.0,94.12,170.0,170.0,0.0
03-02-2007,50.2,3300.0,49.45,3102.0,94.0,120.0,170.0,0.0
04-02-2007,50.2,3300.0,49.44,3099.0,93.91,120.0,170.0,0.0
05-02-2007,50.2,3300.0,49.43,3098.0,93.88,120.0,170.0,0.0
06-02-2007,50.2,3300.0,49.42,3096.0,93.82,120.0,170.0,0.0
07-02-2007,50.2,3300.0,49.4,3092.0,93.7,120.0,170.0,0.0
08-02-2007,50.2,3300.0,49.38,3088.0,93.58,120.0,170.0,0.0
09-02-2007,50.2,3300.0,49.36,3084.0,93.45,120.0,170.0,0.0
10-02-2007,50.2,3300.0,49.34,3080.0,93.33,120.0,170.0,0.0
11-02-2007,50.2,3300.0,49.32,3076.0,93.21,120.0,170.0,0.0
12-02-2007,50.2,3300.0,49.3,3072.0,93.09,120.0,170.0,0.0
13-02-2007,50.2,3300.0,49.28,3068.0,92.97,120.0,170.0,0.0
14-02-2007,50.2,3300.0,49.26,3064.0,92.85,120.0,170.0,10.0
15-02-2007,50.2,3300.0,49.24,3060.0,92.73,120.0,170.0,0.0
16-02-2007,50.2,3300.0,49.22,3056.0,92.61,120.0,170.0,0.0
17-02-2007,50.2,3300.0,49.2,3052.0,92.48,120.0,170.0,0.0
18-02-2007,50.2,3300.0,49.12,3036.0,92.0,120.0,170.0,0.0
19-02-2007,50.2,3300.0,49.03,3018.0,91.45,0.0,170.0,0.0
20-02-2007,50.2,3300.0,48.96,3004.0,91.03,0.0,170.0,0.0
21-02-2007,50.2,3300.0,48.89,2990.0,90.61,0.0,170.0,0.0
22-02-2007,50.2,3300.0,48.81,2974.0,90.12,0.0,170.0,0.0
23-02-2007,50.2,3300.0,48.72,2956.0,89.58,0.0,170.0,0.0
24-02-2007,50.2,3300.0,48.63,2938.0,89.03,0.0,170.0,0.0
25-02-2007,50.2,3300.0,48.55,2922.0,88.55,0.0,170.0,0.0
26-02-2007,50.2,3300.0,48.46,2904.0,88.0,0.0,170.0,0.0
27-02-2007,50.2,3300.0,48.38,2888.0,87.52,0.0,170.0,0.0
28-02-2007,50.2,3300.0,48.3,2872.0,87.03,0.0,170.0,0.0
01-03-2007,50.2,3300.0,48.22,2856.0,86.55,0.0,170.0,0.0
02-03-2007,50.2,3300.0,48.13,2839.0,86.03,0.0,170.0,0.0
03-03-2007,50.2,3300.0,48.05,2823.0,85.55,0.0,170.0,0.0
04-03-2007,50.2,3300.0,47.96,2805.0,85.0,0.0,170.0,0.0
05-03-2007,50.2,3300.0,47.89,2788.0,84.48,0.0,170.0,0.0
06-03-2007,50.2,3300.0,47.8,2771.0,83.97,0.0,170.0,0.0
07-03-2007,50.2,3300.0,47.72,2754.0,83.45,0.0,170.0,0.0
08-03-2007,50.2,3300.0,47.63,2737.0,82.94,0.0,170.0,0.0
09-03-2007,50.2,3300.0,47.55,2720.0,82.42,0.0,170.0,0.0
10-03-2007,50.2,3300.0,47.47,2703.0,81.91,0.0,170.0,0.0
11-03-2007,50.2,3300.0,47.39,2686.0,81.39,0.0,170.0,0.0
12-03-2007,50.2,3300.0,47.31,2669.0,80.88,0.0,170.0,0.0
13-03-2007,50.2,3300.0,47.22,2650.0,80.3,0.0,170.0,0.0
14-03-2007,50.2,3300.0,47.13,2632.0,79.76,0.0,170.0,0.0
15-03-2007,50.2,3300.0,47.04,2613.0,79.18,0.0,170.0,0.0
16-03-2007,50.2,3300.0,46.95,2595.0,78.64,0.0,170.0,0.0
17-03-2007,50.2,3300.0,46.86,2577.0,78.09,0.0,170.0,0.0
18-03-2007,50.2,3300.0,46.77,2559.0,77.55,0.0,170.0,0.0
19-03-2007,50.2,3300.0,46.69,2542.0,77.03,0.0,170.0,0.0
20-03-2007,50.2,3300.0,46.6,2524.0,76.48,0.0,170.0,0.0
21-03-2007,50.2,3300.0,46.51,2507.0,75.97,0.0,170.0,0.0
22-03-2007,50.2,3300.0,46.42,2489.0,75.42,0.0,170.0,0.0
23-03-2007,50.2,3300.0,46.4,2485.0,75.3,170.0,170.0,0.0
24-03-2007,50.2,3300.0,46.39,2483.0,75.24,170.0,170.0,0.0
25-03-2007,50.2,3300.0,46.38,2481.0,75.18,170.0,170.0,0.0
26-03-2007,50.2,3300.0,46.37,2479.0,75.12,170.0,170.0,0.0
27-03-2007,50.2,3300.0,46.36,2477.0,75.06,170.0,170.0,0.0
28-03-2007,50.2,3300.0,46.35,2475.0,75.0,170.0,170.0,0.0
29-03-2007,50.2,3300.0,46.34,2473.0,74.94,170.0,170.0,0.0
30-03-2007,50.2,3300.0,46.33,2471.0,74.88,170.0,170.0,0.0
31-03-2007,50.2,3300.0,46.32,2469.0,74.82,170.0,170.0,0.0
01-04-2007,50.2,3300.0,46.31,2467.0,74.76,170.0,170.0,0.0
02-04-2007,50.2,3300.0,46.3,2465.0,74.7,170.0,170.0,0.0
03-04-2007,50.2,3300.0,46.29,2463.0,74.64,170.0,170.0,0.0
04-04-2007,50.2,3300.0,46.28,2461.0,74.58,170.0,170.0,0.0
05-04-2007,50.2,3300.0,46.27,2459.0,74.52,170.0,170.0,0.0
06-04-2007,50.2,3300.0,46.26,2457.0,74.45,170.0,170.0,0.0
07-04-2007,50.2,3300.0,46.25,2455.0,74.39,170.0,170.0,0.0
08-04-2007,50.2,3300.0,46.23,2452.0,74.3,170.0,170.0,0.0
09-04-2007,50.2,3300.0,46.22,2449.0,74.21,170.0,170.0,0.0
10-04-2007,50.2,3300.0,46.2,2446.0,74.12,170.0,170.0,0.0
11-04-2007,50.2,3300.0,46.19,2443.0,74.03,140.0,140.0,0.0
12-04-2007,50.2,3300.0,46.17,2440.0,73.94,140.0,140.0,0.0
13-04-2007,50.2,3300.0,46.14,2434.0,73.76,110.0,140.0,0.0
14-04-2007,50.2,3300.0,46.1,2426.0,73.52,75.0,140.0,0.0
15-04-2007,50.2,3300.0,46.05,2417.0,73.24,67.0,140.0,0.0
16-04-2007,50.2,3300.0,45.99,2405.0,72.88,55.0,140.0,0.0
17-04-2007,50.2,3300.0,45.92,2392.0,72.48,45.0,140.0,0.0
18-04-2007,50.2,3300.0,45.85,2379.0,72.09,40.0,140.0,0.0
19-04-2007,50.2,3300.0,45.78,2365.0,71.67,32.0,140.0,0.0
20-04-2007,50.2,3300.0,45.7,2349.0,71.18,0.0,140.0,0.0
21-04-2007,50.2,3300.0,45.61,2333.0,70.7,0.0,140.0,0.0
22-04-2007,50.2,3300.0,45.52,2316.0,70.18,0.0,140.0,0.0
23-04-2007,50.2,3300.0,45.43,2299.0,69.67,0.0,140.0,0.0
24-04-2007,50.2,3300.0,45.33,2281.0,69.12,0.0,135.0,0.0
25-04-2007,50.2,3300.0,45.24,2264.0,68.61,0.0,135.0,0.0
26-04-2007,50.2,3300.0,45.14,2246.0,68.06,0.0,135.0,0.0
27-04-2007,50.2,3300.0,45.04,2228.0,67.52,0.0,135.0,0.0
28-04-2007,50.2,3300.0,44.94,2210.0,66.97,0.0,135.0,0.0
29-04-2007,50.2,3300.0,44.84,2192.0,66.42,0.0,135.0,0.0
30-04-2007,50.2,3300.0,44.74,2174.0,65.88,0.0,135.0,0.0
01-05-2007,50.2,3300.0,44.64,2156.0,65.33,0.0,135.0,0.0
02-05-2007,50.2,3300.0,44.54,2139.0,64.82,0.0,135.0,0.0
03-05-2007,50.2,3300.0,44.44,2122.0,64.3,0.0,135.0,0.0
04-05-2007,50.2,3300.0,44.35,2106.0,63.82,0.0,135.0,4.0
05-05-2007,50.2,3300.0,44.26,2090.0,63.33,0.0,135.0,0.0
06-05-2007,50.2,3300.0,44.17,2074.0,62.85,0.0,135.0,0.0
07-05-2007,50.2,3300.0,44.07,2057.0,62.33,0.0,135.0,0.0
08-05-2007,50.2,3300.0,43.98,2042.0,61.88,0.0,135.0,0.0
09-05-2007,50.2,3300.0,43.89,2026.0,61.39,0.0,135.0,0.0
10-05-2007,50.2,3300.0,43.8,2011.0,60.94,0.0,135.0,0.0
11-05-2007,50.2,3300.0,43.71,1996.0,60.48,0.0,135.0,0.0
12-05-2007,50.2,3300.0,43.62,1980.0,60.0,0.0,135.0,0.0
13-05-2007,50.2,3300.0,43.52,1964.0,59.52,0.0,135.0,0.0
14-05-2007,50.2,3300.0,43.43,1948.0,59.03,0.0,140.0,0.0
15-05-2007,50.2,3300.0,43.34,1933.0,58.58,0.0,140.0,0.0
16-05-2007,50.2,3300.0,43.38,1939.0,58.76,235.0,140.0,1.0
17-05-2007,50.2,3300.0,43.41,1945.0,58.94,240.0,140.0,0.0
18-05-2007,50.2,3300.0,43.44,1950.0,59.09,240.0,140.0,0.0
19-05-2007,50.2,3300.0,43.47,1955.0,59.24,240.0,140.0,0.0
20-05-2007,50.2,3300.0,43.5,1960.0,59.39,240.0,140.0,0.0
21-05-2007,50.2,3300.0,43.53,1965.0,59.55,240.0,140.0,0.0
22-05-2007,50.2,3300.0,43.56,1970.0,59.7,240.0,140.0,0.0
23-05-2007,50.2,3300.0,43.59,1975.0,59.85,240.0,140.0,0.0
24-05-2007,50.2,3300.0,43.62,1980.0,60.0,240.0,140.0,0.0
25-05-2007,50.2,3300.0,43.65,1985.0,60.15,240.0,140.0,0.0
26-05-2007,50.2,3300.0,43.66,1987.0,60.21,240.0,140.0,0.0
27-05-2007,50.2,3300.0,43.67,1989.0,60.27,240.0,140.0,0.0
28-05-2007,50.2,3300.0,43.69,1992.0,60.36,240.0,140.0,0.0
29-05-2007,50.2,3300.0,43.72,1997.0,60.52,320.0,140.0,0.0
30-05-2007,50.2,3300.0,43.76,2004.0,60.73,320.0,140.0,0.0
31-05-2007,50.2,3300.0,43.8,2011.0,60.94,320.0,140.0,0.0
01-06-2007,50.2,3300.0,43.83,2016.0,61.09,320.0,140.0,0.0
02-06-2007,50.2,3300.0,43.86,2021.0,61.24,320.0,140.0,0.0
03-06-2007,50.2,3300.0,43.89,2027.0,61.42,320.0,140.0,0.0
04-06-2007,50.2,3300.0,43.93,2033.0,61.61,320.0,140.0,0.0
05-06-2007,50.2,3300.0,43.95,2037.0,61.73,320.0,140.0,0.0
06-06-2007,50.2,3300.0,43.98,2042.0,61.88,320.0,140.0,0.0
07-06-2007,50.2,3300.0,44.02,2049.0,62.09,320.0,140.0,0.0
08-06-2007,50.2,3300.0,44.07,2057.0,62.33,320.0,140.0,0.0
09-06-2007,50.2,3300.0,44.12,2066.0,62.61,320.0,140.0,0.0
10-06-2007,50.2,3300.0,44.15,2071.0,62.76,320.0,140.0,0.0
11-06-2007,50.2,3300.0,44.19,2078.0,62.97,320.0,140.0,2.0
12-06-2007,50.2,3300.0,44.23,2085.0,63.18,320.0,140.0,1.0
13-06-2007,50.2,3300.0,44.26,2090.0,63.33,320.0,140.0,0.0
14-06-2007,50.2,3300.0,44.28,2094.0,63.45,320.0,140.0,0.0
15-06-2007,50.2,3300.0,44.31,2099.0,63.61,320.0,140.0,8.0
16-06-2007,50.2,3300.0,44.35,2106.0,63.82,320.0,140.0,2.0
17-06-2007,50.2,3300.0,44.38,2111.0,63.97,320.0,140.0,0.0
18-06-2007,50.2,3300.0,44.43,2120.0,64.24,320.0,140.0,2.0
19-06-2007,50.2,3300.0,44.5,2132.0,64.61,320.0,140.0,9.0
20-06-2007,50.2,3300.0,44.56,2143.0,64.94,320.0,140.0,2.0
21-06-2007,50.2,3300.0,44.61,2152.0,65.21,320.0,140.0,2.0
22-06-2007,50.2,3300.0,44.74,2175.0,65.91,459.0,140.0,33.0
23-06-2007,50.2,3300.0,44.8,2185.0,66.21,320.0,140.0,0.0
24-06-2007,50.2,3300.0,44.85,2194.0,66.48,320.0,140.0,0.0
25-06-2007,50.2,3300.0,44.9,2203.0,66.76,320.0,140.0,0.0
26-06-2007,50.2,3300.0,44.96,2214.0,67.09,320.0,140.0,0.0
27-06-2007,50.2,3300.0,45.01,2223.0,67.36,320.0,140.0,12.0
28-06-2007,50.2,3300.0,45.06,2232.0,67.64,300.0,145.0,3.0
29-06-2007,50.2,3300.0,45.11,2241.0,67.91,250.0,145.0,1.0
30-06-2007,50.2,3300.0,45.15,2248.0,68.12,250.0,145.0,0.0
01-07-2007,50.2,3300.0,45.18,2254.0,68.3,250.0,145.0,0.0
02-07-2007,50.2,3300.0,45.21,2259.0,68.45,250.0,145.0,0.0
03-07-2007,50.2,3300.0,45.22,2261.0,68.52,250.0,145.0,0.0
04-07-2007,50.2,3300.0,45.19,2255.0,68.33,110.0,145.0,0.0
05-07-2007,50.2,3300.0,45.14,2246.0,68.06,60.0,145.0,0.0
06-07-2007,50.2,3300.0,45.1,2239.0,67.85,60.0,145.0,6.0
07-07-2007,50.2,3300.0,45.08,2236.0,67.76,60.0,145.0,2.0
08-07-2007,50.2,3300.0,45.05,2230.0,67.58,50.0,145.0,0.0
09-07-2007,50.2,3300.0,45.01,2223.0,67.36,45.0,145.0,4.0
10-07-2007,50.2,3300.0,44.97,2216.0,67.15,45.0,175.0,5.0
11-07-2007,50.2,3300.0,44.92,2207.0,66.88,70.0,175.0,5.0
12-07-2007,50.2,3300.0,44.92,2207.0,66.88,195.0,175.0,25.0
13-07-2007,50.2,3300.0,44.95,2212.0,67.03,255.0,175.0,45.0
14-07-2007,50.2,3300.0,44.94,2210.0,66.97,145.0,175.0,0.0
15-07-2007,50.2,3300.0,44.84,2193.0,66.45,65.0,175.0,2.0
16-07-2007,50.2,3300.0,44.8,2185.0,66.21,100.0,175.0,10.0
17-07-2007,50.2,3300.0,44.73,2173.0,65.85,65.0,175.0,0.0
18-07-2007,50.2,3300.0,44.67,2162.0,65.52,60.0,175.0,1.0
19-07-2007,50.2,3300.0,44.59,2148.0,65.09,45.0,175.0,0.0
20-07-2007,50.2,3300.0,44.51,2134.0,64.67,45.0,175.0,0.0
21-07-2007,50.2,3300.0,44.43,2120.0,64.24,45.0,175.0,0.0
22-07-2007,50.2,3300.0,44.46,2125.0,64.39,265.0,175.0,45.0
23-07-2007,50.2,3300.0,44.39,2113.0,64.03,45.0,175.0,0.0
24-07-2007,50.2,3300.0,44.32,2101.0,63.67,45.0,175.0,0.0
25-07-2007,50.2,3300.0,44.23,2085.0,63.18,30.0,175.0,0.0
26-07-2007,50.2,3300.0,44.13,2068.0,62.67,30.0,175.0,0.0
27-07-2007,50.2,3300.0,44.06,2056.0,62.3,30.0,175.0,0.0
28-07-2007,50.2,3300.0,43.98,2042.0,61.88,30.0,175.0,1.0
29-07-2007,50.2,3300.0,43.94,2035.0,61.67,145.0,175.0,32.4
30-07-2007,50.2,3300.0,44.05,2054.0,62.24,395.0,175.0,62.0
31-07-2007,50.2,3300.0,44.0,2045.0,61.97,70.0,175.0,3.0
01-08-2007,50.2,3300.0,44.23,2085.0,63.18,638.0,175.0,106.0
02-08-2007,50.2,3300.0,44.21,2082.0,63.09,150.0,175.0,0.0
03-08-2007,50.2,3300.0,44.18,2076.0,62.91,125.0,175.0,0.0
04-08-2007,50.2,3300.0,44.13,2068.0,62.67,90.0,160.0,0.0
05-08-2007,50.2,3300.0,44.06,2056.0,62.3,50.0,160.0,0.0
06-08-2007,50.2,3300.0,43.99,2044.0,61.94,50.0,160.0,2.0
07-08-2007,50.2,3300.0,43.92,2032.0,61.58,50.0,160.0,0.0
08-08-2007,50.2,3300.0,43.85,2020.0,61.21,50.0,160.0,0.0
09-08-2007,50.2,3300.0,43.78,2302.0,69.76,50.0,160.0,0.0
10-08-2007,50.2,3300.0,43.72,1997.0,60.52,60.0,160.0,0.0
11-08-2007,50.2,3300.0,43.67,1989.0,60.27,80.0,160.0,0.0
12-08-2007,50.2,3300.0,43.62,1980.0,60.0,80.0,160.0,0.0
13-08-2007,50.2,3300.0,43.59,1975.0,59.85,140.0,160.0,0.0
14-08-2007,50.2,3300.0,43.46,1953.0,59.18,0.0,160.0,0.0
15-08-2007,50.2,3300.0,43.34,1936.0,58.67,0.0,160.0,0.0
16-08-2007,50.2,3300.0,43.26,1920.0,58.18,0.0,160.0,0.0
17-08-2007,50.2,3300.0,43.18,1906.0,57.76,0.0,160.0,3.0
18-08-2007,50.2,3300.0,43.1,1893.0,57.36,0.0,160.0,4.0
19-08-2007,50.2,3300.0,43.02,1879.0,56.94,0.0,160.0,12.0
20-08-2007,50.2,3300.0,42.94,1866.0,56.55,0.0,160.0,0.0
21-08-2007,50.2,3300.0,42.87,1855.0,56.21,58.0,160.0,17.0
22-08-2007,50.2,3300.0,43.16,1903.0,57.67,712.0,160.0,20.0
23-08-2007,50.2,3300.0,43.36,1936.0,58.67,577.0,160.0,65.0
24-08-2007,50.2,3300.0,43.46,1953.0,59.18,391.0,160.0,10.0
25-08-2007,50.2,3300.0,43.39,1942.0,58.85,69.0,160.0,0.0
26-08-2007,50.2,3300.0,43.46,1953.0,59.18,322.0,160.0,0.0
27-08-2007,50.2,3300.0,43.46,1953.0,59.18,195.0,160.0,0.0
28-08-2007,50.2,3300.0,43.4,1943.0,58.88,81.0,160.0,17.0
29-08-2007,50.2,3300.0,43.37,1938.0,58.73,105.0,160.0,17.0
30-08-2007,50.2,3300.0,43.56,1970.0,59.7,530.0,160.0,64.0
31-08-2007,50.2,3300.0,43.64,1984.0,60.12,322.0,160.0,16.0
01-09-2007,50.2,3300.0,43.66,1987.0,60.21,195.0,170.0,0.0
02-09-2007,50.2,3300.0,43.67,1989.0,60.27,183.0,160.0,0.0
03-09-2007,50.2,3300.0,43.64,1984.0,60.12,100.0,160.0,13.0
04-09-2007,50.2,3300.0,43.69,1992.0,60.36,193.0,160.0,0.0
05-09-2007,50.2,3300.0,43.72,1997.0,60.52,218.0,160.0,26.0
06-09-2007,50.2,3300.0,43.96,2039.0,61.79,646.0,160.0,34.0
07-09-2007,50.2,3300.0,44.02,2059.0,62.39,391.0,160.0,0.0
08-09-2007,50.2,3300.0,44.03,2051.0,62.15,100.0,160.0,0.0
09-09-2007,50.2,3300.0,43.98,2042.0,61.88,100.0,160.0,0.0
10-09-2007,50.2,3300.0,43.93,2033.0,61.61,100.0,160.0,0.0
11-09-2007,50.2,3300.0,43.89,2026.0,61.39,80.0,130.0,0.0
12-09-2007,50.2,3300.0,43.81,2013.0,61.0,0.0,130.0,0.0
13-09-2007,50.2,3300.0,43.74,2001.0,60.64,0.0,130.0,0.0
14-09-2007,50.2,3300.0,43.67,1989.0,60.27,0.0,130.0,0.0
15-09-2007,50.2,3300.0,43.6,1977.0,59.91,0.0,130.0,0.0
16-09-2007,50.2,3300.0,43.53,1965.0,59.55,0.0,130.0,0.0
17-09-2007,50.2,3300.0,43.51,1962.0,59.45,100.0,130.0,3.0
18-09-2007,50.2,3300.0,43.49,1958.0,59.33,100.0,130.0,0.0
19-09-2007,50.2,3300.0,43.47,1955.0,59.24,100.0,130.0,0.0
20-09-2007,50.2,3300.0,43.45,1952.0,59.15,100.0,130.0,3.0
21-09-2007,50.2,3300.0,43.43,1948.0,59.03,100.0,130.0,0.0
22-09-2007,50.2,3300.0,43.41,1945.0,58.94,100.0,130.0,0.0
23-09-2007,50.2,3300.0,43.39,1942.0,58.85,100.0,130.0,0.0
24-09-2007,50.2,3300.0,43.37,1938.0,58.73,100.0,130.0,0.0
25-09-2007,50.2,3300.0,43.34,1933.0,58.58,100.0,130.0,0.0
26-09-2007,50.2,3300.0,43.31,1928.0,58.42,100.0,130.0,0.0
27-09-2007,50.2,3300.0,43.28,1923.0,58.27,100.0,130.0,0.0
28-09-2007,50.2,3300.0,43.25,1918.0,58.12,100.0,130.0,2.0
29-09-2007,50.2,3300.0,43.22,1913.0,57.97,100.0,130.0,0.0
30-09-2007,50.2,3300.0,43.25,1918.0,58.12,216.0,130.0,58.0
01-10-2007,50.2,3300.0,43.27,1921.0,58.21,193.0,130.0,2.0
02-10-2007,50.2,3300.0,43.23,1915.0,58.03,100.0,130.0,0.0
03-10-2007,50.2,3300.0,43.2,1909.0,57.85,100.0,130.0,0.0
04-10-2007,50.2,3300.0,43.22,1913.0,57.97,200.0,130.0,0.0
05-10-2007,50.2,3300.0,43.26,1920.0,58.18,240.0,130.0,0.0
06-10-2007,50.2,3300.0,43.32,1930.0,58.48,275.0,130.0,7.0
07-10-2007,50.2,3300.0,43.38,1940.0,58.79,275.0,130.0,0.0
08-10-2007,50.2,3300.0,43.44,1950.0,59.09,275.0,130.0,0.0
09-10-2007,50.2,3300.0,43.5,1960.0,59.39,275.0,130.0,0.0
10-10-2007,50.2,3300.0,43.58,1974.0,59.82,320.0,130.0,0.0
11-10-2007,50.2,3300.0,43.66,1987.0,60.21,320.0,130.0,0.0
12-10-2007,50.2,3300.0,43.74,2001.0,60.64,320.0,130.0,0.0
13-10-2007,50.2,3300.0,43.82,2015.0,61.06,320.0,130.0,0.0
14-10-2007,50.2,3300.0,43.89,2027.0,61.42,320.0,130.0,0.0
15-10-2007,50.2,3300.0,43.95,2037.0,61.73,320.0,130.0,0.0
16-10-2007,50.2,3300.0,44.0,2045.0,61.97,250.0,130.0,0.0
17-10-2007,50.2,3300.0,46.32,2469.0,74.82,0.0,130.0,0.0
18-10-2007,50.2,3300.0,44.04,2052.0,62.18,200.0,130.0,0.0
19-10-2007,50.2,3300.0,44.01,2047.0,62.03,105.0,130.0,0.0
20-10-2007,50.2,3300.0,43.98,2042.0,61.88,105.0,130.0,0.0
21-10-2007,50.2,3300.0,43.95,2037.0,61.73,105.0,130.0,0.0
22-10-2007,50.2,3300.0,43.92,2032.0,61.58,105.0,130.0,0.0
23-10-2007,50.2,3300.0,43.92,2032.0,61.58,130.0,130.0,5.0
24-10-2007,50.2,3300.0,44.02,2049.0,62.09,327.0,130.0,51.0
25-10-2007,50.2,3300.0,44.02,2049.0,62.09,130.0,130.0,4.0
26-10-2007,50.2,3300.0,44.02,2049.0,62.09,130.0,130.0,4.0
27-10-2007,50.2,3300.0,44.05,2054.0,62.24,188.0,130.0,21.0
28-10-2007,50.2,3300.0,44.19,2078.0,62.97,408.0,130.0,42.0
29-10-2007,50.2,3300.0,45.37,2289.0,69.36,2572.0,130.0,157.0
30-10-2007,50.2,3300.0,45.9,2388.0,72.36,1226.0,130.0,2.0
31-10-2007,50.2,3300.0,46.02,2412.0,73.09,358.0,80.0,0.0
01-11-2007,50.2,3300.0,46.04,2415.0,73.18,165.0,130.0,0.0
02-11-2007,50.2,3300.0,46.0,2407.0,72.94,69.0,130.0,0.0
03-11-2007,50.2,3300.0,46.07,2421.0,73.36,290.0,130.0,11.0
04-11-2007,50.2,3300.0,46.02,2412.0,73.09,35.0,130.0,6.0
05-11-2007,50.2,3300.0,46.4,2485.0,75.3,975.0,130.0,20.0
06-11-2007,50.2,3300.0,46.48,2501.0,75.79,275.0,90.0,0.0
07-11-2007,50.2,3300.0,46.51,2507.0,75.97,159.0,90.0,2.0
08-11-2007,50.2,3300.0,46.45,2495.0,75.61,0.0,130.0,0.0
09-11-2007,50.2,3300.0,46.46,2497.0,75.67,170.0,130.0,0.0
10-11-2007,50.2,3300.0,46.51,2507.0,75.97,225.0,130.0,0.0
11-11-2007,50.2,3300.0,46.55,2515.0,76.21,225.0,130.0,0.0
12-11-2007,50.2,3300.0,46.56,2517.0,76.27,153.0,130.0,0.0
13-11-2007,50.2,3300.0,46.53,2511.0,76.09,60.0,130.0,0.0
14-11-2007,50.2,3300.0,46.49,2503.0,75.85,35.0,130.0,0.0
15-11-2007,50.2,3300.0,46.45,2495.0,75.61,25.0,130.0,0.0
16-11-2007,50.2,3300.0,46.39,2483.0,75.24,0.0,130.0,0.0
17-11-2007,50.2,3300.0,46.32,2469.0,74.82,0.0,130.0,0.0
18-11-2007,50.2,3300.0,46.26,2457.0,74.45,0.0,130.0,0.0
19-11-2007,50.2,3300.0,46.19,2444.0,74.06,0.0,130.0,5.0
20-11-2007,50.2,3300.0,46.3,2465.0,74.7,373.0,130.0,23.0
21-11-2007,50.2,3300.0,46.53,2511.0,76.09,662.0,130.0,20.0
22-11-2007,50.2,3300.0,46.59,2522.0,76.42,257.0,130.0,0.0
23-11-2007,50.2,3300.0,46.6,2524.0,76.48,153.0,130.0,0.0
24-11-2007,50.2,3300.0,46.56,2517.0,76.27,50.0,130.0,0.0
25-11-2007,50.2,3300.0,46.51,2507.0,75.97,30.0,130.0,0.0
26-11-2007,50.2,3300.0,46.45,2495.0,75.61,15.0,130.0,0.0
27-11-2007,50.2,3300.0,46.39,2483.0,75.24,15.0,130.0,0.0
28-11-2007,50.2,3300.0,46.33,2471.0,74.88,15.0,130.0,0.0
29-11-2007,50.2,3300.0,46.28,2461.0,74.58,15.0,130.0,0.0
30-11-2007,50.2,3300.0,46.23,2451.0,74.27,50.0,130.0,0.0
01-12-2007,50.2,3300.0,46.17,2440.0,73.94,15.0,130.0,0.0
02-12-2007,50.2,3300.0,46.12,2430.0,73.64,15.0,130.0,0.0
03-12-2007,50.2,3300.0,46.08,2422.0,73.39,58.0,130.0,8.0
04-12-2007,50.2,3300.0,46.12,2430.0,73.64,223.0,130.0,8.0
05-12-2007,50.2,3300.0,46.08,2422.0,73.39,58.0,130.0,0.0
06-12-2007,50.2,3300.0,46.1,2426.0,73.52,176.0,130.0,11.0
07-12-2007,50.2,3300.0,46.12,2430.0,73.64,176.0,130.0,4.0
08-12-2007,50.2,3300.0,46.14,2434.0,73.76,176.0,130.0,6.0
09-12-2007,50.2,3300.0,46.12,2430.0,73.64,85.0,130.0,0.0
10-12-2007,50.2,3300.0,46.08,2422.0,73.39,85.0,130.0,0.0
11-12-2007,50.2,3300.0,46.02,2412.0,73.09,23.0,130.0,0.0
12-12-2007,50.2,3300.0,45.97,2401.0,72.76,23.0,130.0,0.0
13-12-2007,50.2,3300.0,45.92,2392.0,72.48,23.0,130.0,0.0
14-12-2007,50.2,3300.0,45.87,2382.0,72.18,15.0,130.0,0.0
15-12-2007,50.2,3300.0,45.81,2371.0,71.85,15.0,130.0,0.0
16-12-2007,50.2,3300.0,45.75,2359.0,71.48,15.0,130.0,0.0
17-12-2007,50.2,3300.0,45.69,2348.0,71.15,15.0,130.0,0.0
18-12-2007,50.2,3300.0,45.71,2351.0,71.24,165.0,130.0,28.0
19-12-2007,50.2,3300.0,46.33,2475.0,75.0,1565.0,130.0,108.0
20-12-2007,50.2,3300.0,47.86,2782.0,84.3,3653.0,100.0,144.0
21-12-2007,50.2,3300.0,48.54,2920.0,88.48,1677.0,80.0,0.0
22-12-2007,50.2,3300.0,48.77,2966.0,89.88,662.0,130.0,0.0
23-12-2007,50.2,3300.0,49.3,3072.0,93.09,824.0,130.0,0.0
24-12-2007,50.2,3300.0,49.3,3072.0,93.09,824.0,130.0,0.0
25-12-2007,50.2,3300.0,49.56,3128.0,94.79,778.0,130.0,0.0
26-12-2007,50.2,3300.0,49.7,3166.0,95.94,570.0,130.0,0.0
27-12-2007,50.2,3300.0,49.8,3192.0,96.73,430.0,130.0,0.0
28-12-2007,50.2,3300.0,49.85,3206.0,97.15,292.0,130.0,0.0
29-12-2007,50.2,3300.0,49.9,3219.0,97.55,280.0,130.0,0.0
30-12-2007,50.2,3300.0,49.87,3211.0,97.3,38.0,130.0,0.0
31-12-2007,50.2,3300.0,49.83,3200.0,96.97,15.0,130.0,0.0
01-01-2008,50.2,3300.0,49.78,3187.0,96.58,0.0,130.0,0.0
02-01-2008,50.2,3300.0,49.73,3174.0,96.18,0.0,130.0,0.0
03-01-2008,50.2,3300.0,49.68,3160.0,95.76,0.0,130.0,0.0
04-01-2008,50.2,3300.0,49.76,3182.0,96.42,385.0,130.0,43.0
05-01-2008,50.2,3300.0,50.14,3284.0,99.52,1310.0,130.0,32.0
06-01-2008,50.2,3300.0,50.2,3300.0,100.0,315.0,130.0,0.0
07-01-2008,50.2,3300.0,50.2,3300.0,100.0,130.0,130.0,0.0
08-01-2008,50.2,3300.0,50.2,3300.0,100.0,130.0,130.0,0.0
09-01-2008,50.2,3300.0,50.16,3289.0,99.67,25.0,130.0,0.0
10-01-2008,50.2,3300.0,50.13,3281.0,99.42,25.0,130.0,0.0
11-01-2008,50.2,3300.0,50.1,3273.0,99.18,25.0,130.0,0.0
12-01-2008,50.2,3300.0,50.07,3265.0,98.94,25.0,130.0,0.0
13-01-2008,50.2,3300.0,50.03,3254.0,98.61,25.0,130.0,0.0
14-01-2008,50.2,3300.0,50.0,3246.0,98.36,25.0,130.0,0.0
15-01-2008,50.2,3300.0,49.97,3233.0,97.97,25.0,130.0,0.0
16-01-2008,50.2,3300.0,49.93,3227.0,97.79,0.0,130.0,0.0
17-01-2008,50.2,3300.0,49.88,3214.0,97.39,0.0,130.0,0.0
18-01-2008,50.2,3300.0,49.84,3203.0,97.06,0.0,130.0,0.0
19-01-2008,50.2,3300.0,49.79,3190.0,96.67,0.0,130.0,0.0
20-01-2008,50.2,3300.0,49.74,3176.0,96.24,0.0,130.0,0.0
21-01-2008,50.2,3300.0,49.69,3163.0,95.85,0.0,130.0,0.0
22-01-2008,50.2,3300.0,49.64,3150.0,95.45,0.0,130.0,0.0
23-01-2008,50.2,3300.0,49.59,3136.0,95.03,0.0,130.0,0.0
24-01-2008,50.2,3300.0,49.54,3123.0,94.64,0.0,130.0,0.0
25-01-2008,50.2,3300.0,49.49,3110.0,94.24,0.0,130.0,0.0
26-01-2008,50.2,3300.0,49.42,3096.0,93.82,0.0,130.0,0.0
27-01-2008,50.2,3300.0,49.35,3082.0,93.39,0.0,130.0,0.0
28-01-2008,50.2,3300.0,49.29,3070.0,93.03,0.0,130.0,0.0
29-01-2008,50.2,3300.0,49.23,3058.0,92.67,0.0,130.0,0.0
30-01-2008,50.2,3300.0,49.17,3046.0,92.3,0.0,130.0,0.0
31-01-2008,50.2,3300.0,49.11,3034.0,91.94,0.0,130.0,0.0
01-02-2008,50.2,3300.0,49.05,3022.0,91.58,0.0,130.0,0.0
02-02-2008,50.2,3300.0,48.99,3010.0,91.21,0.0,130.0,0.0
03-02-2008,50.2,3300.0,48.93,2998.0,90.85,0.0,130.0,0.0
04-02-2008,50.2,3300.0,48.87,2986.0,90.48,0.0,130.0,0.0
05-02-2008,50.2,3300.0,48.81,2974.0,90.12,0.0,130.0,0.0
06-02-2008,50.2,3300.0,48.75,2962.0,89.76,0.0,130.0,0.0
07-02-2008,50.2,3300.0,48.69,2950.0,89.39,0.0,130.0,0.0
08-02-2008,50.2,3300.0,48.63,2938.0,89.03,0.0,130.0,0.0
09-02-2008,50.2,3300.0,48.57,2926.0,88.67,0.0,130.0,0.0
10-02-2008,50.2,3300.0,48.51,2914.0,88.3,0.0,130.0,0.0
11-02-2008,50.2,3300.0,48.45,2902.0,87.94,0.0,130.0,2.0
12-02-2008,50.2,3300.0,48.39,2890.0,87.58,0.0,130.0,2.0
13-02-2008,50.2,3300.0,48.33,2878.0,87.21,0.0,130.0,0.0
14-02-2008,50.2,3300.0,48.27,2866.0,86.85,0.0,130.0,0.0
15-02-2008,50.2,3300.0,48.21,2854.0,86.48,0.0,130.0,6.0
16-02-2008,50.2,3300.0,48.21,2854.0,86.48,0.0,130.0,3.0
17-02-2008,50.2,3300.0,48.05,2831.0,85.79,0.0,130.0,0.0
18-02-2008,50.2,3300.0,48.03,2819.0,85.42,0.0,130.0,0.0
19-02-2008,50.2,3300.0,47.97,2807.0,85.06,0.0,130.0,0.0
20-02-2008,50.2,3300.0,47.92,2794.0,84.67,0.0,130.0,0.0
21-02-2008,50.2,3300.0,47.85,2780.0,84.24,0.0,130.0,0.0
22-02-2008,50.2,3300.0,47.78,2767.0,83.85,0.0,130.0,0.0
23-02-2008,50.2,3300.0,47.72,2755.0,83.48,0.0,130.0,0.0
24-02-2008,50.2,3300.0,47.66,2743.0,83.12,0.0,130.0,0.0
25-02-2008,50.2,3300.0,47.6,2730.0,82.73,0.0,130.0,0.0
26-02-2008,50.2,3300.0,47.54,2718.0,82.36,0.0,130.0,0.0
27-02-2008,50.2,3300.0,47.48,2705.0,81.97,0.0,130.0,0.0
28-02-2008,50.2,3300.0,47.55,2720.0,82.42,325.0,130.0,0.0
29-02-2008,50.2,3300.0,47.58,2726.0,82.61,210.0,130.0,0.0
01-03-2008,50.2,3300.0,47.61,2732.0,82.79,210.0,130.0,0.0
02-03-2008,50.2,3300.0,47.64,2738.0,82.97,210.0,130.0,0.0
03-03-2008,50.2,3300.0,47.66,2743.0,83.12,210.0,130.0,0.0
04-03-2008,50.2,3300.0,47.69,2749.0,83.3,210.0,130.0,0.0
05-03-2008,50.2,3300.0,47.72,2755.0,83.48,210.0,130.0,0.0
06-03-2008,50.2,3300.0,47.75,2761.0,83.67,210.0,130.0,0.0
07-03-2008,50.2,3300.0,47.78,2767.0,83.85,210.0,130.0,0.0
08-03-2008,50.2,3300.0,47.81,2773.0,84.03,210.0,130.0,0.0
09-03-2008,50.2,3300.0,47.84,2779.0,84.21,210.0,130.0,0.0
10-03-2008,50.2,3300.0,47.87,2784.0,84.36,210.0,130.0,0.0
11-03-2008,50.2,3300.0,47.9,2790.0,84.55,210.0,130.0,0.0
12-03-2008,50.2,3300.0,47.93,2796.0,84.73,210.0,130.0,34.0
13-03-2008,50.2,3300.0,47.95,2803.0,84.94,210.0,130.0,1.0
14-03-2008,50.2,3300.0,48.03,2819.0,85.42,326.0,130.0,73.0
15-03-2008,50.2,3300.0,48.13,2839.0,86.03,372.0,130.0,18.0
16-03-2008,50.2,3300.0,48.19,2851.0,86.39,349.0,130.0,0.0
17-03-2008,50.2,3300.0,48.28,2868.0,86.91,337.0,130.0,0.0
18-03-2008,50.2,3300.0,48.36,2884.0,87.39,326.0,130.0,0.0
19-03-2008,50.2,3300.0,48.43,2898.0,87.82,303.0,130.0,0.0
20-03-2008,50.2,3300.0,48.5,2912.0,88.24,303.0,130.0,0.0
21-03-2008,50.2,3300.0,48.59,2930.0,88.79,349.0,130.0,7.0
22-03-2008,50.2,3300.0,48.95,3002.0,90.97,963.0,130.0,54.0
23-03-2008,50.2,3300.0,48.99,3010.0,91.21,223.0,130.0,0.0
24-03-2008,50.2,3300.0,48.95,3002.0,90.97,57.0,130.0,0.0
25-03-2008,50.2,3300.0,48.9,2992.0,90.67,35.0,130.0,0.0
26-03-2008,50.2,3300.0,48.85,2982.0,90.36,35.0,130.0,0.0
27-03-2008,50.2,3300.0,48.79,2970.0,90.0,0.0,130.0,0.0
28-03-2008,50.2,3300.0,48.73,2958.0,89.64,0.0,130.0,0.0
29-03-2008,50.2,3300.0,48.67,2946.0,89.27,0.0,130.0,0.0
30-03-2008,50.2,3300.0,48.61,2934.0,88.91,0.0,130.0,0.0
31-03-2008,50.2,3300.0,48.55,2922.0,88.55,0.0,130.0,0.0
01-04-2008,50.2,3300.0,48.49,2910.0,88.18,0.0,130.0,0.0
02-04-2008,50.2,3300.0,48.43,2898.0,87.82,0.0,130.0,0.0
03-04-2008,50.2,3300.0,48.37,2886.0,87.45,0.0,130.0,0.0
04-04-2008,50.2,3300.0,48.31,2874.0,87.09,0.0,130.0,0.0
05-04-2008,50.2,3300.0,48.25,2862.0,86.73,0.0,130.0,0.0
06-04-2008,50.2,3300.0,48.19,2850.0,86.36,0.0,130.0,0.0
07-04-2008,50.2,3300.0,48.13,2839.0,86.03,0.0,130.0,0.0
08-04-2008,50.2,3300.0,48.07,2827.0,85.67,0.0,130.0,0.0
09-04-2008,50.2,3300.0,48.01,2815.0,85.3,0.0,130.0,0.0
10-04-2008,50.2,3300.0,47.95,2803.0,84.94,0.0,130.0,0.0
11-04-2008,50.2,3300.0,47.89,2788.0,84.48,0.0,130.0,0.0
12-04-2008,50.2,3300.0,47.82,2774.0,84.06,0.0,130.0,0.0
13-04-2008,50.2,3300.0,47.74,2759.0,83.61,0.0,130.0,0.0
14-04-2008,50.2,3300.0,47.67,2745.0,83.18,0.0,130.0,0.0
15-04-2008,50.2,3300.0,47.6,2730.0,82.73,0.0,130.0,0.0
16-04-2008,50.2,3300.0,47.53,2715.0,82.27,0.0,130.0,0.0
17-04-2008,50.2,3300.0,47.46,2701.0,81.85,0.0,130.0,0.0
18-04-2008,50.2,3300.0,47.39,2686.0,81.39,0.0,130.0,0.0
19-04-2008,50.2,3300.0,47.32,2671.0,80.94,0.0,130.0,0.0
20-04-2008,50.2,3300.0,47.25,2657.0,80.52,0.0,130.0,0.0
21-04-2008,50.2,3300.0,47.18,2642.0,80.06,0.0,130.0,0.0
22-04-2008,50.2,3300.0,47.11,2628.0,79.64,0.0,130.0,0.0
23-04-2008,50.2,3300.0,47.04,2613.0,79.18,0.0,130.0,0.0
24-04-2008,50.2,3300.0,46.97,2599.0,78.76,0.0,130.0,0.0
25-04-2008,50.2,3300.0,46.9,2584.0,78.3,0.0,130.0,0.0
26-04-2008,50.2,3300.0,46.82,2569.0,77.85,0.0,130.0,0.0
27-04-2008,50.2,3300.0,46.75,2554.0,77.39,0.0,130.0,0.0
28-04-2008,50.2,3300.0,46.67,2538.0,76.91,0.0,130.0,0.0
29-04-2008,50.2,3300.0,46.58,2520.0,76.36,0.0,130.0,0.0
30-04-2008,50.2,3300.0,46.5,2505.0,75.91,0.0,130.0,0.0
01-05-2008,50.2,3300.0,46.42,2489.0,75.42,0.0,130.0,0.0
02-05-2008,50.2,3300.0,46.48,2501.0,75.79,312.0,130.0,3.0
03-05-2008,50.2,3300.0,46.55,2515.0,76.21,335.0,130.0,0.0
04-05-2008,50.2,3300.0,46.62,2528.0,76.61,335.0,130.0,0.0
05-05-2008,50.2,3300.0,46.69,2542.0,77.03,335.0,130.0,0.0
06-05-2008,50.2,3300.0,46.78,2557.0,77.48,335.0,130.0,0.0
07-05-2008,50.2,3300.0,46.83,2571.0,77.91,335.0,130.0,0.0
08-05-2008,50.2,3300.0,46.91,2587.0,78.39,335.0,130.0,0.0
09-05-2008,50.2,3300.0,46.98,2601.0,78.82,335.0,130.0,0.0
10-05-2008,50.2,3300.0,47.05,2616.0,79.27,335.0,130.0,0.0
11-05-2008,50.2,3300.0,47.12,2630.0,79.7,335.0,130.0,0.0
12-05-2008,50.2,3300.0,47.19,2644.0,80.12,335.0,130.0,0.0
13-05-2008,50.2,3300.0,47.25,2657.0,80.52,335.0,130.0,0.0
14-05-2008,50.2,3300.0,47.3,2667.0,80.82,335.0,130.0,0.0
15-05-2008,50.2,3300.0,47.36,2680.0,81.21,335.0,130.0,0.0
16-05-2008,50.2,3300.0,47.41,2690.0,81.52,335.0,130.0,0.0
17-05-2008,50.2,3300.0,47.46,2701.0,81.85,335.0,130.0,0.0
18-05-2008,50.2,3300.0,47.51,2711.0,82.15,335.0,130.0,0.0
19-05-2008,50.2,3300.0,47.56,2722.0,82.48,335.0,130.0,0.0
20-05-2008,50.2,3300.0,47.61,2732.0,82.79,335.0,130.0,0.0
21-05-2008,50.2,3300.0,47.66,2743.0,83.12,335.0,130.0,0.0
22-05-2008,50.2,3300.0,47.72,2755.0,83.48,335.0,130.0,0.0
23-05-2008,50.2,3300.0,47.77,2765.0,83.79,335.0,130.0,0.0
24-05-2008,50.2,3300.0,47.82,2775.0,84.09,335.0,130.0,0.0
25-05-2008,50.2,3300.0,47.88,2786.0,84.42,335.0,130.0,0.0
26-05-2008,50.2,3300.0,47.92,2794.0,84.67,335.0,130.0,0.0
27-05-2008,50.2,3300.0,47.96,2805.0,85.0,335.0,130.0,0.0
28-05-2008,50.2,3300.0,48.01,2815.0,85.3,335.0,130.0,0.0
29-05-2008,50.2,3300.0,48.06,2825.0,85.61,335.0,130.0,0.0
30-05-2008,50.2,3300.0,48.11,2835.0,85.91,335.0,130.0,0.0
31-05-2008,50.2,3300.0,48.16,2845.0,86.21,335.0,130.0,0.0
01-06-2008,50.2,3300.0,48.21,2854.0,86.48,335.0,130.0,29.0
02-06-2008,50.2,3300.0,48.13,2839.0,86.03,0.0,130.0,0.0
03-06-2008,50.2,3300.0,48.05,2823.0,85.55,0.0,130.0,0.0
04-06-2008,50.2,3300.0,47.98,2808.0,85.09,0.0,130.0,0.0
05-06-2008,50.2,3300.0,47.92,2794.0,84.67,0.0,130.0,2.0
06-06-2008,50.2,3300.0,47.84,2778.0,84.18,0.0,130.0,2.0
07-06-2008,50.2,3300.0,47.75,2761.0,83.67,0.0,130.0,0.0
08-06-2008,50.2,3300.0,47.67,2745.0,83.18,0.0,130.0,0.0
09-06-2008,50.2,3300.0,47.59,2728.0,82.67,0.0,130.0,2.0
10-06-2008,50.2,3300.0,47.51,2711.0,82.15,0.0,130.0,0.0
11-06-2008,50.2,3300.0,47.42,2692.0,81.58,0.0,130.0,0.0
12-06-2008,50.2,3300.0,47.33,2674.0,81.03,0.0,130.0,0.0
13-06-2008,50.2,3300.0,47.25,2657.0,80.52,0.0,130.0,0.0
14-06-2008,50.2,3300.0,47.19,2644.0,80.12,0.0,130.0,0.0
15-06-2008,50.2,3300.0,47.1,2626.0,79.58,0.0,130.0,0.0
16-06-2008,50.2,3300.0,47.02,2609.0,79.06,0.0,130.0,0.0
17-06-2008,50.2,3300.0,46.93,2591.0,78.52,0.0,130.0,0.0
18-06-2008,50.2,3300.0,46.84,2573.0,77.97,0.0,130.0,0.0
19-06-2008,50.2,3300.0,46.75,2555.0,77.42,0.0,130.0,0.0
20-06-2008,50.2,3300.0,46.66,2536.0,76.85,0.0,130.0,0.0
21-06-2008,50.2,3300.0,46.56,2517.0,76.27,0.0,130.0,0.0
22-06-2008,50.2,3300.0,46.81,2567.0,77.79,709.0,130.0,93.0
23-06-2008,50.2,3300.0,46.74,2552.0,77.33,0.0,130.0,0.0
24-06-2008,50.2,3300.0,46.64,2532.0,76.73,0.0,130.0,0.0
25-06-2008,50.2,3300.0,46.55,2515.0,76.21,0.0,130.0,0.0
26-06-2008,50.2,3300.0,46.46,2497.0,75.67,0.0,130.0,4.0
27-06-2008,50.2,3300.0,46.38,2481.0,75.18,0.0,130.0,2.0
28-06-2008,50.2,3300.0,46.3,2465.0,74.7,0.0,130.0,15.0
29-06-2008,50.2,3300.0,46.22,2450.0,74.24,0.0,130.0,9.0
30-06-2008,50.2,3300.0,46.15,2436.0,73.82,0.0,130.0,0.0
01-07-2008,50.2,3300.0,46.07,2421.0,73.36,0.0,130.0,0.0
02-07-2008,50.2,3300.0,46.0,2407.0,72.94,0.0,130.0,0.0
03-07-2008,50.2,3300.0,45.92,2392.0,72.48,0.0,130.0,0.0
04-07-2008,50.2,3300.0,45.84,2377.0,72.03,0.0,130.0,6.0
05-07-2008,50.2,3300.0,45.76,2361.0,71.55,0.0,130.0,0.0
06-07-2008,50.2,3300.0,45.68,2346.0,71.09,0.0,130.0,0.0
07-07-2008,50.2,3300.0,45.6,2331.0,70.64,0.0,130.0,0.0
08-07-2008,50.2,3300.0,45.51,2315.0,70.15,0.0,130.0,0.0
09-07-2008,50.2,3300.0,45.43,2300.0,69.7,0.0,130.0,0.0
10-07-2008,50.2,3300.0,45.36,2287.0,69.3,0.0,130.0,34.0
11-07-2008,50.2,3300.0,45.28,2272.0,68.85,0.0,130.0,0.0
12-07-2008,50.2,3300.0,45.2,2257.0,68.39,0.0,130.0,0.0
13-07-2008,50.2,3300.0,45.11,2241.0,67.91,0.0,130.0,0.0
14-07-2008,50.2,3300.0,45.02,2225.0,67.42,0.0,130.0,0.0
15-07-2008,50.2,3300.0,44.93,2209.0,66.94,0.0,130.0,0.0
16-07-2008,50.2,3300.0,44.84,2193.0,66.45,0.0,130.0,0.0
17-07-2008,50.2,3300.0,44.76,2178.0,66.0,0.0,130.0,0.0
18-07-2008,50.2,3300.0,44.73,2173.0,65.85,150.0,130.0,0.0
19-07-2008,50.2,3300.0,44.72,2171.0,65.79,150.0,130.0,12.0
20-07-2008,50.2,3300.0,44.71,2169.0,65.73,150.0,130.0,0.0
21-07-2008,50.2,3300.0,44.69,2166.0,65.64,150.0,130.0,0.0
22-07-2008,50.2,3300.0,44.68,2164.0,65.58,150.0,130.0,0.0
23-07-2008,50.2,3300.0,44.67,2162.0,65.52,150.0,130.0,0.0
24-07-2008,50.2,3300.0,44.66,2160.0,65.45,150.0,130.0,0.0
25-07-2008,50.2,3300.0,44.64,2157.0,65.36,150.0,130.0,6.0
26-07-2008,50.2,3300.0,44.63,2155.0,65.3,150.0,130.0,0.0
27-07-2008,50.2,3300.0,44.62,2153.0,65.24,150.0,130.0,10.0
28-07-2008,50.2,3300.0,44.6,2150.0,65.15,150.0,130.0,8.0
29-07-2008,50.2,3300.0,44.6,2150.0,65.15,175.0,130.0,13.0
30-07-2008,50.2,3300.0,44.59,2148.0,65.09,150.0,130.0,0.0
31-07-2008,50.2,3300.0,44.58,2146.0,65.03,150.0,130.0,0.0
01-08-2008,50.2,3300.0,44.56,2143.0,64.94,150.0,130.0,0.0
02-08-2008,50.2,3300.0,44.55,2141.0,64.88,150.0,130.0,0.0
03-08-2008,50.2,3300.0,44.54,2139.0,64.82,150.0,130.0,0.0
04-08-2008,50.2,3300.0,44.53,2138.0,64.79,150.0,130.0,0.0
05-08-2008,50.2,3300.0,44.52,2136.0,64.73,150.0,130.0,0.0
06-08-2008,50.2,3300.0,44.51,2134.0,64.67,150.0,130.0,2.0
07-08-2008,50.2,3300.0,44.5,2132.0,64.61,150.0,130.0,0.0
08-08-2008,50.2,3300.0,44.48,2129.0,64.52,150.0,130.0,0.0
09-08-2008,50.2,3300.0,44.47,2127.0,64.45,150.0,130.0,3.0
10-08-2008,50.2,3300.0,44.39,2113.0,64.03,0.0,130.0,0.0
11-08-2008,50.2,3300.0,44.3,2097.0,63.55,0.0,130.0,5.0
12-08-2008,50.2,3300.0,44.21,2082.0,63.09,0.0,130.0,0.0
13-08-2008,50.2,3300.0,44.12,2066.0,62.61,0.0,130.0,0.0
14-08-2008,50.2,3300.0,44.03,2051.0,62.15,0.0,130.0,0.0
15-08-2008,50.2,3300.0,43.94,2035.0,61.67,0.0,130.0,0.0
16-08-2008,50.2,3300.0,43.85,2020.0,61.21,0.0,130.0,0.0
17-08-2008,50.2,3300.0,43.77,2006.0,60.79,0.0,130.0,0.0
18-08-2008,50.2,3300.0,43.69,1992.0,60.36,0.0,130.0,14.0
19-08-2008,50.2,3300.0,43.6,1977.0,59.91,0.0,130.0,0.0
20-08-2008,50.2,3300.0,43.79,2009.0,60.88,500.0,130.0,93.0
21-08-2008,50.2,3300.0,43.79,2009.0,60.88,130.0,130.0,12.0
22-08-2008,50.2,3300.0,43.79,2009.0,60.88,130.0,130.0,24.0
23-08-2008,50.2,3300.0,43.71,1996.0,60.48,0.0,130.0,0.0
24-08-2008,50.2,3300.0,43.62,1980.0,60.0,0.0,130.0,11.0
25-08-2008,50.2,3300.0,43.53,1965.0,59.55,0.0,130.0,0.0
26-08-2008,50.2,3300.0,43.44,1950.0,59.09,0.0,130.0,0.0
27-08-2008,50.2,3300.0,43.35,1935.0,58.64,0.0,130.0,0.0
28-08-2008,50.2,3300.0,43.26,1920.0,58.18,0.0,130.0,0.0
29-08-2008,50.2,3300.0,43.17,1904.0,57.7,0.0,130.0,0.0
30-08-2008,50.2,3300.0,43.08,1889.0,57.24,0.0,130.0,0.0
31-08-2008,50.2,3300.0,42.99,1875.0,56.82,0.0,130.0,0.0
01-09-2008,50.2,3300.0,42.98,1873.0,56.76,150.0,130.0,0.0
02-09-2008,50.2,3300.0,42.97,1871.0,56.7,150.0,130.0,12.0
03-09-2008,50.2,3300.0,42.94,1866.0,56.55,127.0,130.0,0.0
04-09-2008,50.2,3300.0,42.92,1863.0,56.45,150.0,130.0,0.0
05-09-2008,50.2,3300.0,42.9,1860.0,56.36,150.0,130.0,0.0
06-09-2008,50.2,3300.0,42.89,1858.0,56.3,150.0,130.0,0.0
07-09-2008,50.2,3300.0,42.84,1850.0,56.06,93.0,130.0,12.0
08-09-2008,50.2,3300.0,42.79,1841.0,55.79,93.0,130.0,8.0
09-09-2008,50.2,3300.0,42.74,1833.0,55.55,81.0,130.0,0.0
10-09-2008,50.2,3300.0,42.69,1825.0,55.3,81.0,130.0,2.0
11-09-2008,50.2,3300.0,42.65,1818.0,55.09,81.0,130.0,2.0
12-09-2008,50.2,3300.0,42.58,1807.0,54.76,46.0,130.0,0.0
13-09-2008,50.2,3300.0,42.5,1794.0,54.36,23.0,130.0,0.0
14-09-2008,50.2,3300.0,42.41,1779.0,53.91,12.0,130.0,0.0
15-09-2008,50.2,3300.0,42.32,1764.0,53.45,12.0,130.0,16.0
16-09-2008,50.2,3300.0,42.23,1749.0,53.0,12.0,130.0,0.0
17-09-2008,50.2,3300.0,42.13,1733.0,52.52,0.0,130.0,0.0
18-09-2008,50.2,3300.0,42.03,1717.0,52.03,0.0,130.0,0.0
19-09-2008,50.2,3300.0,41.93,1701.0,51.55,0.0,130.0,0.0
20-09-2008,50.2,3300.0,41.83,1685.0,51.06,0.0,130.0,0.0
21-09-2008,50.2,3300.0,41.73,1669.0,50.58,0.0,130.0,0.0
22-09-2008,50.2,3300.0,41.63,1653.0,50.09,0.0,130.0,0.0
23-09-2008,50.2,3300.0,41.53,1638.0,49.64,0.0,130.0,0.0
24-09-2008,50.2,3300.0,41.43,1622.0,49.15,0.0,130.0,0.0
25-09-2008,50.2,3300.0,41.43,1622.0,49.15,130.0,130.0,89.0
26-09-2008,50.2,3300.0,41.34,1607.0,48.7,0.0,130.0,0.0
27-09-2008,50.2,3300.0,41.25,1591.0,48.21,0.0,130.0,0.0
28-09-2008,50.2,3300.0,41.13,1575.0,47.73,0.0,130.0,0.0
29-09-2008,50.2,3300.0,41.03,1560.0,47.27,0.0,130.0,0.0
30-09-2008,50.2,3300.0,40.93,1544.0,46.79,0.0,130.0,8.0
01-10-2008,50.2,3300.0,40.83,1529.0,46.33,0.0,130.0,0.0
02-10-2008,50.2,3300.0,40.73,1514.0,45.88,0.0,130.0,0.0
03-10-2008,50.2,3300.0,40.64,1500.0,45.45,0.0,130.0,0.0
04-10-2008,50.2,3300.0,40.54,1485.0,45.0,0.0,130.0,12.0
05-10-2008,50.2,3300.0,40.44,1470.0,44.55,0.0,130.0,0.0
06-10-2008,50.2,3300.0,40.34,1455.0,44.09,0.0,130.0,0.0
07-10-2008,50.2,3300.0,40.24,1440.0,43.64,0.0,130.0,0.0
08-10-2008,50.2,3300.0,40.14,1425.0,43.18,0.0,130.0,0.0
09-10-2008,50.2,3300.0,40.04,1410.0,42.73,0.0,130.0,0.0
10-10-2008,50.2,3300.0,39.93,1394.0,42.24,0.0,130.0,0.0
11-10-2008,50.2,3300.0,39.82,1378.0,41.76,0.0,130.0,0.0
12-10-2008,50.2,3300.0,39.72,1364.0,41.33,0.0,130.0,19.0
13-10-2008,50.2,3300.0,39.9,1390.0,42.12,431.0,130.0,45.0
14-10-2008,50.2,3300.0,39.83,1380.0,41.82,46.0,130.0,13.0
15-10-2008,50.2,3300.0,39.73,1365.0,41.36,0.0,130.0,2.0
16-10-2008,50.2,3300.0,39.63,1351.0,40.94,0.0,130.0,5.0
17-10-2008,50.2,3300.0,39.63,1351.0,40.94,130.0,130.0,12.0
18-10-2008,50.2,3300.0,39.54,1338.0,40.55,23.0,130.0,8.0
19-10-2008,50.2,3300.0,39.49,1331.0,40.33,93.0,130.0,14.0
20-10-2008,50.2,3300.0,39.62,1349.0,40.88,338.0,130.0,26.0
21-10-2008,50.2,3300.0,40.11,1421.0,43.06,963.0,130.0,93.0
22-10-2008,50.2,3300.0,40.44,1470.0,44.55,697.0,130.0,15.0
23-10-2008,50.2,3300.0,40.9,1540.0,46.67,940.0,130.0,38.0
24-10-2008,50.2,3300.0,41.07,1566.0,47.45,430.0,130.0,0.0
25-10-2008,50.2,3300.0,41.53,1638.0,49.64,963.0,130.0,55.0
26-10-2008,50.2,3300.0,41.68,1661.0,50.33,400.0,130.0,0.0
27-10-2008,50.2,3300.0,41.73,1661.0,50.33,240.0,130.0,0.0
28-10-2008,50.2,3300.0,41.78,1677.0,50.82,240.0,130.0,0.0
29-10-2008,50.2,3300.0,41.83,1685.0,51.06,240.0,130.0,0.0
30-10-2008,50.2,3300.0,41.83,1685.0,51.06,250.0,130.0,0.0
31-10-2008,50.2,3300.0,41.83,1685.0,51.06,250.0,130.0,0.0
01-11-2008,50.2,3300.0,41.83,1685.0,51.06,250.0,130.0,0.0
02-11-2008,50.2,3300.0,41.83,1685.0,51.06,250.0,130.0,0.0
03-11-2008,50.2,3300.0,41.83,1685.0,51.06,250.0,130.0,0.0
04-11-2008,50.2,3300.0,41.83,1685.0,51.06,200.0,130.0,0.0
05-11-2008,50.2,3300.0,41.83,1685.0,51.06,200.0,130.0,0.0
06-11-2008,50.2,3300.0,41.83,1685.0,51.06,200.0,130.0,0.0
07-11-2008,50.2,3300.0,41.83,1685.0,51.06,200.0,130.0,0.0
08-11-2008,50.2,3300.0,41.84,1687.0,51.12,200.0,130.0,0.0
09-11-2008,50.2,3300.0,41.85,1689.0,51.18,340.0,130.0,0.0
10-11-2008,50.2,3300.0,41.85,1689.0,51.18,340.0,130.0,0.0
11-11-2008,50.2,3300.0,41.85,1689.0,51.18,150.0,130.0,16.0
12-11-2008,50.2,3300.0,41.85,1689.0,51.18,150.0,130.0,0.0
13-11-2008,50.2,3300.0,41.85,1689.0,51.18,250.0,130.0,0.0
14-11-2008,50.2,3300.0,42.0,1713.0,51.91,407.0,130.0,0.0
15-11-2008,50.2,3300.0,42.14,1735.0,52.58,385.0,130.0,0.0
16-11-2008,50.2,3300.0,42.52,1797.0,54.45,848.0,130.0,35.0
17-11-2008,50.2,3300.0,42.67,1821.0,55.18,408.0,130.0,0.0
18-11-2008,50.2,3300.0,42.77,1838.0,55.7,327.0,130.0,0.0
19-11-2008,50.2,3300.0,42.84,1850.0,56.06,300.0,130.0,0.0
20-11-2008,50.2,3300.0,42.9,1860.0,56.36,300.0,130.0,0.0
21-11-2008,50.2,3300.0,42.97,1871.0,56.7,390.0,130.0,0.0
22-11-2008,50.2,3300.0,43.2,1909.0,57.85,570.0,130.0,36.0
23-11-2008,50.2,3300.0,43.39,1942.0,58.85,512.0,130.0,43.0
24-11-2008,50.2,3300.0,43.62,1980.0,60.0,570.0,130.0,31.0
25-11-2008,50.2,3300.0,43.74,2001.0,60.64,373.0,130.0,0.0
26-11-2008,50.2,3300.0,44.18,2076.0,62.91,998.0,130.0,64.0
27-11-2008,50.2,3300.0,45.2,2257.0,68.39,2225.0,130.0,109.0
28-11-2008,50.2,3300.0,46.78,2561.0,77.61,3648.0,130.0,148.0
29-11-2008,50.2,3300.0,48.45,2902.0,87.94,5077.0,1130.0,62.0
30-11-2008,50.2,3300.0,48.82,2976.0,90.18,1586.0,730.0,7.0
01-12-2008,50.2,3300.0,49.05,3022.0,91.58,852.0,330.0,2.0
02-12-2008,50.2,3300.0,49.11,3034.0,91.94,469.0,330.0,0.0
03-12-2008,50.2,3300.0,49.42,3096.0,93.82,588.0,130.0,0.0
04-12-2008,50.2,3300.0,49.39,3090.0,93.64,93.0,130.0,0.0
05-12-2008,50.2,3300.0,49.34,3080.0,93.33,46.0,130.0,0.0
06-12-2008,50.2,3300.0,49.29,3070.0,93.03,46.0,130.0,0.0
07-12-2008,50.2,3300.0,49.24,3060.0,92.73,46.0,130.0,0.0
08-12-2008,50.2,3300.0,49.17,3046.0,92.3,0.0,130.0,0.0
09-12-2008,50.2,3300.0,49.17,3046.0,92.3,130.0,130.0,4.0
10-12-2008,50.2,3300.0,49.26,3064.0,92.85,338.0,130.0,3.0
11-12-2008,50.2,3300.0,49.29,3070.0,93.03,200.0,130.0,0.0
12-12-2008,50.2,3300.0,49.24,3060.0,92.73,35.0,130.0,0.0
13-12-2008,50.2,3300.0,49.24,3060.0,92.73,130.0,130.0,0.0
14-12-2008,50.2,3300.0,49.24,3060.0,92.73,130.0,130.0,0.0
15-12-2008,50.2,3300.0,49.19,3050.0,92.42,35.0,130.0,0.0
16-12-2008,50.2,3300.0,49.14,3040.0,92.12,35.0,130.0,0.0
17-12-2008,50.2,3300.0,49.09,3030.0,91.82,35.0,130.0,0.0
18-12-2008,50.2,3300.0,49.04,3020.0,91.52,35.0,130.0,0.0
19-12-2008,50.2,3300.0,49.0,3012.0,91.27,35.0,130.0,0.0
20-12-2008,50.2,3300.0,48.96,3004.0,91.03,35.0,130.0,0.0
21-12-2008,50.2,3300.0,48.92,2996.0,90.79,35.0,130.0,0.0
22-12-2008,50.2,3300.0,48.88,2988.0,90.55,35.0,130.0,0.0
23-12-2008,50.2,3300.0,48.84,2980.0,90.3,35.0,130.0,0.0
24-12-2008,50.2,3300.0,48.8,2972.0,90.06,35.0,130.0,0.0
25-12-2008,50.2,3300.0,48.76,2964.0,89.82,35.0,130.0,0.0
26-12-2008,50.2,3300.0,48.7,2952.0,89.45,0.0,130.0,0.0
27-12-2008,50.2,3300.0,48.64,2940.0,89.09,0.0,130.0,0.0
28-12-2008,50.2,3300.0,48.58,2928.0,88.73,0.0,130.0,0.0
29-12-2008,50.2,3300.0,48.52,2916.0,88.36,0.0,130.0,0.0
30-12-2008,50.2,3300.0,48.47,2906.0,88.06,0.0,130.0,0.0
31-12-2008,50.2,3300.0,48.42,2896.0,87.76,0.0,130.0,0.0
01-01-2009,50.2,3300.0,48.37,2886.0,87.45,0.0,130.0,0.0
02-01-2009,50.2,3300.0,48.32,2876.0,87.15,0.0,130.0,0.0
03-01-2009,50.2,3300.0,48.27,2866.0,86.85,0.0,130.0,0.0
04-01-2009,50.2,3300.0,48.22,2856.0,86.55,0.0,130.0,0.0
05-01-2009,50.2,3300.0,48.17,2847.0,86.27,0.0,130.0,0.0
06-01-2009,50.2,3300.0,48.12,2837.0,85.97,0.0,130.0,0.0
07-01-2009,50.2,3300.0,48.07,2827.0,85.67,0.0,130.0,0.0
08-01-2009,50.2,3300.0,48.02,2817.0,85.36,0.0,130.0,15.0
09-01-2009,50.2,3300.0,47.97,2807.0,85.06,0.0,130.0,0.0
10-01-2009,50.2,3300.0,47.92,2794.0,84.67,0.0,130.0,0.0
11-01-2009,50.2,3300.0,47.85,2780.0,84.24,0.0,130.0,0.0
12-01-2009,50.2,3300.0,47.78,2767.0,83.85,0.0,130.0,0.0
13-01-2009,50.2,3300.0,47.71,2753.0,83.42,0.0,130.0,0.0
14-01-2009,50.2,3300.0,47.64,2739.0,83.0,0.0,130.0,0.0
15-01-2009,50.2,3300.0,47.57,2724.0,82.55,0.0,130.0,0.0
16-01-2009,50.2,3300.0,47.5,2709.0,82.09,0.0,130.0,0.0
17-01-2009,50.2,3300.0,47.43,2695.0,81.67,0.0,130.0,0.0
18-01-2009,50.2,3300.0,47.37,2682.0,81.27,0.0,130.0,0.0
19-01-2009,50.2,3300.0,47.31,2669.0,80.88,0.0,130.0,0.0
20-01-2009,50.2,3300.0,47.25,2657.0,80.52,0.0,130.0,0.0
21-01-2009,50.2,3300.0,47.19,2644.0,80.12,0.0,130.0,0.0
22-01-2009,50.2,3300.0,47.1,2626.0,79.58,0.0,180.0,0.0
23-01-2009,50.2,3300.0,47.03,2611.0,79.12,0.0,160.0,0.0
24-01-2009,50.2,3300.0,46.97,2599.0,78.76,0.0,130.0,0.0
25-01-2009,50.2,3300.0,46.91,2587.0,78.39,0.0,130.0,0.0
26-01-2009,50.2,3300.0,46.85,2575.0,78.03,0.0,130.0,0.0
27-01-2009,50.2,3300.0,46.79,2563.0,77.67,0.0,130.0,0.0
28-01-2009,50.2,3300.0,46.76,2557.0,77.48,0.0,130.0,0.0
29-01-2009,50.2,3300.0,46.73,2550.0,77.27,0.0,130.0,0.0
30-01-2009,50.2,3300.0,46.69,2542.0,77.03,0.0,130.0,0.0
31-01-2009,50.2,3300.0,46.65,2534.0,76.79,0.0,130.0,0.0
01-02-2009,50.2,3300.0,46.62,2528.0,76.61,0.0,130.0,0.0
02-02-2009,50.2,3300.0,46.58,2520.0,76.36,0.0,130.0,0.0
03-02-2009,50.2,3300.0,46.56,2517.0,76.27,120.0,130.0,0.0
04-02-2009,50.2,3300.0,46.63,2511.0,76.09,120.0,130.0,0.0
05-02-2009,50.2,3300.0,46.51,2507.0,75.97,120.0,130.0,0.0
06-02-2009,50.2,3300.0,46.48,2501.0,75.79,105.0,130.0,0.0
07-02-2009,50.2,3300.0,46.45,2495.0,75.61,105.0,130.0,0.0
08-02-2009,50.2,3300.0,46.43,2491.0,75.48,105.0,100.0,0.0
09-02-2009,50.2,3300.0,46.41,2487.0,75.36,105.0,100.0,0.0
10-02-2009,50.2,3300.0,46.38,2481.0,75.18,105.0,120.0,0.0
11-02-2009,50.2,3300.0,46.35,2475.0,75.0,105.0,120.0,0.0
12-02-2009,50.2,3300.0,46.32,2469.0,74.82,105.0,120.0,0.0
13-02-2009,50.2,3300.0,46.29,2463.0,74.64,105.0,120.0,0.0
14-02-2009,50.2,3300.0,46.25,2455.0,74.39,100.0,130.0,0.0
15-02-2009,50.2,3300.0,46.21,2448.0,74.18,100.0,130.0,0.0
16-02-2009,50.2,3300.0,46.17,2440.0,73.94,100.0,130.0,0.0
17-02-2009,50.2,3300.0,46.13,2432.0,73.7,100.0,130.0,0.0
18-02-2009,50.2,3300.0,46.09,2424.0,73.45,100.0,130.0,0.0
19-02-2009,50.2,3300.0,46.05,2417.0,73.24,100.0,130.0,0.0
20-02-2009,50.2,3300.0,46.01,2409.0,73.0,100.0,130.0,0.0
21-02-2009,50.2,3300.0,45.97,2401.0,72.76,100.0,130.0,0.0
22-02-2009,50.2,3300.0,45.92,2392.0,72.48,100.0,130.0,0.0
23-02-2009,50.2,3300.0,45.88,2384.0,72.24,100.0,130.0,0.0
24-02-2009,50.2,3300.0,45.83,2375.0,71.97,100.0,130.0,0.0
25-02-2009,50.2,3300.0,45.79,2367.0,71.73,100.0,130.0,0.0
26-02-2009,50.2,3300.0,45.75,2359.0,71.48,100.0,130.0,0.0
27-02-2009,50.2,3300.0,45.71,2351.0,71.24,115.0,130.0,0.0
28-02-2009,50.2,3300.0,45.66,2342.0,70.97,115.0,130.0,0.0
01-03-2009,50.2,3300.0,45.62,2335.0,70.76,115.0,130.0,0.0
02-03-2009,50.2,3300.0,45.59,2329.0,70.58,115.0,130.0,0.0
03-03-2009,50.2,3300.0,45.59,2329.0,70.58,195.0,130.0,0.0
04-03-2009,50.2,3300.0,45.59,2329.0,70.58,195.0,130.0,0.0
05-03-2009,50.2,3300.0,45.54,2320.0,70.3,50.0,130.0,0.0
06-03-2009,50.2,3300.0,45.48,2309.0,69.97,35.0,130.0,0.0
07-03-2009,50.2,3300.0,45.42,2298.0,69.64,35.0,130.0,0.0
08-03-2009,50.2,3300.0,45.45,2303.0,69.79,240.0,130.0,0.0
09-03-2009,50.2,3300.0,45.47,2307.0,69.91,240.0,130.0,0.0
10-03-2009,50.2,3300.0,45.49,2311.0,70.03,240.0,130.0,0.0
11-03-2009,50.2,3300.0,45.51,2315.0,70.15,240.0,130.0,2.0
12-03-2009,50.2,3300.0,45.54,2320.0,70.3,240.0,130.0,0.0
13-03-2009,50.2,3300.0,45.56,2324.0,70.42,240.0,130.0,0.0
14-03-2009,50.2,3300.0,45.59,2329.0,70.58,240.0,130.0,0.0
15-03-2009,50.2,3300.0,45.61,2333.0,70.7,240.0,130.0,0.0
16-03-2009,50.2,3300.0,45.63,2337.0,70.82,240.0,130.0,0.0
17-03-2009,50.2,3300.0,45.67,2344.0,71.03,240.0,130.0,0.0
18-03-2009,50.2,3300.0,45.71,2351.0,71.24,240.0,130.0,0.0
19-03-2009,50.2,3300.0,45.74,2357.0,71.42,240.0,130.0,0.0
20-03-2009,50.2,3300.0,45.77,2363.0,71.61,240.0,130.0,0.0
21-03-2009,50.2,3300.0,45.8,2369.0,71.79,240.0,130.0,0.0
22-03-2009,50.2,3300.0,45.83,2375.0,71.97,240.0,130.0,0.0
23-03-2009,50.2,3300.0,45.87,2382.0,72.18,240.0,130.0,0.0
24-03-2009,50.2,3300.0,45.9,2388.0,72.36,240.0,130.0,0.0
25-03-2009,50.2,3300.0,45.93,2394.0,72.55,240.0,130.0,0.0
26-03-2009,50.2,3300.0,45.96,2400.0,72.73,240.0,130.0,0.0
27-03-2009,50.2,3300.0,46.0,2407.0,72.94,240.0,130.0,0.0
28-03-2009,50.2,3300.0,46.0,2407.0,72.94,170.0,130.0,0.0
29-03-2009,50.2,3300.0,46.03,2413.0,73.12,240.0,130.0,0.0
30-03-2009,50.2,3300.0,46.06,2419.0,73.3,240.0,130.0,0.0
31-03-2009,50.2,3300.0,46.1,2426.0,73.52,240.0,130.0,0.0
01-04-2009,50.2,3300.0,46.13,2432.0,73.7,215.0,130.0,0.0
02-04-2009,50.2,3300.0,46.16,2438.0,73.88,240.0,130.0,0.0
03-04-2009,50.2,3300.0,46.19,2444.0,74.06,240.0,130.0,0.0
04-04-2009,50.2,3300.0,46.22,2450.0,74.24,240.0,130.0,0.0
05-04-2009,50.2,3300.0,46.25,2455.0,74.39,240.0,130.0,0.0
06-04-2009,50.2,3300.0,46.28,2461.0,74.58,240.0,130.0,0.0
07-04-2009,50.2,3300.0,46.3,2465.0,74.7,215.0,130.0,0.0
08-04-2009,50.2,3300.0,46.3,2465.0,74.7,215.0,130.0,0.0
09-04-2009,50.2,3300.0,46.3,2465.0,74.7,215.0,130.0,0.0
10-04-2009,50.2,3300.0,46.3,2465.0,74.7,215.0,130.0,0.0
11-04-2009,50.2,3300.0,46.3,2465.0,74.7,215.0,130.0,0.0
12-04-2009,50.2,3300.0,46.3,2465.0,74.7,215.0,130.0,0.0
13-04-2009,50.2,3300.0,46.3,2465.0,74.7,215.0,130.0,0.0
14-04-2009,50.2,3300.0,46.3,2465.0,74.7,215.0,130.0,0.0
15-04-2009,50.2,3300.0,46.3,2465.0,74.7,215.0,130.0,0.0
16-04-2009,50.2,3300.0,46.3,2465.0,74.7,215.0,130.0,0.0
17-04-2009,50.2,3300.0,46.3,2465.0,74.7,215.0,130.0,0.0
18-04-2009,50.2,3300.0,46.29,2463.0,74.64,15.0,130.0,0.0
19-04-2009,50.2,3300.0,46.21,2448.0,74.18,15.0,130.0,0.0
20-04-2009,50.2,3300.0,46.13,2432.0,73.7,15.0,130.0,0.0
21-04-2009,50.2,3300.0,46.05,2417.0,73.24,15.0,130.0,0.0
22-04-2009,50.2,3300.0,45.97,2401.0,72.76,15.0,130.0,0.0
23-04-2009,50.2,3300.0,45.89,2386.0,72.3,15.0,130.0,0.0
24-04-2009,50.2,3300.0,45.8,2369.0,71.79,15.0,130.0,0.0
25-04-2009,50.2,3300.0,45.72,2353.0,71.3,15.0,130.0,0.0
26-04-2009,50.2,3300.0,45.62,2335.0,70.76,15.0,130.0,0.0
27-04-2009,50.2,3300.0,45.53,2318.0,70.24,15.0,130.0,0.0
28-04-2009,50.2,3300.0,45.43,2300.0,69.7,15.0,130.0,0.0
29-04-2009,50.2,3300.0,45.34,2283.0,69.18,15.0,130.0,0.0
30-04-2009,50.2,3300.0,45.24,2265.0,68.64,15.0,130.0,0.0
01-05-2009,50.2,3300.0,45.15,2248.0,68.12,15.0,130.0,0.0
02-05-2009,50.2,3300.0,45.04,2228.0,67.52,15.0,130.0,0.0
03-05-2009,50.2,3300.0,44.93,2209.0,66.94,15.0,130.0,0.0
04-05-2009,50.2,3300.0,44.82,2189.0,66.33,15.0,130.0,0.0
05-05-2009,50.2,3300.0,44.71,2169.0,65.73,15.0,130.0,0.0
06-05-2009,50.2,3300.0,44.6,2150.0,65.15,15.0,130.0,0.0
07-05-2009,50.2,3300.0,44.54,2139.0,64.82,120.0,130.0,0.0
08-05-2009,50.2,3300.0,44.51,2134.0,64.67,150.0,130.0,0.0
09-05-2009,50.2,3300.0,44.49,2131.0,64.58,150.0,130.0,0.0
10-05-2009,50.2,3300.0,44.47,2127.0,64.45,150.0,130.0,0.0
11-05-2009,50.2,3300.0,44.45,2124.0,64.36,150.0,130.0,0.0
12-05-2009,50.2,3300.0,44.43,2120.0,64.24,150.0,130.0,0.0
13-05-2009,50.2,3300.0,44.41,2117.0,64.15,150.0,130.0,0.0
14-05-2009,50.2,3300.0,44.39,2113.0,64.03,150.0,130.0,0.0
15-05-2009,50.2,3300.0,44.38,2111.0,63.97,150.0,130.0,0.0
16-05-2009,50.2,3300.0,44.44,2122.0,64.3,277.0,130.0,15.0
17-05-2009,50.2,3300.0,44.44,2122.0,64.3,150.0,130.0,0.0
18-05-2009,50.2,3300.0,44.44,2122.0,64.3,150.0,130.0,0.0
19-05-2009,50.2,3300.0,44.43,2120.0,64.24,150.0,130.0,0.0
20-05-2009,50.2,3300.0,44.42,2118.0,64.18,150.0,130.0,0.0
21-05-2009,50.2,3300.0,44.4,2115.0,64.09,150.0,130.0,0.0
22-05-2009,50.2,3300.0,44.39,2113.0,64.03,150.0,130.0,0.0
23-05-2009,50.2,3300.0,44.37,2110.0,63.94,150.0,130.0,0.0
24-05-2009,50.2,3300.0,44.36,2108.0,63.88,150.0,130.0,2.0
25-05-2009,50.2,3300.0,44.35,2106.0,63.82,150.0,140.0,0.0
26-05-2009,50.2,3300.0,44.32,2101.0,63.67,150.0,150.0,0.0
27-05-2009,50.2,3300.0,44.29,2096.0,63.52,150.0,150.0,0.0
28-05-2009,50.2,3300.0,44.27,2092.0,63.39,150.0,150.0,0.0
29-05-2009,50.2,3300.0,44.24,2087.0,63.24,150.0,150.0,0.0
30-05-2009,50.2,3300.0,44.21,2082.0,63.09,150.0,150.0,0.0
31-05-2009,50.2,3300.0,44.18,2076.0,62.91,150.0,150.0,0.0
01-06-2009,50.2,3300.0,44.15,2071.0,62.76,150.0,150.0,0.0
02-06-2009,50.2,3300.0,44.12,2066.0,62.61,150.0,150.0,0.0
03-06-2009,50.2,3300.0,44.09,2061.0,62.45,150.0,150.0,0.0
04-06-2009,50.2,3300.0,44.06,2056.0,62.3,150.0,150.0,0.0
05-06-2009,50.2,3300.0,44.03,2051.0,62.15,150.0,150.0,0.0
06-06-2009,50.2,3300.0,44.0,2046.0,62.0,150.0,150.0,0.0
07-06-2009,50.2,3300.0,43.96,2039.0,61.79,120.0,150.0,0.0
08-06-2009,50.2,3300.0,43.88,2025.0,61.36,50.0,150.0,0.0
09-06-2009,50.2,3300.0,43.78,2008.0,60.85,23.0,150.0,0.0
10-06-2009,50.2,3300.0,43.68,1991.0,60.33,18.0,150.0,0.0
11-06-2009,50.2,3300.0,43.58,1974.0,59.82,18.0,150.0,0.0
12-06-2009,50.2,3300.0,43.47,1955.0,59.24,15.0,150.0,0.0
13-06-2009,50.2,3300.0,43.36,1936.0,58.67,10.0,150.0,0.0
14-06-2009,50.2,3300.0,43.25,1918.0,58.12,10.0,150.0,0.0
15-06-2009,50.2,3300.0,43.14,1899.0,57.55,10.0,150.0,0.0
16-06-2009,50.2,3300.0,43.03,1881.0,57.0,10.0,150.0,0.0
17-06-2009,50.2,3300.0,42.91,1861.0,56.39,0.0,150.0,0.0
18-06-2009,50.2,3300.0,42.79,1841.0,55.79,0.0,150.0,0.0
19-06-2009,50.2,3300.0,42.67,1821.0,55.18,0.0,150.0,0.0
20-06-2009,50.2,3300.0,42.55,1802.0,54.61,0.0,150.0,0.0
21-06-2009,50.2,3300.0,42.43,1786.0,54.12,46.0,150.0,36.0
22-06-2009,50.2,3300.0,42.4,1777.0,53.85,115.0,150.0,0.0
23-06-2009,50.2,3300.0,42.37,1772.0,53.7,225.0,150.0,0.0
24-06-2009,50.2,3300.0,42.37,1772.0,53.7,225.0,150.0,0.0
25-06-2009,50.2,3300.0,42.39,1776.0,53.82,225.0,120.0,0.0
26-06-2009,50.2,3300.0,42.42,1781.0,53.97,225.0,120.0,0.0
27-06-2009,50.2,3300.0,42.43,1783.0,54.03,225.0,150.0,0.0
28-06-2009,50.2,3300.0,42.45,1786.0,54.12,225.0,150.0,0.0
29-06-2009,50.2,3300.0,42.45,1786.0,54.12,225.0,150.0,0.0
30-06-2009,50.2,3300.0,42.45,1786.0,54.12,225.0,150.0,0.0
01-07-2009,50.2,3300.0,42.45,1786.0,54.12,225.0,150.0,0.0
02-07-2009,50.2,3300.0,42.45,1786.0,54.12,225.0,150.0,0.0
03-07-2009,50.2,3300.0,42.45,1786.0,54.12,225.0,150.0,0.0
04-07-2009,50.2,3300.0,42.45,1786.0,54.12,225.0,150.0,0.0
05-07-2009,50.2,3300.0,42.47,1789.0,54.21,225.0,150.0,10.0
06-07-2009,50.2,3300.0,42.47,1789.0,54.21,225.0,150.0,0.0
07-07-2009,50.2,3300.0,42.47,1789.0,54.21,225.0,150.0,0.0
08-07-2009,50.2,3300.0,42.47,1789.0,54.21,225.0,150.0,0.0
09-07-2009,50.2,3300.0,42.49,1792.0,54.3,225.0,150.0,0.0
10-07-2009,50.2,3300.0,42.51,1795.0,54.39,225.0,150.0,0.0
11-07-2009,50.2,3300.0,42.52,1797.0,54.45,225.0,150.0,0.0
12-07-2009,50.2,3300.0,42.54,1800.0,54.55,225.0,150.0,0.0
13-07-2009,50.2,3300.0,42.55,1802.0,54.61,225.0,150.0,0.0
14-07-2009,50.2,3300.0,42.57,1805.0,54.7,225.0,150.0,0.0
15-07-2009,50.2,3300.0,42.59,1808.0,54.79,225.0,150.0,0.0
16-07-2009,50.2,3300.0,42.6,1810.0,54.85,225.0,150.0,4.0
17-07-2009,50.2,3300.0,42.62,1813.0,54.94,225.0,150.0,0.0
18-07-2009,50.2,3300.0,42.63,1815.0,55.0,225.0,150.0,0.0
19-07-2009,50.2,3300.0,42.66,1820.0,55.15,225.0,150.0,0.0
20-07-2009,50.2,3300.0,42.68,1824.0,55.27,225.0,150.0,0.0
21-07-2009,50.2,3300.0,42.71,1828.0,55.39,225.0,140.0,0.0
22-07-2009,50.2,3300.0,42.73,1831.0,55.48,225.0,140.0,0.0
23-07-2009,50.2,3300.0,42.75,1835.0,55.61,225.0,140.0,0.0
24-07-2009,50.2,3300.0,42.77,1838.0,55.7,225.0,150.0,0.0
25-07-2009,50.2,3300.0,42.79,1841.0,55.79,225.0,150.0,0.0
26-07-2009,50.2,3300.0,42.81,1845.0,55.91,225.0,150.0,0.0
27-07-2009,50.2,3300.0,42.83,1848.0,56.0,225.0,150.0,0.0
28-07-2009,50.2,3300.0,42.85,1851.0,56.09,225.0,150.0,4.0
29-07-2009,50.2,3300.0,42.87,1855.0,56.21,225.0,150.0,5.0
30-07-2009,50.2,3300.0,42.9,1860.0,56.36,225.0,150.0,2.0
31-07-2009,50.2,3300.0,42.93,1865.0,56.52,225.0,140.0,2.0
01-08-2009,50.2,3300.0,42.97,1871.0,56.7,225.0,140.0,0.0
02-08-2009,50.2,3300.0,43.01,1878.0,56.91,225.0,140.0,0.0
03-08-2009,50.2,3300.0,43.05,1884.0,57.09,225.0,140.0,0.0
04-08-2009,50.2,3300.0,43.09,1891.0,57.3,225.0,140.0,0.0
05-08-2009,50.2,3300.0,43.13,1898.0,57.52,225.0,140.0,5.0
06-08-2009,50.2,3300.0,43.17,1904.0,57.7,225.0,140.0,0.0
07-08-2009,50.2,3300.0,43.21,1911.0,57.91,225.0,140.0,0.0
08-08-2009,50.2,3300.0,43.25,1918.0,58.12,225.0,140.0,0.0
09-08-2009,50.2,3300.0,43.28,1923.0,58.27,225.0,140.0,0.0
10-08-2009,50.2,3300.0,43.31,1928.0,58.42,225.0,140.0,0.0
11-08-2009,50.2,3300.0,43.34,1933.0,58.58,225.0,140.0,11.0
12-08-2009,50.2,3300.0,43.36,1936.0,58.67,225.0,140.0,0.0
13-08-2009,50.2,3300.0,43.36,1936.0,58.67,225.0,140.0,0.0
14-08-2009,50.2,3300.0,43.3,1926.0,58.36,80.0,140.0,0.0
15-08-2009,50.2,3300.0,43.3,1926.0,58.36,140.0,140.0,89.0
16-08-2009,50.2,3300.0,43.46,1953.0,59.18,442.0,140.0,0.0
17-08-2009,50.2,3300.0,43.4,1943.0,58.88,80.0,140.0,0.0
18-08-2009,50.2,3300.0,43.43,1948.0,59.03,198.0,140.0,19.0
19-08-2009,50.2,3300.0,43.39,1942.0,58.85,80.0,140.0,0.0
20-08-2009,50.2,3300.0,43.34,1933.0,58.58,80.0,140.0,0.0
21-08-2009,50.2,3300.0,43.28,1923.0,58.27,80.0,140.0,0.0
22-08-2009,50.2,3300.0,43.22,1913.0,57.97,70.0,140.0,0.0
23-08-2009,50.2,3300.0,43.16,1903.0,57.67,70.0,140.0,0.0
24-08-2009,50.2,3300.0,43.1,1893.0,57.36,70.0,140.0,0.0
25-08-2009,50.2,3300.0,43.04,1883.0,57.06,70.0,140.0,8.0
26-08-2009,50.2,3300.0,42.98,1873.0,56.76,70.0,140.0,0.0
27-08-2009,50.2,3300.0,42.92,1863.0,56.45,70.0,140.0,2.0
28-08-2009,50.2,3300.0,42.86,1853.0,56.15,55.0,140.0,0.0
29-08-2009,50.2,3300.0,42.8,1843.0,55.85,55.0,140.0,0.0
30-08-2009,50.2,3300.0,42.71,1828.0,55.39,0.0,140.0,0.0
31-08-2009,50.2,3300.0,42.62,1813.0,54.94,0.0,140.0,2.0
01-09-2009,50.2,3300.0,42.56,1803.0,54.64,35.0,140.0,21.0
02-09-2009,50.2,3300.0,42.47,1789.0,54.21,0.0,140.0,4.0
03-09-2009,50.2,3300.0,42.39,1776.0,53.82,0.0,140.0,0.0
04-09-2009,50.2,3300.0,42.32,1764.0,53.45,0.0,140.0,4.0
05-09-2009,50.2,3300.0,42.24,1751.0,53.06,0.0,140.0,1.0
06-09-2009,50.2,3300.0,42.16,1738.0,52.67,0.0,140.0,0.0
07-09-2009,50.2,3300.0,42.07,1724.0,52.24,0.0,140.0,0.0
08-09-2009,50.2,3300.0,41.98,1709.0,51.79,0.0,140.0,0.0
09-09-2009,50.2,3300.0,41.88,1693.0,51.3,0.0,140.0,0.0
10-09-2009,50.2,3300.0,41.78,1677.0,50.82,0.0,140.0,0.0
11-09-2009,50.2,3300.0,41.68,1661.0,50.33,0.0,140.0,0.0
12-09-2009,50.2,3300.0,41.57,1644.0,49.82,0.0,140.0,0.0
13-09-2009,50.2,3300.0,41.47,1628.0,49.33,0.0,140.0,0.0
14-09-2009,50.2,3300.0,41.36,1611.0,48.82,0.0,140.0,0.0
15-09-2009,50.2,3300.0,41.27,1594.0,48.3,0.0,140.0,0.0
16-09-2009,50.2,3300.0,41.14,1576.0,47.76,0.0,140.0,0.0
17-09-2009,50.2,3300.0,41.02,1558.0,47.21,0.0,140.0,0.0
18-09-2009,50.2,3300.0,40.9,1540.0,46.67,0.0,140.0,0.0
19-09-2009,50.2,3300.0,40.79,1523.0,46.15,0.0,140.0,0.0
20-09-2009,50.2,3300.0,40.74,1515.0,45.91,70.0,140.0,60.0
21-09-2009,50.2,3300.0,40.63,1498.0,45.39,0.0,140.0,0.0
22-09-2009,50.2,3300.0,40.52,1482.0,44.91,0.0,140.0,5.0
23-09-2009,50.2,3300.0,40.41,1465.0,44.39,0.0,140.0,0.0
24-09-2009,50.2,3300.0,40.3,1449.0,43.91,0.0,140.0,7.0
25-09-2009,50.2,3300.0,40.2,1434.0,43.45,0.0,140.0,0.0
26-09-2009,50.2,3300.0,40.2,1434.0,43.45,140.0,140.0,22.0
27-09-2009,50.2,3300.0,40.1,1419.0,43.0,0.0,140.0,2.0
28-09-2009,50.2,3300.0,40.1,1419.0,43.0,140.0,140.0,39.0
29-09-2009,50.2,3300.0,40.0,1405.0,42.58,0.0,140.0,0.0
30-09-2009,50.2,3300.0,39.93,1394.0,42.24,23.0,140.0,3.0
01-10-2009,50.2,3300.0,39.82,1378.0,41.76,0.0,140.0,0.0
02-10-2009,50.2,3300.0,39.71,1362.0,41.27,0.0,140.0,0.0
03-10-2009,50.2,3300.0,39.58,1344.0,40.73,0.0,140.0,0.0
04-10-2009,50.2,3300.0,39.46,1327.0,40.21,0.0,140.0,0.0
05-10-2009,50.2,3300.0,39.36,1312.0,39.76,0.0,140.0,0.0
06-10-2009,50.2,3300.0,39.23,1294.0,39.21,0.0,140.0,0.0
07-10-2009,50.2,3300.0,39.11,1277.0,38.7,0.0,160.0,0.0
08-10-2009,50.2,3300.0,39.0,1262.0,38.24,0.0,140.0,0.0
09-10-2009,50.2,3300.0,38.9,1248.0,37.82,0.0,140.0,0.0
10-10-2009,50.2,3300.0,38.77,1230.0,37.27,0.0,140.0,0.0
11-10-2009,50.2,3300.0,38.66,1214.0,36.79,0.0,140.0,4.0
12-10-2009,50.2,3300.0,38.54,1198.0,36.3,0.0,140.0,0.0
13-10-2009,50.2,3300.0,38.41,1181.0,35.79,0.0,140.0,0.0
14-10-2009,50.2,3300.0,38.29,1165.0,35.3,0.0,140.0,0.0
15-10-2009,50.2,3300.0,38.16,1147.0,34.76,0.0,140.0,0.0
16-10-2009,50.2,3300.0,38.02,1129.0,34.21,0.0,140.0,0.0
17-10-2009,50.2,3300.0,37.88,1111.0,33.67,0.0,140.0,0.0
18-10-2009,50.2,3300.0,37.74,1092.0,33.09,0.0,140.0,0.0
19-10-2009,50.2,3300.0,37.6,1074.0,32.55,0.0,140.0,0.0
20-10-2009,50.2,3300.0,37.45,1056.0,32.0,0.0,140.0,0.0
21-10-2009,50.2,3300.0,37.32,1039.0,31.48,0.0,140.0,0.0
22-10-2009,50.2,3300.0,37.18,1022.0,30.97,0.0,140.0,0.0
23-10-2009,50.2,3300.0,37.04,1005.0,30.45,0.0,140.0,0.0
24-10-2009,50.2,3300.0,36.91,989.0,29.97,0.0,140.0,0.0
25-10-2009,50.2,3300.0,36.78,973.0,29.48,0.0,140.0,0.0
26-10-2009,50.2,3300.0,36.81,977.0,29.61,220.0,140.0,0.0
27-10-2009,50.2,3300.0,36.86,983.0,29.79,220.0,140.0,4.0
28-10-2009,50.2,3300.0,36.99,998.0,30.24,335.0,140.0,27.0
29-10-2009,50.2,3300.0,37.33,1040.0,31.52,626.0,140.0,53.0
30-10-2009,50.2,3300.0,37.45,1056.0,32.0,347.0,140.0,18.0
31-10-2009,50.2,3300.0,37.53,1066.0,32.3,278.0,140.0,0.0
01-11-2009,50.2,3300.0,37.6,1074.0,32.55,255.0,140.0,0.0
02-11-2009,50.2,3300.0,37.66,1082.0,32.79,255.0,140.0,0.0
03-11-2009,50.2,3300.0,37.76,1095.0,33.18,301.0,140.0,5.0
04-11-2009,50.2,3300.0,37.82,1103.0,33.42,255.0,140.0,3.0
05-11-2009,50.2,3300.0,37.95,1120.0,33.94,347.0,140.0,49.0
06-11-2009,50.2,3300.0,38.05,1133.0,34.33,301.0,140.0,11.0
07-11-2009,50.2,3300.0,38.41,1181.0,35.79,696.0,140.0,145.0
08-11-2009,50.2,3300.0,40.25,1444.0,43.76,3155.0,140.0,106.0
09-11-2009,50.2,3300.0,40.7,1509.0,45.73,921.0,140.0,66.0
10-11-2009,50.2,3300.0,41.03,1560.0,47.27,726.0,140.0,10.0
11-11-2009,50.2,3300.0,41.3,1599.0,48.45,592.0,140.0,12.0
12-11-2009,50.2,3300.0,41.33,1606.0,48.67,227.0,140.0,0.0
13-11-2009,50.2,3300.0,41.3,1599.0,48.45,48.0,135.0,0.0
14-11-2009,50.2,3300.0,41.25,1591.28,48.22,50.0,135.0,0.0
15-11-2009,50.2,3300.0,41.86,1690.19,51.22,1279.78,135.0,103.0
16-11-2009,50.2,3300.0,42.03,1717.44,52.04,450.39,135.0,13.0
17-11-2009,50.2,3300.0,42.1,1728.65,52.38,264.74,135.0,0.0
18-11-2009,50.2,3300.0,42.17,1739.87,52.72,264.86,135.0,0.0
19-11-2009,50.2,3300.0,42.18,1741.0,52.76,153.0,135.0,23.0
20-11-2009,50.2,3300.0,42.15,1737.0,52.64,55.0,135.0,0.0
21-11-2009,50.2,3300.0,42.08,1725.0,52.27,0.0,135.0,0.0
22-11-2009,50.2,3300.0,42.18,1741.0,52.76,320.0,135.0,19.0
23-11-2009,50.2,3300.0,42.16,1738.0,52.67,98.0,135.0,0.0
24-11-2009,50.2,3300.0,42.13,1733.0,52.52,79.0,135.0,0.0
25-11-2009,50.2,3300.0,42.05,1721.0,52.15,0.0,135.0,0.0
26-11-2009,50.2,3300.0,41.98,1709.0,51.79,0.0,135.0,0.0
27-11-2009,50.2,3300.0,41.95,1705.0,51.67,79.0,135.0,0.0
28-11-2009,50.2,3300.0,41.88,1693.0,51.3,20.0,135.0,0.0
29-11-2009,50.2,3300.0,41.79,1679.0,50.88,0.0,135.0,0.0
30-11-2009,50.2,3300.0,41.71,1666.0,50.48,0.0,135.0,0.0
01-12-2009,50.2,3300.0,41.62,1652.0,50.06,0.0,135.0,0.0
02-12-2009,50.2,3300.0,41.59,1647.0,49.91,96.0,135.0,41.0
03-12-2009,50.2,3300.0,41.72,1668.0,50.55,373.0,135.0,28.0
04-12-2009,50.2,3300.0,41.69,1663.0,50.39,69.0,125.0,3.0
05-12-2009,50.2,3300.0,41.62,1652.0,50.06,0.0,125.0,0.0
06-12-2009,50.2,3300.0,41.54,1639.0,49.67,0.0,125.0,0.0
07-12-2009,50.2,3300.0,41.44,1627.0,49.3,0.0,125.0,0.0
08-12-2009,50.2,3300.0,41.38,1614.0,48.91,0.0,125.0,0.0
09-12-2009,50.2,3300.0,41.31,1600.0,48.48,0.0,125.0,0.0
10-12-2009,50.2,3300.0,41.23,1588.0,48.12,0.0,125.0,0.0
11-12-2009,50.2,3300.0,41.14,1576.0,47.76,0.0,125.0,0.0
12-12-2009,50.2,3300.0,41.07,1566.0,47.45,0.0,125.0,0.0
13-12-2009,50.2,3300.0,41.05,1563.0,47.36,104.0,125.0,11.0
14-12-2009,50.2,3300.0,40.97,1550.0,46.97,0.0,125.0,0.0
15-12-2009,50.2,3300.0,40.97,1550.46,46.98,125.0,125.0,8.0
16-12-2009,50.2,3300.0,41.39,1616.0,48.97,880.0,125.0,75.0
17-12-2009,50.2,3300.0,41.59,1647.0,49.91,489.0,125.0,15.0
18-12-2009,50.2,3300.0,41.83,1685.0,51.06,567.0,125.0,18.0
19-12-2009,50.2,3300.0,41.96,1706.0,51.7,366.0,125.0,0.0
20-12-2009,50.2,3300.0,42.16,1738.0,52.67,496.0,125.0,1.0
21-12-2009,50.2,3300.0,42.31,1763.0,53.42,408.0,125.0,2.0
22-12-2009,50.2,3300.0,42.64,1817.0,55.06,747.0,125.0,7.0
23-12-2009,50.2,3300.0,42.77,1838.0,55.7,374.0,125.0,0.0
24-12-2009,50.2,3300.0,42.9,1860.0,56.36,375.0,125.0,0.0
25-12-2009,50.2,3300.0,43.0,1876.0,56.85,317.0,125.0,0.0
26-12-2009,50.2,3300.0,43.1,1893.0,57.36,317.0,125.0,0.0
27-12-2009,50.2,3300.0,43.18,1906.0,57.76,279.0,125.0,0.0
28-12-2009,50.2,3300.0,43.26,1920.0,58.18,281.0,125.0,0.0
29-12-2009,50.2,3300.0,43.37,1938.0,58.73,340.0,125.0,0.0
30-12-2009,50.2,3300.0,43.52,1963.0,59.48,418.0,125.0,0.0
31-12-2009,50.2,3300.0,43.67,1989.0,60.27,418.0,125.0,0.0
01-01-2010,50.2,3300.0,43.81,2013.0,61.0,403.0,125.0,0.0
02-01-2010,50.2,3300.0,43.95,2037.0,61.73,403.0,125.0,0.0
03-01-2010,50.2,3300.0,44.09,2061.0,62.45,403.0,125.0,0.0
04-01-2010,50.2,3300.0,44.23,2085.0,63.18,403.0,125.0,0.0
05-01-2010,50.2,3300.0,44.36,2108.0,63.88,388.0,125.0,0.0
06-01-2010,50.2,3300.0,44.48,2129.0,64.52,368.0,125.0,0.0
07-01-2010,50.2,3300.0,44.56,2143.0,64.94,368.0,125.0,0.0
08-01-2010,50.2,3300.0,44.61,2152.0,65.21,226.0,125.0,0.0
09-01-2010,50.2,3300.0,44.66,2160.0,65.45,226.0,125.0,2.0
10-01-2010,50.2,3300.0,44.74,2175.0,65.91,290.0,125.0,0.0
11-01-2010,50.2,3300.0,44.82,2189.0,66.33,290.0,125.0,0.0
12-01-2010,50.2,3300.0,44.9,2203.0,66.76,290.0,125.0,0.0
13-01-2010,50.2,3300.0,44.98,2218.0,67.21,290.0,125.0,0.0
14-01-2010,50.2,3300.0,45.06,2232.0,67.64,290.0,125.0,0.0
15-01-2010,50.2,3300.0,45.15,2248.0,68.12,290.0,125.0,0.0
16-01-2010,50.2,3300.0,45.21,2259.0,68.45,254.0,125.0,0.0
17-01-2010,50.2,3300.0,45.18,2254.0,68.3,65.0,125.0,0.0
18-01-2010,50.2,3300.0,45.15,2248.0,68.12,65.0,125.0,0.0
19-01-2010,50.2,3300.0,45.07,2234.0,67.7,0.0,125.0,0.0
20-01-2010,50.2,3300.0,45.07,2234.0,67.7,125.0,125.0,0.0
21-01-2010,50.2,3300.0,45.12,2243.0,67.97,228.0,125.0,0.0
22-01-2010,50.2,3300.0,45.2,2257.0,68.39,294.0,125.0,0.0
23-01-2010,50.2,3300.0,45.26,2268.0,68.73,253.0,125.0,0.0
24-01-2010,50.2,3300.0,45.32,2279.0,69.06,253.0,125.0,0.0
25-01-2010,50.2,3300.0,45.38,2291.0,69.42,253.0,125.0,0.0
26-01-2010,50.2,3300.0,45.43,2300.0,69.7,253.0,125.0,0.0
27-01-2010,50.2,3300.0,45.45,2303.0,69.79,253.0,125.0,0.0
28-01-2010,50.2,3300.0,45.49,2311.0,70.03,238.0,125.0,0.0
29-01-2010,50.2,3300.0,45.58,2318.0,70.24,238.0,125.0,0.0
30-01-2010,50.2,3300.0,45.57,2326.0,70.48,238.0,125.0,0.0
31-01-2010,50.2,3300.0,45.61,2333.0,70.7,238.0,125.0,0.0
01-02-2010,50.2,3300.0,45.66,2342.0,70.97,259.0,125.0,0.0
02-02-2010,50.2,3300.0,45.71,2351.0,71.24,252.0,125.0,0.0
03-02-2010,50.2,3300.0,45.75,2359.0,71.48,245.0,125.0,0.0
04-02-2010,50.2,3300.0,45.79,2367.0,71.73,245.0,125.0,0.0
05-02-2010,50.2,3300.0,45.83,2375.0,71.97,245.0,125.0,0.0
06-02-2010,50.2,3300.0,45.87,2382.0,72.18,245.0,125.0,0.0
07-02-2010,50.2,3300.0,45.91,2390.0,72.42,245.0,125.0,0.0
08-02-2010,50.2,3300.0,45.94,2396.0,72.61,220.0,125.0,0.0
09-02-2010,50.2,3300.0,45.97,2401.0,72.76,220.0,125.0,0.0
10-02-2010,50.2,3300.0,46.0,2407.0,72.94,220.0,125.0,0.0
11-02-2010,50.2,3300.0,46.03,2413.0,73.12,220.0,125.0,0.0
12-02-2010,50.2,3300.0,46.07,2421.0,73.36,240.0,125.0,0.0
13-02-2010,50.2,3300.0,46.11,2428.0,73.58,240.0,125.0,0.0
14-02-2010,50.2,3300.0,46.15,2436.0,73.82,240.0,125.0,0.0
15-02-2010,50.2,3300.0,46.19,2444.0,74.06,240.0,125.0,0.0
16-02-2010,50.2,3300.0,46.23,2451.0,74.27,240.0,125.0,0.0
17-02-2010,50.2,3300.0,46.27,2459.0,74.52,240.0,125.0,0.0
18-02-2010,50.2,3300.0,46.32,2469.0,74.82,267.0,125.0,0.0
19-02-2010,50.2,3300.0,46.37,2479.0,75.12,267.0,125.0,0.0
20-02-2010,50.2,3300.0,46.42,2489.0,75.42,267.0,125.0,0.0
21-02-2010,50.2,3300.0,46.47,2499.0,75.73,267.0,125.0,0.0
22-02-2010,50.2,3300.0,46.52,2509.0,76.03,267.0,125.0,0.0
23-02-2010,50.2,3300.0,46.57,2519.0,76.33,267.0,125.0,0.0
24-02-2010,50.2,3300.0,46.62,2528.0,76.61,267.0,125.0,0.0
25-02-2010,50.2,3300.0,46.67,2538.0,76.91,267.0,125.0,0.0
26-02-2010,50.2,3300.0,46.72,2548.0,77.21,267.0,125.0,0.0
27-02-2010,50.2,3300.0,46.77,2559.0,77.55,267.0,125.0,0.0
28-02-2010,50.2,3300.0,46.82,2569.0,77.85,267.0,125.0,0.0
01-03-2010,50.2,3300.0,46.87,2579.0,78.15,267.0,125.0,0.0
02-03-2010,50.2,3300.0,46.92,2589.0,78.45,280.0,125.0,0.0
03-03-2010,50.2,3300.0,46.97,2599.0,78.76,280.0,125.0,0.0
04-03-2010,50.2,3300.0,47.01,2607.0,79.0,260.0,125.0,0.0
05-03-2010,50.2,3300.0,47.05,2616.0,79.27,260.0,125.0,0.0
06-03-2010,50.2,3300.0,47.09,2624.0,79.52,260.0,125.0,0.0
07-03-2010,50.2,3300.0,47.13,2632.0,79.76,260.0,125.0,0.0
08-03-2010,50.2,3300.0,47.17,2640.0,80.0,260.0,125.0,0.0
09-03-2010,50.2,3300.0,47.26,2659.0,80.58,460.0,125.0,0.0
10-03-2010,50.2,3300.0,47.38,2684.0,81.33,462.0,125.0,0.0
11-03-2010,50.2,3300.0,47.42,2692.0,81.58,263.0,125.0,0.0
12-03-2010,50.2,3300.0,47.44,2697.0,81.73,214.0,125.0,0.0
13-03-2010,50.2,3300.0,47.46,2701.0,81.85,211.0,125.0,0.0
14-03-2010,50.2,3300.0,47.49,2707.0,82.03,238.0,125.0,0.0
15-03-2010,50.2,3300.0,47.53,2716.0,82.3,265.0,125.0,0.0
16-03-2010,50.2,3300.0,47.57,2724.0,82.55,265.0,125.0,0.0
17-03-2010,50.2,3300.0,47.61,2732.0,82.79,264.0,125.0,0.0
18-03-2010,50.2,3300.0,47.65,2741.0,83.06,263.0,125.0,0.0
19-03-2010,50.2,3300.0,47.69,2749.0,83.3,261.0,125.0,0.0
20-03-2010,50.2,3300.0,47.73,2757.0,83.55,259.0,125.0,0.0
21-03-2010,50.2,3300.0,47.76,2763.0,83.73,236.0,125.0,0.0
22-03-2010,50.2,3300.0,47.79,2769.0,83.91,231.0,125.0,0.0
23-03-2010,50.2,3300.0,47.8,2771.0,83.97,195.0,125.0,0.0
24-03-2010,50.2,3300.0,47.81,2773.0,84.03,196.0,125.0,0.0
25-03-2010,50.2,3300.0,47.83,2777.0,84.15,212.0,125.0,0.0
26-03-2010,50.2,3300.0,47.84,2778.0,84.18,187.0,125.0,0.0
27-03-2010,50.2,3300.0,47.83,2777.0,84.15,150.0,125.0,0.0
28-03-2010,50.2,3300.0,47.83,2777.0,84.15,156.0,125.0,0.0
29-03-2010,50.2,3300.0,47.82,2775.0,84.09,148.0,125.0,0.0
30-03-2010,50.2,3300.0,47.81,2773.0,84.03,140.0,125.0,0.0
31-03-2010,50.2,3300.0,47.8,2771.0,83.97,142.0,125.0,0.0
01-04-2010,50.2,3300.0,47.79,2769.0,83.91,138.0,125.0,0.0
02-04-2010,50.2,3300.0,47.77,2765.0,83.79,130.0,125.0,0.0
03-04-2010,50.2,3300.0,47.75,2761.0,83.67,130.0,125.0,0.0
04-04-2010,50.2,3300.0,47.74,2759.0,83.61,132.0,125.0,0.0
05-04-2010,50.2,3300.0,47.72,2755.0,83.48,125.0,125.0,0.0
06-04-2010,50.2,3300.0,47.68,2748.0,83.27,93.0,125.0,0.0
07-04-2010,50.2,3300.0,47.64,2739.0,83.0,82.0,125.0,0.0
08-04-2010,50.2,3300.0,47.6,2730.0,82.73,82.0,125.0,0.0
09-04-2010,50.2,3300.0,47.55,2720.0,82.42,62.0,125.0,0.0
10-04-2010,50.2,3300.0,47.49,2707.0,82.03,55.0,125.0,0.0
11-04-2010,50.2,3300.0,47.43,2695.0,81.67,58.0,125.0,0.0
12-04-2010,50.2,3300.0,47.37,2682.0,81.27,56.0,125.0,0.0
13-04-2010,50.2,3300.0,47.31,2669.0,80.88,55.0,125.0,0.0
14-04-2010,50.2,3300.0,47.25,2657.0,80.52,55.0,125.0,0.0
15-04-2010,50.2,3300.0,47.18,2642.0,80.06,50.0,125.0,0.0
16-04-2010,50.2,3300.0,47.11,2628.0,79.64,43.0,125.0,0.0
17-04-2010,50.2,3300.0,47.04,2613.0,79.18,40.0,125.0,0.0
18-04-2010,50.2,3300.0,46.96,2597.0,78.7,28.0,125.0,0.0
19-04-2010,50.2,3300.0,46.88,2589.0,78.45,30.0,125.0,0.0
20-04-2010,50.2,3300.0,46.79,2563.0,77.67,29.0,125.0,0.0
21-04-2010,50.2,3300.0,46.7,2544.0,77.09,29.0,125.0,0.0
22-04-2010,50.2,3300.0,46.6,2524.0,76.48,20.0,125.0,0.0
23-04-2010,50.2,3300.0,46.5,2505.0,75.91,18.0,125.0,0.0
24-04-2010,50.2,3300.0,46.4,2485.0,75.3,18.0,125.0,0.0
25-04-2010,50.2,3300.0,46.3,2465.0,74.7,17.0,125.0,0.0
26-04-2010,50.2,3300.0,46.2,2446.0,74.12,17.0,125.0,0.0
27-04-2010,50.2,3300.0,46.09,2424.0,73.45,8.0,125.0,0.0
28-04-2010,50.2,3300.0,45.99,2405.0,72.88,8.0,125.0,0.0
29-04-2010,50.2,3300.0,45.89,2386.0,72.3,8.0,125.0,0.0
30-04-2010,50.2,3300.0,45.78,2365.0,71.67,8.0,125.0,0.0
01-05-2010,50.2,3300.0,45.67,2344.0,71.03,8.0,125.0,2.0
02-05-2010,50.2,3300.0,45.56,2324.0,70.42,8.0,125.0,0.0
03-05-2010,50.2,3300.0,45.45,2303.0,69.79,8.0,125.0,0.0
04-05-2010,50.2,3300.0,45.35,2285.0,69.24,8.0,125.0,0.0
05-05-2010,50.2,3300.0,45.24,2265.0,68.64,8.0,125.0,0.0
06-05-2010,50.2,3300.0,45.13,2244.0,68.0,8.0,125.0,0.0
07-05-2010,50.2,3300.0,45.02,2225.0,67.42,8.0,125.0,0.0
08-05-2010,50.2,3300.0,44.92,2207.0,66.88,8.0,125.0,0.0
09-05-2010,50.2,3300.0,44.81,2187.0,66.27,5.0,125.0,0.0
10-05-2010,50.2,3300.0,44.71,2169.0,65.73,5.0,125.0,0.0
11-05-2010,50.2,3300.0,44.61,2152.0,65.21,5.0,125.0,0.0
12-05-2010,50.2,3300.0,44.51,2134.0,64.67,5.0,125.0,0.0
13-05-2010,50.2,3300.0,44.42,2118.0,64.18,5.0,125.0,0.0
14-05-2010,50.2,3300.0,44.32,2101.0,63.67,5.0,125.0,0.0
15-05-2010,50.2,3300.0,44.23,2085.0,63.18,5.0,125.0,0.0
16-05-2010,50.2,3300.0,44.13,2068.0,62.67,5.0,125.0,0.0
17-05-2010,50.2,3300.0,44.03,2051.0,62.15,0.0,125.0,0.0
18-05-2010,50.2,3300.0,43.93,2033.0,61.61,0.0,125.0,0.0
19-05-2010,50.2,3300.0,44.1,2063.0,62.52,463.0,125.0,71.0
20-05-2010,50.2,3300.0,44.74,2175.0,65.91,1420.0,125.0,143.0
21-05-2010,50.2,3300.0,44.74,2175.0,65.91,175.0,175.0,0.0
22-05-2010,50.2,3300.0,44.64,2160.0,65.45,8.0,125.0,0.0
23-05-2010,50.2,3300.0,44.57,2145.0,65.0,8.0,175.0,0.0
24-05-2010,50.2,3300.0,44.48,2129.0,64.52,8.0,175.0,0.0
25-05-2010,50.2,3300.0,44.33,2113.0,64.03,8.0,175.0,0.0
26-05-2010,50.2,3300.0,44.3,2097.0,63.55,8.0,175.0,0.0
27-05-2010,50.2,3300.0,44.21,2082.0,63.09,0.0,175.0,0.0
28-05-2010,50.2,3300.0,44.11,2064.0,62.55,0.0,175.0,0.0
29-05-2010,50.2,3300.0,44.02,2049.0,62.09,0.0,175.0,0.0
30-05-2010,50.2,3300.0,43.93,2033.0,61.61,0.0,175.0,0.0
31-05-2010,50.2,3300.0,43.84,2018.0,61.15,0.0,175.0,0.0
01-06-2010,50.2,3300.0,43.76,2004.0,60.73,0.0,175.0,0.0
02-06-2010,50.2,3300.0,43.67,1989.0,60.27,0.0,175.0,0.0
03-06-2010,50.2,3300.0,43.58,1974.0,59.82,0.0,175.0,0.0
04-06-2010,50.2,3300.0,43.49,1958.0,59.33,0.0,175.0,0.0
05-06-2010,50.2,3300.0,43.41,1945.0,58.94,0.0,175.0,10.0
06-06-2010,50.2,3300.0,43.33,1931.0,58.52,0.0,162.0,0.0
07-06-2010,50.2,3300.0,43.25,1918.0,58.12,0.0,162.0,0.0
08-06-2010,50.2,3300.0,43.16,1903.0,57.67,0.0,162.0,0.0
09-06-2010,50.2,3300.0,43.08,1889.0,57.24,0.0,162.0,8.0
10-06-2010,50.2,3300.0,43.0,1876.0,56.85,0.0,162.0,22.0
11-06-2010,50.2,3300.0,42.92,1863.0,56.45,0.0,162.0,0.0
12-06-2010,50.2,3300.0,42.83,1848.0,56.0,0.0,162.0,6.0
13-06-2010,50.2,3300.0,42.74,1833.0,55.55,0.0,162.0,0.0
14-06-2010,50.2,3300.0,42.65,1818.0,55.09,0.0,162.0,0.0
15-06-2010,50.2,3300.0,42.56,1803.0,54.64,0.0,162.0,0.0
16-06-2010,50.2,3300.0,42.48,1790.0,54.24,0.0,162.0,0.0
17-06-2010,50.2,3300.0,42.39,1776.0,53.82,0.0,162.0,0.0
18-06-2010,50.2,3300.0,42.3,1761.0,53.36,0.0,162.0,0.0
19-06-2010,50.2,3300.0,42.21,1746.0,52.91,0.0,162.0,0.0
20-06-2010,50.2,3300.0,42.12,1732.0,52.48,0.0,162.0,0.0
21-06-2010,50.2,3300.0,42.03,1717.0,52.03,0.0,162.0,0.0
22-06-2010,50.2,3300.0,41.94,1703.0,51.61,0.0,162.0,1.0
23-06-2010,50.2,3300.0,41.85,1689.0,51.18,0.0,162.0,0.0
24-06-2010,50.2,3300.0,41.76,1674.0,50.73,0.0,162.0,0.0
25-06-2010,50.2,3300.0,41.67,1660.0,50.3,0.0,162.0,0.0
26-06-2010,50.2,3300.0,41.58,1646.0,49.88,0.0,162.0,0.0
27-06-2010,50.2,3300.0,41.48,1630.0,49.39,0.0,162.0,0.0
28-06-2010,50.2,3300.0,41.56,1642.0,49.76,308.0,162.0,75.0
29-06-2010,50.2,3300.0,41.47,1628.0,49.33,0.0,162.0,0.0
30-06-2010,50.2,3300.0,41.38,1614.0,48.91,0.0,162.0,0.0
01-07-2010,50.2,3300.0,41.31,1600.0,48.48,0.0,153.0,0.0
02-07-2010,50.2,3300.0,41.22,1587.0,48.09,0.0,153.0,0.0
03-07-2010,50.2,3300.0,41.12,1573.0,47.67,0.0,153.0,0.0
04-07-2010,50.2,3300.0,41.03,1560.0,47.27,0.0,153.0,0.0
05-07-2010,50.2,3300.0,40.94,1546.0,46.85,0.0,153.0,0.0
06-07-2010,50.2,3300.0,40.85,1532.0,46.42,0.0,153.0,17.0
07-07-2010,50.2,3300.0,40.76,1518.0,46.0,0.0,153.0,1.0
08-07-2010,50.2,3300.0,40.67,1504.0,45.58,0.0,153.0,0.0
09-07-2010,50.2,3300.0,40.57,1489.0,45.12,0.0,153.0,0.0
10-07-2010,50.2,3300.0,40.48,1476.0,44.73,0.0,153.0,0.0
11-07-2010,50.2,3300.0,40.39,1462.0,44.3,0.0,153.0,0.0
12-07-2010,50.2,3300.0,40.3,1449.0,43.91,0.0,153.0,0.0
13-07-2010,50.2,3300.0,40.24,1440.0,43.64,50.0,153.0,38.0
14-07-2010,50.2,3300.0,40.18,1431.0,43.36,50.0,153.0,0.0
15-07-2010,50.2,3300.0,40.09,1418.0,42.97,0.0,153.0,0.0
16-07-2010,50.2,3300.0,40.01,1406.0,42.61,0.0,153.0,0.0
17-07-2010,50.2,3300.0,39.95,1397.0,42.33,58.0,153.0,15.0
18-07-2010,50.2,3300.0,40.38,1461.0,44.27,894.0,153.0,50.0
19-07-2010,50.2,3300.0,40.43,1468.0,44.48,234.0,153.0,12.0
20-07-2010,50.2,3300.0,40.38,1461.0,44.27,72.0,153.0,4.0
21-07-2010,50.2,3300.0,40.35,1457.0,44.15,107.0,153.0,20.0
22-07-2010,50.2,3300.0,40.31,1451.0,43.97,84.0,153.0,0.0
23-07-2010,50.2,3300.0,40.25,1442.0,43.7,49.0,153.0,0.0
24-07-2010,50.2,3300.0,40.16,1428.0,43.27,0.0,158.0,0.0
25-07-2010,50.2,3300.0,40.07,1415.0,42.88,0.0,158.0,0.0
26-07-2010,50.2,3300.0,39.98,1402.0,42.48,0.0,158.0,0.0
27-07-2010,50.2,3300.0,39.88,1387.0,42.03,0.0,158.0,0.0
28-07-2010,50.2,3300.0,39.84,1381.0,41.85,89.0,158.0,9.6
29-07-2010,50.2,3300.0,39.74,1367.0,41.42,0.0,158.0,7.4
30-07-2010,50.2,3300.0,39.79,1374.0,41.64,239.0,158.0,49.0
31-07-2010,50.2,3300.0,39.84,1381.0,41.85,239.0,158.0,22.0
01-08-2010,50.2,3300.0,39.84,1381.0,41.85,158.0,158.0,3.6
02-08-2010,50.2,3300.0,39.75,1368.0,41.45,0.0,160.0,0.0
03-08-2010,50.2,3300.0,39.66,1355.0,41.06,0.0,160.0,0.0
04-08-2010,50.2,3300.0,39.57,1342.0,40.67,0.0,160.0,0.0
05-08-2010,50.2,3300.0,39.48,1329.0,40.27,0.0,160.0,0.0
06-08-2010,50.2,3300.0,39.38,1315.0,39.85,0.0,160.0,0.0
07-08-2010,50.2,3300.0,39.28,1301.0,39.42,0.0,159.0,0.0
08-08-2010,50.2,3300.0,39.19,1288.0,39.03,0.0,159.0,6.0
09-08-2010,50.2,3300.0,39.09,1274.0,38.61,0.0,159.0,1.0
10-08-2010,50.2,3300.0,38.99,1260.0,38.18,0.0,159.0,0.0
11-08-2010,50.2,3300.0,38.89,1246.0,37.76,0.0,158.0,0.0
12-08-2010,50.2,3300.0,38.79,1232.0,37.33,0.0,158.0,0.0
13-08-2010,50.2,3300.0,38.72,1223.0,37.06,46.0,158.0,15.0
14-08-2010,50.2,3300.0,38.66,1214.0,36.79,46.0,158.0,8.0
15-08-2010,50.2,3300.0,38.56,1201.0,36.39,0.0,158.0,0.0
16-08-2010,50.2,3300.0,38.56,1201.0,36.39,158.0,158.0,36.0
17-08-2010,50.2,3300.0,38.49,1192.0,36.12,46.0,158.0,0.0
18-08-2010,50.2,3300.0,38.54,1198.0,36.3,227.0,158.0,42.0
19-08-2010,50.2,3300.0,38.63,1210.0,36.67,297.0,158.0,45.0
20-08-2010,50.2,3300.0,38.63,1210.0,36.67,158.0,158.0,0.0
21-08-2010,50.2,3300.0,38.67,1216.0,36.85,227.0,158.0,11.0
22-08-2010,50.2,3300.0,38.74,1226.0,37.15,274.0,158.0,11.0
23-08-2010,50.2,3300.0,39.15,1282.0,38.85,806.0,158.0,110.0
24-08-2010,50.2,3300.0,39.55,1339.0,40.58,818.0,158.0,7.0
25-08-2010,50.2,3300.0,40.1,1419.0,43.0,1084.0,158.0,10.0
26-08-2010,50.2,3300.0,40.32,1452.0,44.0,540.0,158.0,12.0
27-08-2010,50.2,3300.0,40.39,1463.0,44.33,287.0,158.0,0.0
28-08-2010,50.2,3300.0,40.39,1463.0,44.33,140.0,140.0,0.0
29-08-2010,50.2,3300.0,40.34,1455.0,44.09,47.0,140.0,0.0
30-08-2010,50.2,3300.0,40.28,1446.0,43.82,36.0,140.0,10.0
31-08-2010,50.2,3300.0,40.22,1437.0,43.55,36.0,140.0,1.0
01-09-2010,50.2,3300.0,40.16,1428.0,43.27,36.0,140.0,0.0
02-09-2010,50.2,3300.0,40.08,1416.0,42.91,0.0,140.0,0.0
03-09-2010,50.2,3300.0,40.11,1421.0,43.06,198.0,140.0,29.0
04-09-2010,50.2,3300.0,40.11,1421.0,43.06,140.0,140.0,2.0
05-09-2010,50.2,3300.0,40.11,1421.0,43.06,140.0,140.0,2.0
06-09-2010,50.2,3300.0,40.11,1421.0,43.06,140.0,140.0,0.0
07-09-2010,50.2,3300.0,40.11,1421.0,43.06,140.0,140.0,0.0
08-09-2010,50.2,3300.0,40.08,1416.0,42.91,82.0,140.0,0.0
09-09-2010,50.2,3300.0,40.02,1408.0,42.67,47.0,140.0,0.0
10-09-2010,50.2,3300.0,40.08,1416.0,42.91,233.0,140.0,20.0
11-09-2010,50.2,3300.0,40.11,1421.0,43.06,198.0,140.0,2.0
12-09-2010,50.2,3300.0,40.11,1421.0,43.06,140.0,140.0,1.0
13-09-2010,50.2,3300.0,40.11,1421.0,43.06,140.0,140.0,1.0
14-09-2010,50.2,3300.0,40.11,1421.0,43.06,140.0,140.0,1.0
15-09-2010,50.2,3300.0,40.11,1421.0,43.06,140.0,140.0,0.0
16-09-2010,50.2,3300.0,40.11,1421.0,43.06,140.0,140.0,0.0
17-09-2010,50.2,3300.0,40.03,1409.0,42.7,0.0,140.0,0.0
18-09-2010,50.2,3300.0,40.03,1409.0,42.7,140.0,140.0,14.0
19-09-2010,50.2,3300.0,39.98,1402.0,42.48,59.0,140.0,0.0
20-09-2010,50.2,3300.0,39.91,1392.0,42.18,23.0,140.0,0.0
21-09-2010,50.2,3300.0,39.84,1381.0,41.85,0.0,140.0,0.0
22-09-2010,50.2,3300.0,39.76,1370.0,41.52,0.0,140.0,0.0
23-09-2010,50.2,3300.0,39.68,1358.0,41.15,0.0,140.0,0.0
24-09-2010,50.2,3300.0,39.6,1347.0,40.82,0.0,140.0,0.0
25-09-2010,50.2,3300.0,39.52,1335.0,40.45,0.0,140.0,0.0
26-09-2010,50.2,3300.0,39.43,1322.0,40.06,0.0,140.0,0.0
27-09-2010,50.2,3300.0,39.5,1332.0,40.36,255.0,140.0,28.0
28-09-2010,50.2,3300.0,39.5,1332.0,40.36,140.0,140.0,3.0
29-09-2010,50.2,3300.0,39.42,1321.0,40.03,12.0,140.0,0.0
30-09-2010,50.2,3300.0,39.34,1309.0,39.67,0.0,140.0,0.0
01-10-2010,50.2,3300.0,39.25,1297.0,39.3,0.0,140.0,0.0
02-10-2010,50.2,3300.0,39.17,1285.0,38.94,0.0,140.0,1.0
03-10-2010,50.2,3300.0,39.21,1291.0,39.12,209.0,140.0,18.0
04-10-2010,50.2,3300.0,39.17,1285.0,38.94,69.0,140.0,1.0
05-10-2010,50.2,3300.0,39.08,1273.0,38.58,0.0,140.0,0.0
06-10-2010,50.2,3300.0,39.08,1273.0,38.58,140.0,140.0,18.0
07-10-2010,50.2,3300.0,39.08,1273.0,38.58,140.0,140.0,1.0
08-10-2010,50.2,3300.0,39.02,1264.0,38.3,36.0,140.0,0.0
09-10-2010,50.2,3300.0,38.93,1252.0,37.94,36.0,140.0,0.0
10-10-2010,50.2,3300.0,38.89,1246.0,37.76,0.0,140.0,0.0
11-10-2010,50.2,3300.0,38.85,1241.0,37.61,80.0,140.0,0.0
12-10-2010,50.2,3300.0,38.81,1235.0,37.42,80.0,133.0,0.0
13-10-2010,50.2,3300.0,38.76,1228.0,37.21,80.0,133.0,0.0
14-10-2010,50.2,3300.0,38.76,1228.0,37.21,140.0,140.0,0.0
15-10-2010,50.2,3300.0,38.82,1237.0,37.48,240.0,133.0,0.0
16-10-2010,50.2,3300.0,38.88,1245.0,37.73,240.0,133.0,0.0
17-10-2010,50.2,3300.0,38.93,1252.0,37.94,240.0,133.0,9.0
18-10-2010,50.2,3300.0,38.99,1260.0,38.18,240.0,133.0,0.0
19-10-2010,50.2,3300.0,39.05,1269.0,38.45,240.0,133.0,0.0
20-10-2010,50.2,3300.0,39.12,1278.0,38.73,240.0,133.0,7.0
21-10-2010,50.2,3300.0,39.19,1288.0,39.03,240.0,133.0,0.0
22-10-2010,50.2,3300.0,39.26,1298.0,39.33,240.0,133.0,0.0
23-10-2010,50.2,3300.0,39.33,1308.0,39.64,240.0,133.0,0.0
24-10-2010,50.2,3300.0,39.4,1318.0,39.94,240.0,133.0,3.0
25-10-2010,50.2,3300.0,39.47,1328.0,40.24,240.0,133.0,0.0
26-10-2010,50.2,3300.0,39.54,1338.0,40.55,240.0,133.0,0.0
27-10-2010,50.2,3300.0,39.61,1348.0,40.85,240.0,133.0,0.0
28-10-2010,50.2,3300.0,39.61,1358.0,41.15,240.0,133.0,0.0
29-10-2010,50.2,3300.0,40.02,1408.0,42.67,712.0,133.0,60.0
30-10-2010,50.2,3300.0,40.85,1532.0,46.42,1568.0,133.0,42.0
31-10-2010,50.2,3300.0,40.98,1552.0,47.03,471.0,133.0,12.0
01-11-2010,50.2,3300.0,41.18,1581.0,47.91,469.0,133.0,0.0
02-11-2010,50.2,3300.0,41.44,1619.0,49.06,572.0,132.0,25.0
03-11-2010,50.2,3300.0,41.58,1646.0,49.88,444.0,132.0,5.0
04-11-2010,50.2,3300.0,41.71,1666.0,50.48,363.0,132.0,0.0
05-11-2010,50.2,3300.0,41.92,1700.0,51.52,526.0,132.0,9.0
06-11-2010,50.2,3300.0,42.1,1729.0,52.39,468.0,132.0,0.0
07-11-2010,50.2,3300.0,42.32,1764.0,53.45,537.0,132.0,10.0
08-11-2010,50.2,3300.0,42.83,1848.0,56.0,1105.0,133.0,41.0
09-11-2010,50.2,3300.0,42.96,1870.0,56.67,388.0,133.0,0.0
10-11-2010,50.2,3300.0,43.06,1886.0,57.15,318.0,133.0,0.0
11-11-2010,50.2,3300.0,43.19,1908.0,57.82,388.0,133.0,9.0
12-11-2010,50.2,3300.0,43.29,1925.0,58.33,330.0,133.0,4.0
13-11-2010,50.2,3300.0,43.38,1940.0,58.79,330.0,133.0,0.0
14-11-2010,50.2,3300.0,43.47,1955.0,59.24,307.0,133.0,0.0
15-11-2010,50.2,3300.0,43.55,1969.0,59.67,295.0,133.0,0.0
16-11-2010,50.2,3300.0,43.81,2013.0,61.0,642.0,133.0,34.0
17-11-2010,50.2,3300.0,44.31,2103.0,63.73,1175.0,133.0,49.0
18-11-2010,50.2,3300.0,44.6,2150.0,65.15,677.0,133.0,14.0
19-11-2010,50.2,3300.0,44.8,2185.0,66.21,538.0,133.0,0.0
20-11-2010,50.2,3300.0,44.96,2214.0,67.09,469.0,133.0,0.0
21-11-2010,50.2,3300.0,45.16,2250.0,68.18,550.0,133.0,10.0
22-11-2010,50.2,3300.0,45.39,2292.0,69.45,619.0,133.0,0.0
23-11-2010,50.2,3300.0,45.58,2328.0,70.55,550.0,133.0,0.0
24-11-2010,50.2,3300.0,45.78,2365.0,71.67,561.0,133.0,4.0
25-11-2010,50.2,3300.0,46.04,2415.0,73.18,712.0,133.0,0.0
26-11-2010,50.2,3300.0,46.3,2465.0,74.7,712.0,133.0,4.0
27-11-2010,50.2,3300.0,46.54,2513.0,76.15,689.0,133.0,0.0
28-11-2010,50.2,3300.0,46.74,2552.0,77.33,584.0,133.0,0.0
29-11-2010,50.2,3300.0,46.93,2591.0,78.52,584.0,133.0,0.0
30-11-2010,50.2,3300.0,47.12,2630.0,79.7,584.0,133.0,2.0
01-12-2010,50.2,3300.0,47.43,2695.0,81.67,885.0,133.0,41.0
02-12-2010,50.2,3300.0,47.83,2777.0,84.15,1082.0,133.0,35.0
03-12-2010,50.2,3300.0,48.12,2837.0,85.97,827.0,133.0,2.0
04-12-2010,50.2,3300.0,48.42,2896.0,87.76,816.0,133.0,1.0
05-12-2010,50.2,3300.0,48.72,2956.0,89.58,827.0,133.0,5.0
06-12-2010,50.2,3300.0,49.19,3050.0,92.42,1221.0,133.0,62.0
07-12-2010,50.2,3300.0,49.67,3158.0,95.7,2083.0,833.0,55.0
08-12-2010,50.2,3300.0,49.57,3131.0,94.88,521.0,733.0,2.0
09-12-2010,50.2,3300.0,49.57,3131.0,94.88,333.0,133.0,0.0
10-12-2010,50.2,3300.0,49.64,3150.0,95.45,453.0,233.0,0.0
11-12-2010,50.2,3300.0,49.64,3150.0,95.45,333.0,333.0,0.0
12-12-2010,50.2,3300.0,49.64,3150.0,95.45,233.0,233.0,14.0
13-12-2010,50.2,3300.0,49.67,3158.0,95.7,226.0,133.0,0.0
14-12-2010,50.2,3300.0,49.68,3160.0,95.76,156.0,133.0,0.0
15-12-2010,50.2,3300.0,49.69,3163.0,95.85,168.0,133.0,0.0
16-12-2010,50.2,3300.0,49.69,3163.0,95.85,133.0,133.0,0.0
17-12-2010,50.2,3300.0,49.76,3182.0,96.42,353.0,133.0,7.0
18-12-2010,50.2,3300.0,49.77,3184.0,96.48,156.0,133.0,5.0
19-12-2010,50.2,3300.0,49.78,3187.0,96.58,168.0,133.0,0.0
20-12-2010,50.2,3300.0,49.8,3192.0,96.73,191.0,133.0,8.0
21-12-2010,50.2,3300.0,49.81,3195.0,96.82,168.0,133.0,4.0
22-12-2010,50.2,3300.0,49.81,3195.0,96.82,133.0,133.0,0.0
23-12-2010,50.2,3300.0,49.8,3192.0,96.73,100.0,133.0,0.0
24-12-2010,50.2,3300.0,49.79,3190.0,96.67,100.0,133.0,0.0
25-12-2010,50.2,3300.0,49.79,3190.0,96.67,200.0,133.0,0.0
26-12-2010,50.2,3300.0,49.79,3190.0,96.67,200.0,133.0,0.0
27-12-2010,50.2,3300.0,49.79,3190.0,96.67,200.0,133.0,0.0
28-12-2010,50.2,3300.0,49.8,3192.0,96.73,180.0,133.0,0.0
29-12-2010,50.2,3300.0,49.84,3203.0,97.06,260.0,133.0,0.0
30-12-2010,50.2,3300.0,49.88,3214.0,97.39,260.0,133.0,0.0
31-12-2010,50.2,3300.0,49.92,3225.0,97.73,260.0,133.0,0.0
01-01-2011,50.2,3300.0,49.96,3235.0,98.03,249.0,133.0,0.0
02-01-2011,50.2,3300.0,49.99,3243.0,98.27,226.0,133.0,0.0
03-01-2011,50.2,3300.0,50.03,3254.0,98.61,260.0,133.0,0.0
04-01-2011,50.2,3300.0,50.14,3284.0,99.52,480.0,133.0,0.0
05-01-2011,50.2,3300.0,50.2,3300.0,100.0,318.0,133.0,0.0
06-01-2011,50.2,3300.0,50.15,3286.0,99.58,0.0,133.0,0.0
07-01-2011,50.2,3300.0,50.1,3273.0,99.18,0.0,133.0,0.0
08-01-2011,50.2,3300.0,50.05,3259.0,98.76,0.0,133.0,1.0
09-01-2011,50.2,3300.0,50.03,3254.0,98.61,80.0,133.0,0.0
10-01-2011,50.2,3300.0,50.01,3251.0,98.52,80.0,133.0,0.0
11-01-2011,50.2,3300.0,50.0,3246.0,98.36,80.0,133.0,0.0
12-01-2011,50.2,3300.0,49.98,3241.0,98.21,80.0,133.0,0.0
13-01-2011,50.2,3300.0,49.98,3241.0,98.21,135.0,133.0,0.0
14-01-2011,50.2,3300.0,50.05,3259.0,98.76,341.0,133.0,0.0
15-01-2011,50.2,3300.0,50.05,3259.0,98.76,133.0,133.0,0.0
16-01-2011,50.2,3300.0,50.05,3259.0,98.76,133.0,133.0,0.0
17-01-2011,50.2,3300.0,50.05,3259.0,98.76,133.0,133.0,0.0
18-01-2011,50.2,3300.0,50.05,3259.0,98.76,133.0,133.0,0.0
19-01-2011,50.2,3300.0,50.05,3259.0,98.76,133.0,133.0,0.0
20-01-2011,50.2,3300.0,50.05,3259.0,98.76,133.0,133.0,0.0
21-01-2011,50.2,3300.0,50.05,3259.0,98.76,133.0,133.0,0.0
22-01-2011,50.2,3300.0,50.05,3259.0,98.76,133.0,133.0,0.0
23-01-2011,50.2,3300.0,50.05,3259.0,98.76,133.0,133.0,0.0
24-01-2011,50.2,3300.0,50.05,3259.0,98.76,133.0,133.0,0.0
25-01-2011,50.2,3300.0,50.05,3259.0,98.76,133.0,133.0,0.0
26-01-2011,50.2,3300.0,50.05,3259.0,98.76,133.0,133.0,0.0
27-01-2011,50.2,3300.0,50.05,3259.0,98.76,133.0,133.0,0.0
28-01-2011,50.2,3300.0,50.05,3259.0,98.76,135.0,133.0,0.0
29-01-2011,50.2,3300.0,50.05,3259.0,98.76,135.0,133.0,0.0
30-01-2011,50.2,3300.0,50.05,3259.0,98.76,135.0,133.0,0.0
31-01-2011,50.2,3300.0,50.05,3259.0,98.76,133.0,133.0,0.0
01-02-2011,50.2,3300.0,50.03,3254.0,98.61,90.0,133.0,0.0
02-02-2011,50.2,3300.0,50.01,3249.0,98.45,90.0,133.0,0.0
03-02-2011,50.2,3300.0,49.99,3243.0,98.27,80.0,140.0,0.0
04-02-2011,50.2,3300.0,49.97,3238.0,98.12,80.0,140.0,0.0
05-02-2011,50.2,3300.0,49.94,3230.0,97.88,60.0,140.0,0.0
06-02-2011,50.2,3300.0,49.91,3222.0,97.64,60.0,140.0,0.0
07-02-2011,50.2,3300.0,49.88,3214.0,97.39,60.0,140.0,0.0
08-02-2011,50.2,3300.0,49.85,3206.0,97.15,60.0,140.0,0.0
09-02-2011,50.2,3300.0,49.82,3198.0,96.91,60.0,140.0,0.0
10-02-2011,50.2,3300.0,49.78,3187.0,96.58,40.0,140.0,0.0
11-02-2011,50.2,3300.0,49.74,3176.0,96.24,40.0,140.0,0.0
12-02-2011,50.2,3300.0,49.7,3166.0,95.94,40.0,140.0,0.0
13-02-2011,50.2,3300.0,49.66,3155.0,95.61,40.0,140.0,0.0
14-02-2011,50.2,3300.0,49.62,3144.0,95.27,40.0,140.0,0.0
15-02-2011,50.2,3300.0,49.58,3133.0,94.94,40.0,140.0,0.0
16-02-2011,50.2,3300.0,49.54,3123.0,94.64,40.0,140.0,0.0
17-02-2011,50.2,3300.0,49.5,3112.0,94.3,40.0,140.0,0.0
18-02-2011,50.2,3300.0,49.44,3100.0,93.94,40.0,140.0,0.0
19-02-2011,50.2,3300.0,49.38,3088.0,93.58,40.0,140.0,0.0
20-02-2011,50.2,3300.0,49.32,3076.0,93.21,40.0,140.0,0.0
21-02-2011,50.2,3300.0,49.27,3066.0,92.91,40.0,140.0,0.0
22-02-2011,50.2,3300.0,49.27,3066.0,92.91,140.0,140.0,15.0
23-02-2011,50.2,3300.0,49.44,3100.0,93.94,534.0,140.0,48.0
24-02-2011,50.2,3300.0,49.56,3128.0,94.79,464.0,140.0,48.0
25-02-2011,50.2,3300.0,49.59,3136.0,95.03,233.0,140.0,0.0
26-02-2011,50.2,3300.0,49.56,3128.0,94.79,60.0,140.0,0.0
27-02-2011,50.2,3300.0,49.53,3120.0,94.55,60.0,140.0,0.0
28-02-2011,50.2,3300.0,49.5,3112.0,94.3,60.0,140.0,0.0
01-03-2011,50.2,3300.0,49.47,3106.0,94.12,60.0,140.0,0.0
02-03-2011,50.2,3300.0,49.44,3100.0,93.94,60.0,140.0,0.0
03-03-2011,50.2,3300.0,49.4,3092.0,93.7,55.0,140.0,0.0
04-03-2011,50.2,3300.0,49.37,3086.0,93.52,55.0,140.0,0.0
05-03-2011,50.2,3300.0,49.34,3080.0,93.33,55.0,140.0,0.0
06-03-2011,50.2,3300.0,49.31,3074.0,93.15,55.0,140.0,0.0
07-03-2011,50.2,3300.0,49.28,3068.0,92.97,55.0,140.0,0.0
08-03-2011,50.2,3300.0,49.25,3062.0,92.79,55.0,140.0,0.0
09-03-2011,50.2,3300.0,49.2,3052.0,92.48,23.0,140.0,0.0
10-03-2011,50.2,3300.0,49.15,3042.0,92.18,23.0,140.0,0.0
11-03-2011,50.2,3300.0,49.09,3030.0,91.82,0.0,140.0,0.0
12-03-2011,50.2,3300.0,49.03,3018.0,91.45,0.0,140.0,0.0
13-03-2011,50.2,3300.0,48.97,3006.0,91.09,0.0,140.0,0.0
14-03-2011,50.2,3300.0,48.91,2994.0,90.73,0.0,140.0,0.0
15-03-2011,50.2,3300.0,48.85,2982.0,90.36,0.0,140.0,0.0
16-03-2011,50.2,3300.0,48.79,2970.0,90.0,0.0,140.0,0.0
17-03-2011,50.2,3300.0,48.73,2958.0,89.64,0.0,140.0,0.0
18-03-2011,50.2,3300.0,48.67,2946.0,89.27,0.0,140.0,0.0
19-03-2011,50.2,3300.0,48.6,2932.0,88.85,0.0,140.0,0.0
20-03-2011,50.2,3300.0,48.52,2916.0,88.36,0.0,140.0,0.0
21-03-2011,50.2,3300.0,48.42,2896.0,87.76,0.0,190.0,0.0
22-03-2011,50.2,3300.0,48.32,2876.0,87.15,0.0,190.0,0.0
23-03-2011,50.2,3300.0,48.23,2858.0,86.61,0.0,190.0,0.0
24-03-2011,50.2,3300.0,48.14,2840.0,86.06,0.0,190.0,0.0
25-03-2011,50.2,3300.0,48.05,2823.0,85.55,0.0,190.0,0.0
26-03-2011,50.2,3300.0,47.96,2805.0,85.0,0.0,190.0,0.0
27-03-2011,50.2,3300.0,47.89,2788.0,84.48,0.0,190.0,0.0
28-03-2011,50.2,3300.0,47.8,2770.0,83.94,0.0,190.0,0.0
29-03-2011,50.2,3300.0,47.71,2753.0,83.42,0.0,190.0,0.0
30-03-2011,50.2,3300.0,47.63,2736.0,82.91,0.0,190.0,0.0
31-03-2011,50.2,3300.0,47.55,2720.0,82.42,0.0,190.0,0.0
01-04-2011,50.2,3300.0,47.48,2705.0,81.97,0.0,190.0,0.0
02-04-2011,50.2,3300.0,47.4,2688.0,81.45,0.0,190.0,0.0
03-04-2011,50.2,3300.0,47.31,2669.0,80.88,0.0,190.0,0.0
04-04-2011,50.2,3300.0,47.23,2653.0,80.39,0.0,190.0,0.0
05-04-2011,50.2,3300.0,47.15,2636.0,79.88,0.0,190.0,0.0
06-04-2011,50.2,3300.0,47.07,2620.0,79.39,0.0,190.0,0.0
07-04-2011,50.2,3300.0,47.0,2605.0,78.94,0.0,190.0,0.0
08-04-2011,50.2,3300.0,46.92,2589.0,78.45,0.0,190.0,0.0
09-04-2011,50.2,3300.0,46.85,2575.0,78.03,0.0,190.0,0.0
10-04-2011,50.2,3300.0,46.77,2559.0,77.55,0.0,190.0,0.0
11-04-2011,50.2,3300.0,46.7,2544.0,77.09,0.0,190.0,0.0
12-04-2011,50.2,3300.0,46.62,2528.0,76.61,0.0,190.0,0.0
13-04-2011,50.2,3300.0,46.53,2511.0,76.09,0.0,190.0,0.0
14-04-2011,50.2,3300.0,46.44,2493.0,75.55,0.0,190.0,0.0
15-04-2011,50.2,3300.0,46.35,2475.0,75.0,0.0,190.0,0.0
16-04-2011,50.2,3300.0,46.27,2459.0,74.52,0.0,190.0,0.0
17-04-2011,50.2,3300.0,46.18,2442.0,74.0,0.0,190.0,0.0
18-04-2011,50.2,3300.0,46.09,2424.0,73.45,0.0,190.0,0.0
19-04-2011,50.2,3300.0,46.0,2407.0,72.94,0.0,190.0,0.0
20-04-2011,50.2,3300.0,45.91,2390.0,72.42,0.0,190.0,0.0
21-04-2011,50.2,3300.0,45.83,2375.0,71.97,0.0,190.0,0.0
22-04-2011,50.2,3300.0,45.77,2363.0,71.61,50.0,190.0,26.0
23-04-2011,50.2,3300.0,45.81,2371.0,71.85,282.0,190.0,22.6
24-04-2011,50.2,3300.0,45.78,2365.0,71.67,121.0,190.0,0.0
25-04-2011,50.2,3300.0,45.7,2349.0,71.18,0.0,190.0,0.0
26-04-2011,50.2,3300.0,45.64,2339.0,70.88,74.0,190.0,5.0
27-04-2011,50.2,3300.0,45.56,2324.0,70.42,0.0,190.0,0.0
28-04-2011,50.2,3300.0,45.48,2309.0,69.97,0.0,190.0,0.0
29-04-2011,50.2,3300.0,45.39,2292.0,69.45,0.0,190.0,0.0
30-04-2011,50.2,3300.0,45.3,2276.0,68.97,0.0,190.0,0.0
01-05-2011,50.2,3300.0,45.23,2263.0,68.58,0.0,190.0,0.0
02-05-2011,50.2,3300.0,45.15,2248.0,68.12,0.0,190.0,0.0
03-05-2011,50.2,3300.0,45.07,2234.0,67.7,0.0,190.0,0.0
04-05-2011,50.2,3300.0,44.98,2218.0,67.21,0.0,190.0,0.0
05-05-2011,50.2,3300.0,44.91,2205.0,66.82,0.0,190.0,0.0
06-05-2011,50.2,3300.0,44.84,2193.0,66.45,0.0,190.0,0.0
07-05-2011,50.2,3300.0,44.77,2180.0,66.06,0.0,190.0,0.0
08-05-2011,50.2,3300.0,44.7,2167.0,65.67,0.0,190.0,0.0
09-05-2011,50.2,3300.0,44.61,2152.0,65.21,0.0,190.0,0.0
10-05-2011,50.2,3300.0,44.52,2136.0,64.73,0.0,190.0,0.0
11-05-2011,50.2,3300.0,44.42,2118.0,64.18,0.0,190.0,0.0
12-05-2011,50.2,3300.0,44.42,2118.0,64.18,200.0,190.0,0.0
13-05-2011,50.2,3300.0,44.42,2118.0,64.18,200.0,190.0,0.0
14-05-2011,50.2,3300.0,44.42,2118.0,64.18,200.0,190.0,0.0
15-05-2011,50.2,3300.0,44.42,2118.0,64.18,200.0,190.0,0.0
16-05-2011,50.2,3300.0,44.42,2118.0,64.18,200.0,190.0,0.0
17-05-2011,50.2,3300.0,44.43,2120.0,64.24,200.0,190.0,0.0
18-05-2011,50.2,3300.0,44.43,2120.0,64.24,200.0,190.0,0.0
19-05-2011,50.2,3300.0,44.44,2122.0,64.3,200.0,190.0,0.0
20-05-2011,50.2,3300.0,44.45,2124.0,64.36,200.0,190.0,0.0
21-05-2011,50.2,3300.0,44.49,2131.0,64.58,270.0,190.0,4.0
22-05-2011,50.2,3300.0,44.56,2143.0,64.94,329.0,190.0,0.0
23-05-2011,50.2,3300.0,44.63,2155.0,65.3,329.0,190.0,0.0
24-05-2011,50.2,3300.0,44.7,2167.0,65.67,329.0,190.0,0.0
25-05-2011,50.2,3300.0,44.76,2178.0,66.0,317.0,190.0,0.0
26-05-2011,50.2,3300.0,44.82,2189.0,66.33,317.0,190.0,0.0
27-05-2011,50.2,3300.0,44.89,2201.0,66.7,317.0,190.0,0.0
28-05-2011,50.2,3300.0,44.9,2203.0,66.76,200.0,190.0,0.0
29-05-2011,50.2,3300.0,44.91,2205.0,66.82,200.0,190.0,0.0
30-05-2011,50.2,3300.0,44.92,2207.0,66.88,200.0,190.0,0.0
31-05-2011,50.2,3300.0,44.92,2207.0,66.88,200.0,190.0,0.0
01-06-2011,50.2,3300.0,44.92,2207.0,66.88,200.0,190.0,0.0
02-06-2011,50.2,3300.0,44.92,2207.0,66.88,200.0,190.0,2.0
03-06-2011,50.2,3300.0,44.92,2207.0,66.88,200.0,190.0,0.0
04-06-2011,50.2,3300.0,44.9,2203.0,66.76,160.0,190.0,0.0
05-06-2011,50.2,3300.0,44.84,2193.0,66.45,120.0,190.0,0.0
06-06-2011,50.2,3300.0,44.8,2185.0,66.21,100.0,190.0,0.0
07-06-2011,50.2,3300.0,44.87,2198.0,66.61,340.0,190.0,42.0
08-06-2011,50.2,3300.0,44.84,2192.0,66.42,123.0,190.0,0.0
09-06-2011,50.2,3300.0,44.79,2184.0,66.18,100.0,190.0,0.0
10-06-2011,50.2,3300.0,44.72,2171.0,65.79,70.0,190.0,0.0
11-06-2011,50.2,3300.0,44.66,2160.0,65.45,70.0,190.0,0.0
12-06-2011,50.2,3300.0,44.6,2150.0,65.15,70.0,190.0,0.0
13-06-2011,50.2,3300.0,44.54,2139.0,64.82,70.0,190.0,3.2
14-06-2011,50.2,3300.0,44.46,2125.0,64.39,60.0,190.0,0.0
15-06-2011,50.2,3300.0,44.44,2121.0,64.27,142.0,190.0,21.0
16-06-2011,50.2,3300.0,44.37,2110.0,63.94,60.0,190.0,0.0
17-06-2011,50.2,3300.0,44.3,2097.0,63.55,50.0,190.0,0.0
18-06-2011,50.2,3300.0,44.2,2080.0,63.03,20.0,190.0,0.0
19-06-2011,50.2,3300.0,44.13,2068.0,62.67,20.0,190.0,0.0
20-06-2011,50.2,3300.0,44.04,2052.0,62.18,20.0,190.0,0.0
21-06-2011,50.2,3300.0,43.93,2033.0,61.61,12.0,190.0,0.0
22-06-2011,50.2,3300.0,43.83,2016.0,61.09,20.0,190.0,0.0
23-06-2011,50.2,3300.0,43.73,1999.0,60.58,10.0,190.0,0.0
24-06-2011,50.2,3300.0,43.63,1982.0,60.06,10.0,190.0,3.4
25-06-2011,50.2,3300.0,43.53,1965.0,59.55,0.0,190.0,5.3
26-06-2011,50.2,3300.0,43.44,1950.0,59.09,0.0,190.0,0.0
27-06-2011,50.2,3300.0,43.35,1935.0,58.64,0.0,190.0,0.0
28-06-2011,50.2,3300.0,43.28,1923.0,58.27,0.0,190.0,0.0
29-06-2011,50.2,3300.0,43.2,1909.0,57.85,0.0,190.0,0.0
30-06-2011,50.2,3300.0,43.12,1896.0,57.45,0.0,190.0,0.0
01-07-2011,50.2,3300.0,43.04,1883.0,57.06,0.0,190.0,0.0
02-07-2011,50.2,3300.0,42.96,1870.0,56.67,0.0,190.0,5.0
03-07-2011,50.2,3300.0,42.9,1860.0,56.36,74.0,190.0,12.0
04-07-2011,50.2,3300.0,42.82,1846.0,55.94,0.0,190.0,0.0
05-07-2011,50.2,3300.0,42.74,1833.0,55.55,0.0,190.0,0.0
06-07-2011,50.2,3300.0,42.66,1820.0,55.15,0.0,180.0,1.4
07-07-2011,50.2,3300.0,42.66,1820.0,55.15,180.0,180.0,32.2
08-07-2011,50.2,3300.0,42.59,1808.0,54.79,42.0,180.0,0.0
09-07-2011,50.2,3300.0,42.5,1794.0,54.36,0.0,180.0,0.0
10-07-2011,50.2,3300.0,42.43,1782.0,54.0,0.0,180.0,0.0
11-07-2011,50.2,3300.0,42.34,1768.0,53.58,0.0,180.0,0.0
12-07-2011,50.2,3300.0,42.25,1753.0,53.12,0.0,180.0,0.0
13-07-2011,50.2,3300.0,42.23,1749.0,53.0,160.0,180.0,0.0
14-07-2011,50.2,3300.0,42.23,1749.0,53.0,190.0,180.0,2.0
15-07-2011,50.2,3300.0,42.23,1749.0,53.0,190.0,180.0,0.0
16-07-2011,50.2,3300.0,42.22,1748.0,52.97,170.0,170.0,0.0
17-07-2011,50.2,3300.0,42.2,1745.0,52.88,160.0,180.0,0.0
18-07-2011,50.2,3300.0,42.18,1741.0,52.76,160.0,180.0,0.0
19-07-2011,50.2,3300.0,42.15,1737.0,52.64,160.0,180.0,0.0
20-07-2011,50.2,3300.0,42.13,1733.0,52.52,160.0,180.0,1.2
21-07-2011,50.2,3300.0,42.11,1730.0,52.42,160.0,180.0,0.0
22-07-2011,50.2,3300.0,42.09,1727.0,52.33,160.0,180.0,0.0
23-07-2011,50.2,3300.0,42.08,1725.0,52.27,160.0,180.0,2.0
24-07-2011,50.2,3300.0,42.08,1725.0,52.27,180.0,180.0,0.0
25-07-2011,50.2,3300.0,42.06,1722.0,52.18,160.0,180.0,0.0
26-07-2011,50.2,3300.0,42.06,1722.0,52.18,180.0,180.0,0.0
27-07-2011,50.2,3300.0,42.06,1722.0,52.18,180.0,180.0,5.2
28-07-2011,50.2,3300.0,42.14,1735.0,52.58,330.0,180.0,11.2
29-07-2011,50.2,3300.0,42.14,1735.0,52.58,180.0,180.0,0.0
30-07-2011,50.2,3300.0,44.13,1733.0,52.52,160.0,180.0,0.0
31-07-2011,50.2,3300.0,42.12,1732.0,52.48,160.0,180.0,0.0
01-08-2011,50.2,3300.0,42.12,1732.0,52.48,180.0,180.0,3.0
02-08-2011,50.2,3300.0,42.12,1732.0,52.48,180.0,180.0,0.0
03-08-2011,50.2,3300.0,42.12,1732.0,52.48,180.0,180.0,0.0
04-08-2011,50.2,3300.0,42.12,1732.0,52.48,180.0,180.0,0.0
05-08-2011,50.2,3300.0,42.11,1730.0,52.42,160.0,180.0,0.0
06-08-2011,50.2,3300.0,42.18,1741.0,52.76,307.0,180.0,42.0
07-08-2011,50.2,3300.0,42.18,1741.0,52.76,180.0,180.0,0.0
08-08-2011,50.2,3300.0,42.16,1738.0,52.67,160.0,180.0,0.0
09-08-2011,50.2,3300.0,42.19,1743.0,52.82,238.0,180.0,16.0
10-08-2011,50.2,3300.0,42.18,1741.0,52.76,160.0,180.0,0.0
11-08-2011,50.2,3300.0,42.24,1751.0,53.06,296.0,180.0,24.0
12-08-2011,50.2,3300.0,42.24,1751.0,53.06,180.0,180.0,0.0
13-08-2011,50.2,3300.0,42.24,1751.0,53.06,180.0,180.0,0.0
14-08-2011,50.2,3300.0,42.24,1751.0,53.06,180.0,180.0,0.0
15-08-2011,50.2,3300.0,42.24,1751.0,53.06,180.0,180.0,0.0
16-08-2011,50.2,3300.0,42.24,1751.0,53.06,180.0,180.0,0.0
17-08-2011,50.2,3300.0,42.23,1749.0,53.0,160.0,180.0,0.0
18-08-2011,50.2,3300.0,42.22,1748.0,52.97,170.0,180.0,12.0
19-08-2011,50.2,3300.0,42.31,1763.0,53.42,354.0,180.0,18.0
20-08-2011,50.2,3300.0,42.28,1758.0,53.27,160.0,180.0,0.0
21-08-2011,50.2,3300.0,42.66,1820.0,55.15,898.0,180.0,81.0
22-08-2011,50.2,3300.0,42.74,1833.0,55.55,330.0,180.0,0.0
23-08-2011,50.2,3300.0,42.77,1838.0,55.7,238.0,180.0,0.0
24-08-2011,50.2,3300.0,42.8,1843.0,55.85,234.0,180.0,12.0
25-08-2011,50.2,3300.0,43.16,1903.0,57.67,874.0,180.0,27.0
26-08-2011,50.2,3300.0,43.29,1925.0,58.33,435.0,180.0,0.0
27-08-2011,50.2,3300.0,43.46,1953.0,59.18,504.0,180.0,13.0
28-08-2011,50.2,3300.0,43.56,1970.0,59.7,504.0,180.0,0.0
29-08-2011,50.2,3300.0,43.62,1980.0,60.0,296.0,180.0,0.0
30-08-2011,50.2,3300.0,43.69,1992.0,60.36,319.0,180.0,0.0
31-08-2011,50.2,3300.0,43.76,2004.0,60.73,319.0,180.0,0.0
01-09-2011,50.2,3300.0,43.84,2018.0,61.15,342.0,180.0,0.0
02-09-2011,50.2,3300.0,43.93,2033.0,61.61,354.0,180.0,0.0
03-09-2011,50.2,3300.0,44.01,2047.0,62.03,342.0,180.0,0.0
04-09-2011,50.2,3300.0,44.09,2061.0,62.45,342.0,180.0,0.0
05-09-2011,50.2,3300.0,44.18,2076.0,62.91,354.0,180.0,0.0
06-09-2011,50.2,3300.0,44.26,2090.0,63.33,342.0,180.0,0.0
07-09-2011,50.2,3300.0,44.34,2104.0,63.76,342.0,180.0,0.0
08-09-2011,50.2,3300.0,44.44,2122.0,64.3,388.0,180.0,0.0
09-09-2011,50.2,3300.0,44.59,2148.0,65.09,481.0,180.0,6.0
10-09-2011,50.2,3300.0,44.74,2175.0,65.91,493.0,180.0,0.0
11-09-2011,50.2,3300.0,44.85,2194.0,66.48,400.0,180.0,0.0
12-09-2011,50.2,3300.0,44.94,2210.0,66.97,386.0,180.0,0.0
13-09-2011,50.2,3300.0,45.03,2227.0,67.48,377.0,180.0,0.0
14-09-2011,50.2,3300.0,45.27,2270.0,68.79,678.0,180.0,4.0
15-09-2011,50.2,3300.0,45.43,2300.0,69.7,527.0,180.0,3.0
16-09-2011,50.2,3300.0,45.76,2361.0,71.55,886.0,180.0,44.0
17-09-2011,50.2,3300.0,46.09,2424.0,73.45,909.0,180.0,42.0
18-09-2011,50.2,3300.0,46.32,2469.0,74.82,701.0,180.0,2.0
19-09-2011,50.2,3300.0,46.46,2497.0,75.67,504.0,180.0,0.0
20-09-2011,50.2,3300.0,46.8,2565.0,77.73,967.0,180.0,57.0
21-09-2011,50.2,3300.0,47.11,2628.0,79.64,909.0,180.0,8.0
22-09-2011,50.2,3300.0,47.31,2669.0,80.88,655.0,180.0,0.0
23-09-2011,50.2,3300.0,47.49,2707.0,82.03,620.0,180.0,0.0
24-09-2011,50.2,3300.0,47.66,2743.0,83.12,597.0,180.0,0.0
25-09-2011,50.2,3300.0,47.81,2773.0,84.03,527.0,180.0,0.0
26-09-2011,50.2,3300.0,47.98,2808.0,85.09,585.0,180.0,0.0
27-09-2011,50.2,3300.0,48.11,2835.0,85.91,492.0,180.0,0.0
28-09-2011,50.2,3300.0,48.25,2862.0,86.73,492.0,180.0,0.0
29-09-2011,50.2,3300.0,48.39,2890.0,87.58,504.0,180.0,0.0
30-09-2011,50.2,3300.0,48.55,2922.0,88.55,550.0,180.0,11.0
01-10-2011,50.2,3300.0,48.72,2956.0,89.58,574.0,180.0,0.0
02-10-2011,50.2,3300.0,48.77,2966.0,89.88,296.0,180.0,0.0
03-10-2011,50.2,3300.0,48.83,2978.0,90.24,319.0,180.0,1.0
04-10-2011,50.2,3300.0,48.89,2990.0,90.61,319.0,180.0,0.0
05-10-2011,50.2,3300.0,48.95,3002.0,90.97,319.0,180.0,0.0
06-10-2011,50.2,3300.0,49.01,3014.0,91.33,319.0,180.0,0.0
07-10-2011,50.2,3300.0,49.09,3030.0,91.82,365.0,180.0,0.0
08-10-2011,50.2,3300.0,49.11,3034.0,91.94,226.0,180.0,0.0
09-10-2011,50.2,3300.0,49.11,3034.0,91.94,180.0,180.0,0.0
10-10-2011,50.2,3300.0,49.14,3040.0,92.12,249.0,180.0,0.0
11-10-2011,50.2,3300.0,49.16,3044.0,92.24,226.0,180.0,0.0
12-10-2011,50.2,3300.0,49.21,3054.0,92.55,296.0,180.0,27.0
13-10-2011,50.2,3300.0,49.23,3058.0,92.67,226.0,180.0,0.0
14-10-2011,50.2,3300.0,49.24,3060.0,92.73,203.0,180.0,0.0
15-10-2011,50.2,3300.0,49.24,3060.0,92.73,180.0,180.0,0.0
16-10-2011,50.2,3300.0,49.24,3060.0,92.73,180.0,180.0,0.0
17-10-2011,50.2,3300.0,49.23,3058.0,92.67,157.0,180.0,0.0
18-10-2011,50.2,3300.0,49.22,3056.0,92.61,157.0,180.0,0.0
19-10-2011,50.2,3300.0,49.22,3056.0,92.61,180.0,180.0,0.0
20-10-2011,50.2,3300.0,49.22,3056.0,92.61,180.0,180.0,0.0
21-10-2011,50.2,3300.0,49.21,3054.0,92.55,157.0,180.0,0.0
22-10-2011,50.2,3300.0,49.21,3054.0,92.55,180.0,180.0,0.0
23-10-2011,50.2,3300.0,49.22,3056.0,92.61,203.0,180.0,0.0
24-10-2011,50.2,3300.0,49.38,3088.0,93.58,550.0,180.0,90.0
25-10-2011,50.2,3300.0,49.47,3106.0,94.12,388.0,180.0,16.0
26-10-2011,50.2,3300.0,49.53,3120.0,94.55,342.0,180.0,29.5
27-10-2011,50.2,3300.0,49.57,3131.0,94.88,307.0,180.0,25.0
28-10-2011,50.2,3300.0,49.6,3139.0,95.12,273.0,180.0,11.0
29-10-2011,50.2,3300.0,49.46,3104.0,94.06,0.0,380.0,3.0
30-10-2011,50.2,3300.0,49.58,3133.0,94.94,716.0,380.0,26.4
31-10-2011,50.2,3300.0,49.44,3100.0,93.94,198.0,580.0,1.0
01-11-2011,50.2,3300.0,49.25,3062.0,92.79,140.0,580.0,5.0
02-11-2011,50.2,3300.0,49.28,3068.0,92.97,349.0,280.0,36.0
03-11-2011,50.2,3300.0,49.29,3070.0,93.03,303.0,280.0,5.0
04-11-2011,50.2,3300.0,49.42,3096.0,93.82,581.0,280.0,65.0
05-11-2011,50.2,3300.0,49.64,3150.0,95.45,2205.0,1580.0,25.0
06-11-2011,50.2,3300.0,49.44,3100.0,93.94,2101.0,2680.0,76.0
07-11-2011,50.2,3300.0,49.31,3074.0,93.15,495.0,680.0,0.0
08-11-2011,50.2,3300.0,49.22,3056.0,92.61,472.0,680.0,0.0
09-11-2011,50.2,3300.0,49.14,3040.0,92.12,95.0,280.0,0.0
10-11-2011,50.2,3300.0,49.1,3032.0,91.88,187.0,280.0,0.0
11-11-2011,50.2,3300.0,49.05,3022.0,91.58,164.0,280.0,0.0
12-11-2011,50.2,3300.0,49.03,3018.0,91.45,234.0,280.0,0.0
13-11-2011,50.2,3300.0,48.98,3008.0,91.15,164.0,280.0,0.0
14-11-2011,50.2,3300.0,48.97,3006.0,91.09,257.0,280.0,0.0
15-11-2011,50.2,3300.0,48.95,3002.0,90.97,200.0,230.0,0.0
16-11-2011,50.2,3300.0,48.94,3000.0,90.91,200.0,230.0,0.0
17-11-2011,50.2,3300.0,48.94,3000.0,90.91,230.0,230.0,4.0
18-11-2011,50.2,3300.0,48.96,3004.0,91.03,376.0,330.0,20.0
19-11-2011,50.2,3300.0,48.96,3004.0,91.03,330.0,330.0,2.0
20-11-2011,50.2,3300.0,48.96,3004.0,91.03,300.0,230.0,0.0
21-11-2011,50.2,3300.0,48.97,3006.0,91.09,300.0,230.0,0.0
22-11-2011,50.2,3300.0,49.0,3012.0,91.27,300.0,180.0,0.0
23-11-2011,50.2,3300.0,49.03,3018.0,91.45,300.0,180.0,0.0
24-11-2011,50.2,3300.0,49.06,3024.0,91.64,300.0,180.0,0.0
25-11-2011,50.2,3300.0,49.2,3052.0,92.48,504.0,180.0,35.0
26-11-2011,50.2,3300.0,49.44,3100.0,93.94,1236.0,680.0,51.0
27-11-2011,50.2,3300.0,49.63,3147.0,95.36,3224.0,2680.0,77.0
28-11-2011,50.2,3300.0,49.25,3062.0,92.79,805.0,2680.0,28.0
29-11-2011,50.2,3300.0,49.13,3038.0,92.06,902.0,1180.0,5.0
30-11-2011,50.2,3300.0,49.1,3032.0,91.88,611.0,680.0,0.0
01-12-2011,50.2,3300.0,48.97,3006.0,91.09,379.0,680.0,0.0
02-12-2011,50.2,3300.0,48.85,2982.0,90.36,402.0,680.0,0.0
03-12-2011,50.2,3300.0,48.73,2958.0,89.64,402.0,680.0,0.0
04-12-2011,50.2,3300.0,48.59,2930.0,88.79,356.0,680.0,0.0
05-12-2011,50.2,3300.0,48.43,2898.0,87.82,310.0,680.0,0.0
06-12-2011,50.2,3300.0,48.26,2864.0,86.79,286.0,680.0,0.0
07-12-2011,50.2,3300.0,48.18,2849.0,86.33,256.0,430.0,0.0
08-12-2011,50.2,3300.0,48.1,2833.0,85.85,95.0,280.0,0.0
09-12-2011,50.2,3300.0,48.05,2823.0,85.55,164.0,280.0,0.0
10-12-2011,50.2,3300.0,48.0,2813.0,85.24,164.0,280.0,1.8
11-12-2011,50.2,3300.0,47.94,2801.0,84.88,141.0,280.0,0.0
12-12-2011,50.2,3300.0,47.89,2788.0,84.48,80.0,230.0,0.0
13-12-2011,50.2,3300.0,47.82,2775.0,84.09,80.0,230.0,0.0
14-12-2011,50.2,3300.0,47.76,2762.0,83.7,80.0,230.0,0.0
15-12-2011,50.2,3300.0,47.72,2755.0,83.48,149.0,230.0,3.0
16-12-2011,50.2,3300.0,47.69,2749.0,83.3,161.0,230.0,0.0
17-12-2011,50.2,3300.0,47.63,2736.0,82.91,80.0,230.0,0.0
18-12-2011,50.2,3300.0,47.56,2722.0,82.48,68.0,230.0,0.0
19-12-2011,50.2,3300.0,47.49,2707.0,82.03,56.0,230.0,0.0
20-12-2011,50.2,3300.0,47.42,2692.0,81.58,56.0,230.0,0.0
21-12-2011,50.2,3300.0,47.35,2678.0,81.15,68.0,230.0,0.0
22-12-2011,50.2,3300.0,47.3,2667.0,80.82,53.0,180.0,0.0
23-12-2011,50.2,3300.0,47.24,2655.0,80.45,41.0,180.0,0.0
24-12-2011,50.2,3300.0,47.19,2644.0,80.12,53.0,180.0,0.0
25-12-2011,50.2,3300.0,47.13,2632.0,79.76,41.0,180.0,0.0
26-12-2011,50.2,3300.0,47.07,2620.0,79.39,41.0,180.0,0.0
27-12-2011,50.2,3300.0,47.01,2607.0,79.0,30.0,180.0,0.0
28-12-2011,50.2,3300.0,46.94,2593.0,78.58,18.0,180.0,0.0
29-12-2011,50.2,3300.0,46.87,2579.0,78.15,18.0,180.0,1.0
30-12-2011,50.2,3300.0,46.95,2595.0,78.64,565.0,380.0,53.0
31-12-2011,50.2,3300.0,47.13,2636.0,79.88,808.0,380.0,49.0
01-01-2012,50.2,3300.0,47.13,2632.0,79.76,180.0,180.0,0.0
02-01-2012,50.2,3300.0,47.13,2632.0,79.76,180.0,180.0,4.0
03-01-2012,50.2,3300.0,47.18,2642.0,80.06,295.0,180.0,7.0
04-01-2012,50.2,3300.0,47.23,2652.0,80.36,295.0,180.0,0.0
05-01-2012,50.2,3300.0,47.26,2659.0,80.58,261.0,180.0,0.0
06-01-2012,50.2,3300.0,47.32,2671.0,80.94,319.0,180.0,0.0
07-01-2012,50.2,3300.0,47.34,2676.0,81.09,238.0,180.0,0.0
08-01-2012,50.2,3300.0,47.37,2682.0,81.27,249.0,180.0,0.0
09-01-2012,50.2,3300.0,47.4,2688.0,81.45,249.0,180.0,0.0
10-01-2012,50.2,3300.0,47.43,2694.0,81.64,249.0,180.0,0.0
11-01-2012,50.2,3300.0,47.46,2701.0,81.85,261.0,180.0,0.0
12-01-2012,50.2,3300.0,47.53,2716.0,82.3,354.0,180.0,1.0
13-01-2012,50.2,3300.0,47.59,2728.0,82.67,319.0,180.0,0.0
14-01-2012,50.2,3300.0,47.64,2739.0,83.0,307.0,180.0,0.0
15-01-2012,50.2,3300.0,47.67,2745.0,83.18,249.0,180.0,0.0
16-01-2012,50.2,3300.0,47.7,2751.0,83.36,249.0,180.0,0.0
17-01-2012,50.2,3300.0,47.73,2757.0,83.55,249.0,180.0,0.0
18-01-2012,50.2,3300.0,47.76,2763.0,83.73,249.0,180.0,0.0
19-01-2012,50.2,3300.0,47.79,2769.0,83.91,249.0,180.0,0.0
20-01-2012,50.2,3300.0,47.83,2776.0,84.12,249.0,180.0,0.0
21-01-2012,50.2,3300.0,47.86,2782.0,84.3,249.0,180.0,0.0
22-01-2012,50.2,3300.0,47.9,2790.0,84.55,249.0,180.0,0.0
23-01-2012,50.2,3300.0,47.93,2796.0,84.73,249.0,180.0,0.0
24-01-2012,50.2,3300.0,47.92,2794.0,84.67,149.0,180.0,0.0
25-01-2012,50.2,3300.0,47.91,2792.0,84.61,149.0,180.0,0.0
26-01-2012,50.2,3300.0,47.9,2790.0,84.55,149.0,180.0,0.0
27-01-2012,50.2,3300.0,47.89,2788.0,84.48,149.0,180.0,0.0
28-01-2012,50.2,3300.0,47.87,2784.0,84.36,149.0,180.0,0.0
29-01-2012,50.2,3300.0,47.85,2780.0,84.24,149.0,180.0,0.0
30-01-2012,50.2,3300.0,47.82,2775.0,84.09,122.0,180.0,0.0
31-01-2012,50.2,3300.0,47.81,2773.0,84.03,157.0,180.0,4.0
01-02-2012,50.2,3300.0,47.8,2771.0,83.97,157.0,180.0,0.0
02-02-2012,50.2,3300.0,47.79,2769.0,83.91,157.0,180.0,0.0
03-02-2012,50.2,3300.0,47.76,2763.0,83.73,111.0,180.0,0.0
04-02-2012,50.2,3300.0,47.72,2755.0,83.48,100.0,180.0,0.0
05-02-2012,50.2,3300.0,47.69,2749.0,83.3,100.0,180.0,0.0
06-02-2012,50.2,3300.0,47.66,2743.0,83.12,100.0,180.0,0.0
07-02-2012,50.2,3300.0,47.64,2739.0,83.0,100.0,180.0,0.0
08-02-2012,50.2,3300.0,47.61,2732.0,82.79,100.0,180.0,0.0
09-02-2012,50.2,3300.0,47.57,2724.0,82.55,100.0,180.0,0.0
10-02-2012,50.2,3300.0,47.53,2716.0,82.3,100.0,180.0,0.0
11-02-2012,50.2,3300.0,47.51,2711.0,82.15,100.0,180.0,0.0
12-02-2012,50.2,3300.0,47.48,2705.0,81.97,100.0,180.0,0.0
13-02-2012,50.2,3300.0,47.45,2699.0,81.79,100.0,180.0,0.0
14-02-2012,50.2,3300.0,47.42,2692.0,81.58,100.0,180.0,0.0
15-02-2012,50.2,3300.0,47.39,2686.0,81.39,100.0,180.0,0.0
16-02-2012,50.2,3300.0,47.35,2678.0,81.15,100.0,180.0,0.0
17-02-2012,50.2,3300.0,47.32,2671.0,80.94,100.0,180.0,0.0
18-02-2012,50.2,3300.0,47.29,2665.0,80.76,100.0,180.0,0.0
19-02-2012,50.2,3300.0,47.26,2659.0,80.58,100.0,180.0,0.0
20-02-2012,50.2,3300.0,47.23,2653.0,80.39,100.0,180.0,0.0
21-02-2012,50.2,3300.0,47.2,2646.0,80.18,100.0,180.0,0.0
22-02-2012,50.2,3300.0,47.16,2638.0,79.94,100.0,180.0,0.0
23-02-2012,50.2,3300.0,47.12,2630.0,79.7,100.0,180.0,0.0
24-02-2012,50.2,3300.0,47.08,2622.0,79.45,100.0,180.0,0.0
25-02-2012,50.2,3300.0,47.04,2613.0,79.18,100.0,180.0,0.0
26-02-2012,50.2,3300.0,47.01,2607.0,79.0,100.0,180.0,0.0
27-02-2012,50.2,3300.0,46.97,2599.0,78.76,100.0,180.0,0.0
28-02-2012,50.2,3300.0,46.93,2591.0,78.52,100.0,180.0,0.0
29-02-2012,50.2,3300.0,46.88,2581.0,78.21,100.0,180.0,0.0
01-03-2012,50.2,3300.0,46.84,2572.0,77.94,100.0,180.0,0.0
02-03-2012,50.2,3300.0,46.79,2563.0,77.67,100.0,180.0,0.0
03-03-2012,50.2,3300.0,46.75,2555.0,77.42,100.0,180.0,0.0
04-03-2012,50.2,3300.0,46.71,2546.0,77.15,100.0,180.0,0.0
05-03-2012,50.2,3300.0,46.66,2536.0,76.85,100.0,180.0,0.0
06-03-2012,50.2,3300.0,46.62,2528.0,76.61,100.0,180.0,0.0
07-03-2012,50.2,3300.0,46.58,2520.0,76.36,100.0,180.0,0.0
08-03-2012,50.2,3300.0,46.54,2513.0,76.15,100.0,180.0,0.0
09-03-2012,50.2,3300.0,46.48,2501.0,75.79,100.0,180.0,0.0
10-03-2012,50.2,3300.0,46.43,2491.0,75.48,100.0,180.0,0.0
11-03-2012,50.2,3300.0,46.38,2481.0,75.18,100.0,180.0,0.0
12-03-2012,50.2,3300.0,46.34,2473.0,74.94,100.0,180.0,0.0
13-03-2012,50.2,3300.0,46.31,2467.0,74.76,100.0,180.0,0.0
14-03-2012,50.2,3300.0,46.26,2457.0,74.45,100.0,180.0,0.0
15-03-2012,50.2,3300.0,46.21,2448.0,74.18,100.0,180.0,0.0
16-03-2012,50.2,3300.0,46.18,2442.0,74.0,100.0,180.0,0.0
17-03-2012,50.2,3300.0,46.14,2434.0,73.76,100.0,180.0,0.0
18-03-2012,50.2,3300.0,46.11,2428.0,73.58,100.0,180.0,0.0
19-03-2012,50.2,3300.0,46.08,2422.0,73.39,100.0,180.0,0.0
20-03-2012,50.2,3300.0,46.04,2415.0,73.18,100.0,180.0,0.0
21-03-2012,50.2,3300.0,46.01,2409.0,73.0,100.0,180.0,0.0
22-03-2012,50.2,3300.0,45.97,2401.0,72.76,100.0,180.0,0.0
23-03-2012,50.2,3300.0,45.93,2394.0,72.55,100.0,180.0,0.0
24-03-2012,50.2,3300.0,45.88,2384.0,72.24,100.0,180.0,0.0
25-03-2012,50.2,3300.0,45.82,2373.0,71.91,100.0,180.0,0.0
26-03-2012,50.2,3300.0,45.76,2361.0,71.55,100.0,180.0,0.0
27-03-2012,50.2,3300.0,45.7,2349.0,71.18,100.0,180.0,0.0
28-03-2012,50.2,3300.0,45.63,2337.0,70.82,100.0,180.0,0.0
29-03-2012,50.2,3300.0,45.57,2326.0,70.48,100.0,180.0,0.0
30-03-2012,50.2,3300.0,45.51,2315.0,70.15,100.0,180.0,0.0
31-03-2012,50.2,3300.0,45.44,2302.0,69.76,80.0,180.0,0.0
01-04-2012,50.2,3300.0,45.38,2290.0,69.39,60.0,180.0,0.0
02-04-2012,50.2,3300.0,45.3,2276.0,68.97,40.0,180.0,0.0
03-04-2012,50.2,3300.0,45.21,2259.0,68.45,30.0,180.0,0.0
04-04-2012,50.2,3300.0,45.12,2243.0,67.97,20.0,180.0,0.0
05-04-2012,50.2,3300.0,45.01,2223.0,67.36,10.0,180.0,0.0
06-04-2012,50.2,3300.0,44.9,2203.0,66.76,10.0,180.0,0.0
07-04-2012,50.2,3300.0,44.81,2187.0,66.27,10.0,180.0,0.0
08-04-2012,50.2,3300.0,44.72,2171.0,65.79,10.0,180.0,0.0
09-04-2012,50.2,3300.0,44.65,2159.0,65.42,5.0,180.0,0.0
10-04-2012,50.2,3300.0,44.57,2144.0,64.97,5.0,180.0,0.0
11-04-2012,50.2,3300.0,44.48,2129.0,64.52,0.0,180.0,0.0
12-04-2012,50.2,3300.0,44.39,2113.0,64.03,0.0,180.0,0.0
13-04-2012,50.2,3300.0,44.3,2097.0,63.55,0.0,180.0,0.0
14-04-2012,50.2,3300.0,44.21,2082.0,63.09,0.0,180.0,0.0
15-04-2012,50.2,3300.0,44.12,2066.0,62.61,0.0,180.0,0.0
16-04-2012,50.2,3300.0,44.03,2051.0,62.15,0.0,180.0,0.0
17-04-2012,50.2,3300.0,43.94,2035.0,61.67,0.0,180.0,0.0
18-04-2012,50.2,3300.0,43.85,2020.0,61.21,0.0,180.0,0.0
19-04-2012,50.2,3300.0,43.76,2004.0,60.73,0.0,180.0,0.0
20-04-2012,50.2,3300.0,43.67,1989.0,60.27,0.0,180.0,0.0
21-04-2012,50.2,3300.0,43.58,1974.0,59.82,0.0,180.0,0.0
22-04-2012,50.2,3300.0,43.49,1958.0,59.33,0.0,180.0,0.0
23-04-2012,50.2,3300.0,43.39,1942.0,58.85,0.0,180.0,0.0
24-04-2012,50.2,3300.0,43.3,1926.0,58.36,0.0,180.0,0.0
25-04-2012,50.2,3300.0,43.21,1911.0,57.91,0.0,180.0,0.0
26-04-2012,50.2,3300.0,43.12,1896.0,57.45,0.0,180.0,0.0
27-04-2012,50.2,3300.0,43.03,1881.0,57.0,0.0,180.0,0.0
28-04-2012,50.2,3300.0,42.93,1865.0,56.52,0.0,180.0,0.0
29-04-2012,50.2,3300.0,42.84,1850.0,56.06,0.0,180.0,0.0
30-04-2012,50.2,3300.0,42.75,1835.0,55.61,0.0,180.0,0.0
01-05-2012,50.2,3300.0,42.66,1820.0,55.15,0.0,180.0,0.0
02-05-2012,50.2,3300.0,42.57,1805.0,54.7,0.0,180.0,0.0
03-05-2012,50.2,3300.0,42.48,1790.0,54.24,0.0,180.0,0.0
04-05-2012,50.2,3300.0,42.38,1774.0,53.76,0.0,180.0,0.0
05-05-2012,50.2,3300.0,42.29,1759.0,53.3,0.0,180.0,3.0
06-05-2012,50.2,3300.0,42.2,1745.0,52.88,0.0,180.0,0.0
07-05-2012,50.2,3300.0,42.11,1730.0,52.42,0.0,180.0,0.0
08-05-2012,50.2,3300.0,42.01,1714.0,51.94,0.0,180.0,0.0
09-05-2012,50.2,3300.0,41.91,1698.0,51.45,0.0,180.0,0.0
10-05-2012,50.2,3300.0,41.81,1682.0,50.97,0.0,180.0,0.0
11-05-2012,50.2,3300.0,41.71,1666.0,50.48,0.0,180.0,0.0
12-05-2012,50.2,3300.0,41.6,1649.0,49.97,0.0,180.0,0.0
13-05-2012,50.2,3300.0,41.5,1633.0,49.48,0.0,180.0,0.0
14-05-2012,50.2,3300.0,41.4,1617.0,49.0,0.0,180.0,0.0
15-05-2012,50.2,3300.0,41.31,1600.0,48.48,0.0,180.0,0.0
16-05-2012,50.2,3300.0,41.2,1584.0,48.0,0.0,180.0,0.0
17-05-2012,50.2,3300.0,41.08,1567.0,47.48,0.0,180.0,0.0
18-05-2012,50.2,3300.0,40.97,1550.0,46.97,0.0,180.0,0.0
19-05-2012,50.2,3300.0,40.86,1534.0,46.48,0.0,180.0,0.0
20-05-2012,50.2,3300.0,40.76,1518.0,46.0,0.0,180.0,0.0
21-05-2012,50.2,3300.0,40.65,1501.0,45.48,0.0,180.0,0.0
22-05-2012,50.2,3300.0,40.54,1485.0,45.0,0.0,180.0,0.0
23-05-2012,50.2,3300.0,40.43,1468.0,44.48,0.0,180.0,0.0
24-05-2012,50.2,3300.0,40.31,1451.0,43.97,0.0,180.0,0.0
25-05-2012,50.2,3300.0,40.2,1434.0,43.45,0.0,180.0,0.0
26-05-2012,50.2,3300.0,40.09,1418.0,42.97,0.0,180.0,0.0
27-05-2012,50.2,3300.0,39.98,1402.0,42.48,0.0,180.0,0.0
28-05-2012,50.2,3300.0,39.87,1386.0,42.0,0.0,180.0,0.0
29-05-2012,50.2,3300.0,39.76,1369.0,41.48,0.0,180.0,0.0
30-05-2012,50.2,3300.0,39.64,1352.0,40.97,0.0,180.0,0.0
31-05-2012,50.2,3300.0,39.52,1335.0,40.45,0.0,180.0,0.0
01-06-2012,50.2,3300.0,39.41,1319.0,39.97,0.0,180.0,0.0
02-06-2012,50.2,3300.0,39.29,1302.0,39.45,0.0,180.0,0.0
03-06-2012,50.2,3300.0,39.17,1285.0,38.94,0.0,180.0,0.0
04-06-2012,50.2,3300.0,39.05,1269.0,38.45,0.0,180.0,0.0
05-06-2012,50.2,3300.0,38.93,1252.0,37.94,0.0,180.0,0.0
06-06-2012,50.2,3300.0,38.81,1235.0,37.42,0.0,180.0,0.0
07-06-2012,50.2,3300.0,38.69,1219.0,36.94,0.0,180.0,0.0
08-06-2012,50.2,3300.0,38.57,1202.0,36.42,0.0,180.0,0.0
09-06-2012,50.2,3300.0,38.44,1185.0,35.91,0.0,180.0,0.0
10-06-2012,50.2,3300.0,38.32,1169.0,35.42,0.0,180.0,0.0
11-06-2012,50.2,3300.0,38.2,1152.0,34.91,0.0,180.0,0.0
12-06-2012,50.2,3300.0,38.07,1135.0,34.39,0.0,180.0,0.0
13-06-2012,50.2,3300.0,37.93,1117.0,33.85,0.0,180.0,0.0
14-06-2012,50.2,3300.0,37.8,1100.0,33.33,0.0,180.0,0.0
15-06-2012,50.2,3300.0,37.67,1083.0,32.82,0.0,180.0,0.0
16-06-2012,50.2,3300.0,37.54,1067.0,32.33,0.0,180.0,0.0
17-06-2012,50.2,3300.0,37.41,1051.0,31.85,0.0,180.0,0.0
18-06-2012,50.2,3300.0,37.29,1035.0,31.36,0.0,180.0,0.0
19-06-2012,50.2,3300.0,37.28,1034.0,31.33,168.0,180.0,0.0
20-06-2012,50.2,3300.0,37.36,1044.0,31.64,296.0,180.0,0.0
21-06-2012,50.2,3300.0,37.43,1054.0,31.94,296.0,180.0,0.0
22-06-2012,50.2,3300.0,37.48,1059.0,32.09,296.0,180.0,0.0
23-06-2012,50.2,3300.0,37.59,1073.0,32.52,340.0,180.0,0.0
24-06-2012,50.2,3300.0,37.7,1087.0,32.94,340.0,180.0,0.0
25-06-2012,50.2,3300.0,37.8,1100.0,33.33,340.0,180.0,0.0
26-06-2012,50.2,3300.0,37.91,1115.0,33.79,340.0,180.0,0.0
27-06-2012,50.2,3300.0,38.01,1128.0,34.18,340.0,180.0,19.0
28-06-2012,50.2,3300.0,38.04,1131.0,34.27,340.0,180.0,0.0
29-06-2012,50.2,3300.0,38.2,1152.0,34.91,423.0,180.0,15.0
30-06-2012,50.2,3300.0,38.33,1170.0,35.45,383.0,180.0,0.0
01-07-2012,50.2,3300.0,38.56,1201.0,36.39,535.0,180.0,13.0
02-07-2012,50.2,3300.0,38.71,1221.0,37.0,411.0,180.0,0.0
03-07-2012,50.2,3300.0,38.78,1231.0,37.3,296.0,180.0,0.0
04-07-2012,50.2,3300.0,38.82,1237.0,37.48,255.0,180.0,0.0
05-07-2012,50.2,3300.0,38.87,1244.0,37.7,255.0,180.0,0.0
06-07-2012,50.2,3300.0,38.9,1248.0,37.82,255.0,180.0,0.0
07-07-2012,50.2,3300.0,38.92,1251.0,37.91,255.0,180.0,3.6
08-07-2012,50.2,3300.0,38.94,1253.0,37.97,255.0,180.0,0.0
09-07-2012,50.2,3300.0,38.97,1257.0,38.09,255.0,180.0,0.0
10-07-2012,50.2,3300.0,39.0,1262.0,38.24,255.0,180.0,0.0
11-07-2012,50.2,3300.0,39.03,1266.0,38.36,255.0,180.0,0.0
12-07-2012,50.2,3300.0,39.06,1270.0,38.48,255.0,180.0,9.0
13-07-2012,50.2,3300.0,39.09,1274.0,38.61,255.0,180.0,0.0
14-07-2012,50.2,3300.0,39.12,1278.0,38.73,255.0,180.0,16.2
15-07-2012,50.2,3300.0,39.19,1288.0,39.03,315.0,180.0,9.4
16-07-2012,50.2,3300.0,39.23,1294.0,39.21,255.0,180.0,1.2
17-07-2012,50.2,3300.0,39.33,1308.0,39.64,342.0,180.0,19.0
18-07-2012,50.2,3300.0,39.4,1318.0,39.94,296.0,180.0,14.2
19-07-2012,50.2,3300.0,39.46,1327.0,40.21,284.0,180.0,0.0
20-07-2012,50.2,3300.0,39.49,1331.0,40.33,255.0,180.0,0.0
21-07-2012,50.2,3300.0,39.52,1335.0,40.45,255.0,180.0,0.0
22-07-2012,50.2,3300.0,39.55,1339.0,40.58,255.0,180.0,0.0
23-07-2012,50.2,3300.0,39.58,1344.0,40.73,255.0,180.0,0.0
24-07-2012,50.2,3300.0,39.61,1348.0,40.85,255.0,180.0,0.0
25-07-2012,50.2,3300.0,39.64,1352.0,40.97,255.0,180.0,0.0
26-07-2012,50.2,3300.0,39.67,1356.0,41.09,255.0,180.0,4.6
27-07-2012,50.2,3300.0,39.7,1361.0,41.24,255.0,180.0,2.0
28-07-2012,50.2,3300.0,39.73,1365.0,41.36,255.0,180.0,3.4
29-07-2012,50.2,3300.0,39.76,1370.0,41.52,255.0,180.0,0.0
30-07-2012,50.2,3300.0,39.78,1373.0,41.61,230.0,180.0,0.0
31-07-2012,50.2,3300.0,39.8,1375.0,41.67,220.0,180.0,0.0
01-08-2012,50.2,3300.0,39.82,1378.0,41.76,220.0,180.0,0.0
02-08-2012,50.2,3300.0,39.82,1378.0,41.76,200.0,180.0,0.0
03-08-2012,50.2,3300.0,39.82,1378.0,41.76,200.0,180.0,0.0
04-08-2012,50.2,3300.0,39.82,1378.0,41.76,180.0,180.0,1.5
05-08-2012,50.2,3300.0,39.82,1378.0,41.76,180.0,180.0,1.4
06-08-2012,50.2,3300.0,39.82,1378.0,41.76,180.0,180.0,5.0
07-08-2012,50.2,3300.0,39.82,1378.0,41.76,180.0,180.0,0.0
08-08-2012,50.2,3300.0,39.82,1378.0,41.76,180.0,180.0,0.0
09-08-2012,50.2,3300.0,39.82,1378.0,41.76,180.0,180.0,9.0
10-08-2012,50.2,3300.0,39.83,1380.0,41.82,203.0,180.0,2.0
11-08-2012,50.2,3300.0,39.84,1381.0,41.85,192.0,180.0,0.0
12-08-2012,50.2,3300.0,39.84,1381.0,41.85,192.0,180.0,0.0
13-08-2012,50.2,3300.0,39.84,1381.0,41.85,180.0,180.0,0.0
14-08-2012,50.2,3300.0,39.84,1381.0,41.85,180.0,180.0,0.0
15-08-2012,50.2,3300.0,39.86,1384.0,41.94,215.0,180.0,6.8
16-08-2012,50.2,3300.0,39.86,1384.0,41.94,180.0,180.0,1.0
17-08-2012,50.2,3300.0,39.86,1384.0,41.94,180.0,180.0,0.0
18-08-2012,50.2,3300.0,39.89,1389.0,42.09,248.0,180.0,11.0
19-08-2012,50.2,3300.0,39.89,1389.0,42.09,180.0,180.0,0.0
20-08-2012,50.2,3300.0,39.89,1389.0,42.09,180.0,180.0,2.0
21-08-2012,50.2,3300.0,39.89,1389.0,42.09,180.0,180.0,0.0
22-08-2012,50.2,3300.0,39.89,1389.0,42.09,180.0,180.0,0.0
23-08-2012,50.2,3300.0,39.89,1389.0,42.09,180.0,180.0,0.0
24-08-2012,50.2,3300.0,39.88,1387.0,42.03,155.0,180.0,0.0
25-08-2012,50.2,3300.0,39.87,1386.0,42.0,155.0,180.0,0.0
26-08-2012,50.2,3300.0,39.89,1389.0,42.09,215.0,180.0,22.4
27-08-2012,50.2,3300.0,39.88,1387.0,42.03,155.0,180.0,0.0
28-08-2012,50.2,3300.0,39.87,1386.0,42.0,155.0,180.0,0.0
29-08-2012,50.2,3300.0,39.86,1384.0,41.94,155.0,180.0,0.0
30-08-2012,50.2,3300.0,39.84,1381.0,41.85,155.0,180.0,1.4
31-08-2012,50.2,3300.0,39.82,1378.0,41.76,155.0,180.0,0.0
01-09-2012,50.2,3300.0,39.8,1375.0,41.67,155.0,180.0,0.0
02-09-2012,50.2,3300.0,39.78,1373.0,41.61,155.0,180.0,1.0
03-09-2012,50.2,3300.0,39.82,1378.0,41.76,213.0,180.0,42.6
04-09-2012,50.2,3300.0,39.82,1378.0,41.76,180.0,180.0,0.0
05-09-2012,50.2,3300.0,39.82,1378.0,41.76,180.0,180.0,0.0
06-09-2012,50.2,3300.0,39.82,1378.0,41.76,180.0,180.0,0.0
07-09-2012,50.2,3300.0,39.83,1380.0,41.82,200.0,180.0,1.0
08-09-2012,50.2,3300.0,40.02,1408.0,42.67,504.0,180.0,55.0
09-09-2012,50.2,3300.0,40.08,1416.0,42.91,273.0,180.0,3.4
10-09-2012,50.2,3300.0,40.1,1419.0,43.0,215.0,180.0,0.0
11-09-2012,50.2,3300.0,40.12,1422.0,43.09,215.0,180.0,0.0
12-09-2012,50.2,3300.0,40.13,1424.0,43.15,200.0,180.0,0.0
13-09-2012,50.2,3300.0,40.16,1428.0,43.27,225.0,180.0,1.6
14-09-2012,50.2,3300.0,40.31,1451.0,43.97,446.0,180.0,15.0
15-09-2012,50.2,3300.0,40.4,1464.0,44.36,330.0,180.0,9.4
16-09-2012,50.2,3300.0,40.46,1473.0,44.64,284.0,180.0,0.0
17-09-2012,50.2,3300.0,40.48,1476.0,44.73,215.0,180.0,0.0
18-09-2012,50.2,3300.0,40.5,1479.0,44.82,215.0,180.0,0.0
19-09-2012,50.2,3300.0,40.52,1482.0,44.91,200.0,180.0,0.0
20-09-2012,50.2,3300.0,40.54,1485.0,45.0,200.0,180.0,0.0
21-09-2012,50.2,3300.0,40.56,1488.0,45.09,200.0,180.0,4.0
22-09-2012,50.2,3300.0,40.58,1491.0,45.18,200.0,180.0,0.0
23-09-2012,50.2,3300.0,40.6,1494.0,45.27,200.0,180.0,0.0
24-09-2012,50.2,3300.0,40.62,1497.0,45.36,200.0,180.0,0.0
25-09-2012,50.2,3300.0,40.64,1500.0,45.45,200.0,180.0,0.0
26-09-2012,50.2,3300.0,40.66,1503.0,45.55,200.0,180.0,0.0
27-09-2012,50.2,3300.0,40.8,1524.0,46.18,423.0,180.0,22.0
28-09-2012,50.2,3300.0,40.83,1529.0,46.33,238.0,180.0,0.0
29-09-2012,50.2,3300.0,40.85,1532.0,46.42,200.0,180.0,0.0
30-09-2012,50.2,3300.0,40.87,1535.0,46.52,200.0,180.0,0.0
01-10-2012,50.2,3300.0,40.89,1538.0,46.61,200.0,180.0,0.0
02-10-2012,50.2,3300.0,40.91,1541.0,46.7,200.0,180.0,1.0
03-10-2012,50.2,3300.0,40.93,1544.0,46.79,200.0,180.0,0.0
04-10-2012,50.2,3300.0,40.95,1547.0,46.88,200.0,180.0,0.0
05-10-2012,50.2,3300.0,40.97,1550.0,46.97,200.0,180.0,0.0
06-10-2012,50.2,3300.0,40.99,1553.0,47.06,200.0,180.0,0.0
07-10-2012,50.2,3300.0,41.02,1558.0,47.21,238.0,180.0,7.4
08-10-2012,50.2,3300.0,41.04,1561.0,47.3,200.0,180.0,0.0
09-10-2012,50.2,3300.0,41.06,1564.0,47.39,200.0,180.0,0.0
10-10-2012,50.2,3300.0,41.08,1567.0,47.48,200.0,180.0,0.0
11-10-2012,50.2,3300.0,41.1,1570.0,47.58,200.0,180.0,0.0
12-10-2012,50.2,3300.0,41.12,1573.0,47.67,200.0,180.0,0.0
13-10-2012,50.2,3300.0,41.13,1575.0,47.73,200.0,180.0,0.0
14-10-2012,50.2,3300.0,41.13,1575.0,47.73,180.0,180.0,0.0
15-10-2012,50.2,3300.0,41.13,1575.0,47.73,180.0,180.0,0.0
16-10-2012,50.2,3300.0,41.14,1576.0,47.76,190.0,180.0,1.4
17-10-2012,50.2,3300.0,41.2,1584.0,48.0,262.0,180.0,0.0
18-10-2012,50.2,3300.0,41.31,1600.0,48.48,365.0,180.0,12.6
19-10-2012,50.2,3300.0,41.46,1627.0,49.3,492.0,180.0,26.0
20-10-2012,50.2,3300.0,41.92,1670.0,50.61,1025.0,180.0,92.4
21-10-2012,50.2,3300.0,42.21,1746.0,52.91,712.0,180.0,95.0
22-10-2012,50.2,3300.0,42.38,1774.0,53.76,500.0,176.0,30.0
23-10-2012,50.2,3300.0,42.44,1784.0,54.06,292.0,176.0,0.0
24-10-2012,50.2,3300.0,42.49,1792.0,54.3,269.0,176.0,2.2
25-10-2012,50.2,3300.0,42.51,1795.0,54.39,211.0,176.0,1.4
26-10-2012,50.2,3300.0,42.52,1797.0,54.45,200.0,176.0,0.0
27-10-2012,50.2,3300.0,42.52,1797.0,54.45,190.0,176.0,0.0
28-10-2012,50.2,3300.0,42.52,1797.0,54.45,190.0,176.0,0.0
29-10-2012,50.2,3300.0,42.52,1797.0,54.45,190.0,176.0,1.0
30-10-2012,50.2,3300.0,42.52,1797.0,54.45,190.0,176.0,0.0
31-10-2012,50.2,3300.0,42.73,1831.0,55.48,570.0,176.0,55.0
01-11-2012,50.2,3300.0,43.06,1886.0,57.15,813.0,176.0,26.0
02-11-2012,50.2,3300.0,43.1,1893.0,57.36,257.0,176.0,0.0
03-11-2012,50.2,3300.0,43.3,1926.0,58.36,558.0,176.0,46.0
04-11-2012,50.2,3300.0,43.62,1980.0,60.0,801.0,176.0,8.0
05-11-2012,50.2,3300.0,43.83,2016.0,61.09,593.0,176.0,0.0
06-11-2012,50.2,3300.0,43.88,2025.0,61.36,280.0,176.0,0.0
07-11-2012,50.2,3300.0,43.93,2033.0,61.61,269.0,176.0,0.0
08-11-2012,50.2,3300.0,43.98,2042.0,61.88,280.0,176.0,0.0
09-11-2012,50.2,3300.0,44.0,2045.0,61.97,210.0,176.0,0.0
10-11-2012,50.2,3300.0,44.0,2045.0,61.97,176.0,176.0,0.0
11-11-2012,50.2,3300.0,44.0,2045.0,61.97,176.0,176.0,0.0
12-11-2012,50.2,3300.0,43.98,2042.0,61.88,140.0,176.0,0.0
13-11-2012,50.2,3300.0,43.95,2037.0,61.73,120.0,176.0,0.0
14-11-2012,50.2,3300.0,43.92,2032.0,61.58,120.0,176.0,0.0
15-11-2012,50.2,3300.0,43.89,2027.0,61.42,120.0,176.0,0.0
16-11-2012,50.2,3300.0,43.87,2023.0,61.3,120.0,176.0,0.0
17-11-2012,50.2,3300.0,43.84,2018.0,61.15,120.0,176.0,0.0
18-11-2012,50.2,3300.0,43.81,2013.0,61.0,120.0,176.0,0.0
19-11-2012,50.2,3300.0,43.78,2008.0,60.85,120.0,176.0,0.0
20-11-2012,50.2,3300.0,43.75,2003.0,60.7,120.0,176.0,0.0
21-11-2012,50.2,3300.0,43.73,1999.0,60.58,120.0,176.0,0.0
22-11-2012,50.2,3300.0,43.7,1994.0,60.42,120.0,176.0,1.2
23-11-2012,50.2,3300.0,43.7,1994.0,60.42,176.0,176.0,4.0
24-11-2012,50.2,3300.0,43.7,1994.0,60.42,176.0,176.0,0.0
25-11-2012,50.2,3300.0,43.67,1989.0,60.27,120.0,176.0,1.0
26-11-2012,50.2,3300.0,43.65,1985.0,60.15,120.0,176.0,0.0
27-11-2012,50.2,3300.0,43.63,1982.0,60.06,120.0,176.0,0.0
28-11-2012,50.2,3300.0,43.61,1979.0,59.97,120.0,176.0,0.0
29-11-2012,50.2,3300.0,43.6,1977.0,59.91,120.0,176.0,0.0
30-11-2012,50.2,3300.0,43.58,1974.0,59.82,120.0,176.0,0.0
01-12-2012,50.2,3300.0,43.56,1970.0,59.7,120.0,176.0,0.0
02-12-2012,50.2,3300.0,43.54,1967.0,59.61,120.0,176.0,0.0
03-12-2012,50.2,3300.0,43.57,1972.0,59.76,234.0,176.0,14.0
04-12-2012,50.2,3300.0,43.95,2037.0,61.73,928.0,176.0,84.0
05-12-2012,50.2,3300.0,44.13,2068.0,62.67,535.0,176.0,4.0
06-12-2012,50.2,3300.0,44.18,2076.0,62.91,269.0,176.0,0.0
07-12-2012,50.2,3300.0,44.21,2082.0,63.09,245.0,176.0,0.0
08-12-2012,50.2,3300.0,44.24,2087.0,63.24,234.0,176.0,0.0
09-12-2012,50.2,3300.0,44.24,2087.0,63.24,176.0,176.0,0.0
10-12-2012,50.2,3300.0,44.24,2087.0,63.24,176.0,176.0,0.0
11-12-2012,50.2,3300.0,44.24,2087.0,63.24,176.0,176.0,0.0
12-12-2012,50.2,3300.0,44.24,2087.0,63.24,176.0,176.0,0.0
13-12-2012,50.2,3300.0,44.24,2087.0,63.24,176.0,176.0,0.0
14-12-2012,50.2,3300.0,44.24,2087.0,63.24,176.0,176.0,0.0
15-12-2012,50.2,3300.0,44.24,2087.0,63.24,176.0,176.0,0.0
16-12-2012,50.2,3300.0,44.24,2087.0,63.24,176.0,176.0,0.0
17-12-2012,50.2,3300.0,44.24,2087.0,63.24,176.0,176.0,0.0
18-12-2012,50.2,3300.0,44.24,2087.0,63.24,176.0,176.0,0.0
19-12-2012,50.2,3300.0,44.24,2087.0,63.24,176.0,176.0,0.0
20-12-2012,50.2,3300.0,44.24,2087.0,63.24,176.0,176.0,0.0
21-12-2012,50.2,3300.0,44.24,2087.0,63.24,176.0,176.0,0.0
22-12-2012,50.2,3300.0,44.24,2087.0,63.24,176.0,176.0,0.0
23-12-2012,50.2,3300.0,44.24,2087.0,63.24,176.0,176.0,0.0
24-12-2012,50.2,3300.0,41.55,1641.0,49.73,0.0,84.0,0.0
25-12-2012,50.2,3300.0,44.24,2087.0,63.24,176.0,176.0,0.0
26-12-2012,50.2,3300.0,44.24,2087.0,63.24,176.0,176.0,0.0
27-12-2012,50.2,3300.0,44.24,2087.0,63.24,176.0,176.0,0.0
28-12-2012,50.2,3300.0,44.24,2087.0,63.24,176.0,176.0,0.0
29-12-2012,50.2,3300.0,44.3,2097.0,63.55,292.0,176.0,2.0
30-12-2012,50.2,3300.0,44.58,2146.0,65.03,743.0,176.0,49.0
31-12-2012,50.2,3300.0,44.67,2162.0,65.52,361.0,176.0,1.0
01-01-2013,50.2,3300.0,44.68,2164.0,65.58,200.0,176.0,0.0
02-01-2013,50.2,3300.0,44.69,2166.0,65.64,200.0,176.0,0.0
03-01-2013,50.2,3300.0,44.71,2169.0,65.73,211.0,176.0,0.0
04-01-2013,50.2,3300.0,44.72,2171.0,65.79,200.0,176.0,0.0
05-01-2013,50.2,3300.0,44.73,2173.0,65.85,200.0,176.0,0.0
06-01-2013,50.2,3300.0,44.74,2175.0,65.91,200.0,176.0,0.0
07-01-2013,50.2,3300.0,44.75,2176.0,65.94,200.0,176.0,0.0
08-01-2013,50.2,3300.0,44.76,2178.0,66.0,200.0,176.0,0.0
09-01-2013,50.2,3300.0,44.77,2180.0,66.06,200.0,176.0,0.0
10-01-2013,50.2,3300.0,44.78,2182.0,66.12,200.0,176.0,0.0
11-01-2013,50.2,3300.0,44.79,2184.0,66.18,200.0,176.0,0.0
12-01-2013,50.2,3300.0,44.79,2184.0,66.18,176.0,176.0,0.0
13-01-2013,50.2,3300.0,44.79,2184.0,66.18,176.0,176.0,0.0
14-01-2013,50.2,3300.0,44.79,2184.0,66.18,176.0,176.0,0.0
15-01-2013,50.2,3300.0,44.79,2184.0,66.18,176.0,176.0,0.0
16-01-2013,50.2,3300.0,44.79,2184.0,66.18,176.0,176.0,0.0
17-01-2013,50.2,3300.0,44.79,2184.0,66.18,176.0,176.0,0.0
18-01-2013,50.2,3300.0,44.79,2184.0,66.18,176.0,176.0,0.0
19-01-2013,50.2,3300.0,44.79,2184.0,66.18,176.0,176.0,0.0
20-01-2013,50.2,3300.0,44.79,2184.0,66.18,176.0,176.0,0.0
21-01-2013,50.2,3300.0,44.79,2184.0,66.18,176.0,176.0,0.0
22-01-2013,50.2,3300.0,44.79,2184.0,66.18,176.0,176.0,0.0
23-01-2013,50.2,3300.0,44.79,2184.0,66.18,176.0,176.0,0.0
24-01-2013,50.2,3300.0,44.79,2184.0,66.18,176.0,176.0,0.0
25-01-2013,50.2,3300.0,44.79,2184.0,66.18,176.0,176.0,0.0
26-01-2013,50.2,3300.0,44.79,2184.0,66.18,176.0,176.0,0.0
27-01-2013,50.2,3300.0,44.79,2184.0,66.18,176.0,176.0,0.0
28-01-2013,50.2,3300.0,44.79,2184.0,66.18,176.0,176.0,0.0
29-01-2013,50.2,3300.0,44.79,2184.0,66.18,176.0,176.0,0.0
30-01-2013,50.2,3300.0,44.87,2198.0,66.61,300.0,176.0,0.0
31-01-2013,50.2,3300.0,44.92,2207.0,66.88,300.0,176.0,0.0
01-02-2013,50.2,3300.0,44.95,2212.0,67.03,250.0,176.0,0.0
02-02-2013,50.2,3300.0,44.98,2218.0,67.21,250.0,176.0,0.0
03-02-2013,50.2,3300.0,45.02,2225.0,67.42,250.0,176.0,0.0
04-02-2013,50.2,3300.0,45.05,2230.0,67.58,250.0,176.0,0.0
05-02-2013,50.2,3300.0,45.08,2236.0,67.76,250.0,176.0,0.0
06-02-2013,50.2,3300.0,45.11,2241.0,67.91,250.0,176.0,0.0
07-02-2013,50.2,3300.0,45.14,2246.0,68.06,250.0,176.0,0.0
08-02-2013,50.2,3300.0,45.16,2250.0,68.18,250.0,176.0,0.0
09-02-2013,50.2,3300.0,45.19,2255.0,68.33,250.0,176.0,0.0
10-02-2013,50.2,3300.0,45.22,2261.0,68.52,250.0,176.0,0.0
11-02-2013,50.2,3300.0,45.25,2266.0,68.67,250.0,176.0,0.0
12-02-2013,50.2,3300.0,45.27,2270.0,68.79,250.0,176.0,0.0
13-02-2013,50.2,3300.0,45.29,2274.0,68.91,220.0,176.0,0.0
14-02-2013,50.2,3300.0,45.3,2276.0,68.97,200.0,176.0,0.0
15-02-2013,50.2,3300.0,45.31,2278.0,69.03,200.0,176.0,0.0
16-02-2013,50.2,3300.0,45.32,2279.0,69.06,200.0,176.0,0.8
17-02-2013,50.2,3300.0,45.38,2291.0,69.42,315.0,176.0,16.0
18-02-2013,50.2,3300.0,45.45,2303.0,69.79,338.0,176.0,26.0
19-02-2013,50.2,3300.0,45.45,2303.0,69.79,176.0,176.0,0.0
20-02-2013,50.2,3300.0,45.43,2300.0,69.7,125.0,176.0,0.0
21-02-2013,50.2,3300.0,45.4,2294.0,69.52,100.0,176.0,0.0
22-02-2013,50.2,3300.0,45.36,2287.0,69.3,50.0,176.0,0.0
23-02-2013,50.2,3300.0,45.3,2276.0,68.97,50.0,176.0,0.0
24-02-2013,50.2,3300.0,45.23,2263.0,68.58,35.0,176.0,0.0
25-02-2013,50.2,3300.0,45.16,2250.0,68.18,35.0,176.0,0.0
26-02-2013,50.2,3300.0,45.08,2236.0,67.76,20.0,176.0,0.0
27-02-2013,50.2,3300.0,45.0,2221.0,67.3,10.0,176.0,0.0
28-02-2013,50.2,3300.0,44.91,2205.0,66.82,10.0,176.0,0.0
01-03-2013,50.2,3300.0,44.82,2189.0,66.33,10.0,176.0,0.0
02-03-2013,50.2,3300.0,44.73,2173.0,65.85,10.0,176.0,0.0
03-03-2013,50.2,3300.0,44.64,2157.0,65.36,10.0,176.0,0.0
04-03-2013,50.2,3300.0,44.55,2141.0,64.88,10.0,176.0,0.0
05-03-2013,50.2,3300.0,44.45,2124.0,64.36,10.0,176.0,0.0
06-03-2013,50.2,3300.0,44.36,2108.0,63.88,10.0,176.0,0.0
07-03-2013,50.2,3300.0,44.3,2097.0,63.55,49.0,176.0,0.0
08-03-2013,50.2,3300.0,44.21,2082.0,63.09,10.0,176.0,0.0
09-03-2013,50.2,3300.0,44.13,2068.0,62.67,10.0,176.0,0.0
10-03-2013,50.2,3300.0,44.05,2054.0,62.24,10.0,176.0,0.0
11-03-2013,50.2,3300.0,43.97,2040.0,61.82,10.0,176.0,0.0
12-03-2013,50.2,3300.0,43.88,2025.0,61.36,0.0,176.0,0.0
13-03-2013,50.2,3300.0,45.88,2025.0,61.36,0.0,176.0,0.0
14-03-2013,50.2,3300.0,43.72,1997.0,60.52,0.0,176.0,0.0
15-03-2013,50.2,3300.0,43.63,1982.0,60.06,0.0,176.0,0.0
16-03-2013,50.2,3300.0,43.55,1968.0,59.64,0.0,176.0,0.0
17-03-2013,50.2,3300.0,43.46,1953.0,59.18,0.0,176.0,0.0
18-03-2013,50.2,3300.0,43.37,1938.0,58.73,0.0,176.0,0.0
19-03-2013,50.2,3300.0,43.28,1923.0,58.27,0.0,176.0,0.0
20-03-2013,50.2,3300.0,43.2,1909.0,57.85,0.0,176.0,0.0
21-03-2013,50.2,3300.0,43.11,1894.0,57.39,0.0,176.0,0.0
22-03-2013,50.2,3300.0,43.02,1879.0,56.94,0.0,176.0,0.0
23-03-2013,50.2,3300.0,42.93,1864.0,56.48,0.0,176.0,0.0
24-03-2013,50.2,3300.0,42.83,1848.0,56.0,0.0,176.0,0.0
25-03-2013,50.2,3300.0,42.74,1833.0,55.55,0.0,176.0,0.0
26-03-2013,50.2,3300.0,42.65,1818.0,55.09,0.0,176.0,0.0
27-03-2013,50.2,3300.0,42.55,1802.0,54.61,0.0,176.0,0.0
28-03-2013,50.2,3300.0,42.45,1787.0,54.15,0.0,176.0,0.0
29-03-2013,50.2,3300.0,42.37,1772.0,53.7,0.0,176.0,0.0
30-03-2013,50.2,3300.0,42.27,1756.0,53.21,0.0,176.0,0.0
31-03-2013,50.2,3300.0,42.18,1741.0,52.76,0.0,176.0,0.0
01-04-2013,50.2,3300.0,42.08,1725.0,52.27,0.0,176.0,0.0
02-04-2013,50.2,3300.0,41.99,1711.0,51.85,0.0,176.0,0.0
03-04-2013,50.2,3300.0,41.9,1697.0,51.42,0.0,176.0,0.0
04-04-2013,50.2,3300.0,41.81,1682.0,50.97,0.0,176.0,0.0
05-04-2013,50.2,3300.0,41.71,1666.0,50.48,0.0,176.0,0.0
06-04-2013,50.2,3300.0,41.61,1650.0,50.0,0.0,176.0,0.0
07-04-2013,50.2,3300.0,41.51,1635.0,49.55,0.0,176.0,0.0
08-04-2013,50.2,3300.0,41.42,1620.0,49.09,0.0,176.0,0.0
09-04-2013,50.2,3300.0,41.33,1606.0,48.67,0.0,176.0,0.0
10-04-2013,50.2,3300.0,41.25,1591.0,48.21,0.0,176.0,0.0
11-04-2013,50.2,3300.0,41.14,1576.0,47.76,0.0,176.0,0.0
12-04-2013,50.2,3300.0,41.04,1561.0,47.3,0.0,176.0,0.0
13-04-2013,50.2,3300.0,40.94,1546.0,46.85,0.0,176.0,0.0
14-04-2013,50.2,3300.0,40.84,1530.0,46.36,0.0,176.0,0.0
15-04-2013,50.2,3300.0,40.73,1514.0,45.88,0.0,176.0,0.0
16-04-2013,50.2,3300.0,40.62,1497.0,45.36,0.0,176.0,0.0
17-04-2013,50.2,3300.0,40.51,1480.0,44.85,0.0,176.0,0.0
18-04-2013,50.2,3300.0,40.4,1464.0,44.36,12.0,189.0,0.0
19-04-2013,50.2,3300.0,40.29,1448.0,43.88,12.0,189.0,0.0
20-04-2013,50.2,3300.0,40.19,1432.0,43.39,12.0,189.0,0.0
21-04-2013,50.2,3300.0,40.07,1415.0,42.88,15.0,189.0,0.0
22-04-2013,50.2,3300.0,39.96,1399.0,42.39,15.0,189.0,0.0
23-04-2013,50.2,3300.0,39.85,1383.0,41.91,15.0,189.0,0.0
24-04-2013,50.2,3300.0,39.75,1368.0,41.45,15.0,189.0,5.0
25-04-2013,50.2,3300.0,39.64,1352.0,40.97,15.0,189.0,0.0
26-04-2013,50.2,3300.0,39.53,1336.0,40.48,15.0,189.0,0.0
27-04-2013,50.2,3300.0,39.42,1321.0,40.03,15.0,189.0,0.0
28-04-2013,50.2,3300.0,39.31,1305.0,39.55,15.0,189.0,0.0
29-04-2013,50.2,3300.0,39.2,1289.0,39.06,15.0,189.0,0.0
30-04-2013,50.2,3300.0,39.08,1273.0,38.58,15.0,189.0,0.0
01-05-2013,50.2,3300.0,38.97,1257.0,38.09,15.0,187.0,0.0
02-05-2013,50.2,3300.0,38.85,1241.0,37.61,15.0,189.0,0.0
03-05-2013,50.2,3300.0,38.74,1225.0,37.12,15.0,189.0,0.0
04-05-2013,50.2,3300.0,38.63,1210.0,36.67,20.0,189.0,0.0
05-05-2013,50.2,3300.0,38.52,1195.0,36.21,20.0,189.0,0.0
06-05-2013,50.2,3300.0,38.4,1179.0,35.73,20.0,189.0,0.0
07-05-2013,50.2,3300.0,38.29,1164.0,35.27,20.0,189.0,0.0
08-05-2013,50.2,3300.0,38.18,1150.0,34.85,20.0,189.0,0.0
09-05-2013,50.2,3300.0,38.07,1135.0,34.39,20.0,189.0,0.0
10-05-2013,50.2,3300.0,37.95,1120.0,33.94,20.0,189.0,0.0
11-05-2013,50.2,3300.0,37.84,1105.0,33.48,20.0,189.0,0.0
12-05-2013,50.2,3300.0,37.72,1090.0,33.03,20.0,189.0,0.0
13-05-2013,50.2,3300.0,37.6,1074.0,32.55,20.0,189.0,1.0
14-05-2013,50.2,3300.0,37.48,1059.0,32.09,20.0,189.0,0.0
15-05-2013,50.2,3300.0,37.36,1044.0,31.64,20.0,189.0,0.0
16-05-2013,50.2,3300.0,37.24,1029.0,31.18,20.0,189.0,0.0
17-05-2013,50.2,3300.0,37.12,1014.0,30.73,20.0,189.0,0.0
18-05-2013,50.2,3300.0,37.0,1000.0,30.3,20.0,189.0,0.0
19-05-2013,50.2,3300.0,36.88,985.0,29.85,20.0,189.0,0.0
20-05-2013,50.2,3300.0,36.76,970.0,29.39,20.0,189.0,0.0
21-05-2013,50.2,3300.0,36.63,955.0,28.94,20.0,189.0,0.0
22-05-2013,50.2,3300.0,36.5,940.0,28.48,20.0,189.0,0.0
23-05-2013,50.2,3300.0,36.37,924.0,28.0,0.0,189.0,0.0
24-05-2013,50.2,3300.0,36.27,913.0,27.67,0.0,143.0,0.0
25-05-2013,50.2,3300.0,36.17,901.0,27.3,0.0,143.0,0.0
26-05-2013,50.2,3300.0,36.07,890.0,26.97,0.0,143.0,0.0
27-05-2013,50.2,3300.0,35.98,880.0,26.67,0.0,123.0,0.0
28-05-2013,50.2,3300.0,35.87,867.0,26.27,0.0,163.0,0.0
29-05-2013,50.2,3300.0,35.78,857.0,25.97,0.0,123.0,0.0
30-05-2013,50.2,3300.0,35.67,844.0,25.58,0.0,163.0,0.0
31-05-2013,50.2,3300.0,35.57,834.0,25.27,0.0,123.0,0.0
01-06-2013,50.2,3300.0,35.45,821.0,24.88,0.0,163.0,0.0
02-06-2013,50.2,3300.0,35.36,811.0,24.58,0.0,123.0,0.0
03-06-2013,50.2,3300.0,35.24,798.0,24.18,0.0,163.0,5.0
04-06-2013,50.2,3300.0,35.15,788.0,23.88,0.0,123.0,0.0
05-06-2013,50.2,3300.0,35.02,775.0,23.48,0.0,163.0,0.0
06-06-2013,50.2,3300.0,34.92,765.0,23.18,0.0,123.0,0.0
07-06-2013,50.2,3300.0,34.8,752.0,22.79,0.0,163.0,29.0
08-06-2013,50.2,3300.0,34.7,742.0,22.48,0.0,123.0,22.0
09-06-2013,50.2,3300.0,34.58,729.0,22.09,0.0,163.0,0.0
10-06-2013,50.2,3300.0,34.48,719.0,21.79,0.0,123.0,0.0
11-06-2013,50.2,3300.0,34.34,705.0,21.36,0.0,163.0,8.0
12-06-2013,50.2,3300.0,34.25,696.0,21.09,0.0,113.0,0.0
13-06-2013,50.2,3300.0,34.12,683.0,20.7,0.0,153.0,0.0
14-06-2013,50.2,3300.0,34.01,673.0,20.39,0.0,113.0,0.0
15-06-2013,50.2,3300.0,33.88,660.0,20.0,0.0,153.0,0.0
16-06-2013,50.2,3300.0,33.78,650.0,19.7,0.0,113.0,0.0
17-06-2013,50.2,3300.0,33.64,637.0,19.3,0.0,153.0,0.0
18-06-2013,50.2,3300.0,33.53,627.0,19.0,0.0,113.0,0.0
19-06-2013,50.2,3300.0,33.4,614.0,18.61,0.0,153.0,0.0
20-06-2013,50.2,3300.0,33.29,604.0,18.3,0.0,113.0,0.0
21-06-2013,50.2,3300.0,33.15,591.0,17.91,0.0,153.0,0.0
22-06-2013,50.2,3300.0,33.04,581.0,17.61,0.0,113.0,0.0
23-06-2013,50.2,3300.0,32.89,568.0,17.21,0.0,153.0,0.0
24-06-2013,50.2,3300.0,32.78,558.0,16.91,0.0,113.0,1.0
25-06-2013,50.2,3300.0,32.64,545.0,16.52,0.0,153.0,0.0
26-06-2013,50.2,3300.0,32.52,535.0,16.21,0.0,113.0,0.0
27-06-2013,50.2,3300.0,32.37,522.0,15.82,0.0,153.0,1.6
28-06-2013,50.2,3300.0,32.25,512.0,15.52,0.0,113.0,0.0
29-06-2013,50.2,3300.0,32.1,499.0,15.12,0.0,153.0,5.0
30-06-2013,50.2,3300.0,31.98,489.0,14.82,0.0,113.0,28.0
01-07-2013,50.2,3300.0,31.82,476.0,14.42,0.0,153.0,0.0
02-07-2013,50.2,3300.0,31.7,466.0,14.12,0.0,113.0,0.0
03-07-2013,50.2,3300.0,31.54,453.0,13.73,0.0,140.0,0.0
04-07-2013,50.2,3300.0,31.43,445.0,13.48,0.0,100.0,6.0
05-07-2013,50.2,3300.0,31.27,433.0,13.12,0.0,140.0,0.0
06-07-2013,50.2,3300.0,31.17,425.0,12.88,0.0,100.0,0.0
07-07-2013,50.2,3300.0,31.01,413.0,12.52,0.0,140.0,3.0
08-07-2013,50.2,3300.0,30.93,405.0,12.27,0.0,100.0,6.0
09-07-2013,50.2,3300.0,30.73,392.0,11.88,0.0,140.0,0.0
10-07-2013,50.2,3300.0,30.66,387.0,11.73,75.0,100.0,0.0
11-07-2013,50.2,3300.0,30.61,383.0,11.61,95.0,140.0,33.0
12-07-2013,50.2,3300.0,30.59,382.0,11.58,88.0,100.0,19.0
13-07-2013,50.2,3300.0,30.52,377.0,11.42,80.0,140.0,9.0
14-07-2013,50.2,3300.0,30.5,375.0,11.36,80.0,100.0,0.0
15-07-2013,50.2,3300.0,30.42,370.0,11.21,80.0,140.0,0.0
16-07-2013,50.2,3300.0,30.42,370.0,11.21,100.0,100.0,29.0
17-07-2013,50.2,3300.0,30.35,365.0,11.06,80.0,140.0,0.0
18-07-2013,50.2,3300.0,30.33,363.0,11.0,80.0,100.0,5.0
19-07-2013,50.2,3300.0,30.3,361.0,10.94,117.0,140.0,24.0
20-07-2013,50.2,3300.0,30.3,361.0,10.94,100.0,100.0,18.0
21-07-2013,50.2,3300.0,30.23,356.0,10.79,80.0,140.0,1.0
22-07-2013,50.2,3300.0,30.2,354.0,10.73,80.0,100.0,1.0
23-07-2013,50.2,3300.0,30.18,353.0,10.7,128.0,140.0,6.0
24-07-2013,50.2,3300.0,30.21,355.0,10.76,124.0,100.0,5.0
25-07-2013,50.2,3300.0,30.17,352.0,10.67,104.0,140.0,0.0
26-07-2013,50.2,3300.0,30.17,352.0,10.67,100.0,100.0,0.0
27-07-2013,50.2,3300.0,30.1,347.0,10.52,80.0,140.0,0.0
28-07-2013,50.2,3300.0,30.07,345.0,10.45,80.0,100.0,0.0
29-07-2013,50.2,3300.0,30.04,343.0,10.39,117.0,140.0,4.0
30-07-2013,50.2,3300.0,30.02,342.0,10.36,88.0,100.0,0.0
31-07-2013,50.2,3300.0,29.96,338.0,10.24,80.0,140.0,0.0
01-08-2013,50.2,3300.0,29.96,338.0,10.24,125.0,100.0,0.0
02-08-2013,50.2,3300.0,29.95,337.0,10.21,130.0,140.0,0.0
03-08-2013,50.2,3300.0,30.0,340.0,10.3,130.0,100.0,0.0
04-08-2013,50.2,3300.0,30.05,344.0,10.42,186.0,140.0,1.0
05-08-2013,50.2,3300.0,30.23,356.0,10.79,239.0,100.0,25.0
06-08-2013,50.2,3300.0,30.23,356.0,10.79,140.0,140.0,0.0
07-08-2013,50.2,3300.0,30.27,359.0,10.88,130.0,100.0,0.0
08-08-2013,50.2,3300.0,30.27,359.0,10.88,140.0,140.0,1.6
09-08-2013,50.2,3300.0,30.3,361.0,10.94,130.0,100.0,0.0
10-08-2013,50.2,3300.0,30.28,360.0,10.91,130.0,140.0,0.0
11-08-2013,50.2,3300.0,30.37,366.0,11.09,170.0,100.0,10.0
12-08-2013,50.2,3300.0,30.35,365.0,11.06,130.0,140.0,14.0
13-08-2013,50.2,3300.0,30.4,368.0,11.15,130.0,100.0,0.0
14-08-2013,50.2,3300.0,30.57,380.0,11.52,229.0,90.0,18.0
15-08-2013,50.2,3300.0,30.88,403.0,12.21,336.0,70.0,30.0
16-08-2013,50.2,3300.0,31.01,413.0,12.52,206.0,90.0,3.0
17-08-2013,50.2,3300.0,31.21,428.0,12.97,244.0,70.0,22.0
18-08-2013,50.2,3300.0,31.31,436.0,13.21,183.0,90.0,5.0
19-08-2013,50.2,3300.0,31.39,442.0,13.39,140.0,70.0,0.0
20-08-2013,50.2,3300.0,31.44,446.0,13.52,140.0,90.0,0.0
21-08-2013,50.2,3300.0,31.52,452.0,13.7,140.0,70.0,0.0
22-08-2013,50.2,3300.0,31.62,460.0,13.94,175.0,90.0,2.0
23-08-2013,50.2,3300.0,31.73,469.0,14.21,175.0,70.0,0.0
24-08-2013,50.2,3300.0,31.83,477.0,14.45,175.0,90.0,2.0
25-08-2013,50.2,3300.0,31.98,489.0,14.82,210.0,70.0,0.0
26-08-2013,50.2,3300.0,32.1,499.0,15.12,210.0,90.0,0.0
27-08-2013,50.2,3300.0,32.24,511.0,15.48,210.0,70.0,0.0
28-08-2013,50.2,3300.0,32.36,521.0,15.79,210.0,90.0,0.0
29-08-2013,50.2,3300.0,32.48,532.0,16.12,210.0,70.0,0.0
30-08-2013,50.2,3300.0,32.73,553.0,16.76,333.0,90.0,58.0
31-08-2013,50.2,3300.0,32.86,565.0,17.12,210.0,70.0,0.0
01-09-2013,50.2,3300.0,32.97,575.0,17.42,210.0,90.0,0.0
02-09-2013,50.2,3300.0,33.08,585.0,17.73,210.0,70.0,0.0
03-09-2013,50.2,3300.0,33.19,595.0,18.03,210.0,90.0,0.0
04-09-2013,50.2,3300.0,33.4,614.0,18.61,310.0,70.0,29.0
05-09-2013,50.2,3300.0,33.5,624.0,18.91,210.0,90.0,0.0
06-09-2013,50.2,3300.0,33.63,636.0,19.27,210.0,70.0,0.0
07-09-2013,50.2,3300.0,33.73,646.0,19.58,210.0,90.0,0.0
08-09-2013,50.2,3300.0,33.83,655.0,19.85,210.0,100.0,0.0
09-09-2013,50.2,3300.0,33.95,667.0,20.21,259.0,120.0,17.0
10-09-2013,50.2,3300.0,34.05,677.0,20.52,210.0,100.0,2.0
11-09-2013,50.2,3300.0,34.21,692.0,20.97,284.0,110.0,16.4
12-09-2013,50.2,3300.0,34.42,713.0,21.61,313.0,70.0,11.4
13-09-2013,50.2,3300.0,35.0,773.0,23.42,784.0,90.0,36.0
14-09-2013,50.2,3300.0,35.16,789.0,23.91,255.0,70.0,4.2
15-09-2013,50.2,3300.0,35.25,799.0,24.21,210.0,90.0,0.0
16-09-2013,50.2,3300.0,35.4,815.0,24.7,255.0,70.0,25.0
17-09-2013,50.2,3300.0,35.49,825.0,25.0,210.0,90.0,0.0
18-09-2013,50.2,3300.0,35.59,836.0,25.33,210.0,70.0,0.0
19-09-2013,50.2,3300.0,35.71,849.0,25.73,240.0,90.0,19.0
20-09-2013,50.2,3300.0,35.81,860.0,26.06,210.0,70.0,2.0
21-09-2013,50.2,3300.0,35.9,870.0,26.36,210.0,90.0,0.0
22-09-2013,50.2,3300.0,35.99,881.0,26.7,210.0,70.0,1.0
23-09-2013,50.2,3300.0,36.08,891.0,27.0,210.0,90.0,3.0
24-09-2013,50.2,3300.0,36.17,901.0,27.3,210.0,70.0,0.0
25-09-2013,50.2,3300.0,36.26,911.0,27.61,210.0,90.0,0.0
26-09-2013,50.2,3300.0,36.35,922.0,27.94,210.0,70.0,0.0
27-09-2013,50.2,3300.0,36.43,932.0,28.24,210.0,90.0,0.0
28-09-2013,50.2,3300.0,36.54,944.0,28.61,210.0,70.0,0.0
29-09-2013,50.2,3300.0,36.62,954.0,28.91,210.0,90.0,0.0
30-09-2013,50.2,3300.0,36.73,966.0,29.27,210.0,70.0,0.0
01-10-2013,50.2,3300.0,36.81,976.0,29.58,210.0,90.0,3.0
02-10-2013,50.2,3300.0,36.92,990.0,30.0,232.0,70.0,10.0
03-10-2013,50.2,3300.0,37.0,1000.0,30.3,210.0,90.0,0.0
04-10-2013,50.2,3300.0,37.24,1029.0,31.18,405.0,70.0,27.0
05-10-2013,50.2,3300.0,37.32,1039.0,31.48,210.0,90.0,0.0
06-10-2013,50.2,3300.0,37.4,1049.0,31.79,210.0,70.0,0.0
07-10-2013,50.2,3300.0,37.48,1059.0,32.09,210.0,90.0,0.0
08-10-2013,50.2,3300.0,37.57,1071.0,32.45,210.0,70.0,0.0
09-10-2013,50.2,3300.0,37.62,1077.0,32.64,165.0,90.0,0.0
10-10-2013,50.2,3300.0,37.65,1081.0,32.76,165.0,70.0,1.0
11-10-2013,50.2,3300.0,37.7,1087.0,32.94,165.0,90.0,12.0
12-10-2013,50.2,3300.0,37.74,1092.0,33.09,165.0,70.0,0.0
13-10-2013,50.2,3300.0,37.77,1096.0,33.21,165.0,90.0,0.0
14-10-2013,50.2,3300.0,37.8,1100.0,33.33,165.0,70.0,0.0
15-10-2013,50.2,3300.0,37.84,1105.0,33.48,165.0,90.0,0.0
16-10-2013,50.2,3300.0,37.88,1111.0,33.67,165.0,70.0,0.0
17-10-2013,50.2,3300.0,37.9,1113.0,33.73,120.0,90.0,0.0
18-10-2013,50.2,3300.0,37.91,1115.0,33.79,120.0,70.0,0.0
19-10-2013,50.2,3300.0,37.93,1117.0,33.85,120.0,90.0,0.0
20-10-2013,50.2,3300.0,37.99,1125.0,34.09,163.0,70.0,21.0
21-10-2013,50.2,3300.0,38.08,1137.0,34.45,229.0,90.0,65.0
22-10-2013,50.2,3300.0,38.48,1190.0,36.06,683.0,70.0,36.0
23-10-2013,50.2,3300.0,38.66,1214.0,36.79,368.0,90.0,10.0
24-10-2013,50.2,3300.0,38.71,1221.0,37.0,151.0,70.0,1.0
25-10-2013,50.2,3300.0,38.76,1228.0,37.21,171.0,90.0,0.0
26-10-2013,50.2,3300.0,38.88,1245.0,37.73,267.0,70.0,43.0
27-10-2013,50.2,3300.0,39.0,1262.0,38.24,287.0,90.0,0.0
28-10-2013,50.2,3300.0,39.06,1266.0,38.36,120.0,70.0,0.0
29-10-2013,50.2,3300.0,39.14,1281.0,38.82,264.0,90.0,4.4
30-10-2013,50.2,3300.0,39.29,1302.0,39.45,313.0,70.0,0.0
31-10-2013,50.2,3300.0,39.39,1317.0,39.91,264.0,90.0,0.0
01-11-2013,50.2,3300.0,39.5,1332.0,40.36,244.0,70.0,7.0
02-11-2013,50.2,3300.0,39.6,1347.0,40.82,264.0,90.0,2.0
03-11-2013,50.2,3300.0,39.78,1373.0,41.61,371.0,70.0,22.0
04-11-2013,50.2,3300.0,39.94,1396.0,42.3,356.0,90.0,17.0
05-11-2013,50.2,3300.0,43.37,1938.0,58.73,290.0,70.0,0.0
06-11-2013,50.2,3300.0,40.09,1418.0,42.97,206.0,90.0,0.0
07-11-2013,50.2,3300.0,40.16,1428.0,43.27,200.0,70.0,0.0
08-11-2013,50.2,3300.0,40.22,1437.0,43.55,200.0,90.0,0.0
09-11-2013,50.2,3300.0,40.29,1448.0,43.88,200.0,80.0,0.0
10-11-2013,50.2,3300.0,40.35,1457.0,44.15,200.0,90.0,0.0
11-11-2013,50.2,3300.0,40.41,1465.0,44.39,165.0,970.0,0.0
12-11-2013,50.2,3300.0,40.44,1470.0,44.55,165.0,90.0,0.0
13-11-2013,50.2,3300.0,40.48,1476.0,44.73,165.0,70.0,0.0
14-11-2013,50.2,3300.0,40.54,1485.0,45.0,165.0,90.0,0.0
15-11-2013,50.2,3300.0,40.48,1491.0,45.18,165.0,70.0,0.0
16-11-2013,50.2,3300.0,40.62,1497.0,45.36,165.0,90.0,2.0
17-11-2013,50.2,3300.0,40.77,1520.0,46.06,336.0,70.0,16.4
18-11-2013,50.2,3300.0,41.1,1570.0,47.58,669.0,90.0,19.0
19-11-2013,50.2,3300.0,41.3,1599.0,48.45,406.0,70.0,0.0
20-11-2013,50.2,3300.0,41.66,1627.0,49.3,414.0,90.0,0.0
21-11-2013,50.2,3300.0,41.59,1647.0,49.91,301.0,70.0,0.0
22-11-2013,50.2,3300.0,41.71,1666.0,50.48,310.0,90.0,0.0
23-11-2013,50.2,3300.0,41.84,1687.0,51.12,301.0,70.0,0.0
24-11-2013,50.2,3300.0,41.97,1708.0,51.76,333.0,90.0,3.0
25-11-2013,50.2,3300.0,42.1,1729.0,52.39,313.0,70.0,0.0
26-11-2013,50.2,3300.0,42.23,1749.0,53.0,321.0,90.0,1.0
27-11-2013,50.2,3300.0,42.35,1769.0,53.61,301.0,70.0,0.0
28-11-2013,50.2,3300.0,42.47,1789.0,54.21,321.0,90.0,0.0
29-11-2013,50.2,3300.0,42.6,1810.0,54.85,313.0,70.0,0.0
30-11-2013,50.2,3300.0,42.71,1828.0,55.39,290.0,90.0,0.0
01-12-2013,50.2,3300.0,42.84,1850.0,56.06,325.0,70.0,4.0
02-12-2013,50.2,3300.0,43.01,1878.0,56.91,414.0,90.0,18.0
03-12-2013,50.2,3300.0,43.14,1899.0,57.55,313.0,70.0,0.0
04-12-2013,50.2,3300.0,43.25,1918.0,58.12,310.0,90.0,0.0
05-12-2013,50.2,3300.0,43.37,1938.0,58.73,290.0,70.0,0.0
06-12-2013,50.2,3300.0,43.48,1957.0,59.3,290.0,90.0,0.0
07-12-2013,50.2,3300.0,43.6,1977.0,59.91,290.0,70.0,0.0
08-12-2013,50.2,3300.0,43.69,1992.0,60.36,290.0,90.0,8.0
09-12-2013,50.2,3300.0,43.77,2006.0,60.79,290.0,70.0,0.0
10-12-2013,50.2,3300.0,43.86,2021.0,61.24,290.0,90.0,0.0
11-12-2013,50.2,3300.0,43.96,2039.0,61.79,290.0,70.0,0.0
12-12-2013,50.2,3300.0,43.03,2051.0,62.15,290.0,90.0,2.6
13-12-2013,50.2,3300.0,44.09,2061.0,62.45,290.0,70.0,3.0
14-12-2013,50.2,3300.0,44.17,2075.0,62.88,290.0,90.0,0.0
15-12-2013,50.2,3300.0,44.25,2089.0,63.3,290.0,70.0,0.0
16-12-2013,50.2,3300.0,44.32,2101.0,63.67,290.0,90.0,0.0
17-12-2013,50.2,3300.0,44.39,2113.0,64.03,290.0,70.0,0.0
18-12-2013,50.2,3300.0,44.45,2124.0,64.36,290.0,90.0,0.0
19-12-2013,50.2,3300.0,44.49,2131.0,64.58,290.0,70.0,0.0
20-12-2013,50.2,3300.0,44.53,2138.0,64.79,290.0,90.0,0.0
21-12-2013,50.2,3300.0,44.58,2146.0,65.03,290.0,70.0,0.0
22-12-2013,50.2,3300.0,44.6,2150.0,65.15,220.0,90.0,0.0
23-12-2013,50.2,3300.0,44.63,2155.0,65.3,220.0,70.0,0.0
24-12-2013,50.2,3300.0,44.65,2159.0,65.42,180.0,90.0,0.0
25-12-2013,50.2,3300.0,44.67,2162.0,65.52,180.0,70.0,0.0
26-12-2013,50.2,3300.0,44.68,2164.0,65.58,180.0,90.0,0.0
27-12-2013,50.2,3300.0,44.69,2166.0,65.64,180.0,70.0,0.0
28-12-2013,50.2,3300.0,44.7,2167.0,65.67,150.0,90.0,0.0
29-12-2013,50.2,3300.0,44.7,2167.0,65.67,120.0,70.0,0.0
30-12-2013,50.2,3300.0,44.7,2167.0,65.67,100.0,90.0,0.0
31-12-2013,50.2,3300.0,44.7,2167.0,65.67,100.0,70.0,0.0
01-01-2014,50.2,3300.0,44.69,2166.0,65.64,100.0,105.0,0.0
02-01-2014,50.2,3300.0,44.66,2160.0,65.45,40.0,85.0,0.0
03-01-2014,50.2,3300.0,44.62,2153.0,65.24,40.0,105.0,0.0
04-01-2014,50.2,3300.0,44.59,2148.0,65.09,30.0,85.0,0.0
05-01-2014,50.2,3300.0,41.46,1627.0,49.3,232.0,105.0,0.0
06-01-2014,50.2,3300.0,44.51,2134.0,64.67,30.0,85.0,0.0
07-01-2014,50.2,3300.0,44.46,2125.0,64.39,15.0,105.0,0.0
08-01-2014,50.2,3300.0,44.42,2118.0,64.18,15.0,85.0,0.0
09-01-2014,50.2,3300.0,44.37,2110.0,63.94,15.0,105.0,0.0
10-01-2014,50.2,3300.0,44.34,2104.0,63.76,110.0,85.0,0.0
11-01-2014,50.2,3300.0,44.34,2104.0,63.76,105.0,105.0,0.0
12-01-2014,50.2,3300.0,44.34,2104.0,63.76,105.0,85.0,0.0
13-01-2014,50.2,3300.0,44.32,2101.0,63.67,105.0,105.0,0.0
14-01-2014,50.2,3300.0,44.3,2097.0,63.55,75.0,85.0,0.0
15-01-2014,50.2,3300.0,44.26,2090.0,63.33,55.0,105.0,0.0
16-01-2014,50.2,3300.0,44.23,2085.0,63.18,55.0,105.0,0.0
17-01-2014,50.2,3300.0,44.19,2078.0,62.97,45.0,105.0,0.0
18-01-2014,50.2,3300.0,44.15,2071.0,62.76,45.0,85.0,0.0
19-01-2014,50.2,3300.0,44.1,2063.0,62.52,35.0,105.0,0.0
20-01-2014,50.2,3300.0,44.07,2058.0,62.36,55.0,85.0,0.0
21-01-2014,50.2,3300.0,44.03,2051.0,62.15,45.0,105.0,0.0
22-01-2014,50.2,3300.0,44.0,2045.0,61.97,35.0,85.0,0.0
23-01-2014,50.2,3300.0,43.95,2037.0,61.73,35.0,105.0,0.0
24-01-2014,50.2,3300.0,43.91,2030.0,61.52,35.0,85.0,0.0
25-01-2014,50.2,3300.0,43.87,2023.0,61.3,40.0,105.0,0.0
26-01-2014,50.2,3300.0,43.84,2018.0,61.15,35.0,85.0,0.0
27-01-2014,50.2,3300.0,43.81,2013.0,61.0,40.0,105.0,0.0
28-01-2014,50.2,3300.0,43.79,2009.0,60.88,40.0,85.0,0.0
29-01-2014,50.2,3300.0,43.76,2004.0,60.73,45.0,105.0,0.0
30-01-2014,50.2,3300.0,43.74,2001.0,60.64,45.0,85.0,0.0
31-01-2014,50.2,3300.0,43.72,1997.0,60.52,55.0,105.0,0.0
01-02-2014,50.2,3300.0,43.7,1994.0,60.42,55.0,85.0,0.0
02-02-2014,50.2,3300.0,43.68,1991.0,60.33,65.0,105.0,0.0
03-02-2014,50.2,3300.0,43.67,1989.0,60.27,65.0,85.0,0.0
04-02-2014,50.2,3300.0,43.66,1987.0,60.21,75.0,105.0,0.0
05-02-2014,50.2,3300.0,43.66,1987.0,60.21,0.0,85.0,0.0
06-02-2014,50.2,3300.0,40.65,1501.0,45.48,70.0,125.0,0.0
07-02-2014,50.2,3300.0,43.66,1987.0,60.21,100.0,85.0,0.0
08-02-2014,50.2,3300.0,43.66,1987.0,60.21,100.0,105.0,0.0
09-02-2014,50.2,3300.0,43.68,1990.0,60.3,120.0,85.0,0.0
10-02-2014,50.2,3300.0,43.71,1996.0,60.48,175.0,105.0,0.0
11-02-2014,50.2,3300.0,43.75,2003.0,60.7,175.0,85.0,0.0
12-02-2014,50.2,3300.0,43.81,2013.0,61.0,220.0,105.0,0.0
13-02-2014,50.2,3300.0,43.85,2020.0,61.21,220.0,85.0,0.0
14-02-2014,50.2,3300.0,43.95,2037.0,61.73,325.0,105.0,0.0
15-02-2014,50.2,3300.0,44.05,2054.0,62.24,325.0,85.0,0.0
16-02-2014,50.2,3300.0,44.15,2071.0,62.76,325.0,105.0,0.0
17-02-2014,50.2,3300.0,44.25,2089.0,63.3,325.0,85.0,0.0
18-02-2014,50.2,3300.0,44.36,2108.0,63.88,325.0,105.0,3.6
19-02-2014,50.2,3300.0,44.43,2120.0,64.24,320.0,105.0,0.0
20-02-2014,50.2,3300.0,44.5,2132.0,64.61,320.0,125.0,0.4
21-02-2014,50.2,3300.0,44.55,2141.0,64.88,320.0,105.0,0.0
22-02-2014,50.2,3300.0,44.61,2152.0,65.21,320.0,125.0,0.0
23-02-2014,50.2,3300.0,44.68,2164.0,65.58,320.0,105.0,0.0
24-02-2014,50.2,3300.0,44.75,2176.0,65.94,320.0,125.0,0.0
25-02-2014,50.2,3300.0,44.79,2184.0,66.18,320.0,105.0,0.0
26-02-2014,50.2,3300.0,44.87,2198.0,66.61,320.0,125.0,0.0
27-02-2014,50.2,3300.0,44.95,2212.0,67.03,315.0,105.0,0.0
28-02-2014,50.2,3300.0,45.02,2225.0,67.42,315.0,125.0,0.0
01-03-2014,50.2,3300.0,45.09,2237.0,67.79,315.0,105.0,0.0
02-03-2014,50.2,3300.0,45.17,2252.0,68.24,315.0,125.0,0.0
03-03-2014,50.2,3300.0,45.25,2266.0,68.67,315.0,105.0,0.0
04-03-2014,50.2,3300.0,45.3,2276.0,68.97,315.0,125.0,0.0
05-03-2014,50.2,3300.0,45.36,2287.0,69.3,250.0,105.0,0.0
06-03-2014,50.2,3300.0,45.38,2290.0,69.39,160.0,125.0,0.0
07-03-2014,50.2,3300.0,45.37,2288.0,69.33,80.0,105.0,0.0
08-03-2014,50.2,3300.0,45.35,2285.0,69.24,90.0,125.0,0.0
09-03-2014,50.2,3300.0,45.36,2287.0,69.3,120.0,105.0,0.0
10-03-2014,50.2,3300.0,45.36,2287.0,69.3,120.0,125.0,0.0
11-03-2014,50.2,3300.0,45.37,2289.0,69.36,120.0,105.0,0.0
12-03-2014,50.2,3300.0,45.36,2287.0,69.3,90.0,125.0,0.0
13-03-2014,50.2,3300.0,45.35,2285.0,69.24,90.0,105.0,0.0
14-03-2014,50.2,3300.0,45.34,2283.0,69.18,90.0,125.0,0.0
15-03-2014,50.2,3300.0,45.33,2281.0,69.12,90.0,105.0,0.0
16-03-2014,50.2,3300.0,45.31,2278.0,69.03,90.0,125.0,0.0
17-03-2014,50.2,3300.0,45.3,2276.0,68.97,90.0,105.0,0.0
18-03-2014,50.2,3300.0,45.29,2274.0,68.91,100.0,125.0,0.0
19-03-2014,50.2,3300.0,45.28,2272.0,68.85,80.0,105.0,0.0
20-03-2014,50.2,3300.0,45.26,2268.0,68.73,85.0,125.0,0.0
21-03-2014,50.2,3300.0,45.24,2265.0,68.64,85.0,105.0,0.0
22-03-2014,50.2,3300.0,45.22,2261.0,68.52,85.0,125.0,0.0
24-03-2014,50.2,3300.0,45.2,2253.0,68.27,85.0,125.0,0.0
25-03-2014,50.2,3300.0,45.15,2248.0,68.12,75.0,105.0,0.0
26-03-2014,50.2,3300.0,45.1,2239.0,67.85,35.0,125.0,0.0
27-03-2014,50.2,3300.0,45.05,2230.0,67.58,25.0,105.0,0.0
28-03-2014,50.2,3300.0,44.99,2219.0,67.24,20.0,125.0,0.0
29-03-2014,50.2,3300.0,44.93,2209.0,66.94,20.0,105.0,0.0
30-03-2014,50.2,3300.0,44.87,2198.0,66.61,20.0,125.0,0.0
31-03-2014,50.2,3300.0,44.82,2189.0,66.33,20.0,105.0,0.0
01-04-2014,50.2,3300.0,44.76,2178.0,66.0,20.0,125.0,0.0
02-04-2014,50.2,3300.0,44.7,2167.0,65.67,20.0,105.0,0.0
03-04-2014,50.2,3300.0,44.62,2153.0,65.24,20.0,125.0,0.0
04-04-2014,50.2,3300.0,44.54,2139.0,64.82,15.0,105.0,0.0
05-04-2014,50.2,3300.0,44.45,2124.0,64.36,15.0,125.0,0.0
06-04-2014,50.2,3300.0,44.37,2110.0,63.94,15.0,105.0,0.0
07-04-2014,50.2,3300.0,44.28,2094.0,63.45,15.0,125.0,0.0
08-04-2014,50.2,3300.0,44.2,2080.0,63.03,15.0,105.0,0.0
09-04-2014,50.2,3300.0,44.12,2066.0,62.61,15.0,125.0,0.0
10-04-2014,50.2,3300.0,44.04,2052.0,62.18,15.0,105.0,0.0
11-04-2014,50.2,3300.0,43.94,2035.0,61.67,15.0,125.0,0.0
12-04-2014,50.2,3300.0,43.84,2018.0,61.15,15.0,105.0,0.0
13-04-2014,50.2,3300.0,43.74,2001.0,60.64,15.0,125.0,0.0
14-04-2014,50.2,3300.0,43.67,1989.0,60.27,15.0,105.0,0.0
15-04-2014,50.2,3300.0,43.6,1977.0,59.91,15.0,125.0,0.0
16-04-2014,50.2,3300.0,43.53,1965.0,59.55,15.0,105.0,0.0
17-04-2014,50.2,3300.0,43.45,1952.0,59.15,15.0,125.0,0.0
18-04-2014,50.2,3300.0,43.38,1940.0,58.79,15.0,105.0,0.0
19-04-2014,50.2,3300.0,43.3,1926.0,58.36,15.0,125.0,0.0
20-04-2014,50.2,3300.0,43.21,1911.0,57.91,15.0,105.0,0.0
21-04-2014,50.2,3300.0,43.12,1896.0,57.45,15.0,125.0,0.0
22-04-2014,50.2,3300.0,43.03,1881.0,57.0,15.0,105.0,0.0
23-04-2014,50.2,3300.0,42.94,1866.0,56.55,15.0,125.0,0.0
24-04-2014,50.2,3300.0,42.85,1851.0,56.09,15.0,105.0,0.0
25-04-2014,50.2,3300.0,42.75,1835.0,55.61,15.0,125.0,0.0
26-04-2014,50.2,3300.0,42.66,1820.0,55.15,15.0,105.0,0.0
27-04-2014,50.2,3300.0,42.57,1805.0,54.7,15.0,125.0,0.0
28-04-2014,50.2,3300.0,42.49,1792.0,54.3,15.0,105.0,0.0
29-04-2014,50.2,3300.0,42.4,1777.0,53.85,15.0,125.0,0.0
30-04-2014,50.2,3300.0,42.3,1761.0,53.36,15.0,125.0,0.0
01-05-2014,50.2,3300.0,42.21,1746.0,52.91,15.0,80.45,0.0
02-05-2014,50.2,3300.0,42.11,1730.0,52.42,10.0,105.0,0.0
03-05-2014,50.2,3300.0,42.02,1715.0,51.97,10.0,125.0,0.0
04-05-2014,50.2,3300.0,41.92,1700.0,51.52,10.0,105.0,0.0
05-05-2014,50.2,3300.0,41.83,1685.0,51.06,5.0,125.0,1.0
06-05-2014,50.2,3300.0,41.74,1671.0,50.64,5.0,105.0,10.0
07-05-2014,50.2,3300.0,41.63,1653.0,50.09,0.0,125.0,0.0
08-05-2014,50.2,3300.0,41.54,1639.0,49.67,0.0,105.0,4.6
09-05-2014,50.2,3300.0,41.44,1624.0,49.21,0.0,125.0,0.0
10-05-2014,50.2,3300.0,41.35,1609.0,48.76,0.0,105.0,0.0
11-05-2014,50.2,3300.0,41.31,1600.0,48.48,90.0,125.0,0.0
12-05-2014,50.2,3300.0,41.27,1594.0,48.3,90.0,105.0,0.0
13-05-2014,50.2,3300.0,41.24,1590.0,48.18,90.0,125.0,0.0
14-05-2014,50.2,3300.0,41.22,1587.0,48.09,90.0,105.0,0.0
15-05-2014,50.2,3300.0,41.2,1584.0,48.0,135.0,125.0,0.0
16-05-2014,50.2,3300.0,41.13,1575.0,47.73,135.0,105.0,0.0
17-05-2014,50.2,3300.0,41.11,1572.0,47.64,135.0,125.0,0.0
18-05-2014,50.2,3300.0,41.09,1569.0,47.55,135.0,105.0,0.0
19-05-2014,50.2,3300.0,41.07,1566.0,47.45,135.0,125.0,0.0
20-05-2014,50.2,3300.0,41.02,1558.0,47.21,63.0,105.0,0.0
21-05-2014,50.2,3300.0,40.96,1549.0,46.94,63.0,125.0,0.0
22-05-2014,50.2,3300.0,40.93,1544.0,46.79,63.0,105.0,0.0
23-05-2014,50.2,3300.0,40.9,1540.0,46.67,63.0,125.0,0.0
24-05-2014,50.2,3300.0,40.89,1538.0,46.61,85.0,105.0,0.0
25-05-2014,50.2,3300.0,40.87,1535.0,46.52,85.0,125.0,0.0
26-05-2014,50.2,3300.0,40.86,1533.0,46.45,85.0,105.0,0.0
27-05-2014,50.2,3300.0,40.83,1529.0,46.33,85.0,125.0,0.0
28-05-2014,50.2,3300.0,40.81,1526.0,46.24,85.0,105.0,0.0
29-05-2014,50.2,3300.0,40.78,1521.0,46.09,85.0,125.0,0.0
30-05-2014,50.2,3300.0,40.75,1517.0,45.97,85.0,105.0,0.0
31-05-2014,50.2,3300.0,40.72,1512.0,45.82,85.0,125.0,0.0
01-06-2014,50.2,3300.0,40.69,1507.0,45.67,70.0,105.0,0.0
02-06-2014,50.2,3300.0,40.65,1501.0,45.48,70.0,125.0,0.0
03-06-2014,50.2,3300.0,40.61,1495.0,45.3,70.0,105.0,0.0
04-06-2014,50.2,3300.0,40.57,1489.0,45.12,70.0,125.0,0.0
05-06-2014,50.2,3300.0,40.52,1482.0,44.91,70.0,105.0,0.0
06-06-2014,50.2,3300.0,40.48,1476.0,44.73,70.0,125.0,0.0
07-06-2014,50.2,3300.0,40.45,1471.0,44.58,70.0,105.0,0.0
08-06-2014,50.2,3300.0,40.4,1464.0,44.36,70.0,125.0,0.0
09-06-2014,50.2,3300.0,40.37,1459.0,44.21,70.0,105.0,39.0
10-06-2014,50.2,3300.0,40.39,1462.0,44.3,160.0,125.0,7.0
11-06-2014,50.2,3300.0,40.39,1462.0,44.3,105.0,105.0,0.0
12-06-2014,50.2,3300.0,40.35,1457.0,44.15,70.0,125.0,0.0
13-06-2014,50.2,3300.0,40.32,1452.0,44.0,70.0,105.0,0.0
14-06-2014,50.2,3300.0,40.29,1447.0,43.85,70.0,125.0,0.0
15-06-2014,50.2,3300.0,40.25,1442.0,43.7,70.0,105.0,0.0
16-06-2014,50.2,3300.0,40.21,1436.0,43.52,70.0,125.0,0.0
17-06-2014,50.2,3300.0,40.17,1430.0,43.33,70.0,105.0,0.0
18-06-2014,50.2,3300.0,40.11,1421.0,43.06,50.0,125.0,0.0
19-06-2014,50.2,3300.0,40.05,1412.0,42.79,50.0,105.0,0.0
20-06-2014,50.2,3300.0,39.99,1403.0,42.52,50.0,125.0,0.0
21-06-2014,50.2,3300.0,39.93,1395.0,42.27,50.0,105.0,0.6
22-06-2014,50.2,3300.0,39.86,1384.0,41.94,50.0,125.0,0.0
23-06-2014,50.2,3300.0,39.78,1372.0,41.58,30.0,105.0,0.0
24-06-2014,50.2,3300.0,39.69,1359.0,41.18,30.0,125.0,0.0
25-06-2014,50.2,3300.0,39.6,1347.0,40.82,20.0,105.0,0.0
26-06-2014,50.2,3300.0,39.51,1334.0,40.42,20.0,125.0,0.0
27-06-2014,50.2,3300.0,39.43,1322.0,40.06,20.0,105.0,0.0
28-06-2014,50.2,3300.0,39.33,1308.0,39.64,10.0,125.0,0.0
29-06-2014,50.2,3300.0,39.23,1294.0,39.21,10.0,105.0,15.0
30-06-2014,50.2,3300.0,39.16,1284.0,38.91,10.0,125.0,12.0
01-07-2014,50.2,3300.0,39.14,1281.0,38.82,70.0,105.0,21.0
02-07-2014,50.2,3300.0,39.05,1269.0,38.45,0.0,125.0,0.0
03-07-2014,50.2,3300.0,38.98,1259.0,38.15,0.0,105.0,0.0
04-07-2014,50.2,3300.0,38.9,1248.0,37.82,0.0,125.0,0.0
05-07-2014,50.2,3300.0,38.82,1237.0,37.48,0.0,105.0,0.0
06-07-2014,50.2,3300.0,38.74,1226.0,37.15,0.0,125.0,26.0
07-07-2014,50.2,3300.0,38.66,1214.0,36.79,0.0,105.0,0.0
08-07-2014,50.2,3300.0,38.57,1202.0,36.42,0.0,125.0,2.0
09-07-2014,50.2,3300.0,38.48,1190.0,36.06,0.0,105.0,0.0
10-07-2014,50.2,3300.0,38.39,1178.0,35.7,0.0,125.0,15.0
11-07-2014,50.2,3300.0,38.33,1170.0,35.45,12.0,105.0,2.6
12-07-2014,50.2,3300.0,38.25,1159.0,35.12,0.0,125.0,1.0
13-07-2014,50.2,3300.0,38.18,1150.0,34.85,0.0,105.0,0.0
14-07-2014,50.2,3300.0,38.1,1139.0,34.52,0.0,125.0,0.0
15-07-2014,50.2,3300.0,38.02,1129.0,34.21,0.0,105.0,0.0
16-07-2014,50.2,3300.0,37.94,1118.0,33.88,0.0,125.0,0.0
17-07-2014,50.2,3300.0,37.86,1108.0,33.58,0.0,105.0,0.0
18-07-2014,50.2,3300.0,37.77,1096.0,33.21,0.0,125.0,0.0
19-07-2014,50.2,3300.0,37.69,1086.0,32.91,0.0,105.0,0.0
20-07-2014,50.2,3300.0,37.6,1074.0,32.55,0.0,125.0,0.0
21-07-2014,50.2,3300.0,37.5,1062.0,32.18,0.0,105.0,0.0
22-07-2014,50.2,3300.0,37.41,1050.0,31.82,0.0,125.0,0.2
23-07-2014,50.2,3300.0,37.31,1038.0,31.45,0.0,105.0,1.8
24-07-2014,50.2,3300.0,37.22,1027.0,31.12,0.0,125.0,0.0
25-07-2014,50.2,3300.0,37.13,1015.0,30.76,0.0,105.0,5.8
26-07-2014,50.2,3300.0,37.02,1002.0,30.36,0.0,125.0,0.0
27-07-2014,50.2,3300.0,36.9,988.0,29.94,0.0,105.0,0.0
28-07-2014,50.2,3300.0,36.8,975.0,29.55,0.0,105.0,0.0
29-07-2014,50.2,3300.0,36.7,963.0,29.18,0.0,105.0,0.0
30-07-2014,50.2,3300.0,36.6,951.0,28.82,0.0,125.0,5.0
31-07-2014,50.2,3300.0,36.49,939.0,28.45,0.0,105.0,0.0
01-08-2014,50.2,3300.0,36.39,927.0,28.09,0.0,125.0,0.0
02-08-2014,50.2,3300.0,36.29,915.0,27.73,0.0,105.0,16.0
03-08-2014,50.2,3300.0,36.19,903.0,27.36,0.0,125.0,0.0
04-08-2014,50.2,3300.0,36.08,891.0,27.0,0.0,105.0,0.0
05-08-2014,50.2,3300.0,35.97,878.0,26.61,0.0,125.0,0.0
06-08-2014,50.2,3300.0,35.86,866.0,26.24,0.0,105.0,7.2
07-08-2014,50.2,3300.0,35.75,854.0,25.88,0.0,125.0,13.0
08-08-2014,50.2,3300.0,35.65,842.0,25.52,0.0,105.0,0.0
09-08-2014,50.2,3300.0,35.54,830.0,25.15,0.0,125.0,25.0
10-08-2014,50.2,3300.0,35.43,819.0,24.82,0.0,105.0,0.0
11-08-2014,50.2,3300.0,35.32,807.0,24.45,0.0,125.0,0.0
12-08-2014,50.2,3300.0,35.25,799.0,24.21,35.0,105.0,25.0
13-08-2014,50.2,3300.0,35.14,787.0,23.85,0.0,125.0,1.0
14-08-2014,50.2,3300.0,35.03,776.0,23.52,0.0,105.0,0.0
15-08-2014,50.2,3300.0,34.91,764.0,23.15,0.0,125.0,0.0
16-08-2014,50.2,3300.0,34.81,753.0,22.82,0.0,105.0,1.2
17-08-2014,50.2,3300.0,34.71,743.0,22.52,120.0,125.0,0.0
18-08-2014,50.2,3300.0,34.74,746.0,22.61,160.0,105.0,0.0
19-08-2014,50.2,3300.0,34.76,748.0,22.67,160.0,125.0,0.0
20-08-2014,50.2,3300.0,34.8,752.0,22.79,160.0,105.0,0.0
21-08-2014,50.2,3300.0,34.87,759.0,23.0,260.0,125.0,0.0
22-08-2014,50.2,3300.0,35.04,777.0,23.55,380.0,80.0,0.0
23-08-2014,50.2,3300.0,35.16,790.0,23.94,380.0,90.0,0.0
24-08-2014,50.2,3300.0,35.28,802.0,24.3,380.0,105.0,0.0
25-08-2014,50.2,3300.0,35.39,814.0,24.67,380.0,125.0,20.0
26-08-2014,50.2,3300.0,35.5,826.0,25.03,380.0,125.0,0.0
27-08-2014,50.2,3300.0,35.61,838.0,25.39,380.0,125.0,3.0
28-08-2014,50.2,3300.0,35.7,848.0,25.7,350.0,105.0,0.0
29-08-2014,50.2,3300.0,35.81,860.0,26.06,350.0,125.0,0.0
30-08-2014,50.2,3300.0,35.93,873.0,26.45,350.0,105.0,0.0
31-08-2014,50.2,3300.0,36.1,887.0,26.88,350.0,125.0,0.0
01-09-2014,50.2,3300.0,36.17,901.0,27.3,350.0,105.0,0.0
02-09-2014,50.2,3300.0,36.3,916.0,27.76,350.0,125.0,0.0
03-09-2014,50.2,3300.0,36.44,933.0,28.27,350.0,105.0,0.0
04-09-2014,50.2,3300.0,36.63,955.0,28.94,380.0,125.0,19.0
05-09-2014,50.2,3300.0,36.83,979.0,29.67,395.0,105.0,0.0
06-09-2014,50.2,3300.0,37.15,1018.0,30.85,576.0,125.0,20.0
07-09-2014,50.2,3300.0,37.31,1038.0,31.45,350.0,105.0,1.4
08-09-2014,50.2,3300.0,37.46,1057.0,32.03,350.0,125.0,4.0
09-09-2014,50.2,3300.0,37.57,1071.0,32.45,350.0,105.0,0.0
10-09-2014,50.2,3300.0,37.68,1085.0,32.88,350.0,125.0,0.0
11-09-2014,50.2,3300.0,37.78,1098.0,33.27,350.0,105.0,0.0
12-09-2014,50.2,3300.0,37.94,1118.0,33.88,390.0,125.0,0.0
13-09-2014,50.2,3300.0,36.12,1142.0,34.61,390.0,105.0,5.0
14-09-2014,50.2,3300.0,38.21,1154.0,34.97,390.0,125.0,0.0
15-09-2014,50.2,3300.0,38.34,1171.0,35.48,390.0,105.0,5.4
16-09-2014,50.2,3300.0,38.47,1189.0,36.03,390.0,125.0,13.6
17-09-2014,50.2,3300.0,38.57,1202.0,36.42,390.0,105.0,1.6
18-09-2014,50.2,3300.0,38.67,1216.0,36.85,390.0,125.0,5.2
19-09-2014,50.2,3300.0,38.58,1204.0,36.48,0.0,105.0,0.0
20-09-2014,50.2,3300.0,38.48,1190.0,36.06,0.0,125.0,0.0
21-09-2014,50.2,3300.0,38.38,1177.0,35.67,0.0,105.0,0.0
22-09-2014,50.2,3300.0,38.29,1164.0,35.27,0.0,125.0,6.2
23-09-2014,50.2,3300.0,38.19,1151.0,34.88,0.0,105.0,0.0
24-09-2014,50.2,3300.0,38.08,1137.0,34.45,0.0,125.0,0.0
25-09-2014,50.2,3300.0,37.98,1124.0,34.06,0.0,105.0,0.0
26-09-2014,50.2,3300.0,37.88,1111.0,33.67,0.0,125.0,0.0
27-09-2014,50.2,3300.0,37.79,1099.0,33.3,0.0,105.0,0.0
28-09-2014,50.2,3300.0,37.68,1085.0,32.88,0.0,125.0,0.0
29-09-2014,50.2,3300.0,37.58,1072.0,32.48,0.0,105.0,0.0
30-09-2014,50.2,3300.0,37.46,1057.0,32.03,0.0,125.0,0.0
01-10-2014,50.2,3300.0,37.36,1044.0,31.64,0.0,105.0,0.0
02-10-2014,50.2,3300.0,37.25,1030.0,31.21,0.0,125.0,0.0
03-10-2014,50.2,3300.0,37.14,1017.0,30.82,0.0,105.0,0.0
04-10-2014,50.2,3300.0,37.02,1002.0,30.36,0.0,125.0,0.0
05-10-2014,50.2,3300.0,36.9,988.0,29.94,0.0,105.0,0.0
06-10-2014,50.2,3300.0,36.79,974.0,29.52,0.0,125.0,0.0
07-10-2014,50.2,3300.0,36.69,962.0,29.15,0.0,135.0,0.0
08-10-2014,50.2,3300.0,36.58,949.0,28.76,0.0,155.0,0.0
09-10-2014,50.2,3300.0,36.48,937.0,28.39,0.0,135.0,0.0
10-10-2014,50.2,3300.0,36.37,924.0,28.0,0.0,155.0,0.0
11-10-2014,50.2,3300.0,36.26,912.0,27.64,0.0,135.0,0.0
12-10-2014,50.2,3300.0,36.15,899.0,27.24,0.0,155.0,0.0
13-10-2014,50.2,3300.0,36.05,887.0,26.88,0.0,135.0,0.0
14-10-2014,50.2,3300.0,35.93,874.0,26.48,0.0,155.0,0.0
15-10-2014,50.2,3300.0,35.83,862.0,26.12,0.0,135.0,0.0
16-10-2014,50.2,3300.0,35.71,849.0,25.73,0.0,155.0,1.0
17-10-2014,50.2,3300.0,35.6,837.0,25.36,0.0,135.0,3.2
18-10-2014,50.2,3300.0,35.53,829.0,25.12,62.0,155.0,54.0
19-10-2014,50.2,3300.0,35.72,850.0,25.76,378.0,135.0,48.0
20-10-2014,50.2,3300.0,36.08,891.0,27.0,600.0,155.0,91.0
21-10-2014,50.2,3300.0,36.11,894.0,27.09,140.0,105.0,9.0
22-10-2014,50.2,3300.0,36.03,885.0,26.82,21.0,125.0,1.4
23-10-2014,50.2,3300.0,35.98,880.0,26.67,47.0,105.0,11.8
24-10-2014,50.2,3300.0,35.98,880.0,26.67,125.0,125.0,56.4
25-10-2014,50.2,3300.0,36.35,922.0,27.94,591.0,105.0,11.2
26-10-2014,50.2,3300.0,36.54,944.0,28.61,380.0,125.0,0.0
27-10-2014,50.2,3300.0,36.63,955.0,28.94,232.0,105.0,0.0
28-10-2014,50.2,3300.0,36.63,955.0,28.94,125.0,125.0,5.0
29-10-2014,50.2,3300.0,36.67,960.0,29.09,163.0,105.0,0.0
30-10-2014,50.2,3300.0,36.7,963.0,29.18,160.0,125.0,0.0
31-10-2014,50.2,3300.0,36.73,966.0,29.27,160.0,105.0,0.0
01-11-2014,50.2,3300.0,36.79,974.0,29.52,218.0,125.0,31.0
02-11-2014,50.2,3300.0,36.93,991.0,30.03,302.0,105.0,25.0
03-11-2014,50.2,3300.0,37.01,1001.0,30.33,241.0,125.0,13.0
04-11-2014,50.2,3300.0,37.05,1006.0,30.48,160.0,105.0,0.0
05-11-2014,50.2,3300.0,37.08,1009.0,30.58,160.0,125.0,0.0
06-11-2014,50.2,3300.0,37.11,1013.0,30.7,160.0,105.0,0.0
07-11-2014,50.2,3300.0,37.13,1015.0,30.76,160.0,125.0,0.0
08-11-2014,50.2,3300.0,37.16,1018.0,30.85,160.0,105.0,0.0
09-11-2014,50.2,3300.0,37.18,1021.0,30.94,160.0,125.0,0.0
10-11-2014,50.2,3300.0,37.22,1026.0,31.09,160.0,105.0,0.0
11-11-2014,50.2,3300.0,37.24,1029.0,31.18,160.0,125.0,0.0
12-11-2014,50.2,3300.0,37.27,1033.0,31.3,160.0,100.0,6.4
13-11-2014,50.2,3300.0,37.92,1116.0,33.82,1086.0,125.0,90.0
14-11-2014,50.2,3300.0,38.41,1181.0,35.79,857.0,105.0,40.2
15-11-2014,50.2,3300.0,38.61,1208.0,36.61,437.0,125.0,0.0
16-11-2014,50.2,3300.0,38.73,1224.0,37.09,290.0,105.0,0.0
17-11-2014,50.2,3300.0,38.79,1232.0,37.33,218.0,125.0,0.0
18-11-2014,50.2,3300.0,38.85,1241.0,37.61,210.0,105.0,0.0
19-11-2014,50.2,3300.0,38.93,1252.0,37.94,222.0,125.0,0.0
20-11-2014,50.2,3300.0,38.99,1260.0,38.18,205.0,105.0,0.0
21-11-2014,50.2,3300.0,39.04,1267.0,38.39,205.0,125.0,0.0
22-11-2014,50.2,3300.0,39.11,1277.0,38.7,205.0,105.0,0.0
23-11-2014,50.2,3300.0,39.15,1282.0,38.85,205.0,125.0,0.0
24-11-2014,50.2,3300.0,39.22,1292.0,39.15,205.0,105.0,0.0
25-11-2014,50.2,3300.0,39.27,1299.0,39.36,206.0,125.0,0.0
26-11-2014,50.2,3300.0,39.33,1308.0,39.64,210.0,105.0,0.0
27-11-2014,50.2,3300.0,39.38,1315.0,39.85,206.0,125.0,0.0
28-11-2014,50.2,3300.0,39.44,1324.0,40.12,210.0,105.0,0.0
29-11-2014,50.2,3300.0,39.48,1329.0,40.27,190.0,125.0,0.0
30-11-2014,50.2,3300.0,39.52,1335.0,40.45,190.0,105.0,0.0
01-12-2014,50.2,3300.0,39.55,1339.0,40.58,190.0,125.0,0.0
02-12-2014,50.2,3300.0,39.59,1345.0,40.76,190.0,105.0,0.0
03-12-2014,50.2,3300.0,39.63,1351.0,40.94,190.0,125.0,0.0
04-12-2014,50.2,3300.0,39.66,1355.0,41.06,160.0,105.0,0.0
05-12-2014,50.2,3300.0,39.67,1357.0,41.12,160.0,125.0,0.0
06-12-2014,50.2,3300.0,39.7,1361.0,41.24,160.0,105.0,0.0
07-12-2014,50.2,3300.0,39.71,1362.0,41.27,135.0,125.0,0.0
08-12-2014,50.2,3300.0,39.71,1362.0,41.27,105.0,105.0,0.0
09-12-2014,50.2,3300.0,39.69,1359.0,41.18,105.0,125.0,0.0
10-12-2014,50.2,3300.0,39.69,1359.0,41.18,105.0,105.0,11.4
11-12-2014,50.2,3300.0,39.69,1359.0,41.18,125.0,125.0,37.0
12-12-2014,50.2,3300.0,39.69,1359.0,41.18,105.0,105.0,5.0
13-12-2014,50.2,3300.0,39.7,1361.0,41.24,148.0,125.0,10.0
14-12-2014,50.2,3300.0,39.71,1362.0,41.27,117.0,105.0,3.2
15-12-2014,50.2,3300.0,39.74,1367.0,41.42,183.0,125.0,0.0
16-12-2014,50.2,3300.0,39.82,1378.0,41.76,232.0,105.0,4.8
17-12-2014,50.2,3300.0,39.86,1384.0,41.94,200.0,125.0,0.0
18-12-2014,50.2,3300.0,39.92,1393.0,42.21,209.0,105.0,3.0
19-12-2014,50.2,3300.0,39.97,1400.0,42.42,206.0,125.0,0.0
20-12-2014,50.2,3300.0,40.03,1409.0,42.7,210.0,105.0,0.0
21-12-2014,50.2,3300.0,40.08,1416.0,42.91,206.0,125.0,0.0
22-12-2014,50.2,3300.0,40.13,1424.0,43.15,205.0,105.0,2.0
23-12-2014,50.2,3300.0,40.18,1431.0,43.36,206.0,125.0,0.0
24-12-2014,50.2,3300.0,40.23,1439.0,43.61,205.0,105.0,0.0
25-12-2014,50.2,3300.0,40.28,1446.0,43.82,205.0,125.0,0.0
26-12-2014,50.2,3300.0,40.33,1454.0,44.06,205.0,105.0,0.0
27-12-2014,50.2,3300.0,40.39,1462.0,44.3,218.0,125.0,0.0
28-12-2014,50.2,3300.0,40.45,1471.0,44.58,209.0,105.0,0.0
29-12-2014,50.2,3300.0,40.53,1483.0,44.94,263.0,125.0,6.0
30-12-2014,50.2,3300.0,40.97,1550.0,46.97,880.0,105.0,81.0
31-12-2014,50.2,3300.0,41.1,1570.0,47.58,356.0,125.0,2.0
01-01-2015,50.2,3300.0,41.16,1580.0,47.88,221.0,105.0,0.0
02-01-2015,50.2,3300.0,41.23,1588.0,48.12,218.0,125.0,0.0
03-01-2015,50.2,3300.0,41.33,1606.0,48.67,313.0,105.0,4.2
04-01-2015,50.2,3300.0,41.39,1616.0,48.97,241.0,125.0,0.0
05-01-2015,50.2,3300.0,41.46,1627.0,49.3,232.0,105.0,0.0
06-01-2015,50.2,3300.0,41.52,1636.0,49.58,229.0,125.0,0.0
07-01-2015,50.2,3300.0,41.59,1647.0,49.91,230.0,105.0,0.0
08-01-2015,50.2,3300.0,41.65,1656.0,50.18,229.0,125.0,0.0
09-01-2015,50.2,3300.0,41.72,1668.0,50.55,229.0,105.0,0.0
10-01-2015,50.2,3300.0,41.78,1677.0,50.82,230.0,125.0,0.0
11-01-2015,50.2,3300.0,41.85,1688.0,51.15,230.0,105.0,0.0
12-01-2015,50.2,3300.0,41.91,1698.0,51.45,230.0,125.0,0.0
13-01-2015,50.2,3300.0,41.98,1709.0,51.79,230.0,105.0,0.0
14-01-2015,50.2,3300.0,42.03,1717.0,52.03,218.0,125.0,0.0
15-01-2015,50.2,3300.0,42.08,1725.0,52.27,218.0,105.0,0.0
16-01-2015,50.2,3300.0,42.12,1732.0,52.48,200.0,125.0,0.0
17-01-2015,50.2,3300.0,47.63,2736.0,82.91,27.0,120.0,0.0
18-01-2015,50.2,3300.0,42.15,1737.0,52.64,170.0,125.0,0.0
19-01-2015,50.2,3300.0,42.17,1740.0,52.73,170.0,105.0,0.0
20-01-2015,50.2,3300.0,42.18,1741.0,52.76,140.0,125.0,0.0
21-01-2015,50.2,3300.0,42.19,1743.0,52.82,140.0,105.0,0.0
22-01-2015,50.2,3300.0,42.19,1743.0,52.82,140.0,125.0,0.0
23-01-2015,50.2,3300.0,42.19,1743.0,52.82,140.0,105.0,0.0
24-01-2015,50.2,3300.0,42.19,1743.0,52.82,125.0,125.0,0.0
25-01-2015,50.2,3300.0,42.19,1743.0,52.82,125.0,105.0,0.0
26-01-2015,50.2,3300.0,42.19,1743.0,52.82,125.0,125.0,0.0
27-01-2015,50.2,3300.0,42.18,1741.0,52.76,90.0,105.0,0.0
28-01-2015,50.2,3300.0,42.16,1738.0,52.67,90.0,125.0,0.0
29-01-2015,50.2,3300.0,42.16,1738.0,52.67,105.0,105.0,0.0
30-01-2015,50.2,3300.0,42.16,1738.0,52.67,125.0,125.0,0.0
31-01-2015,50.2,3300.0,42.18,1741.0,52.76,160.0,105.0,0.0
01-02-2015,50.2,3300.0,42.19,1743.0,52.82,160.0,125.0,0.0
02-02-2015,50.2,3300.0,42.1,1746.0,52.91,160.0,105.0,0.0
03-02-2015,50.2,3300.0,42.22,1748.0,52.97,160.0,125.0,0.0
04-02-2015,50.2,3300.0,42.24,1751.0,53.06,160.0,105.0,0.0
05-02-2015,50.2,3300.0,42.25,1753.0,53.12,160.0,125.0,0.0
06-02-2015,50.2,3300.0,42.27,1756.0,53.21,160.0,105.0,0.0
07-02-2015,50.2,3300.0,42.28,1758.0,53.27,160.0,125.0,0.0
08-02-2015,50.2,3300.0,42.3,1761.0,53.36,160.0,105.0,0.0
09-02-2015,50.2,3300.0,42.31,1763.0,53.42,160.0,125.0,0.0
10-02-2015,50.2,3300.0,42.33,1766.0,53.52,160.0,105.0,0.0
11-02-2015,50.2,3300.0,42.35,1769.0,53.61,160.0,125.0,0.0
12-02-2015,50.2,3300.0,42.37,1772.0,53.7,160.0,125.0,0.0
13-02-2015,50.2,3300.0,42.41,1779.0,53.91,210.0,125.0,0.0
14-02-2015,50.2,3300.0,42.45,1786.0,54.12,210.0,105.0,0.0
15-02-2015,50.2,3300.0,42.49,1792.0,54.3,210.0,125.0,0.0
16-02-2015,50.2,3300.0,42.52,1797.0,54.45,210.0,105.0,0.0
17-02-2015,50.2,3300.0,42.54,1800.0,54.55,160.0,125.0,0.0
18-02-2015,50.2,3300.0,42.56,1803.0,54.64,160.0,105.0,0.0
19-02-2015,50.2,3300.0,42.57,1805.0,54.7,160.0,125.0,0.0
20-02-2015,50.2,3300.0,42.6,1810.0,54.85,185.0,105.0,0.0
21-02-2015,50.2,3300.0,42.62,1813.0,54.94,185.0,125.0,0.0
22-02-2015,50.2,3300.0,42.65,1818.0,55.09,185.0,105.0,0.0
23-02-2015,50.2,3300.0,42.67,1821.0,55.18,185.0,125.0,0.0
24-02-2015,50.2,3300.0,42.68,1824.0,55.27,175.0,105.0,0.0
25-02-2015,50.2,3300.0,42.7,1826.0,55.33,175.0,125.0,0.0
26-02-2015,50.2,3300.0,42.72,1830.0,55.45,175.0,105.0,0.0
27-02-2015,50.2,3300.0,42.73,1831.0,55.48,175.0,125.0,0.0
28-02-2015,50.2,3300.0,42.74,1833.0,55.55,175.0,125.0,0.0
01-03-2015,50.2,3300.0,42.74,1833.0,55.55,175.0,125.0,0.0
02-03-2015,50.2,3300.0,42.74,1833.0,55.55,135.0,105.0,0.0
03-03-2015,50.2,3300.0,42.73,1831.0,55.48,125.0,125.0,0.0
04-03-2015,50.2,3300.0,42.73,1831.0,55.48,124.0,105.0,0.0
05-03-2015,50.2,3300.0,42.72,1830.0,55.45,104.0,115.0,0.0
06-03-2015,50.2,3300.0,42.71,1828.0,55.39,84.0,95.0,0.0
07-03-2015,50.2,3300.0,42.68,1824.0,55.27,82.0,115.0,0.0
08-03-2015,50.2,3300.0,42.66,1820.0,55.15,82.0,95.0,0.0
09-03-2015,50.2,3300.0,42.61,1812.0,54.91,82.0,115.0,0.0
10-03-2015,50.2,3300.0,42.58,1807.0,54.76,82.0,95.0,0.0
11-03-2015,50.2,3300.0,42.5,1794.0,54.36,2.0,115.0,0.0
12-03-2015,50.2,3300.0,42.43,1782.0,54.0,0.0,95.0,0.0
13-03-2015,50.2,3300.0,42.34,1768.0,53.58,0.0,120.0,0.0
14-03-2015,50.2,3300.0,42.27,1756.0,53.21,0.0,100.0,0.0
15-03-2015,50.2,3300.0,42.17,1740.0,52.73,0.0,120.0,0.0
16-03-2015,50.2,3300.0,42.09,1727.0,52.33,0.0,100.0,0.0
17-03-2015,50.2,3300.0,41.99,1711.0,51.85,0.0,120.0,0.0
18-03-2015,50.2,3300.0,41.9,1697.0,51.42,0.0,100.0,0.0
19-03-2015,50.2,3300.0,41.81,1682.0,50.97,0.0,120.0,0.0
20-03-2015,50.2,3300.0,41.73,1669.0,50.58,0.0,100.0,0.0
21-03-2015,50.2,3300.0,41.63,1653.0,50.09,0.0,120.0,0.0
22-03-2015,50.2,3300.0,41.55,1641.0,49.73,0.0,100.0,0.0
23-03-2015,50.2,3300.0,41.46,1627.0,49.3,0.0,120.0,0.0
24-03-2015,50.2,3300.0,41.37,1613.0,48.88,0.0,100.0,0.0
25-03-2015,50.2,3300.0,41.29,1597.0,48.39,0.0,120.0,0.0
26-03-2015,50.2,3300.0,41.19,1582.0,47.94,0.0,100.0,0.0
27-03-2015,50.2,3300.0,41.08,1567.0,47.48,5.0,120.0,0.0
28-03-2015,50.2,3300.0,41.0,1555.0,47.12,10.0,100.0,0.0
29-03-2015,50.2,3300.0,40.91,1542.0,46.73,15.0,120.0,0.0
30-03-2015,50.2,3300.0,40.83,1529.0,46.33,15.0,100.0,0.0
31-03-2015,50.2,3300.0,40.73,1514.0,45.88,15.0,120.0,0.0
01-04-2015,50.2,3300.0,40.65,1501.0,45.48,15.0,100.0,0.0
02-04-2015,50.2,3300.0,40.57,1489.0,45.12,15.0,120.0,0.0
03-04-2015,50.2,3300.0,40.5,1479.0,44.82,15.0,100.0,0.0
04-04-2015,50.2,3300.0,40.41,1466.0,44.42,15.0,120.0,0.0
05-04-2015,50.2,3300.0,40.33,1454.0,44.06,15.0,100.0,0.0
06-04-2015,50.2,3300.0,40.24,1440.0,43.64,15.0,120.0,0.0
07-04-2015,50.2,3300.0,40.16,1428.0,43.27,15.0,154.0,0.0
08-04-2015,50.2,3300.0,40.07,1415.0,42.88,15.0,165.0,0.0
09-04-2015,50.2,3300.0,39.99,1403.0,42.52,15.0,154.0,0.0
10-04-2015,50.2,3300.0,39.9,1390.0,42.12,15.0,154.0,0.0
11-04-2015,50.2,3300.0,39.82,1378.0,41.76,15.0,154.0,0.0
12-04-2015,50.2,3300.0,39.73,1365.0,41.36,15.0,165.0,0.0
13-04-2015,50.2,3300.0,39.65,1354.0,41.03,15.0,142.0,0.0
14-04-2015,50.2,3300.0,39.56,1341.0,40.64,15.0,165.0,1.0
15-04-2015,50.2,3300.0,39.49,1331.0,40.33,15.0,131.0,2.0
16-04-2015,50.2,3300.0,39.41,1319.0,39.97,15.0,15.0,0.0
17-04-2015,50.2,3300.0,39.33,1308.0,39.64,15.0,142.0,0.0
18-04-2015,50.2,3300.0,39.24,1295.0,39.24,15.0,165.0,0.0
19-04-2015,50.2,3300.0,39.16,1284.0,38.91,15.0,142.0,0.0
20-04-2015,50.2,3300.0,39.16,1284.0,38.91,165.0,165.0,0.0
21-04-2015,50.2,3300.0,39.21,1291.0,39.12,224.0,140.0,0.0
22-04-2015,50.2,3300.0,39.27,1300.0,39.39,268.0,165.0,0.0
23-04-2015,50.2,3300.0,39.35,1311.0,39.73,268.0,141.0,0.0
24-04-2015,50.2,3300.0,39.41,1319.0,39.97,268.0,175.0,0.0
25-04-2015,50.2,3300.0,39.48,1329.0,40.27,268.0,152.0,29.0
26-04-2015,50.2,3300.0,39.53,1337.0,40.52,315.0,222.0,0.0
27-04-2015,50.2,3300.0,39.59,1345.0,40.76,315.0,222.0,3.0
28-04-2015,50.2,3300.0,39.63,1351.0,40.94,315.0,246.0,0.0
29-04-2015,50.2,3300.0,39.69,1359.0,41.18,315.0,222.0,0.0
30-04-2015,50.2,3300.0,39.71,1362.0,41.27,271.0,237.0,0.0
01-05-2015,50.2,3300.0,39.69,1359.0,41.18,183.0,217.0,0.0
02-05-2015,50.2,3300.0,39.6,1347.0,40.82,15.0,154.0,0.0
03-05-2015,50.2,3300.0,39.53,1337.0,40.52,15.0,131.0,4.0
04-05-2015,50.2,3300.0,39.46,1326.0,40.18,15.0,143.0,0.0
05-05-2015,50.2,3300.0,39.39,1317.0,39.91,15.0,119.0,0.0
06-05-2015,50.2,3300.0,39.31,1305.0,39.55,15.0,154.0,0.0
07-05-2015,50.2,3300.0,39.23,1294.0,39.21,15.0,142.0,0.0
08-05-2015,50.2,3300.0,39.15,1282.0,38.85,15.0,154.0,0.0
09-05-2015,50.2,3300.0,39.05,1269.0,38.45,15.0,165.0,0.0
10-05-2015,50.2,3300.0,38.95,1255.0,38.03,15.0,177.0,0.0
11-05-2015,50.2,3300.0,38.86,1242.0,37.64,15.0,165.0,0.0
12-05-2015,50.2,3300.0,38.76,1228.0,37.21,15.0,177.0,0.0
13-05-2015,50.2,3300.0,38.67,1216.0,36.85,15.0,154.0,3.6
14-05-2015,50.2,3300.0,38.58,1204.0,36.48,15.0,154.0,3.0
15-05-2015,50.2,3300.0,38.51,1194.0,36.18,15.0,131.0,3.0
16-05-2015,50.2,3300.0,38.43,1183.0,35.85,15.0,142.0,0.0
17-05-2015,50.2,3300.0,38.36,1174.0,35.58,15.0,119.0,4.0
18-05-2015,50.2,3300.0,38.29,1164.0,35.27,15.0,131.0,0.0
19-05-2015,50.2,3300.0,38.22,1155.0,35.0,10.0,114.0,0.0
20-05-2015,50.2,3300.0,38.14,1144.0,34.67,5.0,132.0,0.0
21-05-2015,50.2,3300.0,38.06,1134.0,34.36,0.0,116.0,0.0
22-05-2015,50.2,3300.0,37.97,1122.0,34.0,0.0,139.0,0.0
23-05-2015,50.2,3300.0,37.9,1113.0,33.73,0.0,104.0,0.0
24-05-2015,50.2,3300.0,37.81,1102.0,33.39,0.0,127.0,0.0
25-05-2015,50.2,3300.0,37.74,1092.0,33.09,0.0,116.0,0.0
26-05-2015,50.2,3300.0,37.64,1079.0,32.7,0.0,150.0,0.0
27-05-2015,50.2,3300.0,37.55,1068.0,32.36,0.0,127.0,0.0
28-05-2015,50.2,3300.0,37.45,1055.0,31.97,0.0,150.0,0.0
29-05-2015,50.2,3300.0,37.36,1044.0,31.64,0.0,127.0,0.0
30-05-2015,50.2,3300.0,37.26,1031.0,31.24,0.0,150.0,0.0
31-05-2015,50.2,3300.0,37.17,1020.0,30.91,0.0,127.0,0.0
01-06-2015,50.2,3300.0,37.06,1007.0,30.52,0.0,150.0,0.0
02-06-2015,50.2,3300.0,36.97,996.0,30.18,0.0,127.0,0.0
03-06-2015,50.2,3300.0,36.86,983.0,29.79,0.0,150.0,0.0
04-06-2015,50.2,3300.0,36.77,972.0,29.45,0.0,127.0,0.0
05-06-2015,50.2,3300.0,36.67,959.0,29.06,0.0,150.0,0.0
06-06-2015,50.2,3300.0,36.57,948.0,28.73,0.0,122.0,0.0
07-06-2015,50.2,3300.0,36.46,935.0,28.33,0.0,150.0,8.4
08-06-2015,50.2,3300.0,36.37,924.0,28.0,0.0,127.0,0.0
09-06-2015,50.2,3300.0,36.26,912.0,27.64,0.0,139.0,0.0
10-06-2015,50.2,3300.0,36.18,902.0,27.33,0.0,116.0,8.2
11-06-2015,50.2,3300.0,36.07,890.0,26.97,0.0,139.0,0.0
12-06-2015,50.2,3300.0,35.98,880.0,26.67,0.0,116.0,0.0
13-06-2015,50.2,3300.0,35.88,868.0,26.3,0.0,139.0,0.0
14-06-2015,50.2,3300.0,35.79,858.0,26.0,0.0,116.0,0.0
15-06-2015,50.2,3300.0,35.69,847.0,25.67,0.0,137.0,12.0
16-06-2015,50.2,3300.0,35.61,838.0,25.39,0.0,104.0,0.0
17-06-2015,50.2,3300.0,35.51,827.0,25.06,0.0,127.0,6.6
18-06-2015,50.2,3300.0,35.42,818.0,24.79,0.0,104.0,0.0
19-06-2015,50.2,3300.0,35.32,807.0,24.45,0.0,127.0,2.0
20-06-2015,50.2,3300.0,35.24,798.0,24.18,0.0,104.0,0.0
21-06-2015,50.2,3300.0,35.14,787.0,23.85,0.0,127.0,4.2
22-06-2015,50.2,3300.0,35.05,778.0,23.58,0.0,104.0,2.2
23-06-2015,50.2,3300.0,34.94,767.0,23.24,0.0,127.0,0.0
24-06-2015,50.2,3300.0,34.86,758.0,22.97,0.0,104.0,0.0
25-06-2015,50.2,3300.0,34.75,747.0,22.64,0.0,127.0,0.0
26-06-2015,50.2,3300.0,34.67,738.0,22.36,0.0,104.0,0.0
27-06-2015,50.2,3300.0,34.56,727.0,22.03,0.0,127.0,0.0
28-06-2015,50.2,3300.0,34.47,718.0,21.76,0.0,104.0,3.0
29-06-2015,50.2,3300.0,34.37,708.0,21.45,0.0,116.0,0.0
30-06-2015,50.2,3300.0,34.29,700.0,21.21,0.0,93.0,0.0
01-07-2015,50.2,3300.0,34.19,690.0,20.91,0.0,115.0,5.0
02-07-2015,50.2,3300.0,34.11,682.0,20.67,0.0,93.0,1.0
03-07-2015,50.2,3300.0,34.0,672.0,20.36,0.0,116.0,0.0
04-07-2015,50.2,3300.0,33.92,664.0,20.12,0.0,93.0,0.0
05-07-2015,50.2,3300.0,33.82,654.0,19.82,0.0,116.0,0.0
06-07-2015,50.2,3300.0,33.73,646.0,19.58,0.0,93.0,0.0
07-07-2015,50.2,3300.0,33.63,636.0,19.27,0.0,116.0,0.0
08-07-2015,50.2,3300.0,33.56,629.0,19.06,0.0,81.0,0.0
09-07-2015,50.2,3300.0,33.46,620.0,18.79,0.0,104.0,0.0
10-07-2015,50.2,3300.0,33.38,613.0,18.58,0.0,81.0,0.0
11-07-2015,50.2,3300.0,33.29,604.0,18.3,0.0,104.0,7.0
12-07-2015,50.2,3300.0,33.21,597.0,18.09,0.0,81.0,0.0
13-07-2015,50.2,3300.0,33.12,588.0,17.82,0.0,104.0,0.0
14-07-2015,50.2,3300.0,33.04,581.0,17.61,0.0,81.0,0.0
15-07-2015,50.2,3300.0,32.94,572.0,17.33,0.0,104.0,0.0
16-07-2015,50.2,3300.0,32.86,565.0,17.12,0.0,81.0,4.0
17-07-2015,50.2,3300.0,32.75,555.0,16.82,0.0,116.0,0.0
18-07-2015,50.2,3300.0,32.66,547.0,16.58,0.0,83.0,0.0
19-07-2015,50.2,3300.0,32.54,537.0,16.27,0.0,116.0,7.0
20-07-2015,50.2,3300.0,32.45,529.0,16.03,0.0,93.0,1.0
21-07-2015,50.2,3300.0,32.33,519.0,15.73,0.0,116.0,0.6
22-07-2015,50.2,3300.0,32.24,511.0,15.48,0.0,93.0,1.0
23-07-2015,50.2,3300.0,32.12,501.0,15.18,0.0,116.0,41.0
24-07-2015,50.2,3300.0,32.02,493.0,14.94,0.0,93.0,4.2
25-07-2015,50.2,3300.0,31.93,485.0,14.7,23.0,116.0,35.0
26-07-2015,50.2,3300.0,31.83,477.0,14.45,0.0,93.0,5.0
27-07-2015,50.2,3300.0,41.72,468.0,14.18,12.0,70.0,17.0
28-07-2015,50.2,3300.0,31.65,462.0,14.0,23.0,93.0,27.0
29-07-2015,50.2,3300.0,31.54,454.0,13.76,23.0,116.0,22.0
30-07-2015,50.2,3300.0,31.44,446.0,13.52,0.0,93.0,0.0
31-07-2015,50.2,3300.0,31.31,436.0,13.21,0.0,116.0,0.0
01-08-2015,50.2,3300.0,31.22,428.0,12.97,0.0,93.0,1.0
02-08-2015,50.2,3300.0,31.09,419.0,12.7,0.0,104.0,1.0
03-08-2015,50.2,3300.0,31.0,412.0,12.48,0.0,81.0,10.2
04-08-2015,50.2,3300.0,30.88,403.0,12.21,0.0,104.0,1.6
05-08-2015,50.2,3300.0,30.81,398.0,12.06,23.0,81.0,59.0
06-08-2015,50.2,3300.0,30.69,389.0,11.79,0.0,104.0,0.0
07-08-2015,50.2,3300.0,30.59,382.0,11.58,0.0,81.0,0.0
08-08-2015,50.2,3300.0,30.47,373.0,11.3,0.0,104.0,0.0
09-08-2015,50.2,3300.0,30.35,365.0,11.06,0.0,81.0,0.0
10-08-2015,50.2,3300.0,30.23,356.0,10.79,0.0,104.0,0.0
11-08-2015,50.2,3300.0,30.13,349.0,10.58,0.0,81.0,0.0
12-08-2015,50.2,3300.0,30.01,341.0,10.33,0.0,104.0,0.0
13-08-2015,50.2,3300.0,29.92,335.0,10.15,0.0,69.0,0.0
14-08-2015,50.2,3300.0,29.8,327.0,9.91,0.0,93.0,0.0
15-08-2015,50.2,3300.0,29.71,321.0,9.73,0.0,69.0,0.0
16-08-2015,50.2,3300.0,29.61,314.0,9.52,0.0,81.0,0.0
17-08-2015,50.2,3300.0,29.53,309.0,9.36,0.0,58.0,0.0
18-08-2015,50.2,3300.0,29.42,302.0,9.15,0.0,81.0,0.0
19-08-2015,50.2,3300.0,29.34,297.0,9.0,0.0,58.0,0.0
20-08-2015,50.2,3300.0,29.24,290.0,8.79,0.0,75.0,0.0
21-08-2015,50.2,3300.0,29.19,287.0,8.7,23.0,58.0,29.6
22-08-2015,50.2,3300.0,29.13,283.0,8.58,32.0,78.0,36.0
23-08-2015,50.2,3300.0,29.09,281.0,8.52,35.0,68.0,24.0
24-08-2015,50.2,3300.0,29.03,277.0,8.39,35.0,78.0,16.8
25-08-2015,50.2,3300.0,28.98,274.0,8.3,23.0,58.0,0.0
26-08-2015,50.2,3300.0,28.91,269.0,8.15,23.0,78.0,0.0
27-08-2015,50.2,3300.0,28.86,266.0,8.06,23.0,58.0,1.0
28-08-2015,50.2,3300.0,28.76,260.0,7.88,11.0,78.0,0.0
29-08-2015,50.2,3300.0,28.7,256.0,7.76,11.0,58.0,0.0
30-08-2015,50.2,3300.0,28.58,249.0,7.55,0.0,78.0,1.6
31-08-2015,50.2,3300.0,28.55,247.0,7.48,35.0,58.0,20.0
01-09-2015,50.2,3300.0,28.47,242.0,7.33,23.0,78.0,0.0
02-09-2015,50.2,3300.0,28.4,238.0,7.21,12.0,58.0,0.0
03-09-2015,50.2,3300.0,28.3,232.0,7.03,12.0,58.0,1.6
04-09-2015,50.2,3300.0,28.23,228.0,6.91,12.0,58.0,0.0
05-09-2015,50.2,3300.0,28.11,221.0,6.7,0.0,78.0,0.0
06-09-2015,50.2,3300.0,28.02,216.0,6.55,0.0,58.0,6.2
07-09-2015,50.2,3300.0,27.9,209.0,6.33,0.0,78.0,1.0
08-09-2015,50.2,3300.0,27.81,204.0,6.18,0.0,58.0,0.0
09-09-2015,50.2,3300.0,27.7,197.0,5.97,0.0,78.0,0.0
10-09-2015,50.2,3300.0,27.61,192.0,5.82,0.0,53.0,0.0
11-09-2015,50.2,3300.0,27.51,186.0,5.64,0.0,73.0,1.0
12-09-2015,50.2,3300.0,27.42,181.0,5.48,0.0,53.0,0.0
13-09-2015,50.2,3300.0,27.31,175.0,5.3,0.0,73.0,0.0
14-09-2015,50.2,3300.0,27.22,170.0,5.15,0.0,53.0,0.0
15-09-2015,50.2,3300.0,27.11,164.0,4.97,0.0,73.0,0.0
16-09-2015,50.2,3300.0,27.02,159.0,4.82,0.0,53.0,5.4
17-09-2015,50.2,3300.0,26.91,153.0,4.64,0.0,73.0,0.0
18-09-2015,50.2,3300.0,26.82,148.0,4.48,0.0,53.0,0.0
19-09-2015,50.2,3300.0,26.73,143.0,4.33,15.0,73.0,13.0
20-09-2015,50.2,3300.0,26.63,138.0,4.18,0.0,53.0,0.0
21-09-2015,50.2,3300.0,26.53,133.0,4.03,15.0,73.0,9.2
22-09-2015,50.2,3300.0,26.43,128.0,3.88,0.0,53.0,0.0
23-09-2015,50.2,3300.0,26.31,122.0,3.7,0.0,73.0,0.0
24-09-2015,50.2,3300.0,26.21,117.0,3.55,0.0,53.0,0.0
25-09-2015,50.2,3300.0,26.08,111.0,3.36,0.0,73.0,0.0
26-09-2015,50.2,3300.0,26.08,111.0,3.36,53.0,53.0,22.0
27-09-2015,50.2,3300.0,25.97,106.0,3.21,15.0,73.0,0.0
28-09-2015,50.2,3300.0,25.85,101.0,3.06,0.0,53.0,0.0
29-09-2015,50.2,3300.0,25.72,95.0,2.88,0.0,73.0,0.0
30-09-2015,50.2,3300.0,25.6,90.0,2.73,0.0,53.0,0.0
01-10-2015,50.2,3300.0,25.45,84.0,2.55,0.0,73.0,0.0
02-10-2015,50.2,3300.0,25.33,79.0,2.39,0.0,53.0,0.0
03-10-2015,50.2,3300.0,25.33,79.0,2.39,73.0,73.0,30.0
04-10-2015,50.2,3300.0,25.28,77.0,2.33,30.0,53.0,2.6
05-10-2015,50.2,3300.0,25.14,71.0,2.15,0.0,73.0,0.0
06-10-2015,50.2,3300.0,25.01,66.0,2.0,0.0,53.0,0.0
07-10-2015,50.2,3300.0,24.87,61.0,1.85,0.0,73.0,1.8
08-10-2015,50.2,3300.0,24.87,61.0,1.85,53.0,53.0,15.0
09-10-2015,50.2,3300.0,24.9,62.0,1.88,85.0,73.0,15.2
10-10-2015,50.2,3300.0,25.04,67.0,2.03,111.0,53.0,20.8
11-10-2015,50.2,3300.0,25.04,67.0,2.03,73.0,73.0,15.0
12-10-2015,50.2,3300.0,24.95,64.0,1.94,18.0,53.0,0.0
13-10-2015,50.2,3300.0,24.81,59.0,1.79,15.0,73.0,0.0
14-10-2015,50.2,3300.0,24.73,56.0,1.7,15.0,52.0,0.0
15-10-2015,50.2,3300.0,24.55,51.0,1.55,15.0,72.0,0.0
16-10-2015,50.2,3300.0,24.45,48.0,1.45,15.0,52.0,0.0
17-10-2015,50.2,3300.0,24.29,43.0,1.3,15.0,72.0,0.0
18-10-2015,50.2,3300.0,24.2,40.0,1.21,12.0,50.0,0.0
19-10-2015,50.2,3300.0,23.98,34.0,1.03,0.0,50.0,0.0
20-10-2015,50.2,3300.0,23.83,30.0,0.91,0.0,50.0,0.0
21-10-2015,50.2,3300.0,23.67,25.0,0.76,0.0,70.0,0.0
22-10-2015,50.2,3300.0,23.67,21.0,0.64,0.0,50.0,0.0
23-10-2015,50.2,3300.0,23.67,17.0,0.52,0.0,70.0,0.0
24-10-2015,50.2,3300.0,23.67,14.0,0.42,0.0,50.0,0.0
25-10-2015,50.2,3300.0,23.67,10.0,0.3,0.0,70.0,0.0
26-10-2015,50.2,3300.0,23.67,7.0,0.21,0.0,50.0,0.0
27-10-2015,50.2,3300.0,23.67,7.0,0.21,70.0,70.0,12.0
28-10-2015,50.2,3300.0,23.67,6.0,0.18,38.0,50.0,4.0
29-10-2015,50.2,3300.0,23.67,16.0,0.48,185.0,70.0,25.0
30-10-2015,50.2,3300.0,23.67,20.0,0.61,96.0,50.0,12.0
31-10-2015,50.2,3300.0,23.67,22.0,0.67,94.0,70.0,8.0
01-11-2015,50.2,3300.0,23.67,25.0,0.76,85.0,50.0,8.0
02-11-2015,50.2,3300.0,24.02,35.0,1.06,186.0,70.0,24.0
03-11-2015,50.2,3300.0,23.91,32.0,0.97,16.0,50.0,2.0
04-11-2015,50.2,3300.0,24.2,40.0,1.21,163.0,70.0,24.0
05-11-2015,50.2,3300.0,24.39,46.0,1.39,120.0,50.0,2.0
06-11-2015,50.2,3300.0,24.39,46.0,1.39,70.0,70.0,1.6
07-11-2015,50.2,3300.0,24.36,45.0,1.36,38.0,50.0,0.0
08-11-2015,50.2,3300.0,24.55,51.0,1.55,140.0,70.0,20.0
09-11-2015,50.2,3300.0,25.45,84.0,2.55,432.0,50.0,189.0
10-11-2015,50.2,3300.0,30.85,408.0,12.36,3820.0,70.0,95.0
11-11-2015,50.2,3300.0,31.75,471.0,14.27,779.0,50.0,6.0
12-11-2015,50.2,3300.0,32.5,533.0,16.15,788.0,70.0,23.0
13-11-2015,50.2,3300.0,34.65,737.0,22.33,2411.0,50.0,210.0
14-11-2015,50.2,3300.0,37.72,1090.0,33.03,4156.0,70.0,8.6
15-11-2015,50.2,3300.0,38.18,1150.0,34.85,744.0,50.0,0.0
16-11-2015,50.2,3300.0,41.65,1657.0,50.21,5938.0,70.0,282.0
17-11-2015,50.2,3300.0,43.8,2011.0,60.94,4147.0,50.0,17.0
18-11-2015,50.2,3300.0,44.48,2129.0,64.52,1436.0,70.0,0.0
19-11-2015,50.2,3300.0,45.04,2228.0,67.52,1196.0,50.0,0.0
20-11-2015,50.2,3300.0,46.04,2415.0,73.18,2234.0,70.0,14.0
21-11-2015,50.2,3300.0,47.0,2605.0,78.94,2249.0,50.0,38.0
22-11-2015,50.2,3300.0,47.9,2790.0,84.55,2211.0,70.0,38.0
23-11-2015,50.2,3300.0,48.1,2833.0,85.85,1048.0,550.0,45.0
24-11-2015,50.2,3300.0,48.3,2872.0,87.03,1570.0,1570.0,17.0
25-11-2015,50.2,3300.0,48.2,2853.0,86.45,911.0,1050.0,0.0
26-11-2015,50.2,3300.0,48.06,2825.0,85.61,1014.0,1570.0,0.0
27-11-2015,50.2,3300.0,47.82,2775.0,84.09,971.0,1550.0,0.0
28-11-2015,50.2,3300.0,47.76,2763.0,83.73,1004.0,820.0,0.0
29-11-2015,50.2,3300.0,47.9,2790.0,84.55,520.0,150.0,4.0
30-11-2015,50.2,3300.0,47.91,2792.0,84.61,885.0,1070.0,44.0
01-12-2015,50.2,3300.0,47.9,2790.0,84.55,1027.0,1050.0,27.0
02-12-2015,50.2,3300.0,49.7,3166.0,95.94,9607.0,5470.0,320.0
03-12-2015,50.2,3300.0,48.92,2996.0,90.79,3906.0,5850.0,23.4
04-12-2015,50.2,3300.0,47.6,2730.0,82.73,1894.0,4070.0,13.0
05-12-2015,50.2,3300.0,47.67,2745.0,83.18,1967.0,1550.0,2.0
06-12-2015,50.2,3300.0,47.88,2786.0,84.42,1987.0,1570.0,11.2
07-12-2015,50.2,3300.0,48.34,2880.0,87.27,1665.0,1850.0,55.0
08-12-2015,50.2,3300.0,48.05,2823.0,85.55,985.0,1870.0,0.0
09-12-2015,50.2,3300.0,48.07,2827.0,85.67,1220.0,850.0,5.0
10-12-2015,50.2,3300.0,48.1,2833.0,85.85,650.0,870.0,3.0
11-12-2015,50.2,3300.0,48.28,2868.0,86.91,455.0,50.0,0.0
12-12-2015,50.2,3300.0,48.49,2910.0,88.18,556.0,70.0,0.0
13-12-2015,50.2,3300.0,48.6,2932.0,88.85,385.0,130.0,0.0
14-12-2015,50.2,3300.0,48.6,2932.0,88.85,130.0,130.0,0.0
15-12-2015,50.2,3300.0,48.61,2934.0,88.91,153.0,130.0,0.0
16-12-2015,50.2,3300.0,48.61,2934.0,88.91,130.0,130.0,0.0
17-12-2015,50.2,3300.0,48.61,2934.0,88.91,130.0,130.0,0.0
18-12-2015,50.2,3300.0,48.6,2932.0,88.85,107.0,130.0,0.0
19-12-2015,50.2,3300.0,48.58,2928.0,88.73,84.0,130.0,0.0
20-12-2015,50.2,3300.0,48.54,2920.0,88.48,37.0,130.0,0.0
21-12-2015,50.2,3300.0,48.51,2914.0,88.3,60.0,130.0,0.0
22-12-2015,50.2,3300.0,48.6,2932.0,88.85,338.0,130.0,0.0
23-12-2015,50.2,3300.0,48.59,2930.0,88.79,107.0,130.0,0.0
24-12-2015,50.2,3300.0,48.55,2922.0,88.55,35.0,130.0,0.0
25-12-2015,50.2,3300.0,48.51,2914.0,88.3,37.0,130.0,0.0
26-12-2015,50.2,3300.0,48.48,2908.0,88.12,60.0,130.0,0.0
27-12-2015,50.2,3300.0,48.46,2904.0,88.0,84.0,130.0,1.0
28-12-2015,50.2,3300.0,48.42,2896.0,87.76,35.0,130.0,0.0
29-12-2015,50.2,3300.0,48.38,2888.0,87.52,37.0,130.0,0.0
30-12-2015,50.2,3300.0,48.34,2880.0,87.27,37.0,130.0,0.0
31-12-2015,50.2,3300.0,48.3,2872.0,87.03,37.0,130.0,0.0
01-01-2016,50.2,3300.0,48.26,2864.0,86.79,37.0,130.0,0.0
02-01-2016,50.2,3300.0,48.22,2856.0,86.55,37.0,130.0,0.0
03-01-2016,50.2,3300.0,48.18,2849.0,86.33,39.0,120.0,0.0
04-01-2016,50.2,3300.0,48.14,2841.0,86.09,27.0,120.0,0.0
05-01-2016,50.2,3300.0,48.1,2833.0,85.85,27.0,120.0,0.0
06-01-2016,50.2,3300.0,48.06,2825.0,85.61,27.0,120.0,0.0
07-01-2016,50.2,3300.0,48.02,2817.0,85.36,27.0,120.0,0.0
08-01-2016,50.2,3300.0,47.98,2808.0,85.09,15.0,120.0,0.0
09-01-2016,50.2,3300.0,47.94,2800.0,84.85,27.0,120.0,0.0
10-01-2016,50.2,3300.0,47.91,2792.0,84.61,27.0,120.0,0.0
11-01-2016,50.2,3300.0,47.87,2784.0,84.36,27.0,120.0,0.0
12-01-2016,50.2,3300.0,47.83,2776.0,84.12,27.0,120.0,0.0
13-01-2016,50.2,3300.0,47.79,2768.0,83.88,27.0,120.0,0.0
14-01-2016,50.2,3300.0,47.75,2760.0,83.64,27.0,120.0,0.0
15-01-2016,50.2,3300.0,47.67,2744.0,83.15,27.0,120.0,0.0
16-01-2016,50.2,3300.0,47.67,2744.0,83.15,27.0,120.0,0.0
17-01-2016,50.2,3300.0,47.63,2736.0,82.91,27.0,120.0,0.0
18-01-2016,50.2,3300.0,47.59,2728.0,82.67,27.0,120.0,0.0
19-01-2016,50.2,3300.0,47.55,2720.0,82.42,27.0,120.0,0.0
20-01-2016,50.2,3300.0,47.52,2713.0,82.21,77.0,152.0,0.0
21-01-2016,50.2,3300.0,47.48,2705.0,81.97,77.0,152.0,0.0
22-01-2016,50.2,3300.0,47.5,2709.0,82.09,202.0,152.0,0.0
23-01-2016,50.2,3300.0,47.54,2718.0,82.36,242.0,152.0,0.0
24-01-2016,50.2,3300.0,47.59,2728.0,82.67,267.0,152.0,0.0
25-01-2016,50.2,3300.0,47.65,2741.0,83.06,297.0,152.0,0.0
26-01-2016,50.2,3300.0,47.72,2755.0,83.48,297.0,152.0,0.0
27-01-2016,50.2,3300.0,47.48,2767.0,83.85,297.0,152.0,0.0
28-01-2016,50.2,3300.0,47.84,2778.0,84.18,297.0,152.0,0.0
29-01-2016,50.2,3300.0,47.9,2790.0,84.55,297.0,152.0,0.0
30-01-2016,50.2,3300.0,47.95,2803.0,84.94,297.0,152.0,0.0
31-01-2016,50.2,3300.0,48.0,2813.0,85.24,297.0,152.0,0.0
01-02-2016,50.2,3300.0,48.07,2827.0,85.67,313.0,152.0,0.0
02-02-2016,50.2,3300.0,48.13,2839.0,86.03,313.0,152.0,0.0
03-02-2016,50.2,3300.0,48.17,2847.0,86.27,313.0,152.0,0.0
04-02-2016,50.2,3300.0,48.21,2854.0,86.48,313.0,152.0,0.0
05-02-2016,50.2,3300.0,48.27,2866.0,86.85,313.0,152.0,0.0
06-02-2016,50.2,3300.0,48.34,2880.0,87.27,314.0,152.0,0.0
07-02-2016,50.2,3300.0,48.41,2894.0,87.7,314.0,152.0,0.0
08-02-2016,50.2,3300.0,48.48,2908.0,88.12,314.0,152.0,0.0
09-02-2016,50.2,3300.0,48.55,2922.0,88.55,314.0,152.0,0.0
10-02-2016,50.2,3300.0,48.58,2928.0,88.73,249.0,152.0,0.0
11-02-2016,50.2,3300.0,48.61,2934.0,88.91,227.0,152.0,0.0
12-02-2016,50.2,3300.0,48.55,2922.0,88.55,27.0,152.0,0.0
13-02-2016,50.2,3300.0,48.49,2910.0,88.18,27.0,152.0,0.0
15-02-2016,50.2,3300.0,48.37,2886.0,87.45,27.0,152.0,0.0
16-02-2016,50.2,3300.0,48.31,2874.0,87.09,27.0,152.0,0.0
17-02-2016,50.2,3300.0,48.25,2862.0,86.73,27.0,152.0,0.0
18-02-2016,50.2,3300.0,48.19,2851.0,86.39,27.0,152.0,0.0
19-02-2016,50.2,3300.0,48.13,2839.0,86.03,27.0,152.0,0.0
20-02-2016,50.2,3300.0,48.07,2827.0,85.67,27.0,152.0,0.0
21-02-2016,50.2,3300.0,48.01,2815.0,85.3,27.0,152.0,0.0
22-02-2016,50.2,3300.0,47.95,2803.0,84.94,27.0,138.0,0.0
23-02-2016,50.2,3300.0,47.91,2792.0,84.61,27.0,152.0,0.0
24-02-2016,50.2,3300.0,47.85,2780.0,84.24,27.0,152.0,0.0
25-02-2016,50.2,3300.0,47.79,2769.0,83.91,27.0,152.0,0.0
26-02-2016,50.2,3300.0,47.73,2757.0,83.55,27.0,152.0,0.0
27-02-2016,50.2,3300.0,47.67,2745.0,83.18,27.0,152.0,0.0
28-02-2016,50.2,3300.0,47.62,2734.0,82.85,27.0,152.0,0.0
29-02-2016,50.2,3300.0,47.56,2722.0,82.48,27.0,152.0,0.0
01-03-2016,50.2,3300.0,47.51,2711.0,82.15,27.0,152.0,0.0
02-03-2016,50.2,3300.0,47.45,2699.0,81.79,27.0,152.0,0.0
03-03-2016,50.2,3300.0,47.9,2688.0,81.45,27.0,152.0,0.0
04-03-2016,50.2,3300.0,47.34,2676.0,81.09,27.0,152.0,0.0
05-03-2016,50.2,3300.0,47.29,2665.0,80.76,27.0,152.0,0.0
06-03-2016,50.2,3300.0,47.23,2653.0,80.39,27.0,152.0,0.0
07-03-2016,50.2,3300.0,47.18,2642.0,80.06,27.0,152.0,0.0
08-03-2016,50.2,3300.0,47.12,2630.0,79.7,27.0,152.0,0.0
09-03-2016,50.2,3300.0,47.06,2618.0,79.33,27.0,152.0,0.0
10-03-2016,50.2,3300.0,47.0,2605.0,78.94,27.0,152.0,0.0
11-03-2016,50.2,3300.0,46.94,2593.0,78.58,27.0,152.0,0.0
12-03-2016,50.2,3300.0,46.88,2581.0,78.21,27.0,152.0,0.0
13-03-2016,50.2,3300.0,46.82,2569.0,77.85,27.0,152.0,0.0
14-03-2016,50.2,3300.0,46.76,2557.0,77.48,27.0,152.0,0.0
15-03-2016,50.2,3300.0,46.7,2544.0,77.09,27.0,152.0,0.0
16-03-2016,50.2,3300.0,46.64,2532.0,76.73,27.0,152.0,0.0
17-03-2016,50.2,3300.0,46.58,2520.0,76.36,27.0,152.0,0.0
18-03-2016,50.2,3300.0,46.52,2509.0,76.03,27.0,152.0,0.0
19-03-2016,50.2,3300.0,46.46,2497.0,75.67,27.0,152.0,0.0
20-03-2016,50.2,3300.0,46.4,2485.0,75.3,27.0,152.0,0.0
21-03-2016,50.2,3300.0,46.34,2473.0,74.94,27.0,152.0,0.0
22-03-2016,50.2,3300.0,46.28,2461.0,74.58,27.0,152.0,0.0
23-03-2016,50.2,3300.0,46.22,2449.0,74.21,27.0,152.0,0.0
24-03-2016,50.2,3300.0,46.16,2438.0,73.88,27.0,152.0,0.0
26-03-2016,50.2,3300.0,46.04,2415.0,73.18,27.0,152.0,0.0
27-03-2016,50.2,3300.0,45.98,2403.0,72.82,27.0,152.0,0.0
28-03-2016,50.2,3300.0,45.92,2392.0,72.48,27.0,152.0,0.0
29-03-2016,50.2,3300.0,45.86,2380.0,72.12,27.0,152.0,0.0
30-03-2016,50.2,3300.0,45.8,2369.0,71.79,27.0,152.0,0.0
31-03-2016,50.2,3300.0,45.74,2357.0,71.42,27.0,152.0,0.0
01-04-2016,50.2,3300.0,45.68,2346.0,71.09,27.0,152.0,0.0
02-04-2016,50.2,3300.0,45.6,2331.0,70.64,20.0,166.0,0.0
03-04-2016,50.2,3300.0,45.52,2316.0,70.18,20.0,166.0,0.0
04-04-2016,50.2,3300.0,45.44,2302.0,69.76,20.0,166.0,0.0
05-04-2016,50.2,3300.0,45.36,2287.0,69.3,10.0,166.0,0.0
06-04-2016,50.2,3300.0,45.28,2272.0,68.85,10.0,166.0,0.0
07-04-2016,50.2,3300.0,45.19,2255.0,68.33,10.0,166.0,0.0
08-04-2016,50.2,3300.0,45.1,2239.0,67.85,10.0,173.0,0.0
09-04-2016,50.2,3300.0,45.01,2223.0,67.36,10.0,173.0,0.0
10-04-2016,50.2,3300.0,44.92,2207.0,66.88,10.0,173.0,0.0
11-04-2016,50.2,3300.0,44.83,2191.0,66.39,10.0,173.0,0.0
12-04-2016,50.2,3300.0,44.74,2175.0,65.91,10.0,173.0,0.0
13-04-2016,50.2,3300.0,44.65,2159.0,65.42,10.0,173.0,0.0
15-04-2016,50.2,3300.0,44.47,2127.0,64.45,10.0,173.0,0.0
16-04-2016,50.2,3300.0,44.38,2111.0,63.97,10.0,173.0,0.0
18-04-2016,50.2,3300.0,44.19,2078.0,62.97,10.0,173.0,0.0
20-04-2016,50.2,3300.0,44.0,2045.0,61.97,10.0,173.0,0.0
21-04-2016,50.2,3300.0,43.9,2028.0,61.45,10.0,173.0,0.0
22-04-2016,50.2,3300.0,43.8,2011.0,60.94,10.0,173.0,0.0
24-04-2016,50.2,3300.0,43.6,1977.0,59.91,10.0,173.0,0.0
25-04-2016,50.2,3300.0,43.5,1960.0,59.39,10.0,173.0,0.0
26-04-2016,50.2,3300.0,43.4,1943.0,58.88,10.0,173.0,0.0
27-04-2016,50.2,3300.0,43.31,1928.0,58.42,10.0,173.0,0.0
28-04-2016,50.2,3300.0,43.21,1911.0,57.91,10.0,173.0,0.0
29-04-2016,50.2,3300.0,43.15,1901.0,57.61,70.0,173.0,0.0
30-04-2016,50.2,3300.0,43.09,1891.0,57.3,70.0,173.0,0.0
01-05-2016,50.2,3300.0,43.03,1881.0,57.0,60.0,173.0,0.0
02-05-2016,50.2,3300.0,42.97,1871.0,56.7,65.0,173.0,0.0
03-05-2016,50.2,3300.0,42.91,1861.0,56.39,65.0,173.0,0.0
04-05-2016,50.2,3300.0,42.84,1850.0,56.06,40.0,173.0,0.0
05-05-2016,50.2,3300.0,42.76,1836.0,55.64,18.0,173.0,0.0
06-05-2016,50.2,3300.0,42.67,1821.0,55.18,18.0,173.0,0.0
07-05-2016,50.2,3300.0,42.58,1807.0,54.76,8.0,173.0,0.0
08-05-2016,50.2,3300.0,42.49,1792.0,54.3,8.0,173.0,0.0
09-05-2016,50.2,3300.0,42.41,1779.0,53.91,8.0,173.0,0.0
10-05-2016,50.2,3300.0,42.33,1766.0,53.52,8.0,173.0,0.0
11-05-2016,50.2,3300.0,42.25,1753.0,53.12,8.0,173.0,0.0
12-05-2016,50.2,3300.0,42.17,1740.0,52.73,8.0,173.0,0.0
13-05-2016,50.2,3300.0,42.09,1727.0,52.33,8.0,173.0,0.0
14-05-2016,50.2,3300.0,42.0,1713.0,51.91,8.0,173.0,0.0
15-05-2016,50.2,3300.0,42.0,1713.0,51.91,8.0,173.0,0.0
16-05-2016,50.2,3300.0,41.82,1684.0,51.03,8.0,173.0,0.0
17-05-2016,50.2,3300.0,41.74,1671.0,50.64,8.0,173.0,30.0
18-05-2016,50.2,3300.0,42.07,1724.0,52.24,786.0,173.0,88.0
19-05-2016,50.2,3300.0,42.43,1782.0,54.0,844.0,173.0,72.0
20-05-2016,50.2,3300.0,42.39,1775.0,53.79,92.0,173.0,0.0
21-05-2016,50.2,3300.0,42.3,1761.0,53.36,8.0,173.0,0.0
22-05-2016,50.2,3300.0,42.21,1747.0,52.94,8.0,173.0,0.0
23-05-2016,50.2,3300.0,42.12,1732.0,52.48,8.0,173.0,0.0
24-05-2016,50.2,3300.0,42.04,1719.0,52.09,8.0,173.0,0.0
25-05-2016,50.2,3300.0,41.95,1705.0,51.67,8.0,173.0,0.0
26-05-2016,50.2,3300.0,41.87,1692.0,51.27,8.0,173.0,0.0
27-05-2016,50.2,3300.0,41.79,1679.0,50.88,8.0,173.0,0.0
28-05-2016,50.2,3300.0,41.7,1665.0,50.45,8.0,173.0,0.0
29-05-2016,50.2,3300.0,41.62,1652.0,50.06,8.0,173.0,0.0
30-05-2016,50.2,3300.0,41.53,1638.0,49.64,8.0,173.0,0.0
31-05-2016,50.2,3300.0,41.44,1624.0,49.21,8.0,173.0,0.0
01-06-2016,50.2,3300.0,41.36,1611.0,48.82,8.0,173.0,0.0
02-06-2016,50.2,3300.0,41.29,1597.0,48.39,8.0,173.0,0.0
03-06-2016,50.2,3300.0,41.2,1584.0,48.0,8.0,173.0,0.0
04-06-2016,50.2,3300.0,41.1,1570.0,47.58,4.0,173.0,0.0
05-06-2016,50.2,3300.0,41.01,1557.0,47.18,4.0,173.0,0.0
06-06-2016,50.2,3300.0,40.92,1543.0,46.76,4.0,173.0,0.0
07-06-2016,50.2,3300.0,40.83,1529.0,46.33,4.0,173.0,10.0
08-06-2016,50.2,3300.0,40.75,1517.0,45.97,34.0,173.0,21.6
09-06-2016,50.2,3300.0,40.66,1503.0,45.55,4.0,173.0,0.0
10-06-2016,50.2,3300.0,40.57,1489.0,45.12,4.0,173.0,0.0
11-06-2016,50.2,3300.0,40.48,1476.0,44.73,0.0,173.0,0.0
12-06-2016,50.2,3300.0,40.39,1462.0,44.3,0.0,173.0,0.0
13-06-2016,50.2,3300.0,40.29,1448.0,43.88,0.0,173.0,0.0
14-06-2016,50.2,3300.0,40.2,1434.0,43.45,0.0,173.0,0.0
15-06-2016,50.2,3300.0,40.11,1421.0,43.06,0.0,173.0,0.0
16-06-2016,50.2,3300.0,40.02,1408.0,42.67,0.0,173.0,0.0
17-06-2016,50.2,3300.0,39.93,1394.0,42.24,0.0,173.0,0.0
18-06-2016,50.2,3300.0,39.83,1380.0,41.82,0.0,173.0,0.0
19-06-2016,50.2,3300.0,39.79,1367.0,41.42,0.0,173.0,0.0
20-06-2016,50.2,3300.0,39.65,1354.0,41.03,0.0,173.0,7.4
21-06-2016,50.2,3300.0,39.55,1339.0,40.58,0.0,173.0,0.0
22-06-2016,50.2,3300.0,39.45,1325.0,40.15,0.0,173.0,6.0
23-06-2016,50.2,3300.0,39.36,1312.0,39.76,23.0,173.0,25.0
24-06-2016,50.2,3300.0,39.26,1298.0,39.33,0.0,173.0,0.0
25-06-2016,50.2,3300.0,39.15,1282.0,38.85,0.0,173.0,0.0
26-06-2016,50.2,3300.0,39.05,1269.0,38.45,0.0,173.0,0.0
27-06-2016,50.2,3300.0,38.96,1256.0,38.06,22.0,173.0,20.0
28-06-2016,50.2,3300.0,38.86,1242.0,37.64,0.0,173.0,0.0
29-06-2016,50.2,3300.0,38.77,1230.0,37.27,21.0,160.0,23.0
30-06-2016,50.2,3300.0,38.67,1216.0,36.85,0.0,160.0,1.6
01-07-2016,50.2,3300.0,38.57,1202.0,36.42,0.0,160.0,0.0
02-07-2016,50.2,3300.0,38.47,1189.0,36.03,0.0,160.0,0.0
03-07-2016,50.2,3300.0,38.37,1175.0,35.61,0.0,160.0,5.2
04-07-2016,50.2,3300.0,38.26,1161.0,35.18,0.0,160.0,0.0
05-07-2016,50.2,3300.0,38.16,1147.0,34.76,0.0,160.0,0.0
06-07-2016,50.2,3300.0,38.05,1133.0,34.33,0.0,160.0,0.0
07-07-2016,50.2,3300.0,37.94,1118.0,33.88,0.0,160.0,4.0
08-07-2016,50.2,3300.0,37.83,1104.0,33.45,0.0,160.0,0.0
09-07-2016,50.2,3300.0,37.72,1090.0,33.03,0.0,160.0,0.0
10-07-2016,50.2,3300.0,37.72,1090.0,33.03,160.0,160.0,0.0
11-07-2016,50.2,3300.0,37.77,1096.0,33.21,230.0,160.0,0.0
12-07-2016,50.2,3300.0,37.82,1103.0,33.42,242.0,160.0,0.0
13-07-2016,50.2,3300.0,37.87,1109.0,33.61,242.0,160.0,0.0
14-07-2016,50.2,3300.0,37.91,1115.0,33.79,242.0,160.0,0.0
15-07-2016,50.2,3300.0,37.93,1117.0,33.85,242.0,160.0,0.0
16-07-2016,50.2,3300.0,37.95,1120.0,33.94,242.0,160.0,0.0
17-07-2016,50.2,3300.0,37.98,1124.0,34.06,242.0,160.0,0.0
18-07-2016,50.2,3300.0,38.01,1128.0,34.18,242.0,160.0,0.0
19-07-2016,50.2,3300.0,38.05,1133.0,34.33,226.0,160.0,1.0
20-07-2016,50.2,3300.0,38.08,1137.0,34.45,226.0,160.0,0.0
21-07-2016,50.2,3300.0,38.11,1141.0,34.58,226.0,160.0,0.0
22-07-2016,50.2,3300.0,38.14,1144.0,34.67,226.0,160.0,0.0
23-07-2016,50.2,3300.0,38.17,1148.0,34.79,226.0,160.0,0.0
24-07-2016,50.2,3300.0,38.2,1152.0,34.91,226.0,160.0,0.0
25-07-2016,50.2,3300.0,38.27,1156.0,35.03,220.0,160.0,0.0
26-07-2016,50.2,3300.0,38.26,1160.0,35.15,220.0,160.0,0.0
27-07-2016,50.2,3300.0,38.6,1147.0,34.76,0.0,160.0,0.0
28-07-2016,50.2,3300.0,38.06,1134.0,34.36,0.0,160.0,0.0
29-07-2016,50.2,3300.0,37.96,1121.0,33.97,0.0,160.0,15.0
30-07-2016,50.2,3300.0,37.86,1108.0,33.58,0.0,160.0,0.0
31-07-2016,50.2,3300.0,37.76,1095.0,33.18,0.0,160.0,0.0
01-08-2016,50.2,3300.0,37.66,1082.0,32.79,0.0,160.0,0.0
02-08-2016,50.2,3300.0,37.56,1069.0,32.39,0.0,160.0,0.0
03-08-2016,50.2,3300.0,37.45,1056.0,32.0,0.0,160.0,0.0
04-08-2016,50.2,3300.0,37.34,1042.0,31.58,0.0,160.0,0.0
05-08-2016,50.2,3300.0,37.24,1029.0,31.18,0.0,160.0,0.0
06-08-2016,50.2,3300.0,37.13,1015.0,30.76,0.0,160.0,0.0
07-08-2016,50.2,3300.0,37.02,1002.0,30.36,0.0,160.0,0.0
08-08-2016,50.2,3300.0,36.91,989.0,29.97,0.0,160.0,4.0
09-08-2016,50.2,3300.0,36.8,975.0,29.55,0.0,160.0,1.0
10-08-2016,50.2,3300.0,36.69,962.0,29.15,0.0,160.0,3.8
11-08-2016,50.2,3300.0,36.58,949.0,28.76,0.0,150.0,3.2
12-08-2016,50.2,3300.0,36.47,936.0,28.36,0.0,150.0,0.0
13-08-2016,50.2,3300.0,36.36,923.0,27.97,0.0,150.0,0.0
14-08-2016,50.2,3300.0,36.25,910.0,27.58,0.0,150.0,0.0
15-08-2016,50.2,3300.0,36.13,897.0,27.18,0.0,150.0,0.0
16-08-2016,50.2,3300.0,36.02,884.0,26.79,0.0,150.0,0.0
17-08-2016,50.2,3300.0,35.9,870.0,26.36,0.0,150.0,0.0
18-08-2016,50.2,3300.0,35.78,857.0,25.97,0.0,150.0,0.0
19-08-2016,50.2,3300.0,35.66,843.0,25.55,0.0,150.0,0.0
20-08-2016,50.2,3300.0,35.54,830.0,25.15,0.0,150.0,0.0
21-08-2016,50.2,3300.0,35.41,817.0,24.76,0.0,150.0,0.0
22-08-2016,50.2,3300.0,35.29,804.0,24.36,0.0,150.0,0.0
23-08-2016,50.2,3300.0,35.17,791.0,23.97,0.0,150.0,0.0
24-08-2016,50.2,3300.0,35.05,778.0,23.58,0.0,150.0,1.6
25-08-2016,50.2,3300.0,34.92,765.0,23.18,0.0,150.0,0.0
26-08-2016,50.2,3300.0,34.8,752.0,22.79,0.0,150.0,0.0
27-08-2016,50.2,3300.0,34.68,739.0,22.39,0.0,150.0,0.0
28-08-2016,50.2,3300.0,34.55,726.0,22.0,0.0,150.0,0.0
29-08-2016,50.2,3300.0,34.42,713.0,21.61,0.0,150.0,0.0
30-08-2016,50.2,3300.0,34.29,700.0,21.21,0.0,150.0,0.0
31-08-2016,50.2,3300.0,34.16,687.0,20.82,0.0,150.0,2.4
01-09-2016,50.2,3300.0,34.02,674.0,20.42,0.0,150.0,0.0
02-09-2016,50.2,3300.0,33.92,664.0,20.12,34.0,150.0,75.0
03-09-2016,50.2,3300.0,33.79,651.0,19.73,0.0,150.0,0.0
04-09-2016,50.2,3300.0,33.65,638.0,19.33,0.0,150.0,6.0
05-09-2016,50.2,3300.0,33.51,625.0,18.94,0.0,150.0,0.0
06-09-2016,50.2,3300.0,33.38,613.0,18.58,0.0,140.0,0.0
07-09-2016,50.2,3300.0,33.26,601.0,18.21,0.0,140.0,0.0
08-09-2016,50.2,3300.0,33.13,589.0,17.85,0.0,140.0,0.0
09-09-2016,50.2,3300.0,33.0,578.0,17.52,0.0,130.0,0.0
10-09-2016,50.2,3300.0,32.89,568.0,17.21,0.0,130.0,7.0
11-09-2016,50.2,3300.0,32.78,558.0,16.91,0.0,130.0,4.4
12-09-2016,50.2,3300.0,32.66,547.0,16.58,0.0,130.0,0.0
13-09-2016,50.2,3300.0,32.53,536.0,16.24,0.0,128.0,0.0
14-09-2016,50.2,3300.0,32.4,525.0,15.91,0.0,128.0,0.0
15-09-2016,50.2,3300.0,32.4,525.0,15.91,128.0,128.0,0.0
16-09-2016,50.2,3300.0,32.8,560.0,16.97,0.0,0.0,107.0
17-09-2016,50.2,3300.0,33.25,600.0,18.18,0.0,0.0,26.4
18-09-2016,50.2,3300.0,33.65,611.0,18.52,255.0,0.0,0.0
19-09-2016,50.2,3300.0,33.44,618.0,18.73,0.0,0.0,0.0
20-09-2016,50.2,3300.0,33.5,624.0,18.91,0.0,0.0,0.0
21-09-2016,50.2,3300.0,33.57,630.0,19.09,0.0,0.0,4.0
22-09-2016,50.2,3300.0,33.61,634.0,19.21,180.0,0.0,0.0
23-09-2016,50.2,3300.0,33.65,638.0,19.33,180.0,0.0,0.0
24-09-2016,50.2,3300.0,33.68,641.0,19.42,180.0,0.0,0.0
25-09-2016,50.2,3300.0,33.7,643.0,19.48,180.0,0.0,0.0
26-09-2016,50.2,3300.0,33.72,645.0,19.55,180.0,0.0,0.0
27-09-2016,50.2,3300.0,33.75,647.0,19.61,180.0,0.0,0.0
28-09-2016,50.2,3300.0,33.77,649.0,19.67,180.0,0.0,0.0
29-09-2016,50.2,3300.0,33.81,653.0,19.79,200.0,0.0,25.0
30-09-2016,50.2,3300.0,33.83,655.0,19.85,200.0,140.0,1.0
01-10-2016,50.2,3300.0,33.86,658.0,19.94,200.0,140.0,3.0
02-10-2016,50.2,3300.0,33.88,660.0,20.0,180.0,140.0,0.0
03-10-2016,50.2,3300.0,33.9,662.0,20.06,163.0,140.0,0.0
04-10-2016,50.2,3300.0,33.9,662.0,20.06,140.0,140.0,0.0
05-10-2016,50.2,3300.0,33.88,660.0,20.0,115.0,140.0,0.0
06-10-2016,50.2,3300.0,33.83,655.0,19.85,80.0,140.0,0.0
07-10-2016,50.2,3300.0,33.68,641.0,19.42,60.0,140.0,0.0
08-10-2016,50.2,3300.0,33.68,641.0,19.42,60.0,140.0,0.0
09-10-2016,50.2,3300.0,33.6,633.0,19.18,50.0,140.0,4.0
10-10-2016,50.2,3300.0,33.51,625.0,18.94,45.0,140.0,0.0
11-10-2016,50.2,3300.0,33.43,617.0,18.7,40.0,140.0,0.0
12-10-2016,50.2,3300.0,33.32,607.0,18.39,25.0,140.0,0.0
13-10-2016,50.2,3300.0,33.21,597.0,18.09,20.0,140.0,0.0
14-10-2016,50.2,3300.0,33.1,587.0,17.79,20.0,140.0,0.0
15-10-2016,50.2,3300.0,32.98,576.0,17.45,12.0,140.0,0.0
16-10-2016,50.2,3300.0,32.87,566.0,17.15,23.0,140.0,0.0
17-10-2016,50.2,3300.0,32.76,556.0,16.85,23.0,140.0,0.0
18-10-2016,50.2,3300.0,32.65,546.0,16.55,23.0,140.0,0.0
19-10-2016,50.2,3300.0,32.53,536.0,16.24,23.0,140.0,0.0
20-10-2016,50.2,3300.0,32.42,526.0,15.94,23.0,140.0,0.0
21-10-2016,50.2,3300.0,32.3,516.0,15.64,23.0,140.0,0.0
22-10-2016,50.2,3300.0,32.17,505.0,15.3,18.0,140.0,0.0
23-10-2016,50.2,3300.0,32.04,494.0,14.97,18.0,140.0,0.0
24-10-2016,50.2,3300.0,31.92,484.0,14.67,20.0,140.0,0.0
25-10-2016,50.2,3300.0,31.79,474.0,14.36,25.0,140.0,0.0
26-10-2016,50.2,3300.0,31.68,465.0,14.09,35.0,140.0,0.0
27-10-2016,50.2,3300.0,31.57,456.0,13.82,35.0,140.0,0.0
28-10-2016,50.2,3300.0,31.45,447.0,13.55,35.0,140.0,0.0
29-10-2016,50.2,3300.0,31.34,438.0,13.27,35.0,140.0,0.0
30-10-2016,50.2,3300.0,31.23,429.0,13.0,35.0,140.0,2.0
31-10-2016,50.2,3300.0,31.11,420.0,12.73,35.0,140.0,3.0
01-11-2016,50.2,3300.0,31.01,413.0,12.52,60.0,140.0,3.0
02-11-2016,50.2,3300.0,31.0,412.0,12.48,128.0,140.0,8.0
03-11-2016,50.2,3300.0,31.04,415.0,12.58,175.0,140.0,27.4
04-11-2016,50.2,3300.0,31.24,430.0,13.03,335.0,140.0,1.0
05-11-2016,50.2,3300.0,31.36,440.0,13.33,255.0,140.0,0.0
06-11-2016,50.2,3300.0,31.42,444.0,13.45,187.0,140.0,0.0
07-11-2016,50.2,3300.0,31.44,446.0,13.52,163.0,140.0,0.0
08-11-2016,50.2,3300.0,31.45,447.0,13.55,150.0,140.0,0.0
09-11-2016,50.2,3300.0,31.45,447.0,13.55,140.0,140.0,0.0
10-11-2016,50.2,3300.0,31.43,445.0,13.48,117.0,140.0,0.0
11-11-2016,50.2,3300.0,31.39,442.0,13.39,105.0,140.0,0.0
12-11-2016,50.2,3300.0,31.34,438.0,13.27,89.0,140.0,0.0
13-11-2016,50.2,3300.0,31.26,432.0,13.09,70.0,140.0,0.0
14-11-2016,50.2,3300.0,31.17,425.0,12.88,54.0,135.0,0.0
15-11-2016,50.2,3300.0,31.07,417.0,12.64,42.0,135.0,0.0
16-11-2016,50.2,3300.0,30.98,410.0,12.42,49.0,130.0,0.0
17-11-2016,50.2,3300.0,30.88,403.0,12.21,49.0,130.0,0.0
18-11-2016,50.2,3300.0,30.77,395.0,11.97,37.0,130.0,0.0
19-11-2016,50.2,3300.0,30.65,386.0,11.7,26.0,130.0,0.0
20-11-2016,50.2,3300.0,30.51,376.0,11.39,14.0,130.0,0.0
21-11-2016,50.2,3300.0,30.37,366.0,11.09,14.0,130.0,0.0
22-11-2016,50.2,3300.0,30.23,356.0,10.79,14.0,130.0,0.0
23-11-2016,50.2,3300.0,30.08,346.0,10.48,12.0,128.0,0.0
24-11-2016,50.2,3300.0,29.93,336.0,10.18,5.0,126.0,0.0
25-11-2016,50.2,3300.0,29.79,326.0,9.88,0.0,126.0,0.0
26-11-2016,50.2,3300.0,29.62,315.0,9.55,0.0,126.0,0.0
27-11-2016,50.2,3300.0,29.47,305.0,9.24,0.0,125.0,0.0
28-11-2016,50.2,3300.0,29.31,295.0,8.94,0.0,125.0,0.0
29-11-2016,50.2,3300.0,29.18,286.0,8.67,0.0,125.0,0.0
30-11-2016,50.2,3300.0,29.03,277.0,8.39,4.0,123.0,0.0
01-12-2016,50.2,3300.0,28.89,268.0,8.12,10.0,123.0,0.0
02-12-2016,50.2,3300.0,28.89,268.0,8.12,83.0,83.0,57.0
03-12-2016,50.2,3300.0,29.41,301.0,9.12,466.0,83.0,8.0
04-12-2016,50.2,3300.0,29.92,335.0,10.15,476.0,83.0,14.2
05-12-2016,50.2,3300.0,30.02,342.0,10.36,170.0,83.0,0.0
06-12-2016,50.2,3300.0,30.11,348.0,10.55,170.0,83.0,0.0
07-12-2016,50.2,3300.0,30.29,360.0,10.91,255.0,85.0,0.0
08-12-2016,50.2,3300.0,30.45,372.0,11.27,255.0,85.0,0.0
09-12-2016,50.2,3300.0,30.61,383.0,11.61,255.0,85.0,0.0
10-12-2016,50.2,3300.0,30.76,394.0,11.94,265.0,87.0,0.0
11-12-2016,50.2,3300.0,30.91,405.0,12.27,265.0,87.0,0.0
12-12-2016,50.2,3300.0,31.17,425.0,12.88,319.0,87.0,34.0
13-12-2016,50.2,3300.0,32.1,499.0,15.12,943.0,87.0,106.0
14-12-2016,50.2,3300.0,32.43,527.0,15.97,411.0,87.0,1.0
15-12-2016,50.2,3300.0,32.6,542.0,16.42,261.0,87.0,0.0
16-12-2016,50.2,3300.0,32.66,547.0,16.58,150.0,87.0,0.0
18-12-2016,50.2,3300.0,32.64,545.0,16.52,64.0,87.0,0.0
19-12-2016,50.2,3300.0,32.61,543.0,16.45,64.0,87.0,0.0
20-12-2016,50.2,3300.0,32.57,539.0,16.33,41.0,87.0,0.0
21-12-2016,50.2,3300.0,32.51,534.0,16.18,27.0,87.0,0.0
22-12-2016,50.2,3300.0,32.45,529.0,16.03,27.0,87.0,0.0
23-12-2016,50.2,3300.0,32.39,524.0,15.88,20.0,87.0,0.0
24-12-2016,50.2,3300.0,32.31,517.0,15.67,7.0,87.0,0.0
25-12-2016,50.2,3300.0,32.22,509.0,15.42,7.0,95.0,0.0
26-12-2016,50.2,3300.0,32.12,501.0,15.18,7.0,95.0,0.0
27-12-2016,50.2,3300.0,32.02,493.0,14.94,3.0,95.0,0.0
28-12-2016,50.2,3300.0,31.93,485.0,14.7,3.0,95.0,0.0
29-12-2016,50.2,3300.0,31.83,477.0,14.45,3.0,95.0,0.0
30-12-2016,50.2,3300.0,31.72,468.0,14.18,3.0,95.0,0.0
31-12-2016,50.2,3300.0,31.61,459.0,13.91,3.0,95.0,0.0
01-01-2017,50.2,3300.0,31.49,450.0,13.64,2.0,95.0,0.0
02-01-2017,50.2,3300.0,31.38,441.0,13.36,2.0,95.0,0.0
03-01-2017,50.2,3300.0,31.26,432.0,13.09,2.0,95.0,0.0
04-01-2017,50.2,3300.0,31.15,423.0,12.82,2.0,87.0,0.0
05-01-2017,50.2,3300.0,41.01,1557.0,47.18,0.0,84.0,0.0
06-01-2017,50.2,3300.0,30.93,407.0,12.33,2.0,87.0,0.0
07-01-2017,50.2,3300.0,30.82,399.0,12.09,2.0,87.0,0.0
08-01-2017,50.2,3300.0,30.74,393.0,11.91,2.0,69.0,0.0
09-01-2017,50.2,3300.0,30.66,387.0,11.73,2.0,69.0,0.0
10-01-2017,50.2,3300.0,30.58,381.0,11.55,2.0,69.0,0.0
11-01-2017,50.2,3300.0,30.49,375.0,11.36,2.0,69.0,0.0
12-01-2017,50.2,3300.0,30.41,369.0,11.18,2.0,69.0,0.0
13-01-2017,50.2,3300.0,30.33,363.0,11.0,2.0,69.0,0.0
14-01-2017,50.2,3300.0,30.24,357.0,10.82,2.0,69.0,0.0
15-01-2017,50.2,3300.0,30.15,351.0,10.64,2.0,69.0,0.0
16-01-2017,50.2,3300.0,30.07,345.0,10.45,2.0,69.0,0.0
17-01-2017,50.2,3300.0,29.98,339.0,10.27,2.0,69.0,0.0
18-01-2017,50.2,3300.0,29.89,333.0,10.09,0.0,69.0,0.0
19-01-2017,50.2,3300.0,29.8,327.0,9.91,0.0,67.0,0.0
20-01-2017,50.2,3300.0,29.71,321.0,9.73,0.0,67.0,0.0
21-01-2017,50.2,3300.0,29.62,315.0,9.55,0.0,69.0,0.0
22-01-2017,50.2,3300.0,29.56,311.0,9.42,0.0,53.0,0.0
23-01-2017,50.2,3300.0,29.48,306.0,9.27,0.0,53.0,0.0
24-01-2017,50.2,3300.0,29.42,302.0,9.15,0.0,53.0,0.0
25-01-2017,50.2,3300.0,29.34,297.0,9.0,0.0,53.0,0.0
26-01-2017,50.2,3300.0,29.28,293.0,8.88,0.0,53.0,0.0
27-01-2017,50.2,3300.0,29.22,289.0,8.76,5.0,53.0,4.4
28-01-2017,50.2,3300.0,29.18,286.0,8.67,12.0,52.0,0.0
29-01-2017,50.2,3300.0,29.11,282.0,8.55,13.0,52.0,0.0
30-01-2017,50.2,3300.0,29.22,289.0,8.76,133.0,52.0,0.0
31-01-2017,50.2,3300.0,29.34,297.0,9.0,145.0,52.0,0.0
01-02-2017,50.2,3300.0,29.47,305.0,9.24,145.0,52.0,0.0
02-02-2017,50.2,3300.0,29.59,313.0,9.48,145.0,52.0,0.0
03-02-2017,50.2,3300.0,29.71,321.0,9.73,145.0,52.0,0.0
06-02-2017,50.2,3300.0,30.19,353.0,10.7,185.0,56.0,0.0
07-02-2017,50.2,3300.0,30.34,364.0,11.03,185.0,56.0,0.0
08-02-2017,50.2,3300.0,30.49,375.0,11.36,185.0,56.0,0.0
09-02-2017,50.2,3300.0,30.66,387.0,11.73,196.0,56.0,0.0
10-02-2017,50.2,3300.0,30.84,400.0,12.12,208.0,58.0,0.0
11-02-2017,50.2,3300.0,31.03,414.0,12.55,220.0,58.0,0.0
12-02-2017,50.2,3300.0,31.21,428.0,12.97,220.0,58.0,0.0
13-02-2017,50.2,3300.0,31.41,444.0,13.45,244.0,58.0,0.0
14-02-2017,50.2,3300.0,31.62,460.0,13.94,244.0,58.0,0.0
15-02-2017,50.2,3300.0,31.83,477.0,14.45,256.0,58.0,0.0
16-02-2017,50.2,3300.0,32.06,496.0,15.03,278.0,58.0,0.0
17-02-2017,50.2,3300.0,32.3,516.0,15.64,289.0,58.0,0.0
19-02-2017,50.2,3300.0,32.77,557.0,16.88,289.0,58.0,0.0
20-02-2017,50.2,3300.0,32.99,577.0,17.48,289.0,58.0,0.0
21-02-2017,50.2,3300.0,33.21,597.0,18.09,289.0,58.0,0.0
22-02-2017,50.2,3300.0,33.43,617.0,18.7,294.0,63.0,0.0
23-02-2017,50.2,3300.0,33.64,637.0,19.3,294.0,63.0,0.0
24-02-2017,50.2,3300.0,33.85,657.0,19.91,294.0,63.0,0.0
25-02-2017,50.2,3300.0,34.04,676.0,20.48,281.0,63.0,0.0
27-02-2017,50.2,3300.0,34.43,714.0,21.64,281.0,63.0,0.0
28-02-2017,50.2,3300.0,34.53,724.0,21.94,179.0,63.0,0.0
01-03-2017,50.2,3300.0,34.49,720.0,21.82,16.0,63.0,0.0
02-03-2017,50.2,3300.0,34.45,716.0,21.7,16.0,63.0,0.0
03-03-2017,50.2,3300.0,34.41,712.0,21.58,16.0,63.0,0.0
04-03-2017,50.2,3300.0,34.35,706.0,21.39,15.0,75.0,0.0
05-03-2017,50.2,3300.0,34.28,700.0,21.21,15.0,75.0,0.0
06-03-2017,50.2,3300.0,34.23,694.0,21.03,15.0,75.0,0.0
07-03-2017,50.2,3300.0,34.17,688.0,20.85,15.0,75.0,0.0
08-03-2017,50.2,3300.0,34.1,681.0,20.64,14.0,75.0,0.0
09-03-2017,50.2,3300.0,34.02,674.0,20.42,138.0,75.0,0.0
10-03-2017,50.2,3300.0,33.95,667.0,20.21,9.0,75.0,0.0
11-03-2017,50.2,3300.0,33.87,659.0,19.97,9.0,75.0,0.0
12-03-2017,50.2,3300.0,33.8,652.0,19.76,9.0,75.0,0.0
13-03-2017,50.2,3300.0,33.72,645.0,19.55,9.0,75.0,0.0
14-03-2017,50.2,3300.0,33.65,638.0,19.33,9.0,75.0,0.0
15-03-2017,50.2,3300.0,33.58,631.0,19.12,9.0,75.0,0.0
16-03-2017,50.2,3300.0,33.5,624.0,18.91,9.0,75.0,0.0
17-03-2017,50.2,3300.0,33.43,617.0,18.7,9.0,75.0,0.0
18-03-2017,50.2,3300.0,33.34,609.0,18.45,6.0,75.0,0.0
19-03-2017,50.2,3300.0,33.26,601.0,18.21,2.0,75.0,0.0
20-03-2017,50.2,3300.0,33.17,593.0,17.97,0.0,75.0,0.0
21-03-2017,50.2,3300.0,33.08,585.0,17.73,0.0,75.0,0.0
22-03-2017,50.2,3300.0,33.2,596.0,18.06,208.0,75.0,0.0
23-03-2017,50.2,3300.0,33.31,606.0,18.36,209.0,75.0,0.0
24-03-2017,50.2,3300.0,33.4,614.0,18.61,179.0,75.0,0.0
25-03-2017,50.2,3300.0,33.48,622.0,18.85,179.0,75.0,0.0
26-03-2017,50.2,3300.0,33.56,629.0,19.06,156.0,75.0,0.0
27-03-2017,50.2,3300.0,33.62,635.0,19.24,145.0,75.0,0.0
28-03-2017,50.2,3300.0,33.68,641.0,19.42,145.0,75.0,0.0
29-03-2017,50.2,3300.0,33.72,645.0,19.55,122.0,75.0,0.0
30-03-2017,50.2,3300.0,33.74,647.0,19.61,98.0,75.0,0.0
31-03-2017,50.2,3300.0,33.74,647.0,19.61,80.0,80.0,0.0
01-04-2017,50.2,3300.0,33.73,646.0,19.58,68.0,80.0,0.0
02-04-2017,50.2,3300.0,33.72,645.0,19.55,68.0,80.0,0.0
03-04-2017,50.2,3300.0,33.7,643.0,19.48,57.0,80.0,0.0
04-04-2017,50.2,3300.0,33.67,640.0,19.39,45.0,80.0,0.0
05-04-2017,50.2,3300.0,33.63,636.0,19.27,34.0,80.0,0.0
06-04-2017,50.2,3300.0,33.58,631.0,19.12,22.0,80.0,0.0
07-04-2017,50.2,3300.0,33.5,624.0,18.91,0.0,80.0,0.0
08-04-2017,50.2,3300.0,33.43,617.0,18.7,0.0,80.0,0.0
09-04-2017,50.2,3300.0,33.34,609.0,18.45,0.0,80.0,0.0
10-04-2017,50.2,3300.0,33.26,601.0,18.21,0.0,80.0,0.0
11-04-2017,50.2,3300.0,33.17,593.0,17.97,0.0,85.0,0.0
12-04-2017,50.2,3300.0,33.08,585.0,17.73,0.0,85.0,0.0
13-04-2017,50.2,3300.0,32.99,577.0,17.48,0.0,85.0,0.0
14-04-2017,50.2,3300.0,32.89,568.0,17.21,0.0,85.0,0.0
15-04-2017,50.2,3300.0,32.8,560.0,16.97,0.0,85.0,0.0
16-04-2017,50.2,3300.0,32.71,551.0,16.7,0.0,85.0,0.0
17-04-2017,50.2,3300.0,32.61,543.0,16.45,0.0,85.0,0.0
18-04-2017,50.2,3300.0,32.51,534.0,16.18,0.0,85.0,0.0
19-04-2017,50.2,3300.0,32.41,526.0,15.94,0.0,85.0,0.0
20-04-2017,50.2,3300.0,32.31,517.0,15.67,0.0,85.0,0.0
21-04-2017,50.2,3300.0,32.2,508.0,15.39,0.0,85.0,0.0
22-04-2017,50.2,3300.0,32.1,499.0,15.12,0.0,85.0,0.0
23-04-2017,50.2,3300.0,31.99,490.0,14.85,0.0,85.0,0.0
24-04-2017,50.2,3300.0,31.88,481.0,14.58,0.0,85.0,0.0
25-04-2017,50.2,3300.0,31.77,472.0,14.3,0.0,85.0,0.0
26-04-2017,50.2,3300.0,31.66,463.0,14.03,0.0,85.0,0.0
27-04-2017,50.2,3300.0,31.54,454.0,13.76,0.0,85.0,0.0
28-04-2017,50.2,3300.0,31.43,445.0,13.48,0.0,85.0,0.0
29-04-2017,50.2,3300.0,31.31,436.0,13.21,0.0,85.0,0.0
30-04-2017,50.2,3300.0,31.2,427.0,12.94,0.0,85.0,0.0
01-05-2017,50.2,3300.0,31.08,418.0,12.67,0.0,85.0,0.0
02-05-2017,50.2,3300.0,30.96,409.0,12.39,0.0,85.0,0.0
03-05-2017,50.2,3300.0,30.84,400.0,12.12,0.0,85.0,0.0
04-05-2017,50.2,3300.0,30.72,391.0,11.85,0.0,85.0,0.0
05-05-2017,50.2,3300.0,30.59,382.0,11.58,0.0,85.0,0.0
06-05-2017,50.2,3300.0,30.47,373.0,11.3,0.0,85.0,0.0
07-05-2017,50.2,3300.0,30.34,364.0,11.03,0.0,85.0,0.0
08-05-2017,50.2,3300.0,30.21,355.0,10.76,0.0,85.0,0.0
09-05-2017,50.2,3300.0,30.08,346.0,10.48,0.0,85.0,0.0
10-05-2017,50.2,3300.0,29.95,337.0,10.21,0.0,85.0,0.0
11-05-2017,50.2,3300.0,29.81,328.0,9.94,0.0,85.0,0.0
12-05-2017,50.2,3300.0,29.68,319.0,9.67,0.0,85.0,6.0
13-05-2017,50.2,3300.0,29.54,310.0,9.39,0.0,85.0,0.0
14-05-2017,50.2,3300.0,29.41,301.0,9.12,0.0,85.0,0.0
15-05-2017,50.2,3300.0,29.27,292.0,8.85,0.0,85.0,0.0
16-05-2017,50.2,3300.0,29.14,284.0,8.61,0.0,80.0,0.0
17-05-2017,50.2,3300.0,29.02,276.0,8.36,0.0,80.0,0.0
18-05-2017,50.2,3300.0,28.89,268.0,8.12,0.0,85.0,0.0
19-05-2017,50.2,3300.0,28.77,260.0,7.88,0.0,80.0,0.0
20-05-2017,50.2,3300.0,28.63,252.0,7.64,0.0,80.0,0.0
21-05-2017,50.2,3300.0,28.5,244.0,7.39,0.0,80.0,0.0
22-05-2017,50.2,3300.0,28.37,236.0,7.15,0.0,80.0,0.0
23-05-2017,50.2,3300.0,28.25,229.0,6.94,0.0,80.0,0.0
24-05-2017,50.2,3300.0,28.12,222.0,6.73,0.0,80.0,0.0
25-05-2017,50.2,3300.0,28.0,215.0,6.52,0.0,80.0,0.0
26-05-2017,50.2,3300.0,27.88,208.0,6.3,0.0,80.0,0.0
27-05-2017,50.2,3300.0,27.76,201.0,6.09,0.0,80.0,0.0
28-05-2017,50.2,3300.0,27.65,194.0,5.88,0.0,80.0,0.0
29-05-2017,50.2,3300.0,27.53,187.0,5.67,0.0,80.0,0.0
30-05-2017,50.2,3300.0,27.4,180.0,5.45,0.0,80.0,15.0
31-05-2017,50.2,3300.0,27.28,173.0,5.24,0.0,80.0,0.0
01-06-2017,50.2,3300.0,27.15,166.0,5.03,0.0,80.0,0.0
02-06-2017,50.2,3300.0,27.02,159.0,4.82,0.0,80.0,0.0
03-06-2017,50.2,3300.0,26.89,152.0,4.61,0.0,77.0,0.0
04-06-2017,50.2,3300.0,26.76,145.0,4.39,0.0,77.0,0.0
05-06-2017,50.2,3300.0,26.63,138.0,4.18,0.0,77.0,0.0
06-06-2017,50.2,3300.0,26.49,131.0,3.97,0.0,77.0,0.0
07-06-2017,50.2,3300.0,26.37,125.0,3.79,0.0,77.0,30.0
08-06-2017,50.2,3300.0,26.23,118.0,3.58,0.0,75.0,0.0
09-06-2017,50.2,3300.0,26.1,112.0,3.39,0.0,70.0,0.0
10-06-2017,50.2,3300.0,25.96,106.0,3.21,0.0,70.0,0.0
11-06-2017,50.2,3300.0,25.83,100.0,3.03,0.0,70.0,0.0
12-06-2017,50.2,3300.0,25.7,94.0,2.85,0.0,70.0,0.0
13-06-2017,50.2,3300.0,25.58,89.0,2.7,0.0,65.0,0.0
14-06-2017,50.2,3300.0,25.43,83.0,2.52,0.0,65.0,0.0
15-06-2017,50.2,3300.0,25.3,78.0,2.36,0.0,65.0,1.0
16-06-2017,50.2,3300.0,25.15,72.0,2.18,0.0,65.0,0.0
17-06-2017,50.2,3300.0,25.04,67.0,2.03,0.0,65.0,5.0
18-06-2017,50.2,3300.0,24.87,61.0,1.85,0.0,65.0,0.0
19-06-2017,50.2,3300.0,24.76,57.0,1.73,11.0,65.0,19.0
20-06-2017,50.2,3300.0,24.64,54.0,1.64,23.0,65.0,25.0
21-06-2017,50.2,3300.0,24.55,51.0,1.55,0.0,38.0,0.0
22-06-2017,50.2,3300.0,24.45,48.0,1.45,0.0,38.0,0.0
23-06-2017,50.2,3300.0,24.35,45.0,1.36,0.0,37.0,0.0
24-06-2017,50.2,3300.0,24.26,42.0,1.27,0.0,37.0,9.0
25-06-2017,50.2,3300.0,24.16,39.0,1.18,0.0,37.0,0.0
26-06-2017,50.2,3300.0,24.05,36.0,1.09,0.0,37.0,5.0
27-06-2017,50.2,3300.0,23.94,33.0,1.0,0.0,37.0,0.0
28-06-2017,50.2,3300.0,23.83,30.0,0.91,0.0,37.0,11.0
29-06-2017,50.2,3300.0,23.72,27.0,0.82,0.0,37.0,0.0
30-06-2017,50.2,3300.0,23.72,24.0,0.73,0.0,37.0,0.0
01-07-2017,50.2,3300.0,0.0,21.0,0.64,0.0,37.0,0.0
02-07-2017,50.2,3300.0,0.0,18.0,0.55,0.0,37.0,0.0
03-07-2017,50.2,3300.0,0.0,16.0,0.48,0.0,21.0,0.0
04-07-2017,50.2,3300.0,0.0,14.0,0.42,0.0,21.0,4.0
05-07-2017,50.2,3300.0,0.0,12.0,0.36,0.0,21.0,0.0
06-07-2017,50.2,3300.0,0.0,10.0,0.3,0.0,21.0,0.0
07-07-2017,50.2,3300.0,0.0,10.0,0.3,0.0,21.0,7.0
08-07-2017,50.2,3300.0,0.0,8.0,0.24,0.0,21.0,7.0
09-07-2017,50.2,3300.0,0.0,6.0,0.18,0.0,21.0,0.0
10-07-2017,50.2,3300.0,0.0,5.0,0.15,9.0,21.0,19.0
11-07-2017,50.2,3300.0,0.0,3.0,0.09,0.0,21.0,0.0
12-07-2017,50.2,3300.0,0.0,6.0,0.18,56.0,21.0,32.0
13-07-2017,50.2,3300.0,0.0,8.0,0.24,46.0,21.0,0.0
14-07-2017,50.2,3300.0,0.0,6.0,0.18,0.0,21.0,0.0
15-07-2017,50.2,3300.0,0.0,4.0,0.12,0.0,21.0,0.0
16-07-2017,50.2,3300.0,0.0,2.0,0.06,0.0,21.0,3.0
17-07-2017,50.2,3300.0,0.0,0.0,0.0,0.0,20.0,0.0
18-07-2017,50.2,3300.0,0.0,0.0,0.0,0.0,20.0,0.0
19-07-2017,50.2,3300.0,0.0,0.0,0.0,0.0,20.0,0.0
20-07-2017,50.2,3300.0,0.0,0.0,0.0,0.0,20.0,0.0
21-07-2017,50.2,3300.0,0.0,0.0,0.0,0.0,10.0,0.0
22-07-2017,50.2,3300.0,0.0,0.0,0.0,0.0,10.0,0.0
23-07-2017,50.2,3300.0,0.0,0.0,0.0,0.0,10.0,0.0
24-07-2017,50.2,3300.0,0.0,0.0,0.0,0.0,10.0,0.0
25-07-2017,50.2,3300.0,0.0,0.0,0.0,0.0,10.0,0.0
26-07-2017,50.2,3300.0,0.0,0.0,0.0,0.0,10.0,0.0
27-07-2017,50.2,3300.0,0.0,0.0,0.0,0.0,5.0,0.0
28-07-2017,50.2,3300.0,0.0,0.0,0.0,0.0,5.0,0.0
29-07-2017,50.2,3300.0,0.0,0.0,0.0,0.0,5.0,0.0
30-07-2017,50.2,3300.0,0.0,0.0,0.0,0.0,5.0,6.0
31-07-2017,50.2,3300.0,0.0,0.0,0.0,0.0,5.0,0.0
01-08-2017,50.2,3300.0,0.0,0.0,0.0,0.0,5.0,0.0
02-08-2017,50.2,3300.0,0.0,0.0,0.0,0.0,0.0,0.0
03-08-2017,50.2,3300.0,0.0,0.0,0.0,0.0,5.0,9.0
04-08-2017,50.2,3300.0,0.0,0.0,0.0,0.0,5.0,0.0
05-08-2017,50.2,3300.0,0.0,0.0,0.0,0.0,5.0,1.0
06-08-2017,50.2,3300.0,0.0,0.0,0.0,0.0,5.0,4.0
07-08-2017,50.2,3300.0,0.0,0.0,0.0,0.0,5.0,10.0
08-08-2017,50.2,3300.0,0.0,0.0,0.0,0.0,0.0,0.0
09-08-2017,50.2,3300.0,0.0,0.0,0.0,0.0,0.0,0.0
10-08-2017,50.2,3300.0,0.0,0.0,0.0,0.0,0.0,32.0
11-08-2017,50.2,3300.0,0.0,0.0,0.0,0.0,5.0,0.0
12-08-2017,50.2,3300.0,0.0,5.0,0.15,65.0,5.0,38.0
13-08-2017,50.2,3300.0,0.0,7.0,0.21,28.0,5.0,0.0
14-08-2017,50.2,3300.0,0.0,9.0,0.27,28.0,5.0,0.0
15-08-2017,50.2,3300.0,0.0,14.0,0.42,63.0,5.0,61.0
16-08-2017,50.2,3300.0,0.0,15.0,0.45,17.0,5.0,0.0
17-08-2017,50.2,3300.0,0.0,15.0,0.45,0.0,5.0,0.0
18-08-2017,50.2,3300.0,0.0,17.0,0.52,28.0,5.0,50.0
19-08-2017,50.2,3300.0,0.0,23.0,0.7,75.0,5.0,135.0
20-08-2017,50.2,3300.0,23.91,32.0,0.97,110.0,5.0,18.0
21-08-2017,50.2,3300.0,24.26,42.0,1.27,120.0,5.0,25.0
22-08-2017,50.2,3300.0,24.39,46.0,1.39,52.0,5.0,1.0
23-08-2017,50.2,3300.0,24.49,49.0,1.48,40.0,5.0,0.0
24-08-2017,50.2,3300.0,24.55,51.0,1.55,28.0,5.0,0.0
25-08-2017,50.2,3300.0,24.65,54.0,1.64,40.0,5.0,4.0
26-08-2017,50.2,3300.0,24.76,57.0,1.73,40.0,5.0,0.0
27-08-2017,50.2,3300.0,24.93,63.0,1.91,75.0,5.0,6.0
28-08-2017,50.2,3300.0,25.07,68.0,2.06,63.0,5.0,0.0
29-08-2017,50.2,3300.0,25.14,71.0,2.15,45.0,10.0,0.0
30-08-2017,50.2,3300.0,25.18,73.0,2.21,33.0,10.0,0.0
31-08-2017,50.2,3300.0,25.33,79.0,2.39,80.0,10.0,13.0
01-09-2017,50.2,3300.0,25.43,83.0,2.52,58.0,12.0,0.0
02-09-2017,50.2,3300.0,25.88,102.0,3.09,232.0,12.0,51.0
03-09-2017,50.2,3300.0,26.06,110.0,3.33,105.0,12.0,0.0
04-09-2017,50.2,3300.0,26.13,113.0,3.42,47.0,12.0,0.0
05-09-2017,50.2,3300.0,26.1,112.0,3.39,0.0,18.0,0.0
06-09-2017,50.2,3300.0,26.13,113.0,3.42,12.0,12.0,0.0
07-09-2017,50.2,3300.0,26.1,112.0,3.39,0.0,18.0,0.0
08-09-2017,50.2,3300.0,26.06,110.0,3.33,0.0,18.0,0.0
09-09-2017,50.2,3300.0,26.06,110.0,3.33,0.0,18.0,5.0
10-09-2017,50.2,3300.0,26.13,113.0,3.42,53.0,18.0,10.0
11-09-2017,50.2,3300.0,26.19,116.0,3.52,53.0,18.0,4.0
12-09-2017,50.2,3300.0,26.27,120.0,3.64,64.0,18.0,11.4
13-09-2017,50.2,3300.0,26.33,123.0,3.73,53.0,18.0,7.2
14-09-2017,50.2,3300.0,26.35,124.0,3.76,30.0,18.0,0.0
15-09-2017,50.2,3300.0,26.35,124.0,3.76,18.0,18.0,0.0
16-09-2017,50.2,3300.0,26.33,123.0,3.73,0.0,18.0,0.0
17-09-2017,50.2,3300.0,26.33,123.0,3.73,18.0,18.0,4.0
18-09-2017,50.2,3300.0,26.31,122.0,3.7,0.0,18.0,0.0
19-09-2017,50.2,3300.0,26.31,122.0,3.7,18.0,18.0,7.0
20-09-2017,50.2,3300.0,26.29,121.0,3.67,0.0,18.0,0.0
21-09-2017,50.2,3300.0,26.25,119.0,3.61,0.0,18.0,0.0
22-09-2017,50.2,3300.0,26.23,118.0,3.58,0.0,18.0,2.0
23-09-2017,50.2,3300.0,26.19,116.0,3.52,0.0,18.0,0.0
24-09-2017,50.2,3300.0,26.17,115.0,3.48,0.0,18.0,0.0
25-09-2017,50.2,3300.0,26.13,113.0,3.42,0.0,18.0,0.0
26-09-2017,50.2,3300.0,26.1,112.0,3.39,0.0,18.0,0.0
27-09-2017,50.2,3300.0,26.06,110.0,3.33,0.0,18.0,0.0
28-09-2017,50.2,3300.0,26.04,109.0,3.3,0.0,18.0,0.0
29-09-2017,50.2,3300.0,26.01,108.0,3.27,0.0,18.0,1.0
30-09-2017,50.2,3300.0,26.17,115.0,3.48,99.0,18.0,47.0
01-10-2017,50.2,3300.0,26.57,135.0,4.09,249.0,18.0,127.0
02-10-2017,50.2,3300.0,28.04,217.0,6.58,967.0,18.0,3.0
03-10-2017,50.2,3300.0,28.53,246.0,7.45,353.0,18.0,0.0
04-10-2017,50.2,3300.0,29.11,282.0,8.55,500.0,18.0,21.0
05-10-2017,50.2,3300.0,29.17,286.0,8.67,64.0,18.0,5.0
06-10-2017,50.2,3300.0,29.21,288.0,8.73,41.0,18.0,0.0
07-10-2017,50.2,3300.0,29.36,298.0,9.03,134.0,18.0,28.0
08-10-2017,50.2,3300.0,29.67,318.0,9.64,250.0,18.0,0.0
09-10-2017,50.2,3300.0,29.96,338.0,10.24,252.0,20.0,0.0
10-10-2017,50.2,3300.0,30.08,346.0,10.48,113.0,20.0,0.0
11-10-2017,50.2,3300.0,30.15,350.0,10.61,66.0,20.0,0.0
12-10-2017,50.2,3300.0,30.2,354.0,10.73,66.0,20.0,4.0
13-10-2017,50.2,3300.0,30.2,354.0,10.73,20.0,20.0,0.0
14-10-2017,50.2,3300.0,30.2,354.0,10.73,20.0,20.0,0.0
15-10-2017,50.2,3300.0,30.2,354.0,10.73,20.0,20.0,0.0
16-10-2017,50.2,3300.0,30.2,354.0,10.73,20.0,20.0,1.0
17-10-2017,50.2,3300.0,30.25,357.0,10.82,58.0,23.0,17.0
18-10-2017,50.2,3300.0,30.25,357.0,10.82,23.0,23.0,0.0
19-10-2017,50.2,3300.0,30.25,357.0,10.82,23.0,23.0,0.0
20-10-2017,50.2,3300.0,30.25,357.0,10.82,23.0,23.0,0.0
21-10-2017,50.2,3300.0,30.22,355.0,10.76,0.0,23.0,0.0
22-10-2017,50.2,3300.0,30.19,353.0,10.7,0.0,23.0,0.0
23-10-2017,50.2,3300.0,30.16,351.0,10.64,0.0,23.0,0.0
24-10-2017,50.2,3300.0,30.13,349.0,10.58,0.0,23.0,0.0
25-10-2017,50.2,3300.0,30.1,347.0,10.52,0.0,23.0,0.0
26-10-2017,50.2,3300.0,30.07,345.0,10.45,0.0,23.0,0.0
27-10-2017,50.2,3300.0,30.07,345.0,10.45,23.0,23.0,10.0
28-10-2017,50.2,3300.0,30.07,345.0,10.45,23.0,23.0,2.0
29-10-2017,50.2,3300.0,30.04,343.0,10.39,0.0,23.0,0.0
30-10-2017,50.2,3300.0,30.1,347.0,10.52,69.0,23.0,35.0
31-10-2017,50.2,3300.0,31.95,487.0,14.76,1643.0,23.0,103.0
01-11-2017,50.2,3300.0,33.4,614.0,18.61,1493.0,23.0,37.0
02-11-2017,50.2,3300.0,34.0,672.0,20.36,694.0,23.0,15.0
03-11-2017,50.2,3300.0,34.75,747.0,22.64,912.0,44.0,81.0
04-11-2017,50.2,3300.0,36.0,882.0,26.73,1646.0,84.0,34.0
05-11-2017,50.2,3300.0,36.9,988.0,29.94,1311.0,84.0,34.0
06-11-2017,50.2,3300.0,37.75,1093.0,33.12,1299.0,84.0,34.4
07-11-2017,50.2,3300.0,38.2,1152.0,34.91,767.0,84.0,5.0
08-11-2017,50.2,3300.0,39.12,1278.0,38.73,1542.0,84.0,58.0
09-11-2017,50.2,3300.0,39.29,1302.0,39.45,362.0,84.0,0.0
10-11-2017,50.2,3300.0,39.37,1314.0,39.82,223.0,84.0,0.0
11-11-2017,50.2,3300.0,39.48,1329.0,40.27,258.0,84.0,4.0
12-11-2017,50.2,3300.0,39.52,1335.0,40.45,153.0,84.0,4.0
13-11-2017,50.2,3300.0,39.61,1348.0,40.85,234.0,84.0,29.0
14-11-2017,50.2,3300.0,40.04,1410.0,42.73,801.0,84.0,46.0
15-11-2017,50.2,3300.0,40.43,1468.0,44.48,755.0,84.0,20.0
16-11-2017,50.2,3300.0,40.62,1497.0,45.36,420.0,84.0,0.0
17-11-2017,50.2,3300.0,40.7,1509.0,45.73,223.0,84.0,0.0
18-11-2017,50.2,3300.0,40.71,1511.0,45.79,107.0,84.0,0.0
19-11-2017,50.2,3300.0,40.71,1511.0,45.79,84.0,84.0,0.0
20-11-2017,50.2,3300.0,40.71,1511.0,45.79,84.0,84.0,0.0
21-11-2017,50.2,3300.0,40.71,1511.0,45.79,84.0,84.0,1.0
22-11-2017,50.2,3300.0,40.71,1511.0,45.79,84.0,84.0,6.0
23-11-2017,50.2,3300.0,40.71,1511.0,45.79,84.0,84.0,0.0
24-11-2017,50.2,3300.0,40.71,1511.0,45.79,84.0,84.0,0.0
25-11-2017,50.2,3300.0,40.71,1511.0,45.79,84.0,84.0,0.0
26-11-2017,50.2,3300.0,40.71,1511.0,45.79,84.0,84.0,1.0
27-11-2017,50.2,3300.0,40.71,1511.0,45.79,84.0,84.0,4.0
28-11-2017,50.2,3300.0,40.71,1511.0,45.79,84.0,84.0,0.0
29-11-2017,50.2,3300.0,40.71,1511.0,45.79,84.0,84.0,0.0
30-11-2017,50.2,3300.0,40.75,1517.0,45.97,153.0,84.0,32.0
01-12-2017,50.2,3300.0,41.01,1557.0,47.18,547.0,84.0,51.0
02-12-2017,50.2,3300.0,41.37,1612.0,48.85,720.0,84.0,0.0
03-12-2017,50.2,3300.0,41.7,1664.0,50.42,686.0,84.0,0.0
04-12-2017,50.2,3300.0,41.8,1680.0,50.91,269.0,84.0,0.0
05-12-2017,50.2,3300.0,41.83,1685.0,51.06,142.0,84.0,0.0
06-12-2017,50.2,3300.0,41.85,1688.0,51.15,119.0,84.0,0.0
07-12-2017,50.2,3300.0,41.86,1690.0,51.21,107.0,84.0,0.0
08-12-2017,50.2,3300.0,41.87,1692.0,51.27,107.0,84.0,0.0
09-12-2017,50.2,3300.0,41.88,1694.0,51.33,107.0,84.0,0.0
10-12-2017,50.2,3300.0,41.9,1696.0,51.39,107.0,84.0,0.0
11-12-2017,50.2,3300.0,41.91,1698.0,51.45,107.0,84.0,0.0
12-12-2017,50.2,3300.0,41.91,1698.0,51.45,84.0,84.0,0.0
13-12-2017,50.2,3300.0,41.91,1698.0,51.45,84.0,84.0,0.0
14-12-2017,50.2,3300.0,41.91,1698.0,51.45,84.0,84.0,0.0
15-12-2017,50.2,3300.0,41.91,1698.0,51.45,84.0,84.0,0.0
16-12-2017,50.2,3300.0,41.89,1695.0,51.36,49.0,84.0,0.0
17-12-2017,50.2,3300.0,41.85,1688.0,51.15,0.0,84.0,0.0
18-12-2017,50.2,3300.0,41.8,1681.0,50.94,0.0,84.0,0.0
19-12-2017,50.2,3300.0,41.76,1674.0,50.73,0.0,84.0,0.0
20-12-2017,50.2,3300.0,41.72,1667.0,50.52,0.0,84.0,0.0
21-12-2017,50.2,3300.0,41.67,1660.0,50.3,0.0,84.0,0.0
22-12-2017,50.2,3300.0,41.63,1653.0,50.09,0.0,84.0,0.0
23-12-2017,50.2,3300.0,41.6,1648.0,49.94,26.0,84.0,4.0
24-12-2017,50.2,3300.0,41.55,1641.0,49.73,0.0,84.0,0.0
25-12-2017,50.2,3300.0,41.51,1634.0,49.52,0.0,84.0,0.0
26-12-2017,50.2,3300.0,41.46,1627.0,49.3,0.0,84.0,0.0
27-12-2017,50.2,3300.0,41.42,1620.0,49.09,0.0,84.0,0.0
28-12-2017,50.2,3300.0,41.37,1613.0,48.88,0.0,84.0,0.0
29-12-2017,50.2,3300.0,41.33,1606.0,48.67,0.0,84.0,0.0
30-12-2017,50.2,3300.0,41.3,1599.0,48.45,0.0,84.0,0.0
31-12-2017,50.2,3300.0,41.26,1592.0,48.24,0.0,84.0,0.0
01-01-2018,50.2,3300.0,41.21,1585.0,48.03,0.0,84.0,0.0
02-01-2018,50.2,3300.0,41.15,1578.0,47.82,0.0,84.0,0.0
03-01-2018,50.2,3300.0,41.11,1571.0,47.61,0.0,84.0,0.0
04-01-2018,50.2,3300.0,41.06,1564.0,47.39,0.0,84.0,0.0
05-01-2018,50.2,3300.0,41.01,1557.0,47.18,0.0,84.0,0.0
06-01-2018,50.2,3300.0,40.97,1550.0,46.97,0.0,84.0,0.0
07-01-2018,50.2,3300.0,40.92,1543.0,46.76,0.0,84.0,0.0
08-01-2018,50.2,3300.0,40.88,1536.0,46.55,0.0,84.0,0.0
09-01-2018,50.2,3300.0,40.83,1529.0,46.33,0.0,84.0,0.0
10-01-2018,50.2,3300.0,40.79,1522.0,46.12,0.0,84.0,0.0
11-01-2018,50.2,3300.0,40.74,1515.0,45.91,0.0,84.0,0.0
12-01-2018,50.2,3300.0,40.69,1508.0,45.7,0.0,84.0,0.0
13-01-2018,50.2,3300.0,40.65,1501.0,45.48,0.0,84.0,0.0
14-01-2018,50.2,3300.0,40.6,1494.0,45.27,0.0,84.0,0.0
15-01-2018,50.2,3300.0,40.56,1487.0,45.06,0.0,84.0,0.0
16-01-2018,50.2,3300.0,40.51,1480.0,44.85,0.0,84.0,0.0
17-01-2018,50.2,3300.0,40.46,1473.0,44.64,0.0,84.0,0.0
18-01-2018,50.2,3300.0,40.42,1466.0,44.42,0.0,84.0,0.0
19-01-2018,50.2,3300.0,40.37,1459.0,44.21,0.0,84.0,0.0
20-01-2018,50.2,3300.0,40.32,1452.0,44.0,0.0,84.0,0.0
21-01-2018,50.2,3300.0,40.27,1445.0,43.79,0.0,84.0,0.0
22-01-2018,50.2,3300.0,40.23,1438.0,43.58,0.0,84.0,0.0
23-01-2018,50.2,3300.0,40.18,1431.0,43.36,0.0,84.0,0.0
24-01-2018,50.2,3300.0,40.13,1424.0,43.15,0.0,84.0,0.0
25-01-2018,50.2,3300.0,40.09,1417.0,42.94,0.0,84.0,0.0
26-01-2018,50.2,3300.0,40.04,1410.0,42.73,0.0,84.0,0.0
27-01-2018,50.2,3300.0,39.99,1403.0,42.52,0.0,84.0,0.0
28-01-2018,50.2,3300.0,39.94,1396.0,42.3,0.0,84.0,0.0
29-01-2018,50.2,3300.0,39.89,1389.0,42.09,0.0,84.0,0.0
30-01-2018,50.2,3300.0,39.85,1382.0,41.88,0.0,84.0,0.0
31-01-2018,50.2,3300.0,39.8,1375.0,41.67,0.0,84.0,0.0
01-02-2018,50.2,3300.0,39.75,1368.0,41.45,0.0,84.0,0.0
02-02-2018,50.2,3300.0,39.7,1361.0,41.24,0.0,84.0,0.0
03-02-2018,50.2,3300.0,39.65,1354.0,41.03,0.0,84.0,0.0
04-02-2018,50.2,3300.0,39.61,1347.0,40.82,0.0,84.0,0.0
05-02-2018,50.2,3300.0,39.56,1340.0,40.61,0.0,84.0,0.0
06-02-2018,50.2,3300.0,39.51,1333.0,40.39,0.0,84.0,0.0
07-02-2018,50.2,3300.0,39.46,1326.0,40.18,0.0,84.0,0.0
08-02-2018,50.2,3300.0,39.41,1319.0,39.97,0.0,80.0,0.0
09-02-2018,50.2,3300.0,39.36,1312.0,39.76,0.0,84.0,0.0
10-02-2018,50.2,3300.0,39.31,1305.0,39.55,0.0,84.0,0.0
11-02-2018,50.2,3300.0,39.26,1298.0,39.33,0.0,84.0,0.0
12-02-2018,50.2,3300.0,39.21,1291.0,39.12,0.0,84.0,0.0
13-02-2018,50.2,3300.0,39.16,1284.0,38.91,0.0,84.0,0.0
14-02-2018,50.2,3300.0,39.11,1277.0,38.7,0.0,84.0,0.0
15-02-2018,50.2,3300.0,39.06,1270.0,38.48,0.0,84.0,0.0
16-02-2018,50.2,3300.0,39.01,1263.0,38.27,0.0,84.0,0.0
17-02-2018,50.2,3300.0,38.96,1256.0,38.06,0.0,84.0,0.0
18-02-2018,50.2,3300.0,38.91,1249.0,37.85,0.0,84.0,0.0
19-02-2018,50.2,3300.0,38.86,1242.0,37.64,0.0,84.0,0.0
20-02-2018,50.2,3300.0,38.81,1235.0,37.42,0.0,84.0,0.0
21-02-2018,50.2,3300.0,38.76,1228.0,37.21,0.0,84.0,0.0
22-02-2018,50.2,3300.0,38.71,1221.0,37.0,0.0,84.0,0.0
23-02-2018,50.2,3300.0,38.66,1214.0,36.79,0.0,84.0,0.0
24-02-2018,50.2,3300.0,38.61,1207.0,36.58,0.0,84.0,0.0
25-02-2018,50.2,3300.0,38.56,1200.0,36.36,0.0,84.0,0.0
26-02-2018,50.2,3300.0,38.5,1193.0,36.15,0.0,84.0,0.0
27-02-2018,50.2,3300.0,38.47,1188.0,36.0,40.0,84.0,0.0
28-02-2018,50.2,3300.0,38.44,1184.0,35.88,40.0,84.0,0.0
01-03-2018,50.2,3300.0,38.51,1194.0,36.18,202.0,84.0,0.0
02-03-2018,50.2,3300.0,38.58,1204.0,36.48,202.0,84.0,0.0
03-03-2018,50.2,3300.0,38.66,1214.0,36.79,202.0,84.0,0.0
04-03-2018,50.2,3300.0,38.73,1224.0,37.09,202.0,84.0,0.0
05-03-2018,50.2,3300.0,38.8,1234.0,37.39,202.0,84.0,0.0
06-03-2018,50.2,3300.0,38.88,1244.0,37.7,202.0,84.0,0.0
07-03-2018,50.2,3300.0,38.95,1254.0,38.0,202.0,84.0,0.0
08-03-2018,50.2,3300.0,39.02,1264.0,38.3,202.0,84.0,0.0
09-03-2018,50.2,3300.0,39.09,1274.0,38.61,202.0,84.0,0.0
10-03-2018,50.2,3300.0,39.15,1282.0,38.85,202.0,84.0,0.0
11-03-2018,50.2,3300.0,39.23,1294.0,39.21,285.0,84.0,0.0
12-03-2018,50.2,3300.0,39.32,1306.0,39.58,285.0,84.0,0.0
13-03-2018,50.2,3300.0,39.42,1321.0,40.03,340.0,84.0,0.0
14-03-2018,50.2,3300.0,39.53,1336.0,40.48,340.0,84.0,0.0
15-03-2018,50.2,3300.0,39.63,1351.0,40.94,340.0,84.0,0.0
16-03-2018,50.2,3300.0,39.74,1366.0,41.39,340.0,84.0,0.0
17-03-2018,50.2,3300.0,39.84,1381.0,41.85,340.0,84.0,8.0
18-03-2018,50.2,3300.0,39.94,1396.0,42.3,340.0,84.0,0.0
19-03-2018,50.2,3300.0,40.04,1411.0,42.76,340.0,84.0,0.0
20-03-2018,50.2,3300.0,40.15,1426.0,43.21,340.0,84.0,0.0
21-03-2018,50.2,3300.0,40.25,1441.0,43.67,340.0,84.0,0.0
22-03-2018,50.2,3300.0,40.37,1459.0,44.21,380.0,84.0,0.0
23-03-2018,50.2,3300.0,40.5,1479.0,44.82,400.0,110.0,0.0
24-03-2018,50.2,3300.0,40.65,1501.0,45.48,400.0,110.0,0.0
25-03-2018,50.2,3300.0,40.79,1523.0,46.15,400.0,110.0,0.0
26-03-2018,50.2,3300.0,40.94,1545.0,46.82,400.0,110.0,0.0
27-03-2018,50.2,3300.0,41.08,1567.0,47.48,400.0,110.0,0.0
28-03-2018,50.2,3300.0,41.24,1589.0,48.15,400.0,110.0,0.0
29-03-2018,50.2,3300.0,41.36,1611.0,48.82,376.0,110.0,0.0
30-03-2018,50.2,3300.0,41.48,1629.0,49.36,360.0,110.0,0.0
31-03-2018,50.2,3300.0,41.58,1645.0,49.85,360.0,110.0,0.0
01-04-2018,50.2,3300.0,41.67,1660.0,50.3,305.0,110.0,0.0
02-04-2018,50.2,3300.0,41.75,1672.0,50.67,280.0,110.0,0.0
03-04-2018,50.2,3300.0,41.81,1682.0,50.97,265.0,110.0,0.0
04-04-2018,50.2,3300.0,41.87,1692.0,51.27,260.0,110.0,0.0
05-04-2018,50.2,3300.0,41.94,1703.0,51.61,260.0,110.0,0.0
06-04-2018,50.2,3300.0,42.0,1713.0,51.91,260.0,110.0,0.0
07-04-2018,50.2,3300.0,42.13,1733.0,52.52,377.0,110.0,0.0
08-04-2018,50.2,3300.0,42.24,1751.0,53.06,377.0,110.0,0.0
09-04-2018,50.2,3300.0,42.35,1769.0,53.61,372.0,110.0,0.0
10-04-2018,50.2,3300.0,42.46,1787.0,54.15,370.0,110.0,0.0
11-04-2018,50.2,3300.0,42.57,1805.0,54.7,370.0,110.0,0.0
12-04-2018,50.2,3300.0,42.68,1823.0,55.24,370.0,110.0,0.0
13-04-2018,50.2,3300.0,42.79,1841.0,55.79,370.0,110.0,0.0
14-04-2018,50.2,3300.0,42.87,1854.0,56.18,308.0,110.0,0.0
15-04-2018,50.2,3300.0,42.93,1864.0,56.48,308.0,110.0,0.0
16-04-2018,50.2,3300.0,42.99,1874.0,56.79,308.0,110.0,0.0
17-04-2018,50.2,3300.0,43.05,1884.0,57.09,308.0,110.0,0.0
18-04-2018,50.2,3300.0,43.1,1892.0,57.33,308.0,120.0,0.0
19-04-2018,50.2,3300.0,43.1,1900.0,57.58,308.0,120.0,0.0
20-04-2018,50.2,3300.0,43.08,1890.0,57.27,4.0,120.0,0.0
21-04-2018,50.2,3300.0,43.03,1881.0,57.0,4.0,120.0,0.0
22-04-2018,50.2,3300.0,42.97,1871.0,56.7,4.0,120.0,0.0
23-04-2018,50.2,3300.0,42.91,1861.0,56.39,4.0,120.0,0.0
24-04-2018,50.2,3300.0,42.85,1851.0,56.09,4.0,120.0,0.0
25-04-2018,50.2,3300.0,42.79,1841.0,55.79,4.0,120.0,0.0
26-04-2018,50.2,3300.0,42.73,1831.0,55.48,4.0,120.0,0.0
27-04-2018,50.2,3300.0,42.67,1821.0,55.18,2.0,120.0,0.0
28-04-2018,50.2,3300.0,42.61,1811.0,54.88,2.0,120.0,0.0
29-04-2018,50.2,3300.0,42.54,1800.0,54.55,2.0,120.0,0.0
30-04-2018,50.2,3300.0,42.48,1790.0,54.24,2.0,120.0,0.0
01-05-2018,50.2,3300.0,42.41,1779.0,53.91,2.0,120.0,0.0
02-05-2018,50.2,3300.0,42.35,1769.0,53.61,2.0,120.0,0.0
03-05-2018,50.2,3300.0,42.28,1758.0,53.27,2.0,120.0,0.0
04-05-2018,50.2,3300.0,42.21,1746.0,52.91,2.0,125.0,0.0
05-05-2018,50.2,3300.0,42.14,1735.0,52.58,0.0,125.0,0.0
06-05-2018,50.2,3300.0,42.07,1724.0,52.24,0.0,125.0,0.0
07-05-2018,50.2,3300.0,42.0,1712.0,51.88,0.0,125.0,0.0
08-05-2018,50.2,3300.0,41.93,1701.0,51.55,0.0,125.0,0.0
09-05-2018,50.2,3300.0,41.85,1689.0,51.18,0.0,125.0,0.0
10-05-2018,50.2,3300.0,41.78,1677.0,50.82,0.0,125.0,0.0
11-05-2018,50.2,3300.0,41.71,1666.0,50.48,0.0,125.0,0.0
12-05-2018,50.2,3300.0,41.65,1656.0,50.18,0.0,125.0,0.0
13-05-2018,50.2,3300.0,41.58,1645.0,49.85,0.0,125.0,0.0
14-05-2018,50.2,3300.0,41.5,1633.0,49.48,0.0,125.0,0.0
15-05-2018,50.2,3300.0,41.44,1623.0,49.18,0.0,125.0,0.0
16-05-2018,50.2,3300.0,41.37,1612.0,48.85,0.0,125.0,0.0
17-05-2018,50.2,3300.0,41.31,1600.0,48.48,0.0,125.0,0.0
18-05-2018,50.2,3300.0,41.24,1590.0,48.18,0.0,125.0,0.0
19-05-2018,50.2,3300.0,41.17,1579.0,47.85,0.0,125.0,0.0
20-05-2018,50.2,3300.0,41.08,1567.0,47.48,0.0,125.0,0.0
21-05-2018,50.2,3300.0,40.99,1554.0,47.09,0.0,125.0,0.0
22-05-2018,50.2,3300.0,40.92,1543.0,46.76,0.0,125.0,0.0
23-05-2018,50.2,3300.0,40.85,1532.0,46.42,0.0,125.0,0.0
24-05-2018,50.2,3300.0,40.77,1520.0,46.06,0.0,125.0,0.0
25-05-2018,50.2,3300.0,40.49,1507.0,45.67,0.0,125.0,0.0
26-05-2018,50.2,3300.0,40.62,1497.0,45.36,0.0,125.0,0.0
27-05-2018,50.2,3300.0,40.54,1485.0,45.0,0.0,125.0,0.0
28-05-2018,50.2,3300.0,40.47,1474.0,44.67,0.0,125.0,0.0
29-05-2018,50.2,3300.0,40.39,1462.0,44.3,0.0,125.0,0.0
30-05-2018,50.2,3300.0,40.3,1449.0,43.91,0.0,125.0,0.0
31-05-2018,50.2,3300.0,40.23,1438.0,43.58,0.0,125.0,0.0
01-06-2018,50.2,3300.0,40.15,1427.0,43.24,0.0,125.0,0.0
02-06-2018,50.2,3300.0,40.07,1415.0,42.88,0.0,125.0,0.0
03-06-2018,50.2,3300.0,40.0,1404.0,42.55,0.0,125.0,0.0
04-06-2018,50.2,3300.0,39.92,1393.0,42.21,0.0,125.0,1.0
05-06-2018,50.2,3300.0,39.84,1381.0,41.85,0.0,125.0,0.0
06-06-2018,50.2,3300.0,39.76,1369.0,41.48,0.0,125.0,0.0
07-06-2018,50.2,3300.0,39.68,1358.0,41.15,0.0,125.0,21.0
08-06-2018,50.2,3300.0,39.6,1346.0,40.79,0.0,125.0,0.0
09-06-2018,50.2,3300.0,39.52,1335.0,40.45,0.0,125.0,0.0
10-06-2018,50.2,3300.0,39.44,1324.0,40.12,0.0,125.0,0.0
11-06-2018,50.2,3300.0,39.36,1312.0,39.76,0.0,125.0,0.0
12-06-2018,50.2,3300.0,39.28,1301.0,39.42,0.0,125.0,0.0
13-06-2018,50.2,3300.0,39.2,1289.0,39.06,0.0,125.0,0.0
14-06-2018,50.2,3300.0,39.13,1279.0,38.76,0.0,125.0,0.0
15-06-2018,50.2,3300.0,39.06,1269.0,38.45,0.0,125.0,0.0
16-06-2018,50.2,3300.0,38.98,1259.0,38.15,0.0,115.0,7.0
17-06-2018,50.2,3300.0,38.98,1249.0,37.85,0.0,115.0,0.0
18-06-2018,50.2,3300.0,38.84,1239.0,37.55,0.0,115.0,4.0
19-06-2018,50.2,3300.0,38.77,1229.0,37.24,0.0,115.0,0.0
20-06-2018,50.2,3300.0,38.78,1219.0,36.94,0.0,115.0,0.0
21-06-2018,50.2,3300.0,38.62,1209.0,36.64,0.0,115.0,0.0
22-06-2018,50.2,3300.0,38.55,1199.0,36.33,0.0,115.0,0.0
23-06-2018,50.2,3300.0,38.47,1189.0,36.03,0.0,115.0,0.0
24-06-2018,50.2,3300.0,38.4,1179.0,35.73,0.0,115.0,0.0
25-06-2018,50.2,3300.0,38.33,1169.0,35.42,0.0,115.0,4.0
26-06-2018,50.2,3300.0,38.26,1160.0,35.15,9.0,109.0,0.0
27-06-2018,50.2,3300.0,38.2,1152.0,34.91,12.0,109.0,0.0
28-06-2018,50.2,3300.0,38.14,1144.0,34.67,12.0,109.0,0.0
29-06-2018,50.2,3300.0,38.08,1136.0,34.42,12.0,109.0,4.0
30-06-2018,50.2,3300.0,38.02,1128.0,34.18,12.0,109.0,0.0
01-07-2018,50.2,3300.0,37.95,1120.0,33.94,12.0,109.0,0.0
02-07-2018,50.2,3300.0,37.89,1112.0,33.7,12.0,109.0,0.0
03-07-2018,50.2,3300.0,37.83,1104.0,33.45,12.0,109.0,22.0
04-07-2018,50.2,3300.0,37.77,1096.0,33.21,12.0,109.0,0.0
05-07-2018,50.2,3300.0,37.72,1089.0,33.0,12.0,103.0,0.0
06-07-2018,50.2,3300.0,37.67,1083.0,32.82,12.0,103.0,0.0
07-07-2018,50.2,3300.0,37.62,1076.0,32.61,12.0,103.0,0.0
08-07-2018,50.2,3300.0,37.57,1070.0,32.42,12.0,103.0,0.0
09-07-2018,50.2,3300.0,37.52,1064.0,32.24,12.0,103.0,0.0
10-07-2018,50.2,3300.0,37.46,1057.0,32.03,12.0,103.0,9.0
11-07-2018,50.2,3300.0,37.42,1051.0,31.85,12.0,103.0,2.0
12-07-2018,50.2,3300.0,37.37,1045.0,31.67,12.0,103.0,8.0
13-07-2018,50.2,3300.0,37.32,1039.0,31.48,12.0,103.0,0.0
14-07-2018,50.2,3300.0,37.27,1032.0,31.27,12.0,103.0,0.0
15-07-2018,50.2,3300.0,37.22,1026.0,31.09,12.0,103.0,0.0
16-07-2018,50.2,3300.0,37.17,1020.0,30.91,12.0,103.0,0.0
17-07-2018,50.2,3300.0,37.12,1014.0,30.73,12.0,103.0,0.0
18-07-2018,50.2,3300.0,37.06,1007.0,30.52,12.0,103.0,0.0
19-07-2018,50.2,3300.0,37.01,1001.0,30.33,12.0,103.0,0.0
20-07-2018,50.2,3300.0,36.9,995.0,30.15,12.0,103.0,0.0
21-07-2018,50.2,3300.0,36.92,989.0,29.97,12.0,103.0,0.0
22-07-2018,50.2,3300.0,36.86,982.0,29.76,12.0,103.0,0.0
23-07-2018,50.2,3300.0,36.81,976.0,29.58,12.0,103.0,0.0
24-07-2018,50.2,3300.0,36.76,970.0,29.39,12.0,103.0,0.0
25-07-2018,50.2,3300.0,36.71,964.0,29.21,12.0,103.0,0.0
26-07-2018,50.2,3300.0,36.65,957.0,29.0,12.0,103.0,0.0
27-07-2018,50.2,3300.0,36.6,951.0,28.82,12.0,103.0,0.0
28-07-2018,50.2,3300.0,36.55,945.0,28.64,12.0,103.0,0.0
29-07-2018,50.2,3300.0,36.5,939.0,28.45,12.0,103.0,0.0
30-07-2018,50.2,3300.0,36.44,932.0,28.24,12.0,103.0,2.0
31-07-2018,50.2,3300.0,36.39,926.0,28.06,12.0,103.0,0.0
01-08-2018,50.2,3300.0,36.34,920.0,27.88,12.0,103.0,0.0
02-08-2018,50.2,3300.0,36.28,914.0,27.7,12.0,103.0,0.0
03-08-2018,50.2,3300.0,36.22,907.0,27.48,12.0,103.0,0.0
04-08-2018,50.2,3300.0,36.17,901.0,27.3,12.0,103.0,11.0
05-08-2018,50.2,3300.0,36.12,895.0,27.12,11.0,103.0,32.0
06-08-2018,50.2,3300.0,36.07,889.0,26.94,12.0,103.0,1.0
07-08-2018,50.2,3300.0,36.01,882.0,26.73,12.0,103.0,0.0
08-08-2018,50.2,3300.0,35.95,876.0,26.55,12.0,103.0,0.0
09-08-2018,50.2,3300.0,35.9,870.0,26.36,12.0,103.0,10.0
10-08-2018,50.2,3300.0,35.85,864.0,26.18,12.0,102.0,16.0
11-08-2018,50.2,3300.0,35.78,857.0,25.97,12.0,103.0,6.0
12-08-2018,50.2,3300.0,35.73,851.0,25.79,12.0,103.0,6.0
13-08-2018,50.2,3300.0,35.68,845.0,25.61,12.0,103.0,0.0
14-08-2018,50.2,3300.0,35.62,839.0,25.42,12.0,103.0,0.0
15-08-2018,50.2,3300.0,35.57,833.0,25.24,12.0,103.0,17.0
16-08-2018,50.2,3300.0,35.5,826.0,25.03,12.0,103.0,11.0
17-08-2018,50.2,3300.0,35.45,820.0,24.85,12.0,103.0,5.0
18-08-2018,50.2,3300.0,35.39,814.0,24.67,12.0,103.0,0.0
19-08-2018,50.2,3300.0,35.34,808.0,24.48,12.0,103.0,0.0
20-08-2018,50.2,3300.0,35.28,802.0,24.3,11.0,103.0,0.0
21-08-2018,50.2,3300.0,35.21,795.0,24.09,11.0,103.0,0.0
22-08-2018,50.2,3300.0,35.16,789.0,23.91,11.0,103.0,0.0
23-08-2018,50.2,3300.0,35.1,783.0,23.73,9.0,103.0,0.0
24-08-2018,50.2,3300.0,35.04,777.0,23.55,7.0,103.0,2.0
25-08-2018,50.2,3300.0,34.97,769.0,23.3,0.0,103.0,7.0
26-08-2018,50.2,3300.0,34.89,761.0,23.06,0.0,103.0,6.0
27-08-2018,50.2,3300.0,34.81,753.0,22.82,0.0,103.0,0.0
28-08-2018,50.2,3300.0,34.74,745.0,22.58,0.0,103.0,20.0
29-08-2018,50.2,3300.0,34.66,737.0,22.33,0.0,103.0,0.0
30-08-2018,50.2,3300.0,34.58,729.0,22.09,0.0,103.0,0.0
31-08-2018,50.2,3300.0,34.5,721.0,21.85,0.0,103.0,27.0
01-09-2018,50.2,3300.0,34.42,713.0,21.61,0.0,103.0,6.0
02-09-2018,50.2,3300.0,34.34,705.0,21.36,0.0,103.0,0.0
03-09-2018,50.2,3300.0,34.26,697.0,21.12,0.0,103.0,0.0
04-09-2018,50.2,3300.0,34.18,689.0,20.88,0.0,103.0,0.0
05-09-2018,50.2,3300.0,34.1,681.0,20.64,0.0,103.0,0.0
06-09-2018,50.2,3300.0,34.02,673.0,20.39,0.0,103.0,0.0
07-09-2018,50.2,3300.0,33.93,665.0,20.15,0.0,103.0,0.0
08-09-2018,50.2,3300.0,33.85,657.0,19.91,0.0,103.0,0.0
09-09-2018,50.2,3300.0,33.77,649.0,19.67,0.0,103.0,0.0
10-09-2018,50.2,3300.0,33.69,641.0,19.42,0.0,103.0,0.0
11-09-2018,50.2,3300.0,33.6,633.0,19.18,0.0,103.0,0.0
12-09-2018,50.2,3300.0,33.52,625.0,18.94,0.0,103.0,0.0
13-09-2018,50.2,3300.0,33.43,617.0,18.7,0.0,103.0,0.0
14-09-2018,50.2,3300.0,33.35,609.0,18.45,0.0,103.0,7.0
15-09-2018,50.2,3300.0,33.26,601.0,18.21,0.0,103.0,0.0
16-09-2018,50.2,3300.0,33.18,593.0,17.97,0.0,103.0,0.0
17-09-2018,50.2,3300.0,33.09,585.0,17.73,0.0,103.0,18.0
18-09-2018,50.2,3300.0,33.0,577.0,17.48,0.0,103.0,25.0
19-09-2018,50.2,3300.0,32.95,573.0,17.36,46.0,103.0,5.0
20-09-2018,50.2,3300.0,32.87,565.0,17.12,0.0,103.0,0.0
21-09-2018,50.2,3300.0,32.78,557.0,16.88,0.0,103.0,0.0
22-09-2018,50.2,3300.0,32.69,549.0,16.64,0.0,103.0,0.0
23-09-2018,50.2,3300.0,32.6,541.0,16.39,0.0,103.0,0.0
24-09-2018,50.2,3300.0,32.5,533.0,16.15,0.0,103.0,0.0
25-09-2018,50.2,3300.0,32.41,525.0,15.91,0.0,103.0,0.0
26-09-2018,50.2,3300.0,32.32,517.0,15.67,0.0,103.0,0.0
27-09-2018,50.2,3300.0,32.24,510.0,15.45,0.0,103.0,0.0
28-09-2018,50.2,3300.0,32.14,502.0,15.21,0.0,103.0,0.0
29-09-2018,50.2,3300.0,32.04,494.0,14.97,0.0,103.0,0.0
30-09-2018,50.2,3300.0,31.94,486.0,14.73,0.0,103.0,0.0
01-10-2018,50.2,3300.0,31.85,478.0,14.48,0.0,103.0,0.0
02-10-2018,50.2,3300.0,31.75,470.0,14.24,0.0,103.0,0.0
03-10-2018,50.2,3300.0,31.65,462.0,14.0,0.0,103.0,1.0
04-10-2018,50.2,3300.0,31.55,454.0,13.76,0.0,103.0,2.0
05-10-2018,50.2,3300.0,31.48,449.0,13.61,35.0,103.0,59.0
06-10-2018,50.2,3300.0,31.44,445.0,13.48,35.0,90.0,14.0
07-10-2018,50.2,3300.0,31.38,441.0,13.36,35.0,90.0,0.0
08-10-2018,50.2,3300.0,31.37,440.0,13.33,100.0,90.0,8.0
09-10-2018,50.2,3300.0,31.45,446.0,13.52,150.0,90.0,0.0
10-10-2018,50.2,3300.0,31.56,455.0,13.79,190.0,90.0,0.0
11-10-2018,50.2,3300.0,31.71,467.0,14.15,230.0,90.0,0.0
12-10-2018,50.2,3300.0,31.86,479.0,14.52,230.0,90.0,0.0
13-10-2018,50.2,3300.0,32.0,491.0,14.88,230.0,90.0,0.0
14-10-2018,50.2,3300.0,32.15,503.0,15.24,230.0,90.0,0.0
15-10-2018,50.2,3300.0,32.29,515.0,15.61,230.0,90.0,0.0
16-10-2018,50.2,3300.0,32.43,527.0,15.97,230.0,90.0,0.0
17-10-2018,50.2,3300.0,32.58,540.0,16.36,240.0,90.0,0.0
18-10-2018,50.2,3300.0,32.76,556.0,16.85,280.0,90.0,16.0
19-10-2018,50.2,3300.0,32.98,575.0,17.42,310.0,90.0,0.0
20-10-2018,50.2,3300.0,33.19,594.0,18.0,310.0,90.0,0.0
21-10-2018,50.2,3300.0,33.39,613.0,18.58,310.0,90.0,0.0
22-10-2018,50.2,3300.0,33.59,632.0,19.15,310.0,90.0,0.0
23-10-2018,50.2,3300.0,33.79,651.0,19.73,310.0,90.0,0.0
24-10-2018,50.2,3300.0,33.99,670.0,20.3,310.0,90.0,0.0
25-10-2018,50.2,3300.0,34.18,689.0,20.88,310.0,90.0,0.0
26-10-2018,50.2,3300.0,34.37,708.0,21.45,310.0,90.0,0.0
27-10-2018,50.2,3300.0,34.56,727.0,22.03,310.0,90.0,0.0
28-10-2018,50.2,3300.0,34.75,746.0,22.61,310.0,90.0,0.0
29-10-2018,50.2,3300.0,34.88,760.0,23.03,310.0,90.0,0.0
30-10-2018,50.2,3300.0,35.01,774.0,23.45,310.0,90.0,0.0
31-10-2018,50.2,3300.0,35.15,788.0,23.88,310.0,90.0,32.0
01-11-2018,50.2,3300.0,35.34,809.0,24.52,340.0,90.0,61.0
02-11-2018,50.2,3300.0,35.52,828.0,25.09,320.0,90.0,10.0
03-11-2018,50.2,3300.0,35.65,842.0,25.52,310.0,90.0,0.0
04-11-2018,50.2,3300.0,35.73,851.0,25.79,280.0,90.0,3.0
05-11-2018,50.2,3300.0,35.82,861.0,26.09,280.0,90.0,0.0
06-11-2018,50.2,3300.0,35.91,871.0,26.39,280.0,90.0,2.0
07-11-2018,50.2,3300.0,36.0,882.0,26.73,280.0,90.0,0.0
08-11-2018,50.2,3300.0,36.09,892.0,27.03,280.0,90.0,0.0
09-11-2018,50.2,3300.0,36.18,902.0,27.33,280.0,90.0,0.0
10-11-2018,50.2,3300.0,36.27,912.0,27.64,280.0,90.0,0.0
11-11-2018,50.2,3300.0,36.36,923.0,27.97,280.0,90.0,0.0
12-11-2018,50.2,3300.0,36.45,933.0,28.27,280.0,90.0,0.0
13-11-2018,50.2,3300.0,36.53,943.0,28.58,280.0,90.0,0.0
14-11-2018,50.2,3300.0,36.62,953.0,28.88,280.0,90.0,0.0
15-11-2018,50.2,3300.0,36.71,964.0,29.21,280.0,90.0,5.0
16-11-2018,50.2,3300.0,36.79,974.0,29.52,280.0,90.0,12.0
17-11-2018,50.2,3300.0,36.87,984.0,29.82,280.0,90.0,0.0
18-11-2018,50.2,3300.0,36.96,994.0,30.12,280.0,90.0,0.0
19-11-2018,50.2,3300.0,37.05,1005.0,30.45,280.0,90.0,0.0
20-11-2018,50.2,3300.0,37.12,1014.0,30.73,270.0,90.0,0.0
21-11-2018,50.2,3300.0,37.22,1026.0,31.09,290.0,90.0,31.0
22-11-2018,50.2,3300.0,37.47,1058.0,32.06,460.0,90.0,106.0
23-11-2018,50.2,3300.0,38.05,1133.0,34.33,948.0,80.0,57.0
24-11-2018,50.2,3300.0,38.13,1143.0,34.64,196.0,80.0,5.0
25-11-2018,50.2,3300.0,38.13,1143.0,34.64,80.0,80.0,0.0
26-11-2018,50.2,3300.0,38.09,1137.0,34.45,20.0,90.0,0.0
27-11-2018,50.2,3300.0,38.03,1130.0,34.24,10.0,90.0,0.0
28-11-2018,50.2,3300.0,37.98,1123.0,34.03,0.0,90.0,0.0
29-11-2018,50.2,3300.0,37.92,1116.0,33.82,0.0,90.0,0.0
30-11-2018,50.2,3300.0,37.87,1109.0,33.61,0.0,90.0,0.0
01-12-2018,50.2,3300.0,37.82,1102.0,33.39,0.0,90.0,0.0
02-12-2018,50.2,3300.0,37.76,1094.0,33.15,0.0,90.0,0.0
03-12-2018,50.2,3300.0,37.7,1087.0,32.94,0.0,90.0,0.0
04-12-2018,50.2,3300.0,37.66,1082.0,32.79,31.0,90.0,48.0
05-12-2018,50.2,3300.0,37.82,1102.0,33.39,322.0,90.0,16.0
06-12-2018,50.2,3300.0,37.93,1117.0,33.85,264.0,90.0,12.0
07-12-2018,50.2,3300.0,37.93,1117.0,33.85,90.0,90.0,0.0
08-12-2018,50.2,3300.0,37.89,1112.0,33.7,32.0,90.0,0.0
09-12-2018,50.2,3300.0,37.84,1105.0,33.48,0.0,90.0,0.0
10-12-2018,50.2,3300.0,37.79,1098.0,33.27,0.0,90.0,0.0
11-12-2018,50.2,3300.0,37.73,1091.0,33.06,0.0,90.0,0.0
12-12-2018,50.2,3300.0,37.68,1084.0,32.85,0.0,90.0,0.0
13-12-2018,50.2,3300.0,37.62,1077.0,32.64,0.0,90.0,0.0
14-12-2018,50.2,3300.0,37.57,1070.0,32.42,0.0,90.0,0.0
15-12-2018,50.2,3300.0,37.51,1063.0,32.21,0.0,90.0,0.0
16-12-2018,50.2,3300.0,37.45,1055.0,31.97,0.0,90.0,0.0
17-12-2018,50.2,3300.0,37.39,1048.0,31.76,0.0,90.0,0.0
18-12-2018,50.2,3300.0,37.34,1041.0,31.55,0.0,90.0,0.0
19-12-2018,50.2,3300.0,37.28,1034.0,31.33,0.0,90.0,0.0
20-12-2018,50.2,3300.0,37.23,1027.0,31.12,0.0,90.0,0.0
21-12-2018,50.2,3300.0,37.17,1020.0,30.91,0.0,90.0,0.0
22-12-2018,50.2,3300.0,37.11,1013.0,30.7,0.0,90.0,0.0
23-12-2018,50.2,3300.0,37.05,1005.0,30.45,0.0,90.0,0.0
24-12-2018,50.2,3300.0,36.99,998.0,30.24,0.0,90.0,0.0
25-12-2018,50.2,3300.0,36.93,991.0,30.03,0.0,90.0,0.0
26-12-2018,50.2,3300.0,36.87,984.0,29.82,0.0,90.0,0.0
27-12-2018,50.2,3300.0,36.82,977.0,29.61,0.0,90.0,0.0
28-12-2018,50.2,3300.0,36.76,970.0,29.39,0.0,90.0,0.0
29-12-2018,50.2,3300.0,36.7,963.0,29.18,0.0,90.0,0.0
30-12-2018,50.2,3300.0,36.63,955.0,28.94,0.0,90.0,3.0
31-12-2018,50.2,3300.0,36.57,948.0,28.73,0.0,90.0,0.0
01-01-2019,50.2,3300.0,36.51,941.0,28.52,0.0,0.0,0.0
02-01-2019,50.2,3300.0,36.45,934.0,28.3,0.0,90.0,0.0
03-01-2019,50.2,3300.0,36.39,927.0,28.09,0.0,90.0,0.0
04-01-2019,50.2,3300.0,36.34,920.0,27.88,0.0,90.0,0.0
05-01-2019,50.2,3300.0,36.28,913.0,27.67,0.0,90.0,0.0
06-01-2019,50.2,3300.0,36.21,905.0,27.42,0.0,90.0,0.0
07-01-2019,50.2,3300.0,36.15,898.0,27.21,0.0,90.0,0.0
08-01-2019,50.2,3300.0,36.08,891.0,27.0,0.0,90.0,0.0
09-01-2019,50.2,3300.0,36.02,884.0,26.79,0.0,90.0,0.0
10-01-2019,50.2,3300.0,35.96,877.0,26.58,0.0,90.0,0.0
11-01-2019,50.2,3300.0,35.9,870.0,26.36,0.0,90.0,0.0
12-01-2019,50.2,3300.0,35.84,863.0,26.15,0.0,90.0,0.0
13-01-2019,50.2,3300.0,35.77,855.0,25.91,0.0,90.0,0.0
14-01-2019,50.2,3300.0,35.7,848.0,25.7,0.0,90.0,0.0
15-01-2019,50.2,3300.0,35.64,841.0,25.48,0.0,90.0,0.0
16-01-2019,50.2,3300.0,35.58,834.0,25.27,0.0,90.0,0.0
17-01-2019,50.2,3300.0,35.51,827.0,25.06,0.0,90.0,0.0
18-01-2019,50.2,3300.0,35.45,820.0,24.85,0.0,90.0,0.0
19-01-2019,50.2,3300.0,35.38,813.0,24.64,0.0,90.0,0.0
20-01-2019,50.2,3300.0,35.31,805.0,24.39,0.0,90.0,0.0
21-01-2019,50.2,3300.0,35.24,798.0,24.18,0.0,90.0,0.0
22-01-2019,50.2,3300.0,35.18,791.0,23.97,0.0,90.0,0.0
23-01-2019,50.2,3300.0,35.11,784.0,23.76,0.0,90.0,0.0
24-01-2019,50.2,3300.0,35.4,777.0,23.55,0.0,90.0,0.0
25-01-2019,50.2,3300.0,34.98,770.0,23.33,0.0,90.0,0.0
26-01-2019,50.2,3300.0,34.91,763.0,23.12,0.0,90.0,0.0
27-01-2019,50.2,3300.0,34.83,755.0,22.88,0.0,90.0,0.0
28-01-2019,50.2,3300.0,34.77,748.0,22.67,0.0,90.0,0.0
29-01-2019,50.2,3300.0,34.7,741.0,22.45,0.0,90.0,0.0
30-01-2019,50.2,3300.0,34.63,734.0,22.24,0.0,90.0,0.0
31-01-2019,50.2,3300.0,34.56,727.0,22.03,0.0,90.0,0.0
01-02-2019,50.2,3300.0,34.59,720.0,21.82,0.0,90.0,0.0
02-02-2019,50.2,3300.0,34.42,713.0,21.61,0.0,90.0,0.0
03-02-2019,50.2,3300.0,34.34,705.0,21.36,0.0,90.0,0.0
04-02-2019,50.2,3300.0,34.27,698.0,21.15,0.0,90.0,0.0
05-02-2019,50.2,3300.0,34.2,691.0,20.94,0.0,90.0,0.0
06-02-2019,50.2,3300.0,34.13,684.0,20.73,0.0,90.0,0.0
07-02-2019,50.2,3300.0,34.06,677.0,20.52,0.0,90.0,0.0
08-02-2019,50.2,3300.0,33.99,670.0,20.3,0.0,90.0,0.0
09-02-2019,50.2,3300.0,33.92,663.0,20.09,0.0,90.0,0.0
10-02-2019,50.2,3300.0,33.83,655.0,19.85,0.0,90.0,0.0
11-02-2019,50.2,3300.0,33.76,648.0,19.64,0.0,90.0,0.0
12-02-2019,50.2,3300.0,33.69,641.0,19.42,0.0,90.0,0.0
13-02-2019,50.2,3300.0,33.61,634.0,19.21,0.0,90.0,0.0
14-02-2019,50.2,3300.0,33.54,627.0,19.0,0.0,90.0,0.0
15-02-2019,50.2,3300.0,33.46,620.0,18.79,0.0,90.0,0.0
16-02-2019,50.2,3300.0,33.38,612.0,18.55,0.0,90.0,0.0
17-02-2019,50.2,3300.0,33.3,605.0,18.33,0.0,90.0,0.0
18-02-2019,50.2,3300.0,33.23,598.0,18.12,0.0,90.0,0.0
19-02-2019,50.2,3300.0,33.15,591.0,17.91,0.0,90.0,0.0
20-02-2019,50.2,3300.0,33.08,584.0,17.7,0.0,90.0,0.0
21-02-2019,50.2,3300.0,33.0,577.0,17.48,0.0,90.0,0.0
22-02-2019,50.2,3300.0,32.92,570.0,17.27,0.0,90.0,0.0
23-02-2019,50.2,3300.0,32.84,563.0,17.06,0.0,90.0,0.0
24-02-2019,50.2,3300.0,32.76,556.0,16.85,0.0,90.0,0.0
25-02-2019,50.2,3300.0,32.69,549.0,16.64,0.0,90.0,0.0
26-02-2019,50.2,3300.0,32.61,542.0,16.42,0.0,90.0,0.0
27-02-2019,50.2,3300.0,32.51,534.0,16.18,0.0,90.0,0.0
28-02-2019,50.2,3300.0,32.43,527.0,15.97,0.0,90.0,0.0
01-03-2019,50.2,3300.0,32.35,520.0,15.76,0.0,90.0,0.0
02-03-2019,50.2,3300.0,32.27,513.0,15.55,0.0,90.0,0.0
03-03-2019,50.2,3300.0,32.19,506.0,15.33,0.0,90.0,0.0
04-03-2019,50.2,3300.0,32.1,499.0,15.12,0.0,90.0,0.0
05-03-2019,50.2,3300.0,32.02,492.0,14.91,0.0,90.0,0.0
06-03-2019,50.2,3300.0,31.93,485.0,14.7,0.0,90.0,0.0
07-03-2019,50.2,3300.0,31.83,477.0,14.45,0.0,90.0,0.0
08-03-2019,50.2,3300.0,31.75,470.0,14.24,0.0,90.0,0.0
09-03-2019,50.2,3300.0,31.67,463.0,14.03,0.0,90.0,0.0
10-03-2019,50.2,3300.0,31.58,456.0,13.82,0.0,90.0,0.0
11-03-2019,50.2,3300.0,31.49,449.0,13.61,0.0,90.0,0.0
12-03-2019,50.2,3300.0,31.4,442.0,13.39,0.0,90.0,0.0
13-03-2019,50.2,3300.0,31.31,435.0,13.18,0.0,90.0,0.0
14-03-2019,50.2,3300.0,31.22,428.0,12.97,0.0,90.0,0.0
15-03-2019,50.2,3300.0,31.11,420.0,12.73,0.0,90.0,0.0
16-03-2019,50.2,3300.0,31.02,413.0,12.52,0.0,90.0,0.0
17-03-2019,50.2,3300.0,30.93,406.0,12.3,0.0,90.0,0.0
18-03-2019,50.2,3300.0,30.83,399.0,12.09,0.0,90.0,0.0
19-03-2019,50.2,3300.0,30.74,392.0,11.88,0.0,90.0,0.0
21-03-2019,50.2,3300.0,30.53,377.0,11.42,0.0,90.0,0.0
22-03-2019,50.2,3300.0,30.43,370.0,11.21,0.0,90.0,0.0
23-03-2019,50.2,3300.0,30.33,363.0,11.0,0.0,90.0,0.0
24-03-2019,50.2,3300.0,30.23,356.0,10.79,0.0,90.0,0.0
25-03-2019,50.2,3300.0,30.13,349.0,10.58,0.0,90.0,0.0
26-03-2019,50.2,3300.0,30.33,363.0,11.0,0.0,90.0,0.0
27-03-2019,50.2,3300.0,29.93,335.0,10.15,8.0,90.0,0.0
28-03-2019,50.2,3300.0,29.82,328.0,9.94,8.0,90.0,0.0
29-03-2019,50.2,3300.0,29.72,321.0,9.73,8.0,90.0,0.0
30-03-2019,50.2,3300.0,29.61,314.0,9.52,10.0,90.0,0.0
01-04-2019,50.2,3300.0,29.41,301.0,9.12,12.0,90.0,0.0
02-04-2019,50.2,3300.0,29.32,295.0,8.94,12.0,90.0,0.0
03-04-2019,50.2,3300.0,29.23,289.0,8.76,12.0,90.0,0.0
04-04-2019,50.2,3300.0,29.14,283.0,8.58,12.0,90.0,0.0
05-04-2019,50.2,3300.0,29.04,277.0,8.39,12.0,90.0,0.0
06-04-2019,50.2,3300.0,28.94,271.0,8.21,12.0,90.0,0.0
07-04-2019,50.2,3300.0,28.86,266.0,8.06,12.0,90.0,0.0
08-04-2019,50.2,3300.0,28.76,260.0,7.88,12.0,90.0,0.0
09-04-2019,50.2,3300.0,28.86,254.0,7.7,12.0,90.0,0.0
10-04-2019,50.2,3300.0,28.57,248.0,7.52,12.0,90.0,0.0
11-04-2019,50.2,3300.0,28.47,242.0,7.33,12.0,90.0,0.0
12-04-2019,50.2,3300.0,28.37,236.0,7.15,12.0,90.0,0.0
13-04-2019,50.2,3300.0,28.29,231.0,7.0,12.0,90.0,0.0
14-04-2019,50.2,3300.0,28.19,225.0,6.82,12.0,90.0,0.0
15-04-2019,50.2,3300.0,28.08,219.0,6.64,12.0,90.0,0.0
16-04-2019,50.2,3300.0,27.98,213.0,6.45,12.0,90.0,0.0
17-04-2019,50.2,3300.0,27.88,207.0,6.27,12.0,90.0,0.0
18-04-2019,50.2,3300.0,27.79,202.0,6.12,11.0,90.0,0.0
19-04-2019,50.2,3300.0,27.69,196.0,5.94,11.0,90.0,0.0
20-04-2019,50.2,3300.0,27.59,190.0,5.76,11.0,90.0,0.0
21-04-2019,50.2,3300.0,27.48,184.0,5.58,11.0,90.0,0.0
22-04-2019,50.2,3300.0,27.38,178.0,5.39,12.0,90.0,0.0
23-04-2019,50.2,3300.0,27.27,177.0,5.36,12.0,90.0,1.0
24-04-2019,50.2,3300.0,27.18,167.0,5.06,12.0,90.0,0.0
25-04-2019,50.2,3300.0,27.07,161.0,4.88,0.0,90.0,0.0
26-04-2019,50.2,3300.0,26.96,155.0,4.7,12.0,90.0,0.0
27-04-2019,50.2,3300.0,26.84,149.0,4.52,12.0,90.0,0.0
28-04-2019,50.2,3300.0,26.74,143.0,4.33,8.0,90.0,0.0
29-04-2019,50.2,3300.0,26.62,137.0,4.15,8.0,90.0,0.0
30-04-2019,50.2,3300.0,26.52,131.0,3.97,8.0,90.0,0.0
01-05-2019,50.2,3300.0,26.38,125.0,3.79,8.0,85.0,0.0
02-05-2019,50.2,3300.0,26.26,119.0,3.61,4.0,85.0,0.0
03-05-2019,50.2,3300.0,26.12,112.0,3.39,0.0,85.0,0.0
04-05-2019,50.2,3300.0,25.96,105.0,3.18,0.0,85.0,0.0
05-05-2019,50.2,3300.0,25.8,98.0,2.97,0.0,85.0,0.0
06-05-2019,50.2,3300.0,25.64,91.0,2.76,0.0,85.0,0.0
07-05-2019,50.2,3300.0,25.47,84.0,2.55,0.0,85.0,0.0
08-05-2019,50.2,3300.0,25.3,77.0,2.33,0.0,85.0,0.0
09-05-2019,50.2,3300.0,25.14,70.0,2.12,0.0,85.0,0.0
10-05-2019,50.2,3300.0,24.95,63.0,1.91,0.0,81.0,0.0
11-05-2019,50.2,3300.0,24.78,57.0,1.73,0.0,81.0,0.0
12-05-2019,50.2,3300.0,24.57,51.0,1.55,0.0,81.0,0.0
13-05-2019,50.2,3300.0,24.38,45.0,1.36,0.0,81.0,0.0
14-05-2019,50.2,3300.0,24.22,40.0,1.21,0.0,81.0,0.0
15-05-2019,50.2,3300.0,24.12,37.0,1.12,0.0,37.0,0.0
16-05-2019,50.2,3300.0,24.01,34.0,1.03,0.0,37.0,0.0
17-05-2019,50.2,3300.0,23.9,31.0,0.94,0.0,37.0,0.0
18-05-2019,50.2,3300.0,23.79,28.0,0.85,0.0,37.0,0.0
19-05-2019,50.2,3300.0,23.68,25.0,0.76,0.0,37.0,0.0
20-05-2019,50.2,3300.0,0.0,22.0,0.67,0.0,37.0,0.0
21-05-2019,50.2,3300.0,0.0,19.0,0.58,0.0,37.0,0.0
22-05-2019,50.2,3300.0,0.0,16.0,0.48,0.0,37.0,0.0
23-05-2019,50.2,3300.0,0.0,13.0,0.39,0.0,37.0,0.0
24-05-2019,50.2,3300.0,0.0,10.0,0.3,0.0,37.0,0.0
25-05-2019,50.2,3300.0,0.0,9.0,0.27,0.0,21.0,0.0
26-05-2019,50.2,3300.0,0.0,8.0,0.24,0.0,21.0,0.0
27-05-2019,50.2,3300.0,0.0,7.0,0.21,0.0,21.0,0.0
28-05-2019,50.2,3300.0,0.0,6.0,0.18,0.0,21.0,0.0
29-05-2019,50.2,3300.0,0.0,4.0,0.12,0.0,21.0,0.0
30-05-2019,50.2,3300.0,0.0,3.0,0.09,0.0,21.0,0.0
31-05-2019,50.2,3300.0,0.0,3.0,0.09,0.0,21.0,0.0
01-06-2019,50.2,3300.0,0.0,3.0,0.09,0.0,6.0,0.0
02-06-2019,50.2,3300.0,0.0,3.0,0.09,0.0,6.0,0.0
03-06-2019,50.2,3300.0,0.0,3.0,0.09,0.0,6.0,0.0
04-06-2019,50.2,3300.0,0.0,2.0,0.06,0.0,6.0,0.0
05-06-2019,50.2,3300.0,0.0,2.0,0.06,0.0,6.0,0.0
06-06-2019,50.2,3300.0,0.0,2.0,0.06,0.0,6.0,0.0
07-06-2019,50.2,3300.0,0.0,2.0,0.06,0.0,6.0,0.0
08-06-2019,50.2,3300.0,0.0,2.0,0.06,0.0,6.0,0.0
09-06-2019,50.2,3300.0,0.0,2.0,0.06,0.0,0.0,0.0
10-06-2019,50.2,3300.0,0.0,1.0,0.03,0.0,6.0,0.0
11-06-2019,50.2,3300.0,0.0,1.0,0.03,0.0,0.0,0.0
12-06-2019,50.2,3300.0,0.0,1.0,0.03,0.0,0.0,0.0
13-06-2019,50.2,3300.0,0.0,0.0,0.0,0.0,0.0,0.0
14-06-2019,50.2,3300.0,0.0,0.0,0.0,0.0,0.0,0.0
15-06-2019,50.2,3300.0,0.0,0.0,0.0,0.0,0.0,0.0
16-06-2019,50.2,3300.0,0.0,0.0,0.0,0.0,0.0,0.0
17-06-2019,50.2,3300.0,0.0,0.0,0.0,0.0,0.0,0.0
18-06-2019,50.2,3300.0,0.0,0.0,0.0,0.0,0.0,0.0
19-06-2019,50.2,3300.0,0.0,0.0,0.0,0.0,0.0,0.0
20-06-2019,50.2,3300.0,0.0,0.0,0.0,0.0,0.0,0.0
21-06-2019,50.2,3300.0,0.0,0.0,0.0,0.0,0.0,0.0
22-06-2019,50.2,3300.0,0.0,0.0,0.0,0.0,0.0,0.0
23-06-2019,50.2,3300.0,0.0,0.0,0.0,0.0,0.0,10.0
24-06-2019,50.2,3300.0,0.0,0.0,0.0,0.0,0.0,1.0
25-06-2019,50.2,3300.0,0.0,0.0,0.0,0.0,0.0,0.0
26-06-2019,50.2,3300.0,0.0,0.0,0.0,0.0,0.0,0.0
27-06-2019,50.2,3300.0,0.0,0.0,0.0,0.0,0.0,4.0
28-06-2019,50.2,3300.0,0.0,0.0,0.0,0.0,0.0,0.0
29-06-2019,50.2,3300.0,0.0,0.0,0.0,0.0,0.0,0.0
30-06-2019,50.2,3300.0,0.0,0.0,0.0,0.0,0.0,0.0
01-07-2019,50.2,3300.0,0.0,0.0,0.0,0.0,0.0,0.0
02-07-2019,50.2,3300.0,0.0,0.0,0.0,0.0,0.0,0.0
03-07-2019,50.2,3300.0,0.0,0.0,0.0,0.0,0.0,0.0
04-07-2019,50.2,3300.0,29.0,0.0,0.0,0.0,0.0,0.0
05-07-2019,50.2,3300.0,29.0,0.0,0.0,0.0,0.0,0.0
06-07-2019,50.2,3300.0,29.0,0.0,0.0,0.0,0.0,0.0
07-07-2019,50.2,3300.0,29.0,0.0,0.0,0.0,0.0,0.0
08-07-2019,50.2,3300.0,29.0,0.0,0.0,0.0,0.0,0.0
09-07-2019,50.2,3300.0,29.0,0.0,0.0,0.0,0.0,0.0
10-07-2019,50.2,3300.0,29.0,0.0,0.0,0.0,0.0,12.0
11-07-2019,50.2,3300.0,29.0,0.0,0.0,0.0,0.0,0.0
12-07-2019,50.2,3300.0,29.0,0.0,0.0,0.0,0.0,0.0
13-07-2019,50.2,3300.0,29.0,0.0,0.0,0.0,0.0,0.0
14-07-2019,50.2,3300.0,29.0,0.0,0.0,0.0,0.0,0.0
15-07-2019,50.2,3300.0,29.0,0.0,0.0,0.0,0.0,0.0
16-07-2019,50.2,3300.0,29.0,0.0,0.0,0.0,0.0,35.0
17-07-2019,50.2,3300.0,29.0,0.0,0.0,0.0,0.0,0.0
18-07-2019,50.2,3300.0,29.0,0.0,0.0,0.0,0.0,0.0
19-07-2019,50.2,3300.0,29.0,0.0,0.0,0.0,0.0,22.0
20-07-2019,50.2,3300.0,29.0,0.0,0.0,0.0,0.0,7.0
21-07-2019,50.2,3300.0,29.0,0.0,0.0,0.0,0.0,4.0
22-07-2019,50.2,3300.0,29.0,0.0,0.0,0.0,0.0,2.0
23-07-2019,50.2,3300.0,29.0,0.0,0.0,0.0,0.0,2.0
24-07-2019,50.2,3300.0,29.0,0.0,0.0,0.0,0.0,33.0
25-07-2019,50.2,3300.0,29.0,0.0,0.0,0.0,0.0,7.0
26-07-2019,50.2,3300.0,29.0,0.0,0.0,0.0,0.0,10.0
27-07-2019,50.2,3300.0,29.0,0.0,0.0,0.0,0.0,0.0
28-07-2019,50.2,3300.0,29.0,0.0,0.0,0.0,0.0,0.0
29-07-2019,50.2,3300.0,29.0,0.0,0.0,0.0,0.0,0.0
30-07-2019,50.2,3300.0,29.0,0.0,0.0,0.0,0.0,0.0
31-07-2019,50.2,3300.0,29.0,0.0,0.0,0.0,0.0,0.0
01-08-2019,50.2,3300.0,29.0,0.0,0.0,0.0,0.0,0.0
02-08-2019,50.2,3300.0,29.0,0.0,0.0,0.0,0.0,0.0
03-08-2019,50.2,3300.0,29.0,0.0,0.0,0.0,0.0,0.0
04-08-2019,50.2,3300.0,29.0,0.0,0.0,0.0,0.0,0.0
05-08-2019,50.2,3300.0,29.0,0.0,0.0,0.0,0.0,0.0
06-08-2019,50.2,3300.0,29.0,0.0,0.0,0.0,0.0,0.0
07-08-2019,50.2,3300.0,29.0,0.0,0.0,0.0,0.0,0.0
08-08-2019,50.2,3300.0,29.0,0.0,0.0,0.0,0.0,0.0
09-08-2019,50.2,3300.0,29.0,0.0,0.0,0.0,0.0,10.0
10-08-2019,50.2,3300.0,29.0,0.0,0.0,0.0,0.0,0.0
11-08-2019,50.2,3300.0,29.0,0.0,0.0,0.0,0.0,0.0
12-08-2019,50.2,3300.0,29.0,0.0,0.0,0.0,0.0,0.0
13-08-2019,50.2,3300.0,29.0,0.0,0.0,0.0,0.0,0.0
14-08-2019,50.2,3300.0,29.0,0.0,0.0,0.0,0.0,0.0
15-08-2019,50.2,3300.0,29.0,0.0,0.0,0.0,0.0,37.0
16-08-2019,50.2,3300.0,29.0,0.0,0.0,0.0,0.0,4.0
17-08-2019,50.2,3300.0,29.0,0.0,0.0,0.0,0.0,18.0
18-08-2019,50.2,3300.0,29.0,0.0,0.0,0.0,0.0,6.0
19-08-2019,50.2,3300.0,29.0,0.0,0.0,0.0,0.0,40.0
20-08-2019,50.2,3300.0,29.0,0.0,0.0,0.0,0.0,0.0
21-08-2019,50.2,3300.0,29.0,0.0,0.0,0.0,0.0,5.0
22-08-2019,50.2,3300.0,29.0,0.0,0.0,0.0,0.0,0.0
23-08-2019,50.2,3300.0,29.0,0.0,0.0,0.0,0.0,14.0
24-08-2019,50.2,3300.0,29.0,0.0,0.0,0.0,0.0,0.0
25-08-2019,50.2,3300.0,29.0,0.0,0.0,0.0,0.0,0.0
26-08-2019,50.2,3300.0,29.0,0.0,0.0,0.0,0.0,0.0
27-08-2019,50.2,3300.0,29.0,0.0,0.0,0.0,0.0,0.0
28-08-2019,50.2,3300.0,29.0,0.0,0.0,0.0,0.0,0.0
29-08-2019,50.2,3300.0,29.0,0.0,0.0,0.0,0.0,0.0
30-08-2019,50.2,3300.0,29.0,0.0,0.0,0.0,0.0,0.0
31-08-2019,50.2,3300.0,29.0,0.0,0.0,0.0,0.0,13.0
01-09-2019,50.2,3300.0,29.0,0.0,0.0,0.0,0.0,5.0
02-09-2019,50.2,3300.0,29.0,0.0,0.0,0.0,0.0,1.0
03-09-2019,50.2,3300.0,29.0,0.0,0.0,0.0,0.0,0.0
04-09-2019,50.2,3300.0,29.0,0.0,0.0,0.0,0.0,7.0
05-09-2019,50.2,3300.0,29.0,0.0,0.0,0.0,0.0,21.0
06-09-2019,50.2,3300.0,29.0,0.0,0.0,0.0,0.0,0.0
07-09-2019,50.2,3300.0,29.0,0.0,0.0,0.0,0.0,0.0
08-09-2019,50.2,3300.0,29.0,0.0,0.0,0.0,0.0,0.0
09-09-2019,50.2,3300.0,29.0,0.0,0.0,0.0,0.0,0.0
10-09-2019,50.2,3300.0,29.0,0.0,0.0,0.0,0.0,0.0
11-09-2019,50.2,3300.0,29.0,0.0,0.0,0.0,0.0,23.0
12-09-2019,50.2,3300.0,29.0,0.0,0.0,0.0,0.0,10.0
13-09-2019,50.2,3300.0,29.0,0.0,0.0,0.0,0.0,0.0
14-09-2019,50.2,3300.0,29.0,0.0,0.0,0.0,0.0,1.0
15-09-2019,50.2,3300.0,29.0,0.0,0.0,0.0,0.0,0.0
16-09-2019,50.2,3300.0,29.0,0.0,0.0,0.0,0.0,16.0
17-09-2019,50.2,3300.0,29.0,0.0,0.0,0.0,0.0,6.0
18-09-2019,50.2,3300.0,29.0,0.0,0.0,0.0,0.0,0.0
19-09-2019,50.2,3300.0,29.0,0.0,0.0,0.0,0.0,96.0
20-09-2019,50.2,3300.0,23.73,27.0,0.82,315.0,3.0,27.0
21-09-2019,50.2,3300.0,24.09,37.0,1.12,119.0,3.0,0.0
22-09-2019,50.2,3300.0,24.23,41.0,1.24,49.0,3.0,0.0
23-09-2019,50.2,3300.0,24.3,43.0,1.3,26.0,3.0,0.0
24-09-2019,50.2,3300.0,24.33,44.0,1.33,15.0,3.0,13.0
25-09-2019,50.2,3300.0,24.33,44.0,1.33,0.0,3.0,0.0
26-09-2019,50.2,3300.0,24.33,44.0,1.33,0.0,3.0,21.0
27-09-2019,50.2,3300.0,24.45,48.0,1.45,49.0,3.0,0.0
28-09-2019,50.2,3300.0,24.52,50.0,1.52,26.0,3.0,0.0
29-09-2019,50.2,3300.0,24.52,50.0,1.52,0.0,3.0,0.0
30-09-2019,50.2,3300.0,24.52,50.0,1.52,0.0,3.0,0.0
01-10-2019,50.2,3300.0,24.52,50.0,1.52,0.0,3.0,0.0
02-10-2019,50.2,3300.0,24.52,50.0,1.52,0.0,3.0,0.0
03-10-2019,50.2,3300.0,24.52,50.0,1.52,0.0,3.0,0.0
04-10-2019,50.2,3300.0,24.52,50.0,1.52,0.0,3.0,0.0
05-10-2019,50.2,3300.0,24.52,50.0,1.52,0.0,3.0,0.0
06-10-2019,50.2,3300.0,24.49,49.0,1.48,0.0,3.0,0.0
07-10-2019,50.2,3300.0,24.49,49.0,1.48,0.0,3.0,0.0
08-10-2019,50.2,3300.0,24.49,49.0,1.48,0.0,3.0,0.0
09-10-2019,50.2,3300.0,24.49,49.0,1.48,0.0,3.0,0.0
10-10-2019,50.2,3300.0,24.49,49.0,1.48,0.0,3.0,5.0
11-10-2019,50.2,3300.0,24.58,52.0,1.58,43.0,8.0,27.0
12-10-2019,50.2,3300.0,24.68,55.0,1.67,110.0,8.0,0.0
13-10-2019,50.2,3300.0,25.02,66.0,2.0,205.0,11.0,0.0
14-10-2019,50.2,3300.0,25.62,90.0,2.73,310.0,11.0,0.0
15-10-2019,50.2,3300.0,26.2,116.0,3.52,345.0,11.0,17.0
16-10-2019,50.2,3300.0,27.0,158.0,4.79,497.0,11.0,56.0
17-10-2019,50.2,3300.0,27.56,189.0,5.73,370.0,11.0,17.0
18-10-2019,50.2,3300.0,28.58,249.0,7.55,705.0,11.0,44.0
19-10-2019,50.2,3300.0,29.53,309.0,9.36,705.0,11.0,7.0
20-10-2019,50.2,3300.0,30.11,348.0,10.55,461.0,11.0,6.0
21-10-2019,50.2,3300.0,30.83,399.0,12.09,601.0,11.0,28.0
22-10-2019,50.2,3300.0,31.39,442.0,13.39,510.0,11.0,22.0
23-10-2019,50.2,3300.0,31.92,484.0,14.67,497.0,11.0,5.0
24-10-2019,50.2,3300.0,32.4,524.0,15.88,473.0,11.0,4.0
25-10-2019,50.2,3300.0,32.71,551.0,16.7,370.0,11.0,0.0
26-10-2019,50.2,3300.0,33.02,579.0,17.55,385.0,11.0,12.0
27-10-2019,50.2,3300.0,33.32,607.0,18.39,360.0,11.0,0.0
28-10-2019,50.2,3300.0,33.62,635.0,19.24,360.0,11.0,4.0
29-10-2019,50.2,3300.0,34.01,673.0,20.39,451.0,11.0,37.0
30-10-2019,50.2,3300.0,34.37,708.0,21.45,520.0,75.0,33.0
31-10-2019,50.2,3300.0,35.2,793.0,24.03,1059.0,75.0,24.0
01-11-2019,50.2,3300.0,35.61,838.0,25.39,596.0,75.0,3.0
02-11-2019,50.2,3300.0,35.84,863.0,26.15,440.0,75.0,0.0
03-11-2019,50.2,3300.0,36.03,885.0,26.82,360.0,75.0,0.0
04-11-2019,50.2,3300.0,36.21,905.0,27.42,370.0,75.0,0.0
05-11-2019,50.2,3300.0,36.44,932.0,28.24,480.0,75.0,0.0
06-11-2019,50.2,3300.0,36.68,960.0,29.09,480.0,75.0,0.0
07-11-2019,50.2,3300.0,39.31,988.0,29.94,480.0,75.0,0.0
08-11-2019,50.2,3300.0,37.14,1017.0,30.82,480.0,75.0,0.0
09-11-2019,50.2,3300.0,37.37,1045.0,31.67,470.0,81.0,0.0
10-11-2019,50.2,3300.0,37.58,1072.0,32.48,440.0,81.0,3.0
11-11-2019,50.2,3300.0,37.78,1097.0,33.24,440.0,81.0,0.0
12-11-2019,50.2,3300.0,37.99,1125.0,34.09,460.0,81.0,0.0
13-11-2019,50.2,3300.0,38.21,1153.0,34.94,460.0,81.0,0.0
14-11-2019,50.2,3300.0,38.41,1181.0,35.79,460.0,81.0,4.0
15-11-2019,50.2,3300.0,38.63,1210.0,36.67,460.0,81.0,1.0
16-11-2019,50.2,3300.0,38.84,1239.0,37.55,460.0,81.0,1.0
17-11-2019,50.2,3300.0,39.04,1267.0,38.39,460.0,81.0,0.0
18-11-2019,50.2,3300.0,39.21,1291.0,39.12,460.0,81.0,0.0
19-11-2019,50.2,3300.0,39.42,1321.0,40.03,453.0,81.0,0.0
20-11-2019,50.2,3300.0,39.63,1351.0,40.94,444.0,81.0,14.0
21-11-2019,50.2,3300.0,39.83,1380.0,41.82,412.0,81.0,8.0
22-11-2019,50.2,3300.0,40.01,1406.0,42.61,412.0,81.0,2.0
23-11-2019,50.2,3300.0,40.18,1431.0,43.36,393.0,81.0,0.0
24-11-2019,50.2,3300.0,40.34,1455.0,44.09,393.0,81.0,0.0
25-11-2019,50.2,3300.0,40.5,1479.0,44.82,393.0,81.0,0.0
26-11-2019,50.2,3300.0,40.67,1504.0,45.58,393.0,81.0,0.0
27-11-2019,50.2,3300.0,40.83,1528.0,46.3,390.0,81.0,1.0
28-11-2019,50.2,3300.0,40.99,1553.0,47.06,410.0,81.0,7.0
29-11-2019,50.2,3300.0,41.15,1578.0,47.82,410.0,81.0,17.0
30-11-2019,50.2,3300.0,41.32,1604.0,48.61,400.0,89.0,14.0
01-12-2019,50.2,3300.0,41.54,1639.0,49.67,492.0,89.0,47.0
02-12-2019,50.2,3300.0,42.65,1818.0,55.09,2161.0,89.0,82.0
03-12-2019,50.2,3300.0,42.95,1868.0,56.61,668.0,89.0,0.0
04-12-2019,50.2,3300.0,43.07,1887.0,57.18,309.0,89.0,0.0
05-12-2019,50.2,3300.0,43.19,1907.0,57.79,460.0,89.0,0.0
06-12-2019,50.2,3300.0,43.36,1936.0,58.67,460.0,89.0,0.0
07-12-2019,50.2,3300.0,43.53,1965.0,59.55,460.0,89.0,6.0
08-12-2019,50.2,3300.0,43.71,1995.0,60.45,460.0,89.0,5.0
09-12-2019,50.2,3300.0,43.88,2024.0,61.33,460.0,89.0,1.0
10-12-2019,50.2,3300.0,44.05,2054.0,62.24,460.0,89.0,0.0
11-12-2019,50.2,3300.0,44.24,2087.0,63.24,480.0,89.0,0.0
12-12-2019,50.2,3300.0,44.43,2120.0,64.24,480.0,89.0,0.0
13-12-2019,50.2,3300.0,44.62,2153.0,65.24,480.0,89.0,0.0
14-12-2019,50.2,3300.0,44.8,2186.0,66.24,480.0,89.0,5.0
15-12-2019,50.2,3300.0,44.99,2219.0,67.24,480.0,89.0,5.0
16-12-2019,50.2,3300.0,45.17,2252.0,68.24,480.0,89.0,0.0
17-12-2019,50.2,3300.0,45.35,2285.0,69.24,480.0,89.0,14.0
18-12-2019,50.2,3300.0,45.44,2302.0,69.76,285.0,89.0,0.0
19-12-2019,50.2,3300.0,45.53,2318.0,70.24,275.0,89.0,0.0
20-12-2019,50.2,3300.0,45.62,2335.0,70.76,285.0,89.0,0.0
21-12-2019,50.2,3300.0,45.71,2351.0,71.24,285.0,89.0,0.0
22-12-2019,50.2,3300.0,45.8,2369.0,71.79,285.0,89.0,0.0
23-12-2019,50.2,3300.0,45.87,2382.0,72.18,240.0,89.0,0.0
24-12-2019,50.2,3300.0,45.94,2395.0,72.58,240.0,89.0,0.0
25-12-2019,50.2,3300.0,45.95,2397.0,72.64,115.0,89.0,0.0
26-12-2019,50.2,3300.0,45.94,2395.0,72.58,70.0,89.0,0.0
27-12-2019,50.2,3300.0,45.93,2393.0,72.52,70.0,89.0,0.0
28-12-2019,50.2,3300.0,45.92,2391.0,72.45,67.0,89.0,0.0
29-12-2019,50.2,3300.0,45.94,2395.0,72.58,342.0,89.0,0.0
30-12-2019,50.2,3300.0,46.05,2416.0,73.21,331.0,89.0,16.0
31-12-2019,50.2,3300.0,46.15,2436.0,73.82,321.0,89.0,1.0
01-01-2020,50.2,3300.0,46.25,2456.0,74.42,321.0,89.0,2.0
02-01-2020,50.2,3300.0,46.36,2477.0,75.06,341.0,97.0,33.0
03-01-2020,50.2,3300.0,46.46,2496.0,75.64,321.0,97.0,0.0
04-01-2020,50.2,3300.0,46.56,2516.0,76.24,320.0,97.0,0.0
05-01-2020,50.2,3300.0,46.66,2536.0,76.85,320.0,97.0,0.0
06-01-2020,50.2,3300.0,46.76,2556.0,77.45,320.0,97.0,0.0
07-01-2020,50.2,3300.0,46.87,2578.0,78.12,352.0,97.0,2.0
08-01-2020,50.2,3300.0,46.97,2599.0,78.76,340.0,97.0,0.0
09-01-2020,50.2,3300.0,47.07,2619.0,79.36,320.0,97.0,0.0
10-01-2020,50.2,3300.0,47.17,2639.0,79.97,320.0,97.0,0.0
11-01-2020,50.2,3300.0,47.26,2659.0,80.58,320.0,97.0,0.0
12-01-2020,50.2,3300.0,47.35,2678.0,81.15,320.0,97.0,0.0
13-01-2020,50.2,3300.0,47.45,2698.0,81.76,328.0,97.0,0.0
14-01-2020,50.2,3300.0,47.54,2718.0,82.36,320.0,97.0,0.0
15-01-2020,50.2,3300.0,47.63,2737.0,82.94,320.0,97.0,0.0
16-01-2020,50.2,3300.0,47.73,2756.0,83.52,320.0,97.0,0.0
17-01-2020,50.2,3300.0,47.82,2775.0,84.09,320.0,97.0,0.0
18-01-2020,50.2,3300.0,47.92,2794.0,84.67,320.0,97.0,5.0
19-01-2020,50.2,3300.0,48.0,2813.0,85.24,320.0,97.0,0.0
20-01-2020,50.2,3300.0,48.1,2833.0,85.85,320.0,97.0,0.0
21-01-2020,50.2,3300.0,48.2,2852.0,86.42,320.0,97.0,0.0
22-01-2020,50.2,3300.0,48.3,2872.0,87.03,320.0,97.0,0.0
23-01-2020,50.2,3300.0,48.39,2890.0,87.58,320.0,97.0,0.0
24-01-2020,50.2,3300.0,48.49,2910.0,88.18,320.0,97.0,0.0
25-01-2020,50.2,3300.0,48.58,2928.0,88.73,320.0,97.0,0.0
26-01-2020,50.2,3300.0,48.66,2944.0,89.21,320.0,97.0,0.0
27-01-2020,50.2,3300.0,48.66,2944.0,89.21,97.0,97.0,0.0
28-01-2020,50.2,3300.0,48.63,2938.0,89.03,28.0,97.0,0.0
29-01-2020,50.2,3300.0,48.59,2930.0,88.79,0.0,97.0,0.0
30-01-2020,50.2,3300.0,48.55,2922.0,88.55,0.0,97.0,0.0
31-01-2020,50.2,3300.0,48.51,2914.0,88.3,0.0,97.0,0.0
01-02-2020,50.2,3300.0,48.47,2906.0,88.06,0.0,97.0,0.0
02-02-2020,50.2,3300.0,48.42,2896.0,87.76,0.0,103.0,0.0
03-02-2020,50.2,3300.0,48.38,2888.0,87.52,0.0,103.0,0.0
04-02-2020,50.2,3300.0,48.33,2878.0,87.21,0.0,103.0,0.0
05-02-2020,50.2,3300.0,48.29,2870.0,86.97,103.0,103.0,0.0
06-02-2020,50.2,3300.0,48.24,2860.0,86.67,0.0,103.0,0.0
07-02-2020,50.2,3300.0,48.19,2850.0,86.36,0.0,103.0,0.0
08-02-2020,50.2,3300.0,48.13,2839.0,86.03,0.0,132.0,0.0
09-02-2020,50.2,3300.0,48.07,2827.0,85.67,0.0,132.0,0.0
10-02-2020,50.2,3300.0,48.02,2817.0,85.36,0.0,121.0,0.0
11-02-2020,50.2,3300.0,47.96,2805.0,85.0,0.0,121.0,0.0
12-02-2020,50.2,3300.0,48.17,2847.0,86.27,238.0,169.0,0.0
13-02-2020,50.2,3300.0,47.87,2784.0,84.36,0.0,121.0,0.0
14-02-2020,50.2,3300.0,47.81,2772.0,84.0,0.0,121.0,0.0
15-02-2020,50.2,3300.0,47.75,2760.0,83.64,0.0,121.0,0.0
16-02-2020,50.2,3300.0,47.69,2749.0,83.3,0.0,121.0,0.0
17-02-2020,50.2,3300.0,47.64,2738.0,82.97,0.0,121.0,0.0
18-02-2020,50.2,3300.0,47.58,2726.0,82.61,0.0,121.0,0.0
19-02-2020,50.2,3300.0,47.53,2715.0,82.27,0.0,121.0,0.0
20-02-2020,50.2,3300.0,47.47,2703.0,81.91,0.0,121.0,0.0
21-02-2020,50.2,3300.0,47.42,2692.0,81.58,0.0,121.0,0.0
22-02-2020,50.2,3300.0,47.36,2680.0,81.21,0.0,121.0,0.0
23-02-2020,50.2,3300.0,47.31,2669.0,80.88,0.0,121.0,0.0
24-02-2020,50.2,3300.0,47.25,2657.0,80.52,0.0,121.0,0.0
25-02-2020,50.2,3300.0,47.19,2644.0,80.12,0.0,127.0,0.0
26-02-2020,50.2,3300.0,47.13,2631.0,79.73,0.0,127.0,0.0
27-02-2020,50.2,3300.0,47.07,2619.0,79.36,0.0,127.0,0.0
28-02-2020,50.2,3300.0,47.01,2607.0,79.0,0.0,127.0,0.0
29-02-2020,50.2,3300.0,46.95,2595.0,78.64,0.0,127.0,0.0
01-03-2020,50.2,3300.0,46.89,2583.0,78.27,0.0,127.0,0.0
02-03-2020,50.2,3300.0,46.83,2570.0,77.88,0.0,127.0,0.0
03-03-2020,50.2,3300.0,46.76,2557.0,77.48,75.0,127.0,0.0
04-03-2020,50.2,3300.0,46.74,2552.0,77.33,75.0,127.0,0.0
05-03-2020,50.2,3300.0,46.75,2554.0,77.39,150.0,127.0,0.0
06-03-2020,50.2,3300.0,46.77,2558.0,77.52,240.0,127.0,0.0
07-03-2020,50.2,3300.0,46.79,2562.0,77.64,240.0,127.0,0.0
08-03-2020,50.2,3300.0,46.82,2569.0,77.85,240.0,127.0,0.0
09-03-2020,50.2,3300.0,46.86,2577.0,78.09,240.0,127.0,0.0
10-03-2020,50.2,3300.0,46.9,2584.0,78.3,240.0,127.0,0.0
11-03-2020,50.2,3300.0,46.93,2591.0,78.52,240.0,127.0,0.0
12-03-2020,50.2,3300.0,46.97,2599.0,78.76,240.0,127.0,0.0
13-03-2020,50.2,3300.0,47.01,2607.0,79.0,240.0,127.0,0.0
14-03-2020,50.2,3300.0,47.04,2613.0,79.18,240.0,127.0,0.0
15-03-2020,50.2,3300.0,47.07,2620.0,79.39,240.0,127.0,0.0
16-03-2020,50.2,3300.0,47.11,2628.0,79.64,240.0,127.0,0.0
17-03-2020,50.2,3300.0,47.16,2638.0,79.94,255.0,127.0,0.0
18-03-2020,50.2,3300.0,47.21,2648.0,80.24,265.0,127.0,0.0
19-03-2020,50.2,3300.0,47.27,2660.0,80.61,265.0,127.0,0.0
21-03-2020,50.2,3300.0,47.41,2690.0,81.52,300.0,127.0,0.0
22-03-2020,50.2,3300.0,47.48,2705.0,81.97,300.0,127.0,0.0
23-03-2020,50.2,3300.0,47.55,2719.0,82.39,300.0,127.0,0.0
24-03-2020,50.2,3300.0,47.62,2734.0,82.85,300.0,127.0,0.0
25-03-2020,50.2,3300.0,47.63,2736.0,82.91,150.0,127.0,0.0
26-03-2020,50.2,3300.0,47.63,2736.0,82.91,260.0,127.0,0.0
27-03-2020,50.2,3300.0,47.7,2751.0,83.36,310.0,127.0,0.0
28-03-2020,50.2,3300.0,47.75,2761.0,83.67,240.0,127.0,0.0
29-03-2020,50.2,3300.0,47.8,2770.0,83.94,240.0,127.0,0.0
30-03-2020,50.2,3300.0,47.85,2780.0,84.24,240.0,127.0,0.0
31-03-2020,50.2,3300.0,47.89,2788.0,84.48,240.0,127.0,0.0
01-04-2020,50.2,3300.0,47.93,2796.0,84.73,240.0,127.0,0.0
02-04-2020,50.2,3300.0,47.97,2807.0,85.06,240.0,127.0,0.0
03-04-2020,50.2,3300.0,48.01,2815.0,85.3,240.0,127.0,0.0
04-04-2020,50.2,3300.0,48.04,2821.0,85.48,210.0,127.0,0.0
05-04-2020,50.2,3300.0,48.08,2828.0,85.7,210.0,127.0,0.0
06-04-2020,50.2,3300.0,48.1,2835.0,85.91,210.0,127.0,0.0
07-04-2020,50.2,3300.0,48.15,2843.0,86.15,210.0,110.0,0.0
08-04-2020,50.2,3300.0,48.19,2851.0,86.39,210.0,110.0,0.0
09-04-2020,50.2,3300.0,48.24,2860.0,86.67,210.0,110.0,0.0
10-04-2020,50.2,3300.0,48.28,2868.0,86.91,210.0,118.0,6.0
11-04-2020,50.2,3300.0,48.32,2876.0,87.15,210.0,120.0,0.0
12-04-2020,50.2,3300.0,48.36,2884.0,87.39,210.0,120.0,0.0
13-04-2020,50.2,3300.0,48.4,2892.0,87.64,210.0,115.0,0.0
14-04-2020,50.2,3300.0,48.44,2900.0,87.88,210.0,115.0,0.0
15-04-2020,50.2,3300.0,48.48,2908.0,88.12,210.0,115.0,0.0
16-04-2020,50.2,3300.0,48.52,2916.0,88.36,210.0,115.0,0.0
17-04-2020,50.2,3300.0,48.56,2924.0,88.61,210.0,114.0,0.0
18-04-2020,50.2,3300.0,48.6,2932.0,88.85,210.0,116.0,0.0
19-04-2020,50.2,3300.0,48.64,2940.0,89.09,210.0,115.0,0.0
20-04-2020,50.2,3300.0,48.68,2948.0,89.33,210.0,116.0,0.0
21-04-2020,50.2,3300.0,48.72,2956.0,89.58,210.0,115.0,0.0
22-04-2020,50.2,3300.0,48.76,2964.0,89.82,210.0,114.0,0.0
23-04-2020,50.2,3300.0,48.76,2964.0,89.82,115.0,115.0,0.0
24-04-2020,50.2,3300.0,48.76,2964.0,89.82,105.0,121.0,0.0
25-04-2020,50.2,3300.0,48.75,2962.0,89.76,105.0,126.0,0.0
26-04-2020,50.2,3300.0,48.74,2960.0,89.7,105.0,125.0,15.0
27-04-2020,50.2,3300.0,48.73,2958.0,89.64,105.0,126.0,0.0
28-04-2020,50.2,3300.0,48.73,2958.0,89.64,105.0,115.0,0.0
29-04-2020,50.2,3300.0,48.73,2958.0,89.64,105.0,112.0,0.0
30-04-2020,50.2,3300.0,48.73,2958.0,89.64,105.0,107.0,0.0
01-05-2020,50.2,3300.0,48.72,2956.0,89.58,105.0,120.0,0.0
02-05-2020,50.2,3300.0,48.72,2956.0,89.58,105.0,110.0,0.0
03-05-2020,50.2,3300.0,48.72,2956.0,89.58,105.0,110.0,0.0
04-05-2020,50.2,3300.0,48.72,2956.0,89.58,105.0,110.0,0.0
05-05-2020,50.2,3300.0,48.72,2956.0,89.58,105.0,110.0,0.0
06-05-2020,50.2,3300.0,48.72,2956.0,89.58,105.0,110.0,0.0
07-05-2020,50.2,3300.0,48.72,2956.0,89.58,105.0,110.0,0.0
08-05-2020,50.2,3300.0,48.71,2954.0,89.52,110.0,126.0,0.0
09-05-2020,50.2,3300.0,48.71,2954.0,89.52,110.0,127.0,0.0
10-05-2020,50.2,3300.0,48.7,2952.0,89.45,110.0,127.0,0.0
11-05-2020,50.2,3300.0,48.7,2952.0,89.45,110.0,123.0,0.0
12-05-2020,50.2,3300.0,48.69,2950.0,89.39,110.0,125.0,0.0
13-05-2020,50.2,3300.0,48.69,2950.0,89.39,110.0,125.0,0.0
14-05-2020,50.2,3300.0,48.68,2948.0,89.33,110.0,125.0,0.0
15-05-2020,50.2,3300.0,48.68,2948.0,89.33,110.0,124.0,0.0
16-05-2020,50.2,3300.0,48.67,2946.0,89.27,110.0,129.0,0.0
17-05-2020,50.2,3300.0,48.67,2946.0,89.27,110.0,124.0,0.0
18-05-2020,50.2,3300.0,48.62,2936.0,88.97,10.0,125.0,0.0
19-05-2020,50.2,3300.0,48.57,2926.0,88.67,0.0,124.0,1.0
20-05-2020,50.2,3300.0,48.52,2916.0,88.36,0.0,123.0,0.0
21-05-2020,50.2,3300.0,48.47,2906.0,88.06,0.0,130.0,0.0
22-05-2020,50.2,3300.0,48.41,2894.0,87.7,0.0,135.0,0.0
23-05-2020,50.2,3300.0,48.35,2882.0,87.33,0.0,138.0,0.0
24-05-2020,50.2,3300.0,48.3,2872.0,87.03,0.0,130.0,0.0
25-05-2020,50.2,3300.0,48.24,2860.0,86.67,0.0,130.0,0.0
26-05-2020,50.2,3300.0,48.19,2850.0,86.36,0.0,130.0,0.0
27-05-2020,50.2,3300.0,48.13,2838.0,86.0,0.0,132.0,0.0
28-05-2020,50.2,3300.0,48.07,2827.0,85.67,0.0,132.0,0.0
29-05-2020,50.2,3300.0,48.02,2817.0,85.36,0.0,127.0,0.0
30-05-2020,50.2,3300.0,47.96,2805.0,85.0,0.0,125.0,0.0
31-05-2020,50.2,3300.0,47.92,2794.0,84.67,0.0,125.0,0.0
01-06-2020,50.2,3300.0,47.86,2782.0,84.3,0.0,138.0,0.0
02-06-2020,50.2,3300.0,47.8,2770.0,83.94,0.0,131.0,17.0
03-06-2020,50.2,3300.0,47.73,2757.0,83.55,0.0,131.0,0.0
04-06-2020,50.2,3300.0,47.67,2745.0,83.18,0.0,131.0,0.0
05-06-2020,50.2,3300.0,47.61,2732.0,82.79,0.0,131.0,2.0
06-06-2020,50.2,3300.0,47.55,2719.0,82.39,0.0,136.0,0.0
07-06-2020,50.2,3300.0,45.22,2261.0,68.52,0.0,127.0,0.0
08-06-2020,50.2,3300.0,47.43,2694.0,81.64,0.0,137.0,0.0
09-06-2020,50.2,3300.0,47.37,2681.0,81.24,0.0,140.0,0.0
10-06-2020,50.2,3300.0,47.3,2667.0,80.82,0.0,140.0,0.0
11-06-2020,50.2,3300.0,47.32,2671.0,80.94,235.0,135.0,1.0
12-06-2020,50.2,3300.0,47.34,2675.0,81.06,235.0,135.0,7.0
13-06-2020,50.2,3300.0,47.35,2678.0,81.15,235.0,135.0,0.0
14-06-2020,50.2,3300.0,47.37,2682.0,81.27,235.0,140.0,0.0
15-06-2020,50.2,3300.0,47.39,2686.0,81.39,235.0,135.0,0.0
16-06-2020,50.2,3300.0,47.41,2690.0,81.52,235.0,137.0,0.0
17-06-2020,50.2,3300.0,47.43,2694.0,81.64,235.0,135.0,1.0
18-06-2020,50.2,3300.0,47.45,2698.0,81.76,235.0,135.0,0.0
19-06-2020,50.2,3300.0,47.47,2702.0,81.88,235.0,137.0,0.0
20-06-2020,50.2,3300.0,47.48,2705.0,81.97,235.0,132.0,0.0
21-06-2020,50.2,3300.0,47.5,2709.0,82.09,235.0,132.0,0.0
22-06-2020,50.2,3300.0,47.52,2713.0,82.21,235.0,131.0,11.0
23-06-2020,50.2,3300.0,47.54,2717.0,82.33,215.0,135.0,0.0
24-06-2020,50.2,3300.0,47.56,2721.0,82.45,200.0,130.0,0.0
25-06-2020,50.2,3300.0,47.57,2724.0,82.55,195.0,132.0,0.0
26-06-2020,50.2,3300.0,47.59,2728.0,82.67,195.0,130.0,0.0
27-06-2020,50.2,3300.0,47.61,2732.0,82.79,195.0,130.0,0.0
28-06-2020,50.2,3300.0,47.64,2738.0,82.97,180.0,132.0,0.0
29-06-2020,50.2,3300.0,47.66,2742.0,83.09,170.0,130.0,0.0
30-06-2020,50.2,3300.0,47.67,2745.0,83.18,170.0,138.0,0.0
01-07-2020,50.2,3300.0,47.67,2745.0,83.18,143.0,130.0,0.0
02-07-2020,50.2,3300.0,47.67,2745.0,83.18,143.0,132.0,3.0
03-07-2020,50.2,3300.0,47.67,2745.0,83.18,135.0,135.0,2.0
04-07-2020,50.2,3300.0,47.67,2745.0,83.18,125.0,135.0,10.0
05-07-2020,50.2,3300.0,47.66,2743.0,83.12,115.0,131.0,0.0
06-07-2020,50.2,3300.0,47.66,2743.0,83.12,115.0,131.0,0.0
07-07-2020,50.2,3300.0,47.65,2741.0,83.06,115.0,131.0,0.0
08-07-2020,50.2,3300.0,47.62,2734.0,82.85,70.0,137.0,0.0
09-07-2020,50.2,3300.0,47.58,2726.0,82.61,55.0,135.0,0.0
10-07-2020,50.2,3300.0,47.54,2718.0,82.36,55.0,131.0,9.0
11-07-2020,50.2,3300.0,47.51,2711.0,82.15,55.0,131.0,0.0
12-07-2020,50.2,3300.0,47.48,2705.0,81.97,55.0,132.0,0.0
13-07-2020,50.2,3300.0,47.44,2697.0,81.73,55.0,137.0,26.0
14-07-2020,50.2,3300.0,47.41,2690.0,81.52,55.0,132.0,0.0
15-07-2020,50.2,3300.0,47.37,2682.0,81.27,50.0,135.0,0.0
16-07-2020,50.2,3300.0,47.34,2675.0,81.06,50.0,137.0,0.0
17-07-2020,50.2,3300.0,47.31,2669.0,80.88,50.0,137.0,2.0
18-07-2020,50.2,3300.0,47.26,2659.0,80.58,20.0,137.0,0.0
19-07-2020,50.2,3300.0,47.21,2648.0,80.24,10.0,143.0,0.0
20-07-2020,50.2,3300.0,47.15,2636.0,79.88,0.0,141.0,1.0
21-07-2020,50.2,3300.0,47.09,2623.0,79.48,0.0,141.0,0.0
22-07-2020,50.2,3300.0,47.03,2611.0,79.12,0.0,135.0,0.0
23-07-2020,50.2,3300.0,46.97,2599.0,78.76,0.0,135.0,0.0
24-07-2020,50.2,3300.0,46.91,2587.0,78.39,0.0,135.0,0.0
25-07-2020,50.2,3300.0,46.85,2575.0,78.03,0.0,135.0,0.0
26-07-2020,50.2,3300.0,46.8,2564.0,77.7,0.0,136.0,3.0
27-07-2020,50.2,3300.0,46.75,2554.0,77.39,0.0,133.0,0.0
28-07-2020,50.2,3300.0,46.7,2544.0,77.09,0.0,133.0,0.0
29-07-2020,50.2,3300.0,46.65,2534.0,76.79,0.0,135.0,2.0
30-07-2020,50.2,3300.0,46.6,2524.0,76.48,0.0,132.0,6.0
31-07-2020,50.2,3300.0,46.56,2516.0,76.24,0.0,132.0,0.0
01-08-2020,50.2,3300.0,46.53,2510.0,76.06,46.0,130.0,26.0
02-08-2020,50.2,3300.0,46.5,2505.0,75.91,46.0,127.0,0.0
03-08-2020,50.2,3300.0,46.52,2508.0,76.0,167.0,132.0,16.0
04-08-2020,50.2,3300.0,46.51,2506.0,75.94,108.0,131.0,0.0
05-08-2020,50.2,3300.0,46.46,2497.0,75.67,0.0,131.0,1.0
06-08-2020,50.2,3300.0,46.42,2489.0,75.42,0.0,130.0,0.0
07-08-2020,50.2,3300.0,46.38,2481.0,75.18,0.0,127.0,0.0
08-08-2020,50.2,3300.0,46.34,2473.0,74.94,0.0,128.0,0.0
09-08-2020,50.2,3300.0,46.44,2493.0,75.55,358.0,127.0,52.0
10-08-2020,50.2,3300.0,46.44,2493.0,75.55,130.0,130.0,0.0
11-08-2020,50.2,3300.0,46.41,2487.0,75.36,58.0,127.0,0.0
12-08-2020,50.2,3300.0,46.41,2487.0,75.36,132.0,132.0,20.0
13-08-2020,50.2,3300.0,46.38,2481.0,75.18,23.0,130.0,0.0
14-08-2020,50.2,3300.0,46.35,2475.0,75.0,23.0,127.0,0.0
15-08-2020,50.2,3300.0,46.31,2467.0,74.76,0.0,127.0,0.0
16-08-2020,50.2,3300.0,46.27,2459.0,74.52,0.0,126.0,0.0
17-08-2020,50.2,3300.0,46.23,2451.0,74.27,0.0,126.0,0.0
18-08-2020,50.2,3300.0,46.19,2443.0,74.03,0.0,126.0,0.0
19-08-2020,50.2,3300.0,46.14,2434.0,73.76,0.0,128.0,0.0
20-08-2020,50.2,3300.0,46.1,2426.0,73.52,0.0,129.0,0.0
21-08-2020,50.2,3300.0,46.05,2417.0,73.24,0.0,129.0,0.0
22-08-2020,50.2,3300.0,46.01,2409.0,73.0,0.0,128.0,0.0
23-08-2020,50.2,3300.0,45.97,2401.0,72.76,0.0,128.0,0.0
24-08-2020,50.2,3300.0,45.92,2392.0,72.48,0.0,127.0,0.0
25-08-2020,50.2,3300.0,45.87,2382.0,72.18,0.0,128.0,0.0
26-08-2020,50.2,3300.0,45.82,2373.0,71.91,0.0,129.0,0.0
27-08-2020,50.2,3300.0,45.78,2365.0,71.67,0.0,127.0,12.0
28-08-2020,50.2,3300.0,45.74,2357.0,71.42,0.0,127.0,1.0
29-08-2020,50.2,3300.0,45.69,2348.0,71.15,0.0,127.0,0.0
30-08-2020,50.2,3300.0,45.64,2338.0,70.85,0.0,127.0,0.0
31-08-2020,50.2,3300.0,45.59,2329.0,70.58,0.0,128.0,0.0
01-09-2020,50.2,3300.0,45.54,2320.0,70.3,0.0,127.0,0.0
02-09-2020,50.2,3300.0,45.49,2311.0,70.03,0.0,127.0,0.0
03-09-2020,50.2,3300.0,45.44,2301.0,69.73,0.0,127.0,0.0
04-09-2020,50.2,3300.0,45.39,2292.0,69.45,0.0,127.0,0.0
05-09-2020,50.2,3300.0,45.33,2281.0,69.12,0.0,127.0,0.0
06-09-2020,50.2,3300.0,45.27,2270.0,68.79,0.0,130.0,0.0
07-09-2020,50.2,3300.0,45.22,2261.0,68.52,0.0,127.0,0.0
08-09-2020,50.2,3300.0,45.17,2251.0,68.21,0.0,126.0,25.0
09-09-2020,50.2,3300.0,45.11,2241.0,67.91,0.0,126.0,0.0
10-09-2020,50.2,3300.0,45.07,2233.0,67.67,0.0,125.0,0.0
11-09-2020,50.2,3300.0,45.02,2224.0,67.39,0.0,125.0,0.0
12-09-2020,50.2,3300.0,44.97,2216.0,67.15,0.0,124.0,0.0
13-09-2020,50.2,3300.0,44.92,2207.0,66.88,0.0,124.0,2.0
14-09-2020,50.2,3300.0,44.87,2198.0,66.61,23.0,126.0,18.0
15-09-2020,50.2,3300.0,44.82,2189.0,66.33,23.0,125.0,0.0
16-09-2020,50.2,3300.0,44.78,2181.0,66.09,23.0,125.0,2.0
17-09-2020,50.2,3300.0,44.73,2173.0,65.85,23.0,123.0,0.0
18-09-2020,50.2,3300.0,44.69,2165.0,65.61,23.0,120.0,0.0
19-09-2020,50.2,3300.0,44.74,2174.0,65.88,223.0,118.0,64.0
20-09-2020,50.2,3300.0,44.76,2178.0,66.0,161.0,115.0,0.0
21-09-2020,50.2,3300.0,44.78,2182.0,66.12,161.0,113.0,0.0
22-09-2020,50.2,3300.0,44.78,2182.0,66.12,161.0,113.0,0.0
23-09-2020,50.2,3300.0,44.76,2178.0,66.0,69.0,113.0,0.0
24-09-2020,50.2,3300.0,44.74,2174.0,65.88,69.0,112.0,0.0
25-09-2020,50.2,3300.0,44.71,2169.0,65.73,35.0,110.0,0.0
26-09-2020,50.2,3300.0,44.69,2165.0,65.61,58.0,115.0,22.0
27-09-2020,50.2,3300.0,44.66,2160.0,65.45,23.0,117.0,0.0
28-09-2020,50.2,3300.0,44.61,2151.0,65.18,0.0,115.0,0.0
29-09-2020,50.2,3300.0,44.56,2143.0,64.94,0.0,121.0,0.0
30-09-2020,50.2,3300.0,44.68,2164.0,65.58,360.0,117.0,68.4
01-10-2020,50.2,3300.0,44.67,2162.0,65.52,94.0,117.0,4.2
02-10-2020,50.2,3300.0,44.62,2153.0,65.24,23.0,117.0,0.0
03-10-2020,50.2,3300.0,44.56,2143.0,64.94,0.0,116.0,0.0
04-10-2020,50.2,3300.0,44.5,2132.0,64.61,0.0,116.0,0.0
05-10-2020,50.2,3300.0,44.44,2122.0,64.3,0.0,116.0,0.0
06-10-2020,50.2,3300.0,44.39,2113.0,64.03,0.0,113.0,0.0
07-10-2020,50.2,3300.0,44.34,2104.0,63.76,0.0,113.0,0.0
08-10-2020,50.2,3300.0,44.28,2094.0,63.45,0.0,116.0,0.0
09-10-2020,50.2,3300.0,44.23,2085.0,63.18,0.0,116.0,0.0
10-10-2020,50.2,3300.0,44.18,2076.0,62.91,0.0,116.0,2.0
11-10-2020,50.2,3300.0,44.13,2068.0,62.67,0.0,115.0,0.0
12-10-2020,50.2,3300.0,44.08,2059.0,62.39,0.0,115.0,0.0
13-10-2020,50.2,3300.0,44.03,2050.0,62.12,0.0,115.0,4.0
14-10-2020,50.2,3300.0,43.98,2042.0,61.88,0.0,115.0,0.0
15-10-2020,50.2,3300.0,43.93,2033.0,61.61,0.0,113.0,0.0
16-10-2020,50.2,3300.0,43.88,2025.0,61.36,0.0,110.0,0.0
17-10-2020,50.2,3300.0,43.84,2018.0,61.15,36.0,112.0,17.0
18-10-2020,50.2,3300.0,43.8,2011.0,60.94,23.0,112.0,0.0
19-10-2020,50.2,3300.0,43.8,2011.0,60.94,115.0,115.0,21.0
20-10-2020,50.2,3300.0,43.78,2007.0,60.82,69.0,113.0,0.0
21-10-2020,50.2,3300.0,43.8,2011.0,60.94,160.0,113.0,27.0
22-10-2020,50.2,3300.0,43.79,2009.0,60.88,100.0,123.0,0.0
23-10-2020,50.2,3300.0,43.93,2033.0,61.61,402.0,125.0,56.0
24-10-2020,50.2,3300.0,43.91,2030.0,61.52,86.0,125.0,28.0
25-10-2020,50.2,3300.0,43.86,2021.0,61.24,23.0,125.0,0.0
26-10-2020,50.2,3300.0,43.81,2013.0,61.0,160.0,116.0,0.0
27-10-2020,50.2,3300.0,43.83,2016.0,61.09,160.0,113.0,0.0
28-10-2020,50.2,3300.0,43.85,2020.0,61.21,160.0,105.0,2.0
29-10-2020,50.2,3300.0,44.28,2094.0,63.45,971.0,115.0,128.0
30-10-2020,50.2,3300.0,44.55,2141.0,64.88,654.0,110.0,47.0
31-10-2020,50.2,3300.0,44.65,2158.0,65.39,306.0,110.0,0.0
01-11-2020,50.2,3300.0,44.7,2167.0,65.67,214.0,110.0,0.0
02-11-2020,50.2,3300.0,44.72,2171.0,65.79,160.0,113.0,0.0
03-11-2020,50.2,3300.0,44.71,2169.0,65.73,84.0,107.0,0.0
04-11-2020,50.2,3300.0,44.67,2162.0,65.52,70.0,107.0,0.0
05-11-2020,50.2,3300.0,44.77,2180.0,66.06,312.0,104.0,14.0
06-11-2020,50.2,3300.0,44.85,2194.0,66.48,268.0,106.0,5.0
07-11-2020,50.2,3300.0,44.92,2207.0,66.88,255.0,105.0,6.0
08-11-2020,50.2,3300.0,45.05,2230.0,67.58,368.0,102.0,54.0
09-11-2020,50.2,3300.0,45.08,2235.0,67.73,165.0,104.0,0.0
10-11-2020,50.2,3300.0,45.13,2244.0,68.0,240.0,101.0,0.0
11-11-2020,50.2,3300.0,45.19,2255.0,68.33,240.0,101.0,0.0
12-11-2020,50.2,3300.0,45.25,2266.0,68.67,240.0,102.0,0.0
13-11-2020,50.2,3300.0,45.48,2309.0,69.97,599.0,102.0,45.0
14-11-2020,50.2,3300.0,45.56,2324.0,70.42,273.0,100.0,0.0
15-11-2020,50.2,3300.0,45.68,2346.0,71.09,356.0,102.0,18.0
16-11-2020,50.2,3300.0,45.79,2367.0,71.73,343.0,100.0,17.0
17-11-2020,50.2,3300.0,45.98,2403.0,72.82,519.0,103.0,45.0
18-11-2020,50.2,3300.0,46.02,2411.0,73.06,216.0,124.0,0.0
19-11-2020,50.2,3300.0,46.01,2409.0,73.0,101.0,124.0,0.0
20-11-2020,50.2,3300.0,46.0,2407.0,72.94,117.0,140.0,0.0
21-11-2020,50.2,3300.0,45.99,2405.0,72.88,117.0,143.0,0.0
23-11-2020,50.2,3300.0,45.99,2405.0,72.88,117.0,143.0,0.0
24-11-2020,50.2,3300.0,46.06,2422.0,73.39,354.0,135.0,28.0
25-11-2020,50.2,3300.0,46.49,2503.0,75.85,1072.0,140.0,100.0
26-11-2020,50.2,3300.0,47.56,2722.0,82.48,2668.0,134.0,131.0
27-11-2020,50.2,3300.0,47.9,2790.0,84.55,925.0,138.0,10.0
28-11-2020,50.2,3300.0,48.01,2815.0,85.3,427.0,138.0,0.0
29-11-2020,50.2,3300.0,48.03,2819.0,85.42,181.0,135.0,0.0
30-11-2020,50.2,3300.0,48.1,2833.0,85.85,310.0,148.0,6.0
01-12-2020,50.2,3300.0,48.14,2841.0,86.09,237.0,145.0,0.0
02-12-2020,50.2,3300.0,48.17,2847.0,86.27,238.0,169.0,0.0
03-12-2020,50.2,3300.0,48.33,2878.0,87.21,540.0,158.0,23.0
04-12-2020,50.2,3300.0,48.62,2936.0,88.97,824.0,153.0,54.0
05-12-2020,50.2,3300.0,48.92,2996.0,90.79,727.0,499.0,32.0
06-12-2020,50.2,3300.0,49.12,3036.0,92.0,1566.0,733.0,43.0
07-12-2020,50.2,3300.0,49.21,3054.0,92.55,1011.0,733.0,17.0
08-12-2020,50.2,3300.0,49.21,3054.0,92.55,148.0,148.0,10.0
09-12-2020,50.2,3300.0,49.29,3070.0,93.03,339.0,154.0,8.0
10-12-2020,50.2,3300.0,49.3,3072.0,93.09,168.0,145.0,3.0
11-12-2020,50.2,3300.0,49.3,3072.0,93.09,138.0,138.0,0.0
12-12-2020,50.2,3300.0,49.26,3064.0,92.85,42.0,135.0,0.0
13-12-2020,50.2,3300.0,49.21,3054.0,92.55,19.0,135.0,0.0
14-12-2020,50.2,3300.0,49.18,3048.0,92.36,66.0,135.0,0.0
15-12-2020,50.2,3300.0,49.15,3042.0,92.18,62.0,132.0,0.0
16-12-2020,50.2,3300.0,49.11,3034.0,91.94,120.0,131.0,1.6
17-12-2020,50.2,3300.0,49.15,3042.0,92.18,223.0,130.0,7.6
18-12-2020,50.2,3300.0,49.18,3048.0,92.36,210.0,141.0,0.0
19-12-2020,50.2,3300.0,49.18,3048.0,92.36,143.0,143.0,0.0
20-12-2020,50.2,3300.0,49.21,3054.0,92.55,210.0,141.0,0.0
21-12-2020,50.2,3300.0,49.23,3058.0,92.67,210.0,143.0,0.0
22-12-2020,50.2,3300.0,49.26,3064.0,92.85,210.0,127.0,0.0
23-12-2020,50.2,3300.0,49.28,3068.0,92.97,210.0,127.0,0.0
24-12-2020,50.2,3300.0,49.3,3072.0,93.09,210.0,147.0,0.0
25-12-2020,50.2,3300.0,49.33,3078.0,93.27,210.0,155.0,0.0
26-12-2020,50.2,3300.0,49.37,3086.0,93.52,210.0,138.0,0.0
27-12-2020,50.2,3300.0,49.41,3094.0,93.76,210.0,132.0,0.0
28-12-2020,50.2,3300.0,49.44,3100.0,93.94,210.0,138.0,0.0
29-12-2020,50.2,3300.0,49.47,3106.0,94.12,210.0,136.0,0.0
30-12-2020,50.2,3300.0,49.5,3112.0,94.3,210.0,155.0,0.0
31-12-2020,50.2,3300.0,49.53,3120.0,94.55,210.0,142.0,0.0
01-01-2021,50.2,3300.0,49.55,3125.0,94.7,210.0,138.0,0.0
02-01-2021,50.2,3300.0,49.57,3131.0,94.88,210.0,140.0,0.0
03-01-2021,50.2,3300.0,49.62,3144.0,95.27,292.0,142.0,4.2
04-01-2021,50.2,3300.0,49.66,3155.0,95.61,262.0,135.0,0.0
05-01-2021,50.2,3300.0,49.85,3206.0,97.15,728.0,138.0,33.0
06-01-2021,50.2,3300.0,50.01,3249.0,98.45,261.0,850.0,53.0
07-01-2021,50.2,3300.0,50.02,3251.0,98.52,312.0,312.0,8.0
08-01-2021,50.2,3300.0,50.02,3251.0,98.52,368.0,368.0,2.0
09-01-2021,50.2,3300.0,50.01,3249.0,98.45,228.0,251.0,0.0
10-01-2021,50.2,3300.0,50.01,3249.0,98.45,246.0,246.0,2.0
11-01-2021,50.2,3300.0,50.01,3249.0,98.45,228.0,228.0,0.0
12-01-2021,50.2,3300.0,50.01,3249.0,98.45,212.0,212.0,0.0
13-01-2021,50.2,3300.0,50.01,3249.0,98.45,219.0,219.0,0.0
14-01-2021,50.2,3300.0,50.01,3249.0,98.45,212.0,212.0,0.0
15-01-2021,50.2,3300.0,50.01,3249.0,98.45,215.0,215.0,0.0
16-01-2021,50.2,3300.0,50.01,3249.0,98.45,216.0,216.0,0.0
17-01-2021,50.2,3300.0,50.01,3249.0,98.45,222.0,222.0,0.0
18-01-2021,50.2,3300.0,50.0,3246.0,98.36,98.0,133.0,0.0
19-01-2021,50.2,3300.0,49.99,3243.0,98.27,95.0,130.0,0.0
20-01-2021,50.2,3300.0,49.99,3243.0,98.27,132.0,132.0,0.0
21-01-2021,50.2,3300.0,49.99,3243.0,98.27,132.0,136.0,0.0
22-01-2021,50.2,3300.0,49.99,3243.0,98.27,134.0,134.0,0.0
23-01-2021,50.2,3300.0,49.99,3243.0,98.27,140.0,140.0,0.0
24-01-2021,50.2,3300.0,49.99,3243.0,98.27,140.0,134.0,0.0
25-01-2021,50.2,3300.0,49.99,3243.0,98.27,140.0,126.0,0.0
26-01-2021,50.2,3300.0,49.99,3243.0,98.27,140.0,128.0,0.0
27-01-2021,50.2,3300.0,49.99,3243.0,98.27,140.0,132.0,0.0
28-01-2021,50.2,3300.0,49.99,3243.0,98.27,140.0,132.0,0.0
29-01-2021,50.2,3300.0,49.99,3243.0,98.27,140.0,133.0,0.0
30-01-2021,50.2,3300.0,49.99,3243.0,98.27,140.0,130.0,0.0
31-01-2021,50.2,3300.0,49.99,3243.0,98.27,140.0,132.0,0.0
01-02-2021,50.2,3300.0,49.99,3243.0,98.27,140.0,130.0,0.0
02-02-2021,50.2,3300.0,49.99,3243.0,98.27,140.0,132.0,0.0
03-02-2021,50.2,3300.0,49.99,3243.0,98.27,140.0,130.0,0.0
04-02-2021,50.2,3300.0,49.99,3243.0,98.27,140.0,133.0,0.0
05-02-2021,50.2,3300.0,49.98,3241.0,98.21,130.0,134.0,0.0
06-02-2021,50.2,3300.0,49.98,3241.0,98.21,130.0,136.0,0.0
07-02-2021,50.2,3300.0,49.98,3241.0,98.21,130.0,129.0,0.0
08-02-2021,50.2,3300.0,49.97,3238.0,98.12,130.0,143.0,0.0
09-02-2021,50.2,3300.0,49.96,3235.0,98.03,130.0,145.0,0.0
10-02-2021,50.2,3300.0,49.95,3233.0,97.97,130.0,143.0,0.0
11-02-2021,50.2,3300.0,49.94,3230.0,97.88,130.0,139.0,0.0
12-02-2021,50.2,3300.0,49.94,3230.0,97.88,145.0,140.0,0.0
13-02-2021,50.2,3300.0,49.94,3230.0,97.88,145.0,143.0,0.0
14-02-2021,50.2,3300.0,49.93,3227.0,97.79,145.0,145.0,0.0
15-02-2021,50.2,3300.0,49.92,3225.0,97.73,145.0,145.0,0.0
16-02-2021,50.2,3300.0,49.91,3222.0,97.64,145.0,139.0,0.0
17-02-2021,50.2,3300.0,49.9,3219.0,97.55,140.0,143.0,0.0
18-02-2021,50.2,3300.0,49.88,3214.0,97.39,140.0,144.0,0.0
19-02-2021,50.2,3300.0,49.86,3208.0,97.21,140.0,146.0,0.0
20-02-2021,50.2,3300.0,49.84,3203.0,97.06,140.0,142.0,4.0
21-02-2021,50.2,3300.0,49.82,3198.0,96.91,140.0,144.0,1.2
22-02-2021,50.2,3300.0,49.8,3192.0,96.73,140.0,142.0,0.0
23-02-2021,50.2,3300.0,49.78,3187.0,96.58,140.0,144.0,0.0
24-02-2021,50.2,3300.0,49.76,3182.0,96.42,140.0,143.0,0.0
25-02-2021,50.2,3300.0,49.74,3176.0,96.24,140.0,142.0,0.0
26-02-2021,50.2,3300.0,49.71,3168.0,96.0,130.0,143.0,0.0
27-02-2021,50.2,3300.0,49.66,3155.0,95.61,130.0,163.0,0.0
28-02-2021,50.2,3300.0,49.61,3141.0,95.18,130.0,158.0,0.0
01-03-2021,50.2,3300.0,49.56,3128.0,94.79,130.0,144.0,0.0
02-03-2021,50.2,3300.0,49.51,3115.0,94.39,130.0,143.0,0.0
03-03-2021,50.2,3300.0,49.45,3102.0,94.0,130.0,144.0,0.0
04-03-2021,50.2,3300.0,49.38,3088.0,93.58,130.0,144.0,0.0
05-03-2021,50.2,3300.0,49.36,3084.0,93.45,130.0,143.0,0.0
06-03-2021,50.2,3300.0,49.34,3080.0,93.33,130.0,144.0,0.0
07-03-2021,50.2,3300.0,49.32,3076.0,93.21,130.0,144.0,0.0
08-03-2021,50.2,3300.0,49.3,3072.0,93.09,130.0,142.0,0.0
09-03-2021,50.2,3300.0,49.28,3068.0,92.97,130.0,148.0,0.0
10-03-2021,50.2,3300.0,49.26,3064.0,92.85,130.0,140.0,0.0
11-03-2021,50.2,3300.0,49.25,3062.0,92.79,130.0,142.0,0.0
12-03-2021,50.2,3300.0,49.24,3060.0,92.73,130.0,148.0,0.0
13-03-2021,50.2,3300.0,49.24,3060.0,92.73,130.0,144.0,0.0
14-03-2021,50.2,3300.0,49.24,3060.0,92.73,130.0,146.0,0.0
15-03-2021,50.2,3300.0,49.23,3058.0,92.67,130.0,144.0,0.0
16-03-2021,50.2,3300.0,49.22,3056.0,92.61,130.0,141.0,0.0
17-03-2021,50.2,3300.0,49.21,3054.0,92.55,130.0,143.0,0.0
18-03-2021,50.2,3300.0,49.21,3054.0,92.55,130.0,145.0,0.0
19-03-2021,50.2,3300.0,49.21,3054.0,92.55,130.0,143.0,0.0
20-03-2021,50.2,3300.0,49.2,3052.0,92.48,130.0,139.0,0.0
21-03-2021,50.2,3300.0,49.19,3050.0,92.42,130.0,143.0,0.0
22-03-2021,50.2,3300.0,49.18,3048.0,92.36,130.0,148.0,0.0
23-03-2021,50.2,3300.0,49.17,3046.0,92.3,130.0,151.0,0.0
24-03-2021,50.2,3300.0,49.17,3046.0,92.3,130.0,149.0,0.0
25-03-2021,50.2,3300.0,49.16,3044.0,92.24,130.0,148.0,0.0
26-03-2021,50.2,3300.0,49.16,3044.0,92.24,130.0,148.0,0.0
27-03-2021,50.2,3300.0,49.15,3042.0,92.18,130.0,148.0,0.0
28-03-2021,50.2,3300.0,49.14,3040.0,92.12,130.0,146.0,0.0
29-03-2021,50.2,3300.0,49.13,3038.0,92.06,130.0,147.0,0.0
30-03-2021,50.2,3300.0,49.12,3036.0,92.0,130.0,144.0,0.0
31-03-2021,50.2,3300.0,49.11,3034.0,91.94,130.0,145.0,0.0
01-04-2021,50.2,3300.0,49.1,3032.0,91.88,130.0,146.0,0.0
02-04-2021,50.2,3300.0,49.09,3030.0,91.82,130.0,144.0,0.0
03-04-2021,50.2,3300.0,49.08,3028.0,91.76,130.0,145.0,0.0
04-04-2021,50.2,3300.0,49.07,3026.0,91.7,130.0,145.0,0.0
05-04-2021,50.2,3300.0,49.06,3024.0,91.64,130.0,144.0,0.0
06-04-2021,50.2,3300.0,49.05,3022.0,91.58,130.0,144.0,0.0
07-04-2021,50.2,3300.0,49.04,3020.0,91.52,130.0,145.0,0.0
08-04-2021,50.2,3300.0,49.04,3020.0,91.52,130.0,144.0,0.0
09-04-2021,50.2,3300.0,49.04,3020.0,91.52,130.0,142.0,0.0
10-04-2021,50.2,3300.0,49.03,3018.0,91.45,130.0,144.0,0.0
11-04-2021,50.2,3300.0,49.03,3018.0,91.45,130.0,145.0,0.0
12-04-2021,50.2,3300.0,49.02,3016.0,91.39,130.0,143.0,0.0
13-04-2021,50.2,3300.0,49.01,3014.0,91.33,130.0,144.0,0.0
14-04-2021,50.2,3300.0,49.0,3012.0,91.27,130.0,145.0,0.0
15-04-2021,50.2,3300.0,48.99,3010.0,91.21,130.0,144.0,10.6
16-04-2021,50.2,3300.0,48.98,3008.0,91.15,130.0,145.0,0.0
17-04-2021,50.2,3300.0,48.98,3008.0,91.15,130.0,144.0,0.0
18-04-2021,50.2,3300.0,48.97,3006.0,91.09,130.0,141.0,0.0
19-04-2021,50.2,3300.0,48.97,3006.0,91.09,130.0,144.0,0.0
20-04-2021,50.2,3300.0,48.96,3004.0,91.03,130.0,144.0,0.0
21-04-2021,50.2,3300.0,48.95,3002.0,90.97,130.0,143.0,0.0
22-04-2021,50.2,3300.0,48.95,3002.0,90.97,130.0,155.0,0.0
23-04-2021,50.2,3300.0,48.95,3002.0,90.97,130.0,155.0,0.0
24-04-2021,50.2,3300.0,48.95,3002.0,90.97,130.0,148.0,0.0
25-04-2021,50.2,3300.0,48.94,3000.0,90.91,130.0,150.0,0.0
26-04-2021,50.2,3300.0,48.93,2998.0,90.85,130.0,153.0,0.0
27-04-2021,50.2,3300.0,48.93,2998.0,90.85,130.0,151.0,0.0
28-04-2021,50.2,3300.0,48.92,2996.0,90.79,130.0,153.0,0.0
29-04-2021,50.2,3300.0,48.91,2994.0,90.73,130.0,151.0,0.0
30-04-2021,50.2,3300.0,48.9,2992.0,90.67,130.0,152.0,0.0
01-05-2021,50.2,3300.0,48.89,2990.0,90.61,130.0,165.0,0.0
02-05-2021,50.2,3300.0,48.88,2988.0,90.55,130.0,150.0,0.0
03-05-2021,50.2,3300.0,48.87,2986.0,90.48,130.0,153.0,0.0
04-05-2021,50.2,3300.0,48.86,2984.0,90.42,130.0,152.0,0.0
05-05-2021,50.2,3300.0,48.85,2982.0,90.36,130.0,153.0,0.0
06-05-2021,50.2,3300.0,48.84,2980.0,90.3,130.0,154.0,0.0
07-05-2021,50.2,3300.0,48.83,2978.0,90.24,130.0,152.0,0.0
08-05-2021,50.2,3300.0,48.82,2976.0,90.18,140.0,158.0,0.0
09-05-2021,50.2,3300.0,48.81,2974.0,90.12,140.0,163.0,0.0
10-05-2021,50.2,3300.0,48.8,2972.0,90.06,140.0,166.0,0.0
11-05-2021,50.2,3300.0,48.79,2970.0,90.0,135.0,160.0,0.0
12-05-2021,50.2,3300.0,48.77,2966.0,89.88,140.0,166.0,0.0
13-05-2021,50.2,3300.0,48.76,2964.0,89.82,140.0,158.0,0.0
14-05-2021,50.2,3300.0,48.75,2962.0,89.76,140.0,159.0,0.0
15-05-2021,50.2,3300.0,48.74,2960.0,89.7,140.0,165.0,0.0
16-05-2021,50.2,3300.0,48.73,2958.0,89.64,140.0,157.0,0.0
17-05-2021,50.2,3300.0,48.72,2956.0,89.58,140.0,160.0,0.0
18-05-2021,50.2,3300.0,48.66,2944.0,89.21,30.0,155.0,0.0
19-05-2021,50.2,3300.0,48.59,2930.0,88.79,0.0,157.0,0.0
20-05-2021,50.2,3300.0,48.52,2916.0,88.36,0.0,157.0,0.0
21-05-2021,50.2,3300.0,48.44,2900.0,87.88,0.0,158.0,1.0
22-05-2021,50.2,3300.0,48.37,2886.0,87.45,0.0,159.0,18.0
23-05-2021,50.2,3300.0,48.29,2870.0,86.97,0.0,157.0,0.0
24-05-2021,50.2,3300.0,48.21,2854.0,86.48,0.0,158.0,0.0
25-05-2021,50.2,3300.0,48.14,2840.0,86.06,0.0,155.0,0.0
26-05-2021,50.2,3300.0,48.06,2825.0,85.61,0.0,158.0,0.0
27-05-2021,50.2,3300.0,47.98,2808.0,85.09,0.0,157.0,0.0
28-05-2021,50.2,3300.0,47.94,2801.0,84.88,100.0,157.0,0.0
29-05-2021,50.2,3300.0,47.93,2796.0,84.73,115.0,158.0,0.0
30-05-2021,50.2,3300.0,47.91,2792.0,84.61,115.0,161.0,0.0
31-05-2021,50.2,3300.0,47.89,2788.0,84.48,115.0,165.0,0.0
01-06-2021,50.2,3300.0,47.87,2784.0,84.36,115.0,159.0,0.0
02-06-2021,50.2,3300.0,47.85,2780.0,84.24,115.0,159.0,0.0
03-06-2021,50.2,3300.0,47.82,2774.0,84.06,115.0,158.0,0.0
04-06-2021,50.2,3300.0,47.79,2768.0,83.88,115.0,157.0,0.0
05-06-2021,50.2,3300.0,47.76,2762.0,83.7,115.0,159.0,0.0
06-06-2021,50.2,3300.0,47.73,2756.0,83.52,115.0,169.0,0.0
07-06-2021,50.2,3300.0,47.7,2750.0,83.33,115.0,168.0,0.0
08-06-2021,50.2,3300.0,47.66,2742.0,83.09,115.0,163.0,7.0
09-06-2021,50.2,3300.0,47.62,2734.0,82.85,115.0,165.0,0.0
10-06-2021,50.2,3300.0,47.58,2726.0,82.61,120.0,171.0,0.0
11-06-2021,50.2,3300.0,47.55,2719.0,82.39,120.0,171.0,0.0
12-06-2021,50.2,3300.0,47.51,2711.0,82.15,120.0,172.0,0.0
13-06-2021,50.2,3300.0,47.47,2703.0,81.91,120.0,173.0,0.0
14-06-2021,50.2,3300.0,47.45,2698.0,81.76,120.0,173.0,0.0
15-06-2021,50.2,3300.0,47.42,2692.0,81.58,120.0,161.0,0.0
16-06-2021,50.2,3300.0,47.38,2684.0,81.33,90.0,166.0,0.0
17-06-2021,50.2,3300.0,47.34,2675.0,81.06,90.0,165.0,0.0
18-06-2021,50.2,3300.0,47.3,2667.0,80.82,90.0,166.0,0.0
19-06-2021,50.2,3300.0,47.27,2661.0,80.64,115.0,159.0,0.0
20-06-2021,50.2,3300.0,47.24,2655.0,80.45,115.0,159.0,0.0
21-06-2021,50.2,3300.0,47.21,2648.0,80.24,115.0,161.0,0.0
22-06-2021,50.2,3300.0,47.19,2644.0,80.12,125.0,161.0,0.0
23-06-2021,50.2,3300.0,47.17,2640.0,80.0,125.0,160.0,0.0
24-06-2021,50.2,3300.0,47.16,2638.0,79.94,125.0,158.0,18.0
25-06-2021,50.2,3300.0,47.14,2634.0,79.82,125.0,168.0,0.0
26-06-2021,50.2,3300.0,47.13,2631.0,79.73,125.0,169.0,0.0
27-06-2021,50.2,3300.0,47.12,2629.0,79.67,125.0,164.0,0.0
28-06-2021,50.2,3300.0,47.12,2629.0,79.67,160.0,161.0,18.0
29-06-2021,50.2,3300.0,47.11,2627.0,79.61,125.0,159.0,2.0
30-06-2021,50.2,3300.0,47.1,2626.0,79.58,125.0,159.0,0.0
01-07-2021,50.2,3300.0,47.09,2623.0,79.48,130.0,161.0,0.0
02-07-2021,50.2,3300.0,47.08,2621.0,79.42,130.0,162.0,0.0
03-07-2021,50.2,3300.0,47.08,2621.0,79.42,155.0,157.0,24.0
04-07-2021,50.2,3300.0,47.08,2621.0,79.42,155.0,155.0,0.0
05-07-2021,50.2,3300.0,47.08,2621.0,79.42,130.0,159.0,0.0
06-07-2021,50.2,3300.0,47.08,2621.0,79.42,130.0,159.0,0.0
07-07-2021,50.2,3300.0,47.08,2621.0,79.42,130.0,161.0,0.0
08-07-2021,50.2,3300.0,47.08,2621.0,79.42,130.0,161.0,0.0
09-07-2021,50.2,3300.0,47.09,2623.0,79.48,182.0,159.0,32.0
10-07-2021,50.2,3300.0,47.1,2625.0,79.55,182.0,158.0,1.0
11-07-2021,50.2,3300.0,47.09,2623.0,79.48,120.0,158.0,0.0
12-07-2021,50.2,3300.0,47.05,2615.0,79.24,35.0,157.0,0.0
13-07-2021,50.2,3300.0,47.01,2607.0,79.0,23.0,159.0,0.0
14-07-2021,50.2,3300.0,46.98,2601.0,78.82,46.0,159.0,0.0
15-07-2021,50.2,3300.0,46.98,2601.0,78.82,160.0,161.0,10.0
16-07-2021,50.2,3300.0,46.97,2599.0,78.76,95.0,165.0,0.0
17-07-2021,50.2,3300.0,47.04,2613.0,79.18,330.0,159.0,22.0
18-07-2021,50.2,3300.0,47.1,2625.0,79.55,300.0,161.0,14.0
19-07-2021,50.2,3300.0,47.26,2659.0,80.58,552.0,159.0,39.0
20-07-2021,50.2,3300.0,47.48,2705.0,81.97,693.0,161.0,44.0
21-07-2021,50.2,3300.0,47.58,2726.0,82.61,404.0,161.0,28.0
22-07-2021,50.2,3300.0,47.57,2724.0,82.55,135.0,159.0,0.0
23-07-2021,50.2,3300.0,47.51,2711.0,82.15,23.0,162.0,0.0
24-07-2021,50.2,3300.0,47.45,2699.0,81.79,23.0,161.0,0.0
25-07-2021,50.2,3300.0,47.38,2684.0,81.33,0.0,162.0,0.0
26-07-2021,50.2,3300.0,47.33,2673.0,81.0,35.0,159.0,31.0
27-07-2021,50.2,3300.0,47.27,2661.0,80.64,23.0,161.0,3.0
28-07-2021,50.2,3300.0,47.21,2648.0,80.24,0.0,158.0,0.0
29-07-2021,50.2,3300.0,47.15,2635.0,79.85,0.0,159.0,0.0
30-07-2021,50.2,3300.0,47.08,2621.0,79.42,0.0,159.0,0.0
31-07-2021,50.2,3300.0,47.01,2607.0,79.0,0.0,157.0,0.0
01-08-2021,50.2,3300.0,46.94,2593.0,78.58,0.0,157.0,7.0
02-08-2021,50.2,3300.0,46.87,2579.0,78.15,0.0,158.0,0.0
03-08-2021,50.2,3300.0,46.8,2564.0,77.7,0.0,159.0,2.0
04-08-2021,50.2,3300.0,46.73,2550.0,77.27,0.0,163.0,0.0
05-08-2021,50.2,3300.0,46.66,2536.0,76.85,0.0,159.0,0.0
06-08-2021,50.2,3300.0,46.59,2522.0,76.42,0.0,161.0,0.0
07-08-2021,50.2,3300.0,46.54,2512.0,76.12,120.0,159.0,0.0
08-08-2021,50.2,3300.0,46.54,2512.0,76.12,250.0,158.0,0.0
09-08-2021,50.2,3300.0,46.55,2514.0,76.18,250.0,159.0,0.0
10-08-2021,50.2,3300.0,46.58,2520.0,76.36,250.0,158.0,17.0
11-08-2021,50.2,3300.0,46.61,2526.0,76.55,250.0,161.0,0.0
12-08-2021,50.2,3300.0,46.65,2534.0,76.79,250.0,161.0,0.0
13-08-2021,50.2,3300.0,46.7,2544.0,77.09,250.0,159.0,0.0
14-08-2021,50.2,3300.0,46.74,2552.0,77.33,250.0,163.0,0.0
15-08-2021,50.2,3300.0,46.78,2560.0,77.58,250.0,161.0,0.0
16-08-2021,50.2,3300.0,46.81,2567.0,77.79,250.0,159.0,0.0
17-08-2021,50.2,3300.0,46.94,2593.0,78.58,459.0,159.0,49.0
18-08-2021,50.2,3300.0,46.97,2599.0,78.76,250.0,165.0,0.0
19-08-2021,50.2,3300.0,47.0,2605.0,78.94,250.0,164.0,0.0
20-08-2021,50.2,3300.0,47.04,2613.0,79.18,250.0,164.0,0.0
21-08-2021,50.2,3300.0,47.08,2621.0,79.42,250.0,165.0,0.0
22-08-2021,50.2,3300.0,47.33,2673.0,81.0,767.0,166.0,85.0
23-08-2021,50.2,3300.0,47.43,2694.0,81.64,408.0,165.0,0.0
24-08-2021,50.2,3300.0,47.51,2711.0,82.15,359.0,163.0,0.0
25-08-2021,50.2,3300.0,47.56,2722.0,82.48,291.0,164.0,7.0
26-08-2021,50.2,3300.0,47.62,2734.0,82.85,302.0,164.0,0.0
27-08-2021,50.2,3300.0,47.85,2780.0,84.24,695.0,163.0,25.0
28-08-2021,50.2,3300.0,47.95,2803.0,84.94,431.0,165.0,15.0
29-08-2021,50.2,3300.0,48.1,2833.0,85.85,510.0,163.0,18.0
30-08-2021,50.2,3300.0,48.1,2833.0,85.85,160.0,162.0,1.0
31-08-2021,50.2,3300.0,48.14,2841.0,86.09,260.0,163.0,0.0
01-09-2021,50.2,3300.0,48.17,2847.0,86.27,260.0,163.0,0.0
02-09-2021,50.2,3300.0,48.21,2854.0,86.48,260.0,164.0,0.0
03-09-2021,50.2,3300.0,48.26,2864.0,86.79,260.0,163.0,0.0
04-09-2021,50.2,3300.0,48.3,2872.0,87.03,260.0,178.0,1.0
05-09-2021,50.2,3300.0,48.34,2880.0,87.27,260.0,173.0,0.0
06-09-2021,50.2,3300.0,48.39,2890.0,87.58,260.0,173.0,0.0
07-09-2021,50.2,3300.0,48.45,2902.0,87.94,260.0,175.0,0.0
08-09-2021,50.2,3300.0,48.5,2912.0,88.24,260.0,176.0,0.0
09-09-2021,50.2,3300.0,48.55,2922.0,88.55,260.0,176.0,0.0
10-09-2021,50.2,3300.0,48.61,2934.0,88.91,260.0,176.0,0.0
11-09-2021,50.2,3300.0,48.65,2942.0,89.15,250.0,175.0,0.0
12-09-2021,50.2,3300.0,48.7,2952.0,89.45,260.0,176.0,0.0
13-09-2021,50.2,3300.0,48.75,2962.0,89.76,260.0,174.0,0.0
14-09-2021,50.2,3300.0,48.8,2972.0,90.06,260.0,173.0,0.0
15-09-2021,50.2,3300.0,48.85,2982.0,90.36,260.0,179.0,0.0
16-09-2021,50.2,3300.0,48.9,2992.0,90.67,260.0,183.0,0.0
17-09-2021,50.2,3300.0,48.95,3002.0,90.97,260.0,185.0,0.0
18-09-2021,50.2,3300.0,49.0,3012.0,91.27,260.0,184.0,2.0
19-09-2021,50.2,3300.0,49.05,3022.0,91.58,260.0,183.0,0.0
20-09-2021,50.2,3300.0,49.1,3032.0,91.88,260.0,185.0,0.0
21-09-2021,50.2,3300.0,49.14,3040.0,92.12,260.0,183.0,0.0
22-09-2021,50.2,3300.0,49.25,3062.0,92.79,440.0,186.0,29.0
23-09-2021,50.2,3300.0,49.28,3068.0,92.97,254.0,185.0,6.0
24-09-2021,50.2,3300.0,49.21,3054.0,92.55,23.0,187.0,0.0
25-09-2021,50.2,3300.0,49.13,3038.0,92.06,0.0,186.0,0.0
26-09-2021,50.2,3300.0,49.06,3024.0,91.64,0.0,184.0,0.0
27-09-2021,50.2,3300.0,48.99,3010.0,91.21,0.0,184.0,0.0
28-09-2021,50.2,3300.0,48.93,2998.0,90.85,0.0,184.0,0.0
29-09-2021,50.2,3300.0,48.86,2984.0,90.42,0.0,186.0,0.0
30-09-2021,50.2,3300.0,48.79,2970.0,90.0,0.0,183.0,4.0
01-10-2021,50.2,3300.0,48.76,2964.0,89.82,0.0,198.0,4.4
02-10-2021,50.2,3300.0,48.72,2956.0,89.58,0.0,198.0,0.0
03-10-2021,50.2,3300.0,48.68,2948.0,89.33,0.0,194.0,0.0
04-10-2021,50.2,3300.0,48.61,2934.0,88.91,0.0,194.0,0.0
05-10-2021,50.2,3300.0,48.55,2922.0,88.55,0.0,190.0,7.0
06-10-2021,50.2,3300.0,48.61,2934.0,88.91,331.0,192.0,41.0
07-10-2021,50.2,3300.0,48.58,2928.0,88.73,120.0,188.0,3.0
08-10-2021,50.2,3300.0,48.52,2916.0,88.36,46.0,190.0,0.0
09-10-2021,50.2,3300.0,48.45,2902.0,87.94,23.0,186.0,0.0
10-10-2021,50.2,3300.0,48.42,2896.0,87.76,23.0,191.0,0.0
11-10-2021,50.2,3300.0,48.35,2882.0,87.33,26.0,188.0,0.0
12-10-2021,50.2,3300.0,48.31,2874.0,87.09,46.0,183.0,0.0
13-10-2021,50.2,3300.0,48.24,2860.0,86.67,0.0,191.0,0.0
14-10-2021,50.2,3300.0,48.13,2839.0,86.03,0.0,195.0,0.0
15-10-2021,50.2,3300.0,48.05,2823.0,85.55,0.0,189.0,0.0
16-10-2021,50.2,3300.0,48.0,2813.0,85.24,70.0,191.0,0.0
17-10-2021,50.2,3300.0,47.95,2803.0,84.94,70.0,188.0,0.0
18-10-2021,50.2,3300.0,47.9,2790.0,84.55,34.0,185.0,2.0
19-10-2021,50.2,3300.0,47.88,2786.0,84.42,144.0,191.0,0.0
20-10-2021,50.2,3300.0,47.81,2772.0,84.0,23.0,189.0,0.0
21-10-2021,50.2,3300.0,47.74,2758.0,83.58,23.0,191.0,0.0
22-10-2021,50.2,3300.0,47.71,2753.0,83.42,144.0,202.0,19.0
23-10-2021,50.2,3300.0,47.68,2747.0,83.24,130.0,199.0,0.0
24-10-2021,50.2,3300.0,47.61,2732.0,82.79,23.0,198.0,21.0
25-10-2021,50.2,3300.0,47.55,2719.0,82.39,36.0,192.0,7.0
26-10-2021,50.2,3300.0,47.5,2709.0,82.09,80.0,196.0,0.0
27-10-2021,50.2,3300.0,47.44,2696.0,81.7,36.0,188.0,0.0
28-10-2021,50.2,3300.0,47.4,2688.0,81.45,36.0,189.0,0.0
29-10-2021,50.2,3300.0,47.35,2677.0,81.12,60.0,190.0,4.0
30-10-2021,50.2,3300.0,47.47,2703.0,81.91,491.0,191.0,51.0
31-10-2021,50.2,3300.0,47.47,2703.0,81.91,189.0,189.0,6.0
01-11-2021,50.2,3300.0,47.57,2724.0,82.55,431.0,188.0,48.0
02-11-2021,50.2,3300.0,47.61,2732.0,82.79,280.0,188.0,19.0
03-11-2021,50.2,3300.0,48.21,2854.0,86.48,507.0,403.0,0.0
04-11-2021,50.2,3300.0,47.73,2756.0,83.52,297.0,193.0,29.0
05-11-2021,50.2,3300.0,47.75,2760.0,83.64,237.0,191.0,12.0
06-11-2021,50.2,3300.0,47.75,2760.0,83.64,189.0,189.0,23.0
07-11-2021,50.2,3300.0,48.3,2872.0,87.03,1487.0,191.0,73.0
08-11-2021,50.2,3300.0,48.52,2916.0,88.36,1357.0,2191.0,85.0
09-11-2021,50.2,3300.0,48.14,2841.0,86.09,493.0,2188.0,39.0
10-11-2021,50.2,3300.0,47.73,2756.0,83.52,1078.0,2189.0,15.0
11-11-2021,50.2,3300.0,48.2,2853.0,86.45,10690.0,2218.0,180.0
12-11-2021,50.2,3300.0,48.67,2946.0,89.27,2662.0,3218.0,68.0
13-11-2021,50.2,3300.0,48.17,2846.0,86.24,829.0,1219.0,9.0
14-11-2021,50.2,3300.0,48.17,2846.0,86.24,719.0,719.0,4.0
15-11-2021,50.2,3300.0,48.17,2846.0,86.24,712.0,712.0,0.0
16-11-2021,50.2,3300.0,48.22,2856.0,86.55,511.0,395.0,10.0
17-11-2021,50.2,3300.0,47.93,2796.0,84.73,259.0,1197.0,0.0
18-11-2021,50.2,3300.0,47.38,2684.0,81.33,1366.0,2199.0,27.0
19-11-2021,50.2,3300.0,47.25,2657.0,80.52,1864.0,697.0,52.0
20-11-2021,50.2,3300.0,47.53,2715.0,82.27,1536.0,703.0,8.0
21-11-2021,50.2,3300.0,47.69,2749.0,83.3,919.0,398.0,3.0
22-11-2021,50.2,3300.0,47.81,2772.0,84.0,714.0,402.0,0.0
23-11-2021,50.2,3300.0,48.13,2839.0,86.03,1409.0,1201.0,71.0
24-11-2021,50.2,3300.0,47.97,2807.0,85.06,1212.0,1698.0,0.0
25-11-2021,50.2,3300.0,47.69,2749.0,83.3,1174.0,1695.0,0.0
26-11-2021,50.2,3300.0,47.29,2665.0,80.76,803.0,1706.0,7.0
27-11-2021,50.2,3300.0,47.67,2745.0,83.18,2633.0,1707.0,107.0
28-11-2021,50.2,3300.0,48.09,2831.0,85.79,1973.0,1695.0,52.0
29-11-2021,50.2,3300.0,48.4,2892.0,87.64,1983.0,1705.0,73.0
30-11-2021,50.2,3300.0,48.51,2914.0,88.3,1983.0,1705.0,36.0
01-12-2021,50.2,3300.0,48.48,2908.0,88.12,1635.0,1705.0,12.0
02-12-2021,50.2,3300.0,48.3,2872.0,87.03,1156.0,1712.0,0.0
03-12-2021,50.2,3300.0,48.21,2854.0,86.48,507.0,403.0,0.0
04-12-2021,50.2,3300.0,48.29,2870.0,86.97,603.0,395.0,0.0
05-12-2021,50.2,3300.0,48.45,2902.0,87.94,665.0,295.0,0.0
06-12-2021,50.2,3300.0,48.62,2936.0,88.97,688.0,294.0,0.0
07-12-2021,50.2,3300.0,48.79,2970.0,90.0,691.0,297.0,0.0
08-12-2021,50.2,3300.0,48.95,3002.0,90.97,667.0,297.0,0.0
09-12-2021,50.2,3300.0,49.11,3034.0,91.94,667.0,299.0,0.0
10-12-2021,50.2,3300.0,49.2,3052.0,92.48,435.0,300.0,2.0
11-12-2021,50.2,3300.0,49.26,3064.0,92.85,435.0,297.0,0.0
12-12-2021,50.2,3300.0,49.32,3076.0,93.21,435.0,299.0,0.0
13-12-2021,50.2,3300.0,49.38,3088.0,93.58,435.0,299.0,1.0
14-12-2021,50.2,3300.0,49.49,3110.0,94.24,677.0,298.0,13.0
15-12-2021,50.2,3300.0,49.62,3144.0,95.27,677.0,311.0,0.0
16-12-2021,50.2,3300.0,49.74,3176.0,96.24,677.0,296.0,0.0
17-12-2021,50.2,3300.0,49.8,3192.0,96.73,299.0,290.0,0.0
18-12-2021,50.2,3300.0,49.8,3192.0,96.73,299.0,289.0,0.0
19-12-2021,50.2,3300.0,49.8,3192.0,96.73,299.0,293.0,0.0
20-12-2021,50.2,3300.0,49.8,3192.0,96.73,299.0,291.0,0.0
21-12-2021,50.2,3300.0,49.8,3192.0,96.73,299.0,291.0,0.0
22-12-2021,50.2,3300.0,49.8,3192.0,96.73,299.0,288.0,0.0
23-12-2021,50.2,3300.0,49.8,3192.0,96.73,299.0,288.0,0.0
24-12-2021,50.2,3300.0,49.8,3192.0,96.73,199.0,191.0,0.0
25-12-2021,50.2,3300.0,49.79,3190.0,96.67,165.0,188.0,0.0
26-12-2021,50.2,3300.0,49.76,3182.0,96.42,99.0,191.0,0.0
27-12-2021,50.2,3300.0,49.73,3174.0,96.18,99.0,185.0,0.0
28-12-2021,50.2,3300.0,49.71,3168.0,96.0,99.0,202.0,0.0
29-12-2021,50.2,3300.0,49.72,3171.0,96.09,200.0,189.0,1.0
30-12-2021,50.2,3300.0,49.73,3174.0,96.18,200.0,185.0,0.0
31-12-2021,50.2,3300.0,50.1,3273.0,99.18,1689.0,1689.0,103.0
01-01-2022,50.2,3300.0,50.19,3297.0,99.91,2731.0,3191.0,96.4
02-01-2022,50.2,3300.0,49.76,3182.0,96.42,629.0,1194.0,12.4
03-01-2022,50.2,3300.0,49.6,3139.0,95.12,235.0,687.0,0.0
04-01-2022,50.2,3300.0,49.6,3139.0,95.12,294.0,294.0,0.0
05-01-2022,50.2,3300.0,49.6,3139.0,95.12,290.0,290.0,0.0
06-01-2022,50.2,3300.0,49.6,3139.0,95.12,290.0,301.0,0.0
07-01-2022,50.2,3300.0,49.59,3136.0,95.03,268.0,303.0,0.0
08-01-2022,50.2,3300.0,49.53,3120.0,94.55,111.0,296.0,0.0
09-01-2022,50.2,3300.0,49.5,3112.0,94.3,111.0,289.0,0.0
10-01-2022,50.2,3300.0,49.49,3110.0,94.24,111.0,287.0,0.0
11-01-2022,50.2,3300.0,49.48,3108.0,94.18,111.0,285.0,0.0
12-01-2022,50.2,3300.0,49.47,3106.0,94.12,111.0,285.0,0.0
13-01-2022,50.2,3300.0,49.47,3106.0,94.12,111.0,285.0,0.0
14-01-2022,50.2,3300.0,49.45,3102.0,94.0,111.0,188.0,0.0
15-01-2022,50.2,3300.0,49.44,3100.0,93.94,111.0,189.0,0.0
16-01-2022,50.2,3300.0,49.41,3094.0,93.76,111.0,185.0,0.0
17-01-2022,50.2,3300.0,49.38,3088.0,93.58,111.0,196.0,0.0
18-01-2022,50.2,3300.0,49.34,3080.0,93.33,111.0,193.0,7.6
19-01-2022,50.2,3300.0,49.3,3072.0,93.09,111.0,191.0,0.0
20-01-2022,50.2,3300.0,49.3,3072.0,93.09,281.0,196.0,0.0
21-01-2022,50.2,3300.0,49.3,3072.0,93.09,193.0,193.0,0.0
22-01-2022,50.2,3300.0,49.3,3072.0,93.09,193.0,196.0,0.0
23-01-2022,50.2,3300.0,49.31,3074.0,93.15,216.0,195.0,0.0
24-01-2022,50.2,3300.0,49.32,3076.0,93.21,216.0,194.0,0.0
25-01-2022,50.2,3300.0,49.33,3078.0,93.27,216.0,195.0,0.0
26-01-2022,50.2,3300.0,49.35,3082.0,93.39,216.0,191.0,0.0
27-01-2022,50.2,3300.0,49.36,3084.0,93.45,216.0,191.0,0.0
28-01-2022,50.2,3300.0,49.38,3088.0,93.58,216.0,191.0,1.0
29-01-2022,50.2,3300.0,49.39,3090.0,93.64,216.0,192.0,0.0
30-01-2022,50.2,3300.0,49.41,3094.0,93.76,216.0,193.0,0.0
31-01-2022,50.2,3300.0,49.44,3100.0,93.94,216.0,191.0,0.0
01-02-2022,50.2,3300.0,49.44,3100.0,93.94,216.0,191.0,0.0
02-02-2022,50.2,3300.0,49.45,3102.0,94.0,216.0,194.0,0.0
03-02-2022,50.2,3300.0,49.47,3106.0,94.12,216.0,195.0,0.0
04-02-2022,50.2,3300.0,49.48,3108.0,94.18,216.0,202.0,0.0
05-02-2022,50.2,3300.0,49.5,3112.0,94.3,216.0,201.0,0.0
06-02-2022,50.2,3300.0,49.51,3115.0,94.39,216.0,191.0,0.0
07-02-2022,50.2,3300.0,49.52,3117.0,94.45,216.0,203.0,0.0
08-02-2022,50.2,3300.0,49.53,3120.0,94.55,216.0,206.0,0.0
09-02-2022,50.2,3300.0,49.54,3123.0,94.64,216.0,201.0,0.0
10-02-2022,50.2,3300.0,49.55,3125.0,94.7,216.0,204.0,0.0
11-02-2022,50.2,3300.0,49.57,3131.0,94.88,216.0,201.0,0.0
12-02-2022,50.2,3300.0,49.59,3136.0,95.03,216.0,201.0,0.0
13-02-2022,50.2,3300.0,49.61,3141.0,95.18,216.0,204.0,0.0
14-02-2022,50.2,3300.0,49.63,3147.0,95.36,216.0,205.0,0.0
15-02-2022,50.2,3300.0,49.65,3152.0,95.52,216.0,205.0,0.0
16-02-2022,50.2,3300.0,49.67,3158.0,95.7,216.0,202.0,0.0
17-02-2022,50.2,3300.0,49.69,3163.0,95.85,216.0,205.0,0.0
18-02-2022,50.2,3300.0,49.71,3168.0,96.0,216.0,205.0,0.0
19-02-2022,50.2,3300.0,49.73,3174.0,96.18,216.0,206.0,0.0
20-02-2022,50.2,3300.0,49.75,3179.0,96.33,216.0,202.0,0.0
21-02-2022,50.2,3300.0,49.77,3184.0,96.48,216.0,201.0,0.0
22-02-2022,50.2,3300.0,49.79,3190.0,96.67,216.0,201.0,0.0
23-02-2022,50.2,3300.0,49.81,3195.0,96.82,170.0,202.0,0.0
24-02-2022,50.2,3300.0,49.8,3192.0,96.73,110.0,205.0,0.0
25-02-2022,50.2,3300.0,49.79,3190.0,96.67,70.0,202.0,0.0
26-02-2022,50.2,3300.0,49.75,3179.0,96.33,26.0,204.0,0.0
27-02-2022,50.2,3300.0,49.69,3163.0,95.85,0.0,203.0,0.0
28-02-2022,50.2,3300.0,49.63,3147.0,95.36,0.0,206.0,0.0
01-03-2022,50.2,3300.0,49.57,3131.0,94.88,0.0,202.0,0.0
02-03-2022,50.2,3300.0,49.51,3115.0,94.39,0.0,203.0,0.0
03-03-2022,50.2,3300.0,49.44,3100.0,93.94,0.0,205.0,0.0
04-03-2022,50.2,3300.0,49.37,3086.0,93.52,0.0,205.0,0.0
05-03-2022,50.2,3300.0,49.29,3070.0,93.03,0.0,204.0,5.2
06-03-2022,50.2,3300.0,49.21,3054.0,92.55,0.0,204.0,0.0
07-03-2022,50.2,3300.0,49.14,3040.0,92.12,0.0,204.0,0.0
08-03-2022,50.2,3300.0,49.07,3026.0,91.7,0.0,205.0,0.0
09-03-2022,50.2,3300.0,48.99,3010.0,91.21,0.0,216.0,0.0
10-03-2022,50.2,3300.0,48.9,2992.0,90.67,0.0,221.0,0.0
11-03-2022,50.2,3300.0,48.82,2976.0,90.18,0.0,218.0,0.0
12-03-2022,50.2,3300.0,48.75,2962.0,89.76,0.0,201.0,0.0
13-03-2022,50.2,3300.0,48.72,2956.0,89.58,0.0,193.0,0.0
14-03-2022,50.2,3300.0,48.69,2950.0,89.39,0.0,214.0,0.0
15-03-2022,50.2,3300.0,48.69,2942.0,89.15,0.0,214.0,0.0
16-03-2022,50.2,3300.0,48.6,2932.0,88.85,0.0,213.0,0.0
17-03-2022,50.2,3300.0,48.55,2922.0,88.55,0.0,195.0,0.0
18-03-2022,50.2,3300.0,48.48,2908.0,88.12,0.0,193.0,0.0
19-03-2022,50.2,3300.0,48.41,2894.0,87.7,0.0,191.0,0.0
20-03-2022,50.2,3300.0,48.41,2894.0,87.7,200.0,186.0,0.0
21-03-2022,50.2,3300.0,48.41,2894.0,87.7,200.0,189.0,0.0
22-03-2022,50.2,3300.0,48.42,2896.0,87.76,200.0,191.0,0.0
23-03-2022,50.2,3300.0,48.44,2900.0,87.88,200.0,188.0,0.0
24-03-2022,50.2,3300.0,48.46,2904.0,88.0,200.0,188.0,0.0
25-03-2022,50.2,3300.0,48.48,2908.0,88.12,200.0,191.0,0.0
26-03-2022,50.2,3300.0,48.5,2912.0,88.24,200.0,185.0,0.0
27-03-2022,50.2,3300.0,48.52,2916.0,88.36,200.0,190.0,0.0
28-03-2022,50.2,3300.0,48.54,2920.0,88.48,200.0,185.0,0.0
29-03-2022,50.2,3300.0,48.56,2924.0,88.61,200.0,185.0,0.0
30-03-2022,50.2,3300.0,48.58,2928.0,88.73,200.0,188.0,0.0
31-03-2022,50.2,3300.0,48.6,2932.0,88.85,200.0,191.0,0.0
01-04-2022,50.2,3300.0,48.62,2936.0,88.97,200.0,191.0,0.0
02-04-2022,50.2,3300.0,48.62,2936.0,88.97,200.0,189.0,0.0
03-04-2022,50.2,3300.0,48.61,2934.0,88.91,200.0,209.0,0.0
04-04-2022,50.2,3300.0,48.59,2930.0,88.79,200.0,231.0,0.0
05-04-2022,50.2,3300.0,48.57,2926.0,88.67,200.0,231.0,0.0
06-04-2022,50.2,3300.0,48.55,2922.0,88.55,200.0,211.0,0.0
07-04-2022,50.2,3300.0,48.53,2918.0,88.42,200.0,215.0,0.0
08-04-2022,50.2,3300.0,48.51,2914.0,88.3,200.0,215.0,0.0
09-04-2022,50.2,3300.0,48.49,2910.0,88.18,200.0,215.0,0.0
10-04-2022,50.2,3300.0,48.47,2906.0,88.06,200.0,220.0,0.0
11-04-2022,50.2,3300.0,48.46,2904.0,88.0,200.0,213.0,0.0
12-04-2022,50.2,3300.0,48.45,2902.0,87.94,200.0,210.0,0.0
13-04-2022,50.2,3300.0,48.44,2900.0,87.88,200.0,213.0,0.0
14-04-2022,50.2,3300.0,48.43,2898.0,87.82,200.0,224.0,0.0
15-04-2022,50.2,3300.0,48.42,2896.0,87.76,200.0,224.0,0.0
16-04-2022,50.2,3300.0,48.41,2894.0,87.7,200.0,214.0,0.0
17-04-2022,50.2,3300.0,48.41,2894.0,87.7,200.0,213.0,0.0
18-04-2022,50.2,3300.0,48.41,2894.0,87.7,200.0,215.0,0.0
19-04-2022,50.2,3300.0,48.41,2894.0,87.7,200.0,206.0,0.0
20-04-2022,50.2,3300.0,48.41,2894.0,87.7,200.0,225.0,0.0
21-04-2022,50.2,3300.0,48.41,2894.0,87.7,200.0,223.0,0.0
22-04-2022,50.2,3300.0,48.41,2894.0,87.7,200.0,223.0,0.0
23-04-2022,50.2,3300.0,48.41,2894.0,87.7,200.0,215.0,0.0
24-04-2022,50.2,3300.0,48.41,2894.0,87.7,200.0,201.0,0.0
25-04-2022,50.2,3300.0,48.41,2894.0,87.7,200.0,219.0,0.0
26-04-2022,50.2,3300.0,48.4,2892.0,87.64,200.0,207.0,0.0
27-04-2022,50.2,3300.0,48.4,2892.0,87.64,200.0,209.0,0.0
28-04-2022,50.2,3300.0,48.39,2890.0,87.58,200.0,207.0,0.0
29-04-2022,50.2,3300.0,48.41,2894.0,87.7,440.0,211.0,0.0
30-04-2022,50.2,3300.0,48.43,2898.0,87.82,440.0,234.0,0.0
01-05-2022,50.2,3300.0,48.45,2902.0,87.94,440.0,236.0,0.0
02-05-2022,50.2,3300.0,48.47,2906.0,88.06,440.0,235.0,0.0
03-05-2022,50.2,3300.0,48.49,2910.0,88.18,350.0,237.0,0.0
04-05-2022,50.2,3300.0,48.51,2914.0,88.3,305.0,234.0,0.0
05-05-2022,50.2,3300.0,48.53,2918.0,88.42,305.0,230.0,0.0
06-05-2022,50.2,3300.0,48.55,2922.0,88.55,305.0,207.0,0.0
07-05-2022,50.2,3300.0,48.58,2928.0,88.73,270.0,207.0,0.0
08-05-2022,50.2,3300.0,48.62,2936.0,88.97,270.0,203.0,0.0
09-05-2022,50.2,3300.0,48.66,2944.0,89.21,270.0,203.0,0.0
10-05-2022,50.2,3300.0,48.7,2952.0,89.45,255.0,203.0,0.0
11-05-2022,50.2,3300.0,48.7,2952.0,89.45,140.0,235.0,27.0
12-05-2022,50.2,3300.0,48.73,2958.0,89.64,270.0,220.0,0.0
13-05-2022,50.2,3300.0,48.77,2966.0,89.88,270.0,209.0,1.0
14-05-2022,50.2,3300.0,48.81,2974.0,90.12,270.0,207.0,2.0
15-05-2022,50.2,3300.0,48.85,2982.0,90.36,270.0,221.0,0.0
16-05-2022,50.2,3300.0,48.89,2990.0,90.61,270.0,217.0,2.0
17-05-2022,50.2,3300.0,48.93,2998.0,90.85,265.0,217.0,0.0
18-05-2022,50.2,3300.0,49.11,3034.0,91.94,625.0,211.0,21.0
19-05-2022,50.2,3300.0,49.28,3068.0,92.97,600.0,209.0,0.0
20-05-2022,50.2,3300.0,49.37,3086.0,93.52,345.0,204.0,0.0
21-05-2022,50.2,3300.0,49.36,3084.0,93.45,180.0,203.0,0.0
22-05-2022,50.2,3300.0,49.35,3082.0,93.39,180.0,219.0,0.0
23-05-2022,50.2,3300.0,49.35,3082.0,93.39,180.0,216.0,0.0
24-05-2022,50.2,3300.0,49.35,3082.0,93.39,180.0,195.0,0.0
25-05-2022,50.2,3300.0,49.34,3080.0,93.33,180.0,207.0,0.0
26-05-2022,50.2,3300.0,49.34,3080.0,93.33,180.0,197.0,1.6
27-05-2022,50.2,3300.0,49.34,3080.0,93.33,180.0,200.0,0.0
28-05-2022,50.2,3300.0,49.34,3080.0,93.33,180.0,201.0,6.0
29-05-2022,50.2,3300.0,49.34,3080.0,93.33,180.0,201.0,0.0
30-05-2022,50.2,3300.0,49.34,3080.0,93.33,180.0,201.0,0.0
31-05-2022,50.2,3300.0,49.34,3080.0,93.33,180.0,197.0,0.0
01-06-2022,50.2,3300.0,49.34,3080.0,93.33,180.0,197.0,0.0
02-06-2022,50.2,3300.0,49.34,3080.0,93.33,180.0,197.0,0.0
03-06-2022,50.2,3300.0,49.34,3080.0,93.33,180.0,193.0,0.0
04-06-2022,50.2,3300.0,49.34,3080.0,93.33,180.0,206.0,0.0
05-06-2022,50.2,3300.0,49.34,3080.0,93.33,180.0,213.0,0.0
06-06-2022,50.2,3300.0,49.34,3080.0,93.33,180.0,206.0,0.0
07-06-2022,50.2,3300.0,49.33,3078.0,93.27,180.0,207.0,0.0
08-06-2022,50.2,3300.0,49.32,3076.0,93.21,180.0,210.0,0.0
09-06-2022,50.2,3300.0,49.31,3074.0,93.15,180.0,197.0,0.0
10-06-2022,50.2,3300.0,49.3,3072.0,93.09,180.0,208.0,0.0
11-06-2022,50.2,3300.0,49.29,3070.0,93.03,180.0,210.0,0.0
12-06-2022,50.2,3300.0,49.28,3068.0,92.97,180.0,208.0,0.0
13-06-2022,50.2,3300.0,49.27,3066.0,92.91,180.0,211.0,0.0
14-06-2022,50.2,3300.0,49.25,3062.0,92.79,180.0,211.0,0.0
15-06-2022,50.2,3300.0,49.23,3058.0,92.67,180.0,205.0,0.0
16-06-2022,50.2,3300.0,49.21,3054.0,92.55,180.0,205.0,0.0
17-06-2022,50.2,3300.0,49.19,3050.0,92.42,180.0,203.0,0.0
18-06-2022,50.2,3300.0,49.17,3046.0,92.3,180.0,207.0,0.0
19-06-2022,50.2,3300.0,49.15,3042.0,92.18,180.0,201.0,0.0
20-06-2022,50.2,3300.0,49.18,3048.0,92.36,270.0,203.0,37.0
21-06-2022,50.2,3300.0,49.32,3076.0,93.21,521.0,197.0,78.0
22-06-2022,50.2,3300.0,49.52,3117.0,94.45,685.0,210.0,58.0
23-06-2022,50.2,3300.0,49.5,3112.0,94.3,152.0,210.0,0.0
24-06-2022,50.2,3300.0,49.4,3092.0,93.7,0.0,203.0,0.0
25-06-2022,50.2,3300.0,49.46,3104.0,94.06,340.0,201.0,36.0
26-06-2022,50.2,3300.0,49.39,3090.0,93.64,39.0,201.0,8.0
27-06-2022,50.2,3300.0,49.31,3074.0,93.15,14.0,199.0,1.0
28-06-2022,50.2,3300.0,49.26,3064.0,92.85,75.0,205.0,1.4
29-06-2022,50.2,3300.0,49.21,3054.0,92.55,75.0,197.0,0.0
30-06-2022,50.2,3300.0,49.14,3040.0,92.12,46.0,201.0,1.0
01-07-2022,50.2,3300.0,49.14,3040.0,92.12,214.0,214.0,9.0
02-07-2022,50.2,3300.0,49.18,3048.0,92.36,307.0,214.0,10.0
03-07-2022,50.2,3300.0,49.15,3042.0,92.18,145.0,214.0,0.0
04-07-2022,50.2,3300.0,49.07,3026.0,91.7,26.0,208.0,11.0
05-07-2022,50.2,3300.0,49.98,3008.0,91.15,0.0,207.0,0.0
06-07-2022,50.2,3300.0,48.91,2994.0,90.73,26.0,208.0,5.0
07-07-2022,50.2,3300.0,48.83,2978.0,90.24,0.0,204.0,0.0
08-07-2022,50.2,3300.0,48.75,2962.0,89.76,0.0,206.0,0.0
09-07-2022,50.2,3300.0,48.71,2954.0,89.52,0.0,207.0,0.0
10-07-2022,50.2,3300.0,48.64,2940.0,89.09,46.0,207.0,9.6
11-07-2022,50.2,3300.0,48.6,2932.0,88.85,36.0,210.0,3.0
12-07-2022,50.2,3300.0,48.54,2920.0,88.48,36.0,211.0,0.0
13-07-2022,50.2,3300.0,48.49,2910.0,88.18,36.0,207.0,2.4
14-07-2022,50.2,3300.0,48.42,2896.0,87.76,36.0,207.0,10.0
15-07-2022,50.2,3300.0,48.37,2886.0,87.45,36.0,207.0,0.0
16-07-2022,50.2,3300.0,48.31,2874.0,87.09,36.0,208.0,0.0
17-07-2022,50.2,3300.0,48.31,2874.0,87.09,236.0,207.0,15.0
18-07-2022,50.2,3300.0,48.33,2878.0,87.21,247.0,206.0,1.2
19-07-2022,50.2,3300.0,48.35,2882.0,87.33,247.0,208.0,0.0
20-07-2022,50.2,3300.0,48.35,2882.0,87.33,206.0,206.0,0.0
21-07-2022,50.2,3300.0,48.38,2888.0,87.52,276.0,207.0,6.0
22-07-2022,50.2,3300.0,48.67,2946.0,89.27,880.0,209.0,54.0
23-07-2022,50.2,3300.0,48.76,2964.0,89.82,415.0,207.0,0.0
24-07-2022,50.2,3300.0,48.8,2972.0,90.06,300.0,207.0,4.0
25-07-2022,50.2,3300.0,48.82,2976.0,90.18,249.0,203.0,0.0
26-07-2022,50.2,3300.0,48.82,2976.0,90.18,211.0,211.0,0.0
27-07-2022,50.2,3300.0,48.82,2976.0,90.18,210.0,211.0,0.0
28-07-2022,50.2,3300.0,48.8,2972.0,90.06,180.0,211.0,0.0
29-07-2022,50.2,3300.0,48.79,2970.0,90.0,180.0,208.0,0.0
30-07-2022,50.2,3300.0,48.78,2968.0,89.94,180.0,211.0,0.0
31-07-2022,50.2,3300.0,48.77,2966.0,89.88,180.0,209.0,0.0
01-08-2022,50.2,3300.0,48.76,2964.0,89.82,180.0,205.0,0.0
02-08-2022,50.2,3300.0,48.76,2964.0,89.82,180.0,207.0,0.0
03-08-2022,50.2,3300.0,48.76,2964.0,89.82,180.0,211.0,0.0
04-08-2022,50.2,3300.0,48.76,2964.0,89.82,206.0,207.0,3.0
05-08-2022,50.2,3300.0,48.78,2968.0,89.94,257.0,211.0,11.0
06-08-2022,50.2,3300.0,48.8,2972.0,90.06,249.0,203.0,0.0
07-08-2022,50.2,3300.0,48.81,2974.0,90.12,224.0,201.0,0.0
08-08-2022,50.2,3300.0,48.82,2976.0,90.18,226.0,205.0,0.0
09-08-2022,50.2,3300.0,48.83,2978.0,90.24,226.0,203.0,0.0
10-08-2022,50.2,3300.0,48.83,2978.0,90.24,198.0,198.0,0.0
11-08-2022,50.2,3300.0,48.82,2976.0,90.18,180.0,203.0,0.0
12-08-2022,50.2,3300.0,48.81,2974.0,90.12,180.0,203.0,0.0
13-08-2022,50.2,3300.0,48.8,2972.0,90.06,180.0,199.0,0.0
14-08-2022,50.2,3300.0,48.79,2970.0,90.0,180.0,208.0,0.0
15-08-2022,50.2,3300.0,48.78,2968.0,89.94,180.0,208.0,0.0
16-08-2022,50.2,3300.0,48.77,2966.0,89.88,180.0,204.0,0.0
17-08-2022,50.2,3300.0,48.77,2966.0,89.88,180.0,204.0,0.0
18-08-2022,50.2,3300.0,48.78,2968.0,89.94,227.0,204.0,0.0
19-08-2022,50.2,3300.0,48.79,2970.0,90.0,218.0,195.0,0.0
20-08-2022,50.2,3300.0,48.79,2970.0,90.0,210.0,209.0,0.0
21-08-2022,50.2,3300.0,48.79,2970.0,90.0,210.0,205.0,0.0
22-08-2022,50.2,3300.0,48.79,2970.0,90.0,210.0,204.0,7.0
23-08-2022,50.2,3300.0,48.79,2970.0,90.0,210.0,206.0,5.0
24-08-2022,50.2,3300.0,48.8,2972.0,90.06,230.0,206.0,7.0
25-08-2022,50.2,3300.0,48.81,2974.0,90.12,230.0,203.0,18.0
26-08-2022,50.2,3300.0,48.83,2978.0,90.24,250.0,203.0,19.2
27-08-2022,50.2,3300.0,48.85,2982.0,90.36,256.0,210.0,2.0
28-08-2022,50.2,3300.0,48.87,2986.0,90.48,256.0,205.0,0.0
29-08-2022,50.2,3300.0,48.89,2990.0,90.61,256.0,205.0,0.0
30-08-2022,50.2,3300.0,48.91,2994.0,90.73,256.0,201.0,8.0
31-08-2022,50.2,3300.0,48.93,2998.0,90.85,256.0,201.0,0.0
01-09-2022,50.2,3300.0,48.65,3002.0,90.97,256.0,205.0,0.0
02-09-2022,50.2,3300.0,49.35,3082.0,93.39,1128.0,202.0,47.0
03-09-2022,50.2,3300.0,49.36,3084.0,93.45,223.0,200.0,0.0
04-09-2022,50.2,3300.0,49.33,3078.0,93.27,133.0,203.0,0.0
05-09-2022,50.2,3300.0,49.28,3068.0,92.97,86.0,203.0,0.0
06-09-2022,50.2,3300.0,49.2,3052.0,92.48,23.0,203.0,0.0
07-09-2022,50.2,3300.0,49.12,3036.0,92.0,23.0,203.0,0.0
08-09-2022,50.2,3300.0,49.05,3022.0,91.58,23.0,207.0,2.2
09-09-2022,50.2,3300.0,48.98,3008.0,91.15,40.0,204.0,0.0
10-09-2022,50.2,3300.0,48.92,2996.0,90.79,66.0,204.0,1.2
11-09-2022,50.2,3300.0,48.82,2976.0,90.18,0.0,204.0,0.0
12-09-2022,50.2,3300.0,48.77,2966.0,89.88,0.0,204.0,0.0
13-09-2022,50.2,3300.0,48.72,2956.0,89.58,0.0,204.0,0.0
14-09-2022,50.2,3300.0,48.66,2944.0,89.21,0.0,204.0,0.0
15-09-2022,50.2,3300.0,48.6,2932.0,88.85,0.0,204.0,0.0
16-09-2022,50.2,3300.0,48.51,2914.0,88.3,0.0,204.0,0.0
17-09-2022,50.2,3300.0,48.54,2920.0,88.48,273.0,204.0,43.0
18-09-2022,50.2,3300.0,48.48,2908.0,88.12,65.0,204.0,0.0
19-09-2022,50.2,3300.0,48.41,2894.0,87.7,42.0,204.0,0.0
20-09-2022,50.2,3300.0,48.38,2888.0,87.52,135.0,204.0,17.0
21-09-2022,50.2,3300.0,48.32,2876.0,87.15,65.0,204.0,0.0
22-09-2022,50.2,3300.0,48.22,2856.0,86.55,0.0,204.0,0.0
23-09-2022,50.2,3300.0,48.11,2835.0,85.91,0.0,204.0,0.0
24-09-2022,50.2,3300.0,48.05,2817.0,85.36,0.0,204.0,0.0
25-09-2022,50.2,3300.0,47.95,2803.0,84.94,0.0,204.0,0.0
26-09-2022,50.2,3300.0,47.87,2784.0,84.36,0.0,204.0,0.0
27-09-2022,50.2,3300.0,47.8,2770.0,83.94,0.0,204.0,0.0
28-09-2022,50.2,3300.0,47.73,2756.0,83.52,0.0,204.0,0.0
29-09-2022,50.2,3300.0,47.67,2744.0,83.15,0.0,204.0,0.0
30-09-2022,50.2,3300.0,47.61,2732.0,82.79,0.0,24.0,0.0
01-10-2022,50.2,3300.0,47.52,2713.0,82.21,0.0,204.0,1.0
02-10-2022,50.2,3300.0,47.46,2701.0,81.85,0.0,204.0,0.0
03-10-2022,50.2,3300.0,47.4,2688.0,81.45,0.0,204.0,0.0
04-10-2022,50.2,3300.0,47.35,2677.0,81.12,0.0,204.0,0.0
05-10-2022,50.2,3300.0,47.3,2667.0,80.82,0.0,204.0,0.0
06-10-2022,50.2,3300.0,47.24,2655.0,80.45,65.0,204.0,8.0
07-10-2022,50.2,3300.0,47.24,2655.0,80.45,196.0,196.0,22.0
08-10-2022,50.2,3300.0,47.23,2652.0,80.36,161.0,196.0,3.0
09-10-2022,50.2,3300.0,47.27,2661.0,80.64,300.0,196.0,32.0
10-10-2022,50.2,3300.0,47.39,2686.0,81.39,485.0,196.0,26.0
11-10-2022,50.2,3300.0,47.4,2688.0,81.45,219.0,196.0,4.0
12-10-2022,50.2,3300.0,47.35,2678.0,81.15,80.0,196.0,0.0
13-10-2022,50.2,3300.0,47.33,2673.0,81.0,138.0,196.0,8.0
14-10-2022,50.2,3300.0,47.28,2663.0,80.7,80.0,196.0,1.0
15-10-2022,50.2,3300.0,47.22,2650.0,80.3,46.0,196.0,0.0
17-10-2022,50.2,3300.0,47.11,2628.0,79.64,80.0,196.0,7.0
18-10-2022,50.2,3300.0,47.06,2617.0,79.3,65.0,196.0,0.0
19-10-2022,50.2,3300.0,47.0,2605.0,78.94,46.0,196.0,0.0
20-10-2022,50.2,3300.0,46.97,2599.0,78.76,115.0,196.0,0.0
21-10-2022,50.2,3300.0,47.0,2605.0,78.94,265.0,196.0,13.6
22-10-2022,50.2,3300.0,46.98,2601.0,78.82,149.0,196.0,0.0
23-10-2022,50.2,3300.0,46.91,2587.0,78.39,34.0,196.0,0.0
24-10-2022,50.2,3300.0,46.83,2571.0,77.91,0.0,196.0,0.0
25-10-2022,50.2,3300.0,46.74,2552.0,77.33,0.0,196.0,0.0
26-10-2022,50.2,3300.0,46.55,2534.0,76.79,0.0,196.0,0.0
27-10-2022,50.2,3300.0,46.56,2516.0,76.24,0.0,196.0,0.0
28-10-2022,50.2,3300.0,46.56,2516.0,76.24,196.0,196.0,16.0
29-10-2022,50.2,3300.0,46.49,2503.0,75.85,46.0,196.0,0.0
30-10-2022,50.2,3300.0,46.4,2485.0,75.3,0.0,196.0,0.0
31-10-2022,50.2,3300.0,46.32,2469.0,74.82,0.0,196.0,0.0
01-11-2022,50.2,3300.0,46.66,2536.0,76.85,967.0,192.0,127.0
02-11-2022,50.2,3300.0,47.42,2692.0,81.58,1997.0,192.0,142.0
03-11-2022,50.2,3300.0,47.58,2726.0,82.61,391.0,292.0,0.0
04-11-2022,50.2,3300.0,47.76,2763.0,83.73,1310.0,292.0,68.0
05-11-2022,50.2,3300.0,47.8,2770.0,83.94,373.0,292.0,26.8
06-11-2022,50.2,3300.0,47.8,2770.0,83.94,292.0,292.0,0.0
07-11-2022,50.2,3300.0,47.74,2759.0,83.61,165.0,292.0,0.0
08-11-2022,50.2,3300.0,47.66,2743.0,83.12,84.0,292.0,0.0
09-11-2022,50.2,3300.0,47.6,2730.0,82.73,141.0,292.0,12.0
10-11-2022,50.2,3300.0,47.53,2715.0,82.27,118.0,292.0,2.0
11-11-2022,50.2,3300.0,50.2,2738.0,82.97,558.0,292.0,54.0
12-11-2022,50.2,3300.0,47.9,2790.0,84.55,710.0,710.0,49.0
13-11-2022,50.2,3300.0,47.92,2794.0,84.67,756.0,710.0,33.0
14-11-2022,50.2,3300.0,50.2,2811.0,85.18,525.0,710.0,8.0
15-11-2022,50.2,3300.0,47.92,2794.0,84.67,513.0,710.0,17.6
16-11-2022,50.2,3300.0,47.74,2759.0,83.61,305.0,710.0,0.0
17-11-2022,50.2,3300.0,47.49,2707.0,82.03,108.0,710.0,0.0
18-11-2022,50.2,3300.0,47.31,2669.0,80.88,270.0,710.0,0.0
19-11-2022,50.2,3300.0,47.09,2624.0,79.52,189.0,710.0,0.0
20-11-2022,50.2,3300.0,46.86,2577.0,78.09,166.0,710.0,0.0
21-11-2022,50.2,3300.0,46.63,2530.0,76.67,166.0,710.0,0.0
22-11-2022,50.2,3300.0,46.52,2509.0,76.03,46.0,292.0,0.0
23-11-2022,50.2,3300.0,46.48,2500.0,75.76,192.0,192.0,13.0
24-11-2022,50.2,3300.0,46.49,2503.0,75.85,227.0,192.0,8.8
25-11-2022,50.2,3300.0,46.48,2501.0,75.79,168.0,192.0,4.0
26-11-2022,50.2,3300.0,46.44,2493.0,75.55,102.0,192.0,0.0
27-11-2022,50.2,3300.0,46.4,2485.0,75.3,102.0,192.0,0.0
28-11-2022,50.2,3300.0,46.37,2479.0,75.12,96.0,192.0,0.0
29-11-2022,50.2,3300.0,46.33,2471.0,74.88,96.0,192.0,0.0
30-11-2022,50.2,3300.0,46.27,2459.0,74.52,56.0,192.0,0.0
01-12-2022,50.2,3300.0,46.27,2459.0,74.52,187.0,187.0,9.0
02-12-2022,50.2,3300.0,46.23,2451.0,74.27,93.0,187.0,0.0
03-12-2022,50.2,3300.0,46.2,2445.0,74.09,93.0,187.0,0.0
04-12-2022,50.2,3300.0,46.15,2436.0,73.82,83.0,187.0,0.0
05-12-2022,50.2,3300.0,46.1,2426.0,73.52,71.0,187.0,0.0
06-12-2022,50.2,3300.0,46.05,2417.0,73.24,71.0,187.0,0.0
07-12-2022,50.2,3300.0,45.98,2403.0,72.82,26.0,187.0,0.0
08-12-2022,50.2,3300.0,45.91,2390.0,72.42,26.0,187.0,0.0
09-12-2022,50.2,3300.0,45.89,2386.0,72.3,140.0,187.0,42.0
10-12-2022,50.2,3300.0,46.52,2508.0,76.0,2795.0,287.0,121.0
11-12-2022,50.2,3300.0,46.87,2579.0,78.15,623.0,287.0,8.0
12-12-2022,50.2,3300.0,47.05,2615.0,79.24,704.0,287.0,8.0
13-12-2022,50.2,3300.0,47.51,2711.0,82.15,981.0,287.0,25.4
14-12-2022,50.2,3300.0,47.67,2745.0,83.18,611.0,287.0,0.0
15-12-2022,50.2,3300.0,47.74,2758.0,83.58,426.0,287.0,0.0
16-12-2022,50.2,3300.0,47.78,2767.0,83.85,391.0,287.0,0.0
17-12-2022,50.2,3300.0,47.83,2776.0,84.12,391.0,287.0,0.0
18-12-2022,50.2,3300.0,47.88,2786.0,84.42,391.0,287.0,0.0
19-12-2022,50.2,3300.0,47.91,2792.0,84.61,356.0,287.0,0.0
20-12-2022,50.2,3300.0,47.93,2796.0,84.73,265.0,187.0,0.0
21-12-2022,50.2,3300.0,47.94,2801.0,84.88,245.0,187.0,0.0
22-12-2022,50.2,3300.0,47.95,2803.0,84.94,225.0,187.0,0.0
23-12-2022,50.2,3300.0,47.96,2805.0,85.0,225.0,187.0,0.0
24-12-2022,50.2,3300.0,48.03,2819.0,85.42,360.0,187.0,0.0
25-12-2022,50.2,3300.0,48.14,2841.0,86.09,441.0,187.0,6.0
26-12-2022,50.2,3300.0,48.26,2864.0,86.79,453.0,187.0,11.0
27-12-2022,50.2,3300.0,48.37,2886.0,87.45,441.0,187.0,0.0
28-12-2022,50.2,3300.0,48.43,2898.0,87.82,326.0,187.0,0.0
29-12-2022,50.2,3300.0,48.48,2908.0,88.12,303.0,187.0,0.0
30-12-2022,50.2,3300.0,48.53,2918.0,88.42,303.0,187.0,0.0
31-12-2022,50.2,3300.0,48.58,2928.0,88.73,303.0,187.0,0.0
01-01-2023,50.2,3300.0,48.63,2938.0,89.03,351.0,187.0,0.0
02-01-2023,50.2,3300.0,48.89,2950.0,89.39,351.0,187.0,0.0
03-01-2023,50.2,3300.0,48.75,2962.0,89.76,341.0,187.0,0.0
04-01-2023,50.2,3300.0,48.78,2968.0,89.94,315.0,187.0,4.0
05-01-2023,50.2,3300.0,48.8,2972.0,90.06,315.0,187.0,0.0
06-01-2023,50.2,3300.0,48.82,2976.0,90.18,315.0,187.0,0.0
07-01-2023,50.2,3300.0,48.86,2984.0,90.42,315.0,187.0,0.0
08-01-2023,50.2,3300.0,48.89,2990.0,90.61,315.0,187.0,0.0
09-01-2023,50.2,3300.0,48.92,2996.0,90.79,315.0,187.0,0.0
10-01-2023,50.2,3300.0,48.96,3004.0,91.03,315.0,187.0,0.0
11-01-2023,50.2,3300.0,49.01,3014.0,91.33,315.0,187.0,0.0
12-01-2023,50.2,3300.0,49.07,3026.0,91.7,315.0,187.0,0.0
13-01-2023,50.2,3300.0,49.12,3036.0,92.0,315.0,187.0,0.0
14-01-2023,50.2,3300.0,49.17,3046.0,92.3,315.0,187.0,0.0
15-01-2023,50.2,3300.0,49.22,3056.0,92.61,315.0,187.0,0.0
16-01-2023,50.2,3300.0,49.27,3066.0,92.91,315.0,187.0,0.0
17-01-2023,50.2,3300.0,49.31,3074.0,93.15,315.0,187.0,0.0
18-01-2023,50.2,3300.0,49.36,3084.0,93.45,315.0,187.0,0.0
19-01-2023,50.2,3300.0,49.4,3092.0,93.7,315.0,187.0,0.0
20-01-2023,50.2,3300.0,49.44,3100.0,93.94,315.0,187.0,0.0
21-01-2023,50.2,3300.0,49.48,3108.0,94.18,315.0,187.0,0.0
22-01-2023,50.2,3300.0,49.51,3115.0,94.39,315.0,187.0,0.0
23-01-2023,50.2,3300.0,49.53,3120.0,94.55,245.0,187.0,0.0
24-01-2023,50.2,3300.0,49.54,3123.0,94.64,305.0,187.0,0.0
25-01-2023,50.2,3300.0,49.57,3131.0,94.88,305.0,187.0,0.0
26-01-2023,50.2,3300.0,49.61,3141.0,95.18,305.0,187.0,0.0
27-01-2023,50.2,3300.0,49.65,3152.0,95.52,305.0,187.0,0.0
28-01-2023,50.2,3300.0,49.66,3155.0,95.61,215.0,187.0,0.0
29-01-2023,50.2,3300.0,49.67,3158.0,95.7,215.0,187.0,0.0
30-01-2023,50.2,3300.0,49.69,3163.0,95.85,215.0,187.0,0.0
31-01-2023,50.2,3300.0,49.71,3168.0,96.0,215.0,187.0,0.0
01-02-2023,50.2,3300.0,49.73,3174.0,96.18,215.0,187.0,0.0
02-02-2023,50.2,3300.0,49.75,3179.0,96.33,215.0,187.0,0.0
03-02-2023,50.2,3300.0,49.77,3184.0,96.48,215.0,187.0,0.0
04-02-2023,50.2,3300.0,49.77,3184.0,96.48,80.0,187.0,0.0
05-02-2023,50.2,3300.0,49.75,3179.0,96.33,0.0,187.0,0.0
06-02-2023,50.2,3300.0,49.73,3174.0,96.18,0.0,187.0,0.0
07-02-2023,50.2,3300.0,49.73,3168.0,96.0,0.0,187.0,0.0
08-02-2023,50.2,3300.0,49.69,3163.0,95.85,0.0,187.0,0.0
09-02-2023,50.2,3300.0,49.69,3163.0,95.85,0.0,187.0,0.0
10-02-2023,50.2,3300.0,49.63,3147.0,95.36,0.0,187.0,0.0
11-02-2023,50.2,3300.0,49.6,3139.0,95.12,0.0,187.0,0.0
12-02-2023,50.2,3300.0,49.57,3131.0,94.88,0.0,187.0,0.0
13-02-2023,50.2,3300.0,49.53,3120.0,94.55,0.0,187.0,0.0
14-02-2023,50.2,3300.0,49.48,3108.0,94.18,0.0,187.0,0.0
15-02-2023,50.2,3300.0,49.42,3096.0,93.82,0.0,187.0,0.0
16-02-2023,50.2,3300.0,49.36,3084.0,93.45,0.0,187.0,0.0
17-02-2023,50.2,3300.0,49.3,3072.0,93.09,0.0,187.0,0.0
18-02-2023,50.2,3300.0,49.24,3060.0,92.73,0.0,187.0,0.0
19-02-2023,50.2,3300.0,49.18,3048.0,92.36,0.0,187.0,0.0
20-02-2023,50.2,3300.0,49.12,3036.0,92.0,0.0,187.0,0.0
21-02-2023,50.2,3300.0,49.06,3024.0,91.64,0.0,187.0,0.0
22-02-2023,50.2,3300.0,48.99,3010.0,91.21,0.0,187.0,0.0
23-02-2023,50.2,3300.0,48.91,2994.0,90.73,0.0,187.0,0.0
24-02-2023,50.2,3300.0,48.83,2978.0,90.24,0.0,187.0,0.0
25-02-2023,50.2,3300.0,48.75,2962.0,89.76,0.0,187.0,0.0
26-02-2023,50.2,3300.0,48.67,2946.0,89.27,0.0,187.0,0.0
27-02-2023,50.2,3300.0,48.58,2928.0,88.73,0.0,187.0,0.0
28-02-2023,50.2,3300.0,48.5,2912.0,88.24,0.0,187.0,0.0
01-03-2023,50.2,3300.0,48.41,2894.0,87.7,0.0,187.0,0.0
02-03-2023,50.2,3300.0,48.32,2876.0,87.15,0.0,202.0,0.0
03-03-2023,50.2,3300.0,48.22,2856.0,86.55,0.0,202.0,0.0
04-03-2023,50.2,3300.0,48.12,2837.0,85.97,0.0,202.0,0.0
05-03-2023,50.2,3300.0,48.02,2817.0,85.36,0.0,202.0,0.0
06-03-2023,50.2,3300.0,47.93,2796.0,84.73,0.0,202.0,0.0
07-03-2023,50.2,3300.0,47.84,2778.0,84.18,0.0,202.0,0.0
08-03-2023,50.2,3300.0,47.73,2757.0,83.55,0.0,202.0,0.0
09-03-2023,50.2,3300.0,47.64,2738.0,82.97,0.0,202.0,0.0
10-03-2023,50.2,3300.0,47.55,2720.0,82.42,0.0,202.0,0.0
11-03-2023,50.2,3300.0,47.45,2699.0,81.79,0.0,202.0,0.0
12-03-2023,50.2,3300.0,47.36,2680.0,81.21,0.0,202.0,0.0
13-03-2023,50.2,3300.0,47.27,2661.0,80.64,0.0,202.0,0.0
14-03-2023,50.2,3300.0,47.18,2642.0,80.06,0.0,202.0,0.0
15-03-2023,50.2,3300.0,47.09,2623.0,79.48,0.0,202.0,0.0
16-03-2023,50.2,3300.0,47.01,2607.0,79.0,0.0,202.0,0.0
17-03-2023,50.2,3300.0,46.93,2591.0,78.52,0.0,202.0,5.0
18-03-2023,50.2,3300.0,46.85,2575.0,78.03,0.0,202.0,2.0
19-03-2023,50.2,3300.0,46.78,2560.0,77.58,0.0,202.0,1.0
20-03-2023,50.2,3300.0,46.7,2544.0,77.09,0.0,202.0,18.0
21-03-2023,50.2,3300.0,46.7,2544.0,77.09,202.0,202.0,52.0
22-03-2023,50.2,3300.0,46.68,2540.0,76.97,140.0,202.0,0.0
23-03-2023,50.2,3300.0,46.64,2532.0,76.73,110.0,202.0,0.0
24-03-2023,50.2,3300.0,46.64,2532.0,76.73,202.0,202.0,19.0
25-03-2023,50.2,3300.0,46.62,2528.0,76.61,140.0,202.0,0.0
26-03-2023,50.2,3300.0,46.58,2520.0,76.36,110.0,202.0,0.0
27-03-2023,50.2,3300.0,46.5,2505.0,75.91,0.0,202.0,0.0
28-03-2023,50.2,3300.0,46.43,2491.0,75.48,0.0,202.0,0.0
29-03-2023,50.2,3300.0,46.35,2475.0,75.0,0.0,202.0,0.0
30-03-2023,50.2,3300.0,46.28,2461.0,74.58,0.0,202.0,0.0
31-03-2023,50.2,3300.0,46.21,2447.0,74.15,0.0,202.0,0.0
01-04-2023,50.2,3300.0,46.13,2432.0,73.7,0.0,202.0,0.0
02-04-2023,50.2,3300.0,46.05,2417.0,73.24,0.0,202.0,0.0
03-04-2023,50.2,3300.0,45.98,2403.0,72.82,0.0,202.0,0.0
04-04-2023,50.2,3300.0,45.9,2388.0,72.36,0.0,202.0,0.0
05-04-2023,50.2,3300.0,45.89,2386.0,72.3,225.0,202.0,0.0
06-04-2023,50.2,3300.0,45.9,2388.0,72.36,225.0,202.0,0.0
07-04-2023,50.2,3300.0,45.9,2388.0,72.36,225.0,202.0,0.0
08-04-2023,50.2,3300.0,45.91,2390.0,72.42,225.0,202.0,0.0
09-04-2023,50.2,3300.0,45.91,2390.0,72.42,225.0,202.0,0.0
10-04-2023,50.2,3300.0,45.92,2392.0,72.48,225.0,202.0,0.0
11-04-2023,50.2,3300.0,45.92,2392.0,72.48,225.0,202.0,0.0
12-04-2023,50.2,3300.0,45.93,2394.0,72.55,225.0,202.0,0.0
13-04-2023,50.2,3300.0,45.94,2396.0,72.61,225.0,202.0,0.0
14-04-2023,50.2,3300.0,45.95,2398.0,72.67,225.0,202.0,0.0
15-04-2023,50.2,3300.0,45.97,2401.0,72.76,225.0,202.0,0.0
16-04-2023,50.2,3300.0,45.98,2403.0,72.82,225.0,202.0,0.0
17-04-2023,50.2,3300.0,45.99,2405.0,72.88,225.0,202.0,0.0
18-04-2023,50.2,3300.0,46.0,2407.0,72.94,225.0,202.0,0.0
19-04-2023,50.2,3300.0,46.01,2409.0,73.0,225.0,202.0,0.0
20-04-2023,50.2,3300.0,46.02,2411.0,73.06,225.0,202.0,0.0
21-04-2023,50.2,3300.0,46.03,2413.0,73.12,0.0,202.0,0.0
22-04-2023,50.2,3300.0,46.04,2415.0,73.18,225.0,202.0,0.0
23-04-2023,50.2,3300.0,46.06,2418.0,73.27,225.0,202.0,11.6
24-04-2023,50.2,3300.0,46.07,2420.0,73.33,225.0,202.0,8.4
25-04-2023,50.2,3300.0,46.08,2422.0,73.39,225.0,202.0,0.0
26-04-2023,50.2,3300.0,46.09,2424.0,73.45,225.0,202.0,0.0
27-04-2023,50.2,3300.0,46.1,2426.0,73.52,225.0,202.0,0.0
28-04-2023,50.2,3300.0,46.11,2428.0,73.58,225.0,202.0,0.0
29-04-2023,50.2,3300.0,46.12,2430.0,73.64,225.0,202.0,0.0
30-04-2023,50.2,3300.0,46.13,2432.0,73.7,225.0,202.0,0.0
01-05-2023,50.2,3300.0,46.14,2434.0,73.76,225.0,202.0,0.0
02-05-2023,50.2,3300.0,46.16,2438.0,73.88,248.0,202.0,21.0
03-05-2023,50.2,3300.0,46.19,2443.0,74.03,248.0,202.0,4.0
04-05-2023,50.2,3300.0,46.22,2449.0,74.21,248.0,202.0,0.0
05-05-2023,50.2,3300.0,46.24,2453.0,74.33,248.0,202.0,0.0
06-05-2023,50.2,3300.0,46.26,2457.0,74.45,248.0,202.0,0.0
07-05-2023,50.2,3300.0,46.25,2455.0,74.39,150.0,202.0,0.0
08-05-2023,50.2,3300.0,46.25,2455.0,74.39,200.0,202.0,0.0
09-05-2023,50.2,3300.0,46.26,2457.0,74.45,225.0,202.0,0.0
10-05-2023,50.2,3300.0,46.27,2459.0,74.52,225.0,202.0,0.0
11-05-2023,50.2,3300.0,46.28,2461.0,74.58,225.0,202.0,0.0
12-05-2023,50.2,3300.0,46.29,2463.0,74.64,225.0,202.0,0.0
13-05-2023,50.2,3300.0,46.3,2465.0,74.7,225.0,202.0,0.0
14-05-2023,50.2,3300.0,46.28,2461.0,74.58,115.0,202.0,0.0
15-05-2023,50.2,3300.0,46.21,2447.0,74.15,0.0,202.0,0.0
16-05-2023,50.2,3300.0,46.14,2434.0,73.76,0.0,202.0,0.0
17-05-2023,50.2,3300.0,46.07,2420.0,73.33,0.0,202.0,0.0
18-05-2023,50.2,3300.0,46.0,2407.0,72.94,0.0,202.0,0.0
19-05-2023,50.2,3300.0,45.93,2394.0,72.55,0.0,202.0,0.0
20-05-2023,50.2,3300.0,45.86,2380.0,72.12,0.0,202.0,0.0
21-05-2023,50.2,3300.0,45.79,2367.0,71.73,0.0,202.0,0.0
22-05-2023,50.2,3300.0,45.72,2353.0,71.3,0.0,202.0,0.0
23-05-2023,50.2,3300.0,45.65,2341.0,70.94,0.0,202.0,0.0
24-05-2023,50.2,3300.0,45.58,2327.0,70.52,0.0,202.0,0.0
26-05-2023,50.2,3300.0,45.44,2301.0,69.73,0.0,202.0,0.0
27-05-2023,50.2,3300.0,45.37,2288.0,69.33,0.0,202.0,0.0
28-05-2023,50.2,3300.0,45.3,2276.0,68.97,0.0,202.0,0.0
29-05-2023,50.2,3300.0,45.24,2264.0,68.61,0.0,202.0,0.0
30-05-2023,50.2,3300.0,45.17,2251.0,68.21,0.0,202.0,0.0
31-05-2023,50.2,3300.0,45.09,2237.0,67.79,0.0,202.0,0.0
01-06-2023,50.2,3300.0,45.02,2225.0,67.42,0.0,202.0,0.0
02-06-2023,50.2,3300.0,44.95,2212.0,67.03,0.0,202.0,0.0
03-06-2023,50.2,3300.0,44.87,2198.0,66.61,0.0,202.0,0.0
05-06-2023,50.2,3300.0,44.73,2173.0,65.85,0.0,202.0,0.0
06-06-2023,50.2,3300.0,44.73,2173.0,65.85,200.0,202.0,0.0
07-06-2023,50.2,3300.0,44.73,2173.0,65.85,200.0,202.0,4.0
08-06-2023,50.2,3300.0,44.73,2173.0,65.85,200.0,202.0,0.0
09-06-2023,50.2,3300.0,44.73,2173.0,65.85,200.0,202.0,0.0
10-06-2023,50.2,3300.0,44.73,2173.0,65.85,200.0,202.0,0.0
11-06-2023,50.2,3300.0,44.73,2173.0,65.85,200.0,202.0,0.0
12-06-2023,50.2,3300.0,44.73,2173.0,65.85,200.0,202.0,9.6
13-06-2023,50.2,3300.0,44.73,2173.0,65.85,200.0,202.0,0.0
14-06-2023,50.2,3300.0,44.73,2173.0,65.85,200.0,202.0,0.0
15-06-2023,50.2,3300.0,44.73,2173.0,65.85,200.0,202.0,0.0
16-06-2023,50.2,3300.0,44.73,2173.0,65.85,200.0,202.0,0.0
17-06-2023,50.2,3300.0,44.73,2173.0,65.85,200.0,202.0,0.0
18-06-2023,50.2,3300.0,44.73,2173.0,65.85,200.0,202.0,0.0
19-06-2023,50.2,3300.0,44.76,2178.0,66.0,258.0,202.0,25.0
20-06-2023,50.2,3300.0,45.04,2228.0,67.52,781.0,202.0,35.0
21-06-2023,50.2,3300.0,45.1,2239.0,67.85,328.0,202.0,10.5
22-06-2023,50.2,3300.0,45.13,2244.0,68.0,258.0,202.0,0.0
23-06-2023,50.2,3300.0,45.14,2246.0,68.06,226.0,202.0,0.0
24-06-2023,50.2,3300.0,45.21,2259.0,68.45,353.0,202.0,16.0
25-06-2023,50.2,3300.0,45.25,2266.0,68.67,283.0,202.0,0.0
26-06-2023,50.2,3300.0,45.27,2270.0,68.79,246.0,202.0,0.0
27-06-2023,50.2,3300.0,45.28,2272.0,68.85,223.0,202.0,0.0
28-06-2023,50.2,3300.0,45.28,2272.0,68.85,200.0,202.0,0.0
29-06-2023,50.2,3300.0,45.28,2272.0,68.85,200.0,202.0,5.0
30-06-2023,50.2,3300.0,45.28,2272.0,68.85,200.0,202.0,0.0
01-07-2023,50.2,3300.0,45.28,2272.0,68.85,200.0,202.0,0.0
02-07-2023,50.2,3300.0,45.28,2272.0,68.85,200.0,202.0,5.0
03-07-2023,50.2,3300.0,45.28,2272.0,68.85,200.0,202.0,3.0
04-07-2023,50.2,3300.0,45.28,2272.0,68.85,200.0,202.0,0.0
05-07-2023,50.2,3300.0,45.28,2272.0,68.85,200.0,202.0,0.0
06-07-2023,50.2,3300.0,45.28,2272.0,68.85,200.0,202.0,0.0
07-07-2023,50.2,3300.0,45.28,2272.0,68.85,200.0,202.0,0.0
08-07-2023,50.2,3300.0,45.28,2272.0,68.85,200.0,202.0,0.0
09-07-2023,50.2,3300.0,45.28,2272.0,68.85,200.0,202.0,0.0
10-07-2023,50.2,3300.0,45.28,2272.0,68.85,200.0,202.0,9.0
11-07-2023,50.2,3300.0,45.28,2272.0,68.85,200.0,202.0,0.0
12-07-2023,50.2,3300.0,45.28,2272.0,68.85,200.0,202.0,0.0
13-07-2023,50.2,3300.0,45.26,2268.0,68.73,170.0,202.0,4.0
14-07-2023,50.2,3300.0,45.24,2264.0,68.61,170.0,202.0,8.0
15-07-2023,50.2,3300.0,45.2,2257.0,68.39,150.0,202.0,0.0
16-07-2023,50.2,3300.0,45.16,2250.0,68.18,150.0,202.0,0.0
17-07-2023,50.2,3300.0,45.12,2242.0,67.94,150.0,202.0,0.0
18-07-2023,50.2,3300.0,45.08,2235.0,67.73,150.0,202.0,0.0
19-07-2023,50.2,3300.0,44.99,2219.0,67.24,50.0,202.0,0.0
20-07-2023,50.2,3300.0,44.9,2203.0,66.76,50.0,202.0,0.0
21-07-2023,50.2,3300.0,44.81,2187.0,66.27,20.0,202.0,0.0
22-07-2023,50.2,3300.0,44.72,2171.0,65.79,20.0,202.0,0.0
23-07-2023,50.2,3300.0,44.66,2160.0,65.45,20.0,202.0,13.0
24-07-2023,50.2,3300.0,44.59,2148.0,65.09,58.0,197.0,3.0
25-07-2023,50.2,3300.0,44.55,2141.0,64.88,101.0,197.0,13.0
26-07-2023,50.2,3300.0,44.53,2137.0,64.76,146.0,192.0,2.0
27-07-2023,50.2,3300.0,44.5,2132.0,64.61,110.0,192.0,0.0
28-07-2023,50.2,3300.0,44.46,2125.0,64.39,90.0,192.0,0.0
29-07-2023,50.2,3300.0,44.42,2118.0,64.18,76.0,192.0,0.0
30-07-2023,50.2,3300.0,44.37,2109.0,63.91,20.0,192.0,0.0
31-07-2023,50.2,3300.0,44.38,2102.0,63.7,20.0,192.0,0.0
01-08-2023,50.2,3300.0,44.28,2094.0,63.45,20.0,192.0,0.0
02-08-2023,50.2,3300.0,44.23,2085.0,63.18,20.0,192.0,0.0
03-08-2023,50.2,3300.0,44.17,2074.0,62.85,20.0,192.0,0.0
04-08-2023,50.2,3300.0,44.1,2062.0,62.48,20.0,192.0,0.0
05-08-2023,50.2,3300.0,44.05,2054.0,62.24,20.0,192.0,5.2
06-08-2023,50.2,3300.0,44.0,2045.0,61.97,20.0,192.0,0.0
07-08-2023,50.2,3300.0,43.93,2033.0,61.61,20.0,192.0,0.0
08-08-2023,50.2,3300.0,43.86,2021.0,61.24,20.0,192.0,0.0
09-08-2023,50.2,3300.0,43.79,2009.0,60.88,20.0,189.0,0.0
10-08-2023,50.2,3300.0,43.72,1997.0,60.52,20.0,189.0,0.0
11-08-2023,50.2,3300.0,43.63,1982.0,60.06,20.0,189.0,0.0
12-08-2023,50.2,3300.0,43.54,1967.0,59.61,20.0,189.0,0.0
13-08-2023,50.2,3300.0,43.47,1955.0,59.24,20.0,189.0,6.0
14-08-2023,50.2,3300.0,43.47,1955.0,59.24,190.0,189.0,23.0
15-08-2023,50.2,3300.0,43.56,1970.0,59.7,360.0,189.0,9.0
16-08-2023,50.2,3300.0,43.59,1975.0,59.85,247.0,189.0,13.0
17-08-2023,50.2,3300.0,43.59,1975.0,59.85,190.0,189.0,6.0
18-08-2023,50.2,3300.0,43.56,1970.0,59.7,130.0,189.0,14.0
19-08-2023,50.2,3300.0,43.51,1962.0,59.45,96.0,189.0,0.0
20-08-2023,50.2,3300.0,43.47,1956.0,59.27,110.0,189.0,19.0
21-08-2023,50.2,3300.0,43.4,1943.0,58.88,46.0,189.0,0.0
22-08-2023,50.2,3300.0,43.32,1930.0,58.48,20.0,189.0,0.0
23-08-2023,50.2,3300.0,43.36,1936.0,58.67,258.0,189.0,32.0
24-08-2023,50.2,3300.0,43.33,1931.0,58.52,130.0,189.0,30.0
25-08-2023,50.2,3300.0,43.27,1921.0,58.21,73.0,189.0,0.0
26-08-2023,50.2,3300.0,43.21,1911.0,57.91,56.0,189.0,0.0
27-08-2023,50.2,3300.0,43.2,1909.0,57.85,166.0,189.0,24.0
28-08-2023,50.2,3300.0,43.18,1906.0,57.76,154.0,189.0,0.0
29-08-2023,50.2,3300.0,43.2,1909.0,57.85,223.0,189.0,26.0
30-08-2023,50.2,3300.0,43.17,1904.0,57.7,130.0,189.0,2.0
31-08-2023,50.2,3300.0,43.17,1904.0,57.7,189.0,189.0,25.0
01-09-2023,50.2,3300.0,43.08,1889.0,57.24,20.0,189.0,0.0
02-09-2023,50.2,3300.0,43.02,1879.0,56.94,20.0,189.0,0.0
03-09-2023,50.2,3300.0,42.96,1869.0,56.64,20.0,189.0,0.0
04-09-2023,50.2,3300.0,42.91,1861.0,56.39,96.0,189.0,10.0
06-09-2023,50.2,3300.0,42.8,1843.0,55.85,76.0,189.0,0.0
07-09-2023,50.2,3300.0,42.76,1836.0,55.64,46.0,189.0,0.0
08-09-2023,50.2,3300.0,42.94,1866.0,56.55,536.0,189.0,34.0
09-09-2023,50.2,3300.0,42.97,1871.0,56.7,317.0,189.0,0.0
10-09-2023,50.2,3300.0,43.02,1879.0,56.94,345.0,189.0,3.0
11-09-2023,50.2,3300.0,43.12,1896.0,57.45,345.0,189.0,0.0
12-09-2023,50.2,3300.0,43.21,1911.0,57.91,345.0,189.0,0.0
13-09-2023,50.2,3300.0,43.26,1919.0,58.15,286.0,189.0,0.0
14-09-2023,50.2,3300.0,43.32,1930.0,58.48,316.0,189.0,5.0
15-09-2023,50.2,3300.0,43.4,1943.0,58.88,336.0,189.0,2.4
16-09-2023,50.2,3300.0,43.56,1970.0,59.7,501.0,189.0,14.0
17-09-2023,50.2,3300.0,43.76,2004.0,60.73,582.0,189.0,39.0
18-09-2023,50.2,3300.0,43.89,2026.0,61.39,443.0,189.0,8.0
19-09-2023,50.2,3300.0,44.06,2056.0,62.3,536.0,189.0,43.0
20-09-2023,50.2,3300.0,44.19,2078.0,62.97,443.0,189.0,0.0
26-09-2023,50.2,3300.0,44.98,2217.0,67.18,525.0,189.0,11.0
27-09-2023,50.2,3300.0,45.09,2237.0,67.79,421.0,189.0,13.0
28-09-2023,50.2,3300.0,45.37,2288.0,69.33,778.0,189.0,30.0
29-09-2023,50.2,3300.0,45.51,2314.0,70.12,490.0,189.0,0.0
30-09-2023,50.2,3300.0,45.58,2327.0,70.52,345.0,189.0,6.0
01-10-2023,50.2,3300.0,45.66,2342.0,70.97,371.0,189.0,6.0
02-10-2023,50.2,3300.0,45.75,2359.0,71.48,371.0,189.0,0.0
03-10-2023,50.2,3300.0,45.72,2353.0,71.3,120.0,189.0,0.0
04-10-2023,50.2,3300.0,45.72,2353.0,71.3,325.0,189.0,0.0
05-10-2023,50.2,3300.0,45.78,2365.0,71.67,325.0,189.0,4.0
06-10-2023,50.2,3300.0,45.88,2384.0,72.24,408.0,189.0,17.0
07-10-2023,50.2,3300.0,45.95,2398.0,72.67,351.0,189.0,0.0
08-10-2023,50.2,3300.0,46.01,2409.0,73.0,325.0,189.0,0.0
10-10-2023,50.2,3300.0,46.12,2430.0,73.64,325.0,189.0,0.0
11-10-2023,50.2,3300.0,46.17,2439.0,73.91,325.0,189.0,0.0
12-10-2023,50.2,3300.0,46.22,2449.0,74.21,325.0,189.0,0.0
13-10-2023,50.2,3300.0,46.25,2455.0,74.39,270.0,189.0,0.0
14-10-2023,50.2,3300.0,46.28,2461.0,74.58,270.0,189.0,0.0
15-10-2023,50.2,3300.0,46.33,2471.0,74.88,296.0,189.0,3.0
16-10-2023,50.2,3300.0,46.37,2479.0,75.12,270.0,189.0,0.0
17-10-2023,50.2,3300.0,46.41,2487.0,75.36,270.0,189.0,0.0
18-10-2023,50.2,3300.0,46.45,2495.0,75.61,270.0,189.0,0.0
19-10-2023,50.2,3300.0,46.48,2501.0,75.79,270.0,189.0,0.0
20-10-2023,50.2,3300.0,46.52,2508.0,76.0,270.0,189.0,0.0
21-10-2023,50.2,3300.0,46.56,2516.0,76.24,270.0,189.0,0.0
22-10-2023,50.2,3300.0,46.59,2522.0,76.42,270.0,189.0,1.0
23-10-2023,50.2,3300.0,46.63,2530.0,76.67,270.0,189.0,0.0
24-10-2023,50.2,3300.0,46.67,2538.0,76.91,270.0,189.0,0.0
25-10-2023,50.2,3300.0,46.71,2546.0,77.15,270.0,189.0,0.0
26-10-2023,50.2,3300.0,46.75,2554.0,77.39,270.0,189.0,0.0
27-10-2023,50.2,3300.0,46.79,2562.0,77.64,270.0,189.0,0.0
28-10-2023,50.2,3300.0,46.82,2569.0,77.85,270.0,189.0,0.0
29-10-2023,50.2,3300.0,46.87,2579.0,78.15,296.0,189.0,4.0
30-10-2023,50.2,3300.0,46.92,2589.0,78.45,296.0,189.0,0.0
31-10-2023,50.2,3300.0,47.13,2632.0,79.76,686.0,189.0,18.8
01-11-2023,50.2,3300.0,47.27,2661.0,80.64,525.0,189.0,12.0
02-11-2023,50.2,3300.0,47.27,2661.0,80.64,190.0,189.0,0.0
03-11-2023,50.2,3300.0,47.29,2665.0,80.76,235.0,189.0,12.6
04-11-2023,50.2,3300.0,47.5,2709.0,82.09,698.0,189.0,27.0
05-11-2023,50.2,3300.0,47.58,2726.0,82.61,386.0,189.0,12.0
06-11-2023,50.2,3300.0,47.58,2726.0,82.61,189.0,189.0,6.0
07-11-2023,50.2,3300.0,47.56,2722.0,82.48,142.0,189.0,0.0
08-11-2023,50.2,3300.0,47.56,2722.0,82.48,189.0,189.0,6.0
09-11-2023,50.2,3300.0,47.5,2709.0,82.09,46.0,189.0,0.0
10-11-2023,50.2,3300.0,47.67,2745.0,83.18,606.0,189.0,33.4
11-11-2023,50.2,3300.0,47.67,2745.0,83.18,189.0,189.0,0.0
12-11-2023,50.2,3300.0,47.62,2734.0,82.85,66.0,189.0,0.0
13-11-2023,50.2,3300.0,47.55,2720.0,82.42,36.0,189.0,0.0
14-11-2023,50.2,3300.0,47.5,2709.0,82.09,62.0,189.0,9.8
15-11-2023,50.2,3300.0,47.67,2745.0,83.18,606.0,189.0,54.0
16-11-2023,50.2,3300.0,47.7,2751.0,83.36,258.0,189.0,17.4
17-11-2023,50.2,3300.0,47.7,2751.0,83.36,189.0,189.0,0.0
18-11-2023,50.2,3300.0,47.65,2740.0,83.03,70.0,189.0,0.0
19-11-2023,50.2,3300.0,47.58,2726.0,82.61,36.0,189.0,0.0
20-11-2023,50.2,3300.0,47.51,2711.0,82.15,0.0,189.0,0.0
21-11-2023,50.2,3300.0,47.58,2726.0,82.61,362.0,189.0,48.0
22-11-2023,50.2,3300.0,47.58,2726.0,82.61,189.0,189.0,12.4
23-11-2023,50.2,3300.0,47.72,2755.0,83.48,525.0,189.0,29.8
24-11-2023,50.2,3300.0,47.84,2778.0,84.18,455.0,189.0,13.0
25-11-2023,50.2,3300.0,47.86,2782.0,84.3,235.0,189.0,7.6
26-11-2023,50.2,3300.0,47.85,2780.0,84.24,166.0,189.0,0.0
27-11-2023,50.2,3300.0,47.89,2788.0,84.48,281.0,189.0,32.0
28-11-2023,50.2,3300.0,48.08,2829.0,85.73,663.0,189.0,30.0
29-11-2023,50.2,3300.0,48.25,2862.0,86.73,570.0,189.0,29.6
30-11-2023,50.2,3300.0,49.31,3074.0,93.15,389.0,389.0,117.0
01-12-2023,50.2,3300.0,48.97,3006.0,91.09,985.0,2189.0,4.0
02-12-2023,50.2,3300.0,48.27,2866.0,86.85,522.0,2189.0,0.0
03-12-2023,50.2,3300.0,47.78,2767.0,83.85,1276.0,2189.0,51.4
04-12-2023,50.2,3300.0,48.49,2910.0,88.18,5777.0,2189.0,167.0
05-12-2023,50.2,3300.0,49.1,3016.0,91.39,6916.0,5689.0,162.0
06-12-2023,50.2,3300.0,48.81,2976.0,90.18,1240.0,1189.0,0.0
07-12-2023,50.2,3300.0,49.0,3012.0,91.27,850.0,289.0,0.0
08-12-2023,50.2,3300.0,49.21,3054.0,92.55,640.0,289.0,0.0
09-12-2023,50.2,3300.0,49.22,3056.0,92.61,396.0,489.0,0.0
10-12-2023,50.2,3300.0,49.21,3054.0,92.55,239.0,239.0,0.0
11-12-2023,50.2,3300.0,49.21,3054.0,92.55,239.0,239.0,0.0
12-12-2023,50.2,3300.0,49.21,3054.0,92.55,189.0,189.0,0.0
13-12-2023,50.2,3300.0,49.21,3054.0,92.55,189.0,189.0,0.0
14-12-2023,50.2,3300.0,49.21,3054.0,92.55,189.0,189.0,0.0
15-12-2023,50.2,3300.0,49.21,3054.0,92.55,189.0,189.0,0.0
16-12-2023,50.2,3300.0,49.25,3062.0,92.79,281.0,189.0,8.0
17-12-2023,50.2,3300.0,49.27,3066.0,92.91,235.0,189.0,0.0
18-12-2023,50.2,3300.0,49.25,3062.0,92.79,281.0,189.0,8.0
19-12-2023,50.2,3300.0,49.25,3062.0,92.79,143.0,189.0,0.0
20-12-2023,50.2,3300.0,49.19,3050.0,92.42,46.0,189.0,0.0
21-12-2023,50.2,3300.0,49.13,3038.0,92.06,46.0,189.0,0.0
22-12-2023,50.2,3300.0,49.07,3026.0,91.7,46.0,189.0,0.0
23-12-2023,50.2,3300.0,49.03,3018.0,91.45,46.0,189.0,0.0
24-12-2023,50.2,3300.0,48.99,3010.0,91.21,46.0,189.0,0.0
25-12-2023,50.2,3300.0,48.96,3004.0,91.03,46.0,189.0,0.0
26-12-2023,50.2,3300.0,48.93,2998.0,90.85,46.0,189.0,0.0
27-12-2023,50.2,3300.0,48.9,2992.0,90.67,46.0,189.0,0.0
28-12-2023,50.2,3300.0,48.87,2986.0,90.48,46.0,189.0,0.0
29-12-2023,50.2,3300.0,48.83,2978.0,90.24,46.0,189.0,0.0
30-12-2023,50.2,3300.0,48.79,2970.0,90.0,46.0,189.0,0.0
31-12-2023,50.2,3300.0,48.76,2964.0,89.82,46.0,189.0,0.0
01-01-2024,50.2,3300.0,48.73,2958.0,89.64,46.0,189.0,0.0
02-01-2024,50.2,3300.0,48.7,2952.0,89.45,46.0,189.0,0.0
03-01-2024,50.2,3300.0,48.66,2944.0,89.21,46.0,189.0,0.0
04-01-2024,50.2,3300.0,48.63,2938.0,89.03,46.0,189.0,0.0
05-01-2024,50.2,3300.0,48.59,2930.0,88.79,69.0,189.0,11.0
06-01-2024,50.2,3300.0,48.55,2922.0,88.55,46.0,189.0,0.0
07-01-2024,50.2,3300.0,48.5,2912.0,88.24,46.0,189.0,0.0
08-01-2024,50.2,3300.0,48.53,2918.0,88.42,258.0,189.0,31.0
09-01-2024,50.2,3300.0,48.56,2924.0,88.61,258.0,189.0,1.8
10-01-2024,50.2,3300.0,48.53,2918.0,88.42,120.0,189.0,0.0
11-01-2024,50.2,3300.0,48.49,2910.0,88.18,96.0,189.0,0.0
12-01-2024,50.2,3300.0,48.46,2904.0,88.0,96.0,189.0,0.0
13-01-2024,50.2,3300.0,48.43,2898.0,87.82,96.0,189.0,0.0
14-01-2024,50.2,3300.0,48.39,2890.0,87.58,96.0,189.0,0.0
15-01-2024,50.2,3300.0,48.35,2882.0,87.33,96.0,189.0,0.0
16-01-2024,50.2,3300.0,48.31,2874.0,87.09,96.0,189.0,0.0
17-01-2024,50.2,3300.0,48.25,2862.0,86.73,46.0,189.0,0.0
18-01-2024,50.2,3300.0,48.18,2849.0,86.33,46.0,189.0,0.0
19-01-2024,50.2,3300.0,48.11,2835.0,85.91,26.0,189.0,0.0
20-01-2024,50.2,3300.0,48.04,2821.0,85.48,26.0,189.0,0.0
21-01-2024,50.2,3300.0,47.97,2807.0,85.06,26.0,189.0,0.0
22-01-2024,50.2,3300.0,47.91,2792.0,84.61,0.0,189.0,0.0
23-01-2024,50.2,3300.0,47.85,2780.0,84.24,0.0,189.0,0.0
24-01-2024,50.2,3300.0,47.78,2766.0,83.82,0.0,189.0,0.0
25-01-2024,50.2,3300.0,47.71,2753.0,83.42,0.0,189.0,0.0
26-01-2024,50.2,3300.0,47.7,2751.0,83.36,175.0,189.0,0.0
27-01-2024,50.2,3300.0,47.65,2740.0,83.03,62.0,189.0,0.0
28-01-2024,50.2,3300.0,47.59,2728.0,82.67,36.0,189.0,0.0
29-01-2024,50.2,3300.0,47.53,2715.0,82.27,0.0,189.0,0.0
30-01-2024,50.2,3300.0,47.46,2701.0,81.85,0.0,189.0,0.0
31-01-2024,50.2,3300.0,47.39,2686.0,81.39,0.0,189.0,0.0
01-02-2024,50.2,3300.0,47.33,2673.0,81.0,0.0,189.0,0.0
02-02-2024,50.2,3300.0,47.26,2659.0,80.58,0.0,189.0,0.0
03-02-2024,50.2,3300.0,47.2,2646.0,80.18,0.0,189.0,0.0
04-02-2024,50.2,3300.0,47.14,2634.0,79.82,0.0,189.0,0.0
05-02-2024,50.2,3300.0,47.07,2619.0,79.36,0.0,189.0,0.0
06-02-2024,50.2,3300.0,47.0,2605.0,78.94,0.0,189.0,0.0
07-02-2024,50.2,3300.0,46.93,2591.0,78.52,0.0,189.0,0.0
08-02-2024,50.2,3300.0,46.86,2577.0,78.09,0.0,189.0,0.0
09-02-2024,50.2,3300.0,46.79,2562.0,77.64,0.0,189.0,0.0
10-02-2024,50.2,3300.0,46.72,2548.0,77.21,0.0,189.0,0.0
11-02-2024,50.2,3300.0,46.65,2534.0,76.79,0.0,189.0,0.0
12-02-2024,50.2,3300.0,46.58,2520.0,76.36,0.0,189.0,0.0
13-02-2024,50.2,3300.0,46.51,2506.0,75.94,0.0,189.0,0.0
14-02-2024,50.2,3300.0,46.44,2493.0,75.55,0.0,189.0,0.0
15-02-2024,50.2,3300.0,46.37,2479.0,75.12,0.0,189.0,0.0
16-02-2024,50.2,3300.0,46.3,2465.0,74.7,0.0,189.0,0.0
17-02-2024,50.2,3300.0,46.23,2451.0,74.27,0.0,189.0,0.0
18-02-2024,50.2,3300.0,46.16,2438.0,73.88,0.0,189.0,0.0
19-02-2024,50.2,3300.0,46.09,2424.0,73.45,0.0,189.0,0.0
20-02-2024,50.2,3300.0,46.02,2411.0,73.06,0.0,189.0,0.0
21-02-2024,50.2,3300.0,45.95,2397.0,72.64,0.0,189.0,0.0
22-02-2024,50.2,3300.0,45.88,2384.0,72.24,0.0,189.0,0.0
23-02-2024,50.2,3300.0,45.81,2371.0,71.85,0.0,189.0,0.0
24-02-2024,50.2,3300.0,45.74,2357.0,71.42,0.0,189.0,0.0
25-02-2024,50.2,3300.0,45.67,2344.0,71.03,0.0,189.0,0.0
26-02-2024,50.2,3300.0,45.6,2331.0,70.64,0.0,189.0,0.0
27-02-2024,50.2,3300.0,45.53,2318.0,70.24,0.0,189.0,0.0
28-02-2024,50.2,3300.0,45.46,2305.0,69.85,0.0,189.0,0.0
29-02-2024,50.2,3300.0,45.39,2292.0,69.45,0.0,189.0,0.0
01-03-2024,50.2,3300.0,45.32,2279.0,69.06,0.0,189.0,0.0
02-03-2024,50.2,3300.0,45.25,2266.0,68.67,0.0,189.0,0.0
03-03-2024,50.2,3300.0,45.18,2253.0,68.27,0.0,189.0,0.0
04-03-2024,50.2,3300.0,45.1,2239.0,67.85,0.0,189.0,0.0
05-03-2024,50.2,3300.0,45.03,2226.0,67.45,0.0,189.0,0.0
06-03-2024,50.2,3300.0,45.05,2230.0,67.58,380.0,189.0,0.0
07-03-2024,50.2,3300.0,45.14,2246.0,68.06,380.0,189.0,0.0
08-03-2024,50.2,3300.0,45.29,2274.0,68.91,505.0,189.0,0.0
09-03-2024,50.2,3300.0,45.65,2341.0,70.94,720.0,189.0,0.0
10-03-2024,50.2,3300.0,46.03,2413.0,73.12,720.0,189.0,0.0
11-03-2024,50.2,3300.0,46.27,2459.0,74.52,720.0,189.0,0.0
12-03-2024,50.2,3300.0,46.5,2505.0,75.91,720.0,189.0,0.0
13-03-2024,50.2,3300.0,46.77,2558.0,77.52,720.0,189.0,0.0
14-03-2024,50.2,3300.0,46.99,2603.0,78.88,720.0,189.0,0.0
15-03-2024,50.2,3300.0,47.19,2644.0,80.12,720.0,189.0,0.0
16-03-2024,50.2,3300.0,47.37,2682.0,81.27,720.0,189.0,0.0
17-03-2024,50.2,3300.0,47.55,2720.0,82.42,720.0,189.0,0.0
18-03-2024,50.2,3300.0,47.74,2759.0,83.61,720.0,189.0,0.0
19-03-2024,50.2,3300.0,47.88,2786.0,84.42,705.0,189.0,0.0
20-03-2024,50.2,3300.0,48.07,2827.0,85.67,645.0,189.0,0.0
21-03-2024,50.2,3300.0,48.1,2833.0,85.85,215.0,189.0,0.0
22-03-2024,50.2,3300.0,48.11,2835.0,85.91,215.0,189.0,0.0
23-03-2024,50.2,3300.0,48.12,2837.0,85.97,215.0,189.0,0.0
24-03-2024,50.2,3300.0,48.12,2837.0,85.97,215.0,213.0,0.0
25-03-2024,50.2,3300.0,48.09,2831.0,85.79,140.0,210.0,0.0
26-03-2024,50.2,3300.0,48.0,2813.0,85.24,0.0,208.0,0.0
27-03-2024,50.2,3300.0,48.0,2813.0,85.24,215.0,213.0,0.0
28-03-2024,50.2,3300.0,48.0,2813.0,85.24,215.0,214.0,0.0
29-03-2024,50.2,3300.0,48.0,2813.0,85.24,215.0,217.0,0.0
30-03-2024,50.2,3300.0,48.0,2813.0,85.24,215.0,216.0,0.0
31-03-2024,50.2,3300.0,47.99,2811.0,85.18,215.0,216.0,0.0
01-04-2024,50.2,3300.0,47.99,2811.0,85.18,215.0,216.0,0.0
02-04-2024,50.2,3300.0,47.98,2808.0,85.09,215.0,217.0,0.0
03-04-2024,50.2,3300.0,47.98,2808.0,85.09,215.0,217.0,0.0
04-04-2024,50.2,3300.0,47.98,2808.0,85.09,215.0,215.0,0.0
05-04-2024,50.2,3300.0,47.98,2808.0,85.09,215.0,212.0,0.0
06-04-2024,50.2,3300.0,47.98,2808.0,85.09,215.0,213.0,0.0
07-04-2024,50.2,3300.0,47.98,2808.0,85.09,215.0,215.0,0.0
08-04-2024,50.2,3300.0,47.98,2808.0,85.09,215.0,215.0,0.0
09-04-2024,50.2,3300.0,47.98,2808.0,85.09,215.0,215.0,0.0
10-04-2024,50.2,3300.0,47.99,2811.0,85.18,215.0,214.0,0.0
11-04-2024,50.2,3300.0,47.99,2811.0,85.18,215.0,204.0,0.0
12-04-2024,50.2,3300.0,47.98,2808.0,85.09,170.0,214.0,0.0
13-04-2024,50.2,3300.0,47.98,2808.0,85.09,215.0,214.0,0.0
14-04-2024,50.2,3300.0,47.98,2808.0,85.09,215.0,214.0,0.0
15-04-2024,50.2,3300.0,47.98,2808.0,85.09,215.0,214.0,0.0
16-04-2024,50.2,3300.0,47.98,2808.0,85.09,215.0,214.0,0.0
17-04-2024,50.2,3300.0,47.98,2808.0,85.09,215.0,214.0,0.0
18-04-2024,50.2,3300.0,47.98,2808.0,85.09,215.0,216.0,0.0
19-04-2024,50.2,3300.0,47.98,2808.0,85.09,215.0,216.0,0.0
20-04-2024,50.2,3300.0,47.98,2808.0,85.09,215.0,216.0,0.0
21-04-2024,50.2,3300.0,48.01,2815.0,85.3,395.0,216.0,0.0
22-04-2024,50.2,3300.0,48.09,2831.0,85.79,395.0,216.0,0.0
23-04-2024,50.2,3300.0,48.18,2849.0,86.33,395.0,213.0,0.0
24-04-2024,50.2,3300.0,48.28,2868.0,86.91,395.0,213.0,0.0
25-04-2024,50.2,3300.0,48.44,2900.0,87.88,595.0,216.0,0.0
26-04-2024,50.2,3300.0,48.59,2930.0,88.79,595.0,216.0,0.0
27-04-2024,50.2,3300.0,48.65,2942.0,89.15,570.0,217.0,0.0
28-04-2024,50.2,3300.0,48.72,2956.0,89.58,520.0,217.0,0.0
29-04-2024,50.2,3300.0,48.74,2960.0,89.7,425.0,242.0,0.0
30-04-2024,50.2,3300.0,48.82,2976.0,90.18,415.0,249.0,0.0
01-05-2024,50.2,3300.0,48.9,2992.0,90.67,415.0,251.0,0.0
02-05-2024,50.2,3300.0,48.95,3002.0,90.97,415.0,251.0,0.0
03-05-2024,50.2,3300.0,48.9,2992.0,90.67,0.0,251.0,0.0
04-05-2024,50.2,3300.0,48.82,2976.0,90.18,0.0,253.0,0.0
05-05-2024,50.2,3300.0,48.75,2962.0,89.76,0.0,248.0,0.0
06-05-2024,50.2,3300.0,48.65,2942.0,89.15,0.0,251.0,0.0
07-05-2024,50.2,3300.0,48.56,2924.0,88.61,0.0,252.0,0.0
08-05-2024,50.2,3300.0,48.5,2912.0,88.24,0.0,249.0,0.0
09-05-2024,50.2,3300.0,48.42,2896.0,87.76,0.0,248.0,0.0
10-05-2024,50.2,3300.0,48.36,2884.0,87.39,0.0,249.0,0.0
11-05-2024,50.2,3300.0,48.29,2870.0,86.97,0.0,249.0,6.0
12-05-2024,50.2,3300.0,48.26,2864.0,86.79,215.0,249.0,0.0
13-05-2024,50.2,3300.0,48.25,2862.0,86.73,215.0,245.0,0.0
14-05-2024,50.2,3300.0,48.25,2862.0,86.73,215.0,251.0,0.0
15-05-2024,50.2,3300.0,48.25,2862.0,86.73,215.0,246.0,0.0
16-05-2024,50.2,3300.0,48.25,2862.0,86.73,215.0,248.0,0.0
17-05-2024,50.2,3300.0,48.25,2862.0,86.73,215.0,252.0,5.0
18-05-2024,50.2,3300.0,48.25,2862.0,86.73,215.0,250.0,0.0
19-05-2024,50.2,3300.0,48.28,2868.0,86.91,318.0,249.0,14.0
20-05-2024,50.2,3300.0,48.3,2872.0,87.03,283.0,249.0,0.0
21-05-2024,50.2,3300.0,48.32,2876.0,87.15,283.0,249.0,2.0
22-05-2024,50.2,3300.0,48.34,2880.0,87.27,283.0,248.0,3.0
23-05-2024,50.2,3300.0,48.35,2882.0,87.33,263.0,248.0,1.0
24-05-2024,50.2,3300.0,48.39,2890.0,87.58,314.0,244.0,0.0
25-05-2024,50.2,3300.0,48.42,2896.0,87.76,290.0,237.0,0.0
26-05-2024,50.2,3300.0,48.45,2902.0,87.94,290.0,249.0,0.0
27-05-2024,50.2,3300.0,48.48,2908.0,88.12,290.0,249.0,0.0
28-05-2024,50.2,3300.0,48.51,2914.0,88.3,290.0,249.0,0.0
29-05-2024,50.2,3300.0,48.54,2920.0,88.48,290.0,249.0,0.0
30-05-2024,50.2,3300.0,48.57,2926.0,88.67,290.0,249.0,0.0
31-05-2024,50.2,3300.0,48.59,2930.0,88.79,290.0,249.0,0.0
01-06-2024,50.2,3300.0,48.61,2934.0,88.91,290.0,249.0,0.0
02-06-2024,50.2,3300.0,48.63,2938.0,89.03,290.0,249.0,0.0
03-06-2024,50.2,3300.0,48.63,2938.0,89.03,215.0,249.0,0.0
04-06-2024,50.2,3300.0,48.6,2932.0,88.85,170.0,249.0,0.0
05-06-2024,50.2,3300.0,48.71,2954.0,89.52,502.0,247.0,63.0
06-06-2024,50.2,3300.0,48.77,2966.0,89.88,387.0,248.0,20.4
07-06-2024,50.2,3300.0,48.83,2978.0,90.24,386.0,247.0,39.0
08-06-2024,50.2,3300.0,48.84,2980.0,90.3,271.0,247.0,10.0
09-06-2024,50.2,3300.0,48.82,2976.0,90.18,203.0,249.0,0.0
10-06-2024,50.2,3300.0,48.76,2964.0,89.82,116.0,251.0,0.0
11-06-2024,50.2,3300.0,48.7,2952.0,89.45,90.0,245.0,0.0
12-06-2024,50.2,3300.0,48.66,2944.0,89.21,150.0,245.0,24.0
13-06-2024,50.2,3300.0,48.75,2962.0,89.76,453.0,245.0,28.0
14-06-2024,50.2,3300.0,48.75,2962.0,89.76,245.0,245.0,0.0
15-06-2024,50.2,3300.0,48.69,2950.0,89.39,101.0,245.0,0.0
16-06-2024,50.2,3300.0,48.62,2936.0,88.97,85.0,249.0,0.0
17-06-2024,50.2,3300.0,48.59,2930.0,88.79,179.0,249.0,41.0
18-06-2024,50.2,3300.0,48.55,2922.0,88.55,156.0,249.0,9.0
19-06-2024,50.2,3300.0,48.6,2932.0,88.85,360.0,245.0,42.0
20-06-2024,50.2,3300.0,48.52,2916.0,88.36,64.0,249.0,0.0
21-06-2024,50.2,3300.0,48.48,2908.0,88.12,152.0,245.0,5.0
22-06-2024,50.2,3300.0,48.4,2892.0,87.64,64.0,249.0,0.0
23-06-2024,50.2,3300.0,48.36,2884.0,87.39,64.0,245.0,0.0
23-06-2024,50.2,3300.0,48.36,2884.0,87.39,64.0,245.0,0.0
23-06-2024,50.2,3300.0,48.36,2884.0,87.39,64.0,245.0,0.0
23-06-2024,50.2,3300.0,48.36,2884.0,87.39,64.0,245.0,0.0
23-06-2024,50.2,3300.0,48.36,2884.0,87.39,64.0,245.0,0.0
23-06-2024,50.2,3300.0,48.36,2884.0,87.39,64.0,245.0,0.0
24-06-2024,50.2,3300.0,48.31,2874.0,87.09,129.0,245.0,0.8
25-06-2024,50.2,3300.0,48.26,2864.0,86.79,65.0,249.0,0.0
26-06-2024,50.2,3300.0,48.19,2851.0,86.39,65.0,245.0,0.0
27-06-2024,50.2,3300.0,48.12,2837.0,85.97,65.0,249.0,0.0
28-06-2024,50.2,3300.0,48.05,2823.0,85.55,65.0,249.0,0.0
29-06-2024,50.2,3300.0,47.97,2807.0,85.06,65.0,249.0,0.0
30-06-2024,50.2,3300.0,47.9,2790.0,84.55,48.0,245.0,0.0
01-07-2024,50.2,3300.0,47.81,2772.0,84.0,48.0,249.0,1.0
02-07-2024,50.2,3300.0,47.72,2754.0,83.45,40.0,249.0,0.0
03-07-2024,50.2,3300.0,47.63,2736.0,82.91,27.0,235.0,0.0
04-07-2024,50.2,3300.0,47.71,2753.0,83.42,432.0,235.0,37.0
05-07-2024,50.2,3300.0,47.64,2739.0,83.0,73.0,235.0,0.0
06-07-2024,50.2,3300.0,47.66,2743.0,83.12,281.0,235.0,25.6
07-07-2024,50.2,3300.0,47.59,2728.0,82.67,61.0,239.0,0.0
08-07-2024,50.2,3300.0,47.55,2720.0,82.42,146.0,239.0,10.0
09-07-2024,50.2,3300.0,47.47,2703.0,81.91,47.0,239.0,5.0
10-07-2024,50.2,3300.0,47.39,2686.0,81.39,42.0,239.0,0.0
11-07-2024,50.2,3300.0,47.52,2713.0,82.21,551.0,239.0,75.0
12-07-2024,50.2,3300.0,47.5,2709.0,82.09,193.0,239.0,0.8
13-07-2024,50.2,3300.0,47.67,2745.0,83.18,604.0,187.0,49.0
14-07-2024,50.2,3300.0,47.67,2745.0,83.18,214.0,214.0,0.0
15-07-2024,50.2,3300.0,47.6,2730.0,82.73,65.0,239.0,3.0
16-07-2024,50.2,3300.0,47.52,2713.0,82.21,32.0,229.0,4.0
17-07-2024,50.2,3300.0,47.44,2697.0,81.73,36.0,221.0,0.0
18-07-2024,50.2,3300.0,47.38,2684.0,81.33,77.0,227.0,1.0
19-07-2024,50.2,3300.0,47.37,2682.0,81.27,204.0,227.0,5.0
20-07-2024,50.2,3300.0,47.31,2669.0,80.88,77.0,227.0,0.6
21-07-2024,50.2,3300.0,47.24,2654.0,80.42,53.0,227.0,0.0
22-07-2024,50.2,3300.0,47.17,2640.0,80.0,65.0,227.0,0.4
23-07-2024,50.2,3300.0,47.1,2626.0,79.58,62.0,224.0,0.0
24-07-2024,50.2,3300.0,47.03,2611.0,79.12,50.0,224.0,0.0
25-07-2024,50.2,3300.0,47.01,2607.0,79.0,178.0,224.0,0.0
26-07-2024,50.2,3300.0,46.99,2603.0,78.88,178.0,224.0,0.8
27-07-2024,50.2,3300.0,46.95,2595.0,78.64,145.0,224.0,0.0
28-07-2024,50.2,3300.0,46.91,2587.0,78.39,145.0,224.0,0.0
29-07-2024,50.2,3300.0,46.87,2579.0,78.15,145.0,224.0,0.0
30-07-2024,50.2,3300.0,46.83,2571.0,77.91,145.0,224.0,1.2
31-07-2024,50.2,3300.0,46.78,2560.0,77.58,140.0,224.0,0.0
01-08-2024,50.2,3300.0,46.73,2550.0,77.27,95.0,224.0,0.0
02-08-2024,50.2,3300.0,46.68,2540.0,76.97,95.0,224.0,0.0
03-08-2024,50.2,3300.0,46.63,2530.0,76.67,95.0,224.0,3.0
04-08-2024,50.2,3300.0,46.58,2520.0,76.36,95.0,224.0,1.0
05-08-2024,50.2,3300.0,46.54,2513.0,76.15,143.0,224.0,18.0
06-08-2024,50.2,3300.0,46.56,2516.0,76.24,259.0,224.0,10.8
07-08-2024,50.2,3300.0,46.5,2504.0,75.88,85.0,224.0,3.0
08-08-2024,50.2,3300.0,46.48,2500.0,75.76,178.0,224.0,19.8
09-08-2024,50.2,3300.0,46.43,2490.0,75.45,102.0,218.0,1.0
10-08-2024,50.2,3300.0,46.49,2503.0,75.85,374.0,224.0,31.6
11-08-2024,50.2,3300.0,46.44,2493.0,75.55,108.0,224.0,0.0
12-08-2024,50.2,3300.0,46.4,2483.0,75.24,108.0,224.0,0.0
13-08-2024,50.2,3300.0,46.37,2479.0,75.12,178.0,224.0,0.0
14-08-2024,50.2,3300.0,46.37,2479.0,75.12,224.0,224.0,0.0
15-08-2024,50.2,3300.0,46.37,2479.0,75.12,224.0,224.0,0.0
16-08-2024,50.2,3300.0,46.36,2477.0,75.06,201.0,224.0,0.0
17-08-2024,50.2,3300.0,46.36,2477.0,75.06,224.0,224.0,0.0
18-08-2024,50.2,3300.0,46.37,2479.0,75.12,247.0,224.0,4.2
19-08-2024,50.2,3300.0,46.37,2479.0,75.12,224.0,224.0,0.0
20-08-2024,50.2,3300.0,46.37,2479.0,75.12,224.0,224.0,0.0
21-08-2024,50.2,3300.0,46.36,2477.0,75.06,201.0,224.0,0.0
22-08-2024,50.2,3300.0,46.34,2473.0,74.94,178.0,224.0,0.0
23-08-2024,50.2,3300.0,46.31,2467.0,74.76,155.0,224.0,0.0
24-08-2024,50.2,3300.0,46.27,2459.0,74.52,149.0,224.0,0.0
25-08-2024,50.2,3300.0,46.21,2448.0,74.18,149.0,224.0,0.0
26-08-2024,50.2,3300.0,46.15,2436.0,73.82,129.0,224.0,0.0
27-08-2024,50.2,3300.0,46.1,2426.0,73.52,104.0,224.0,0.0
28-08-2024,50.2,3300.0,46.04,2414.0,73.15,104.0,224.0,5.6
29-08-2024,50.2,3300.0,46.01,2409.0,73.0,167.0,224.0,1.0
30-08-2024,50.2,3300.0,45.98,2403.0,72.82,155.0,224.0,1.0
